customer_id,name,age,gender,city,state,occupation,income,join_date
C00001,Garima Gulati,61,Male,Dehradun,Tamil Nadu,Software Engineer,92097.0,2022-09-11
C00002,Lucky Krishna,36,Male,Chinsurah,Odisha,Business Owner,46868.0,2022-09-03
C00003,Ayush Bal,64,Male,Gaya,Uttar Pradesh,Other,130604.0,2021-10-31
C00004,Waida Sundaram,23,Male,Orai,Sikkim,Teacher,77314.0,2022-02-15
C00005,Daksha Ahluwalia,35,Male,Panvel,Uttar Pradesh,Farmer,72124.0,2026-02-11
C00006,Niharika Bir,62,Female,Nanded,Chhattisgarh,Doctor,137757.0,2024-10-11
C00007,Sathvik Parmer,58,Female,Bharatpur,Jharkhand,Software Engineer,61853.0,2022-03-03
C00008,Urvi Shere,65,Female,Firozabad,West Bengal,Government Employee,92842.0,2022-05-26
C00009,Praneel Desai,30,Male,Jehanabad,West Bengal,Government Employee,46793.0,2025-03-20
C00010,Naveen Pillay,26,Female,Bokaro,Rajasthan,Teacher,114104.0,2024-01-02
C00011,Ishani Chada,43,Female,Panvel,Tripura,unknown,140435.0,2022-03-01
C00012,Krish Mand,55,Male,Sikar,Goa,unknown,40656.0,2022-12-05
C00013,Lakshmi Sunder,56,Female,Dharmavaram,Punjab,unknown,114800.0,2026-02-16
C00014,Forum Rana,57,Male,Aizawl,Meghalaya,unknown,32012.0,2025-01-30
C00015,Jeet Hora,63,Male,Muzaffarnagar,Tamil Nadu,unknown,40916.0,2025-01-29
C00016,Bakhshi Saha,35,Male,Kirari Suleman Nagar,Arunachal Pradesh,Student,92869.0,2021-10-25
C00017,Ansh Tella,50,Female,Sonipat,Karnataka,Business Owner,117040.0,2024-10-18
C00018,Jyoti Kaur,43,Male,Jaunpur,Kerala,Accountant,199187.0,2024-05-16
C00019,Vaishnavi Cherian,62,Male,Mehsana,Tamil Nadu,Other,186455.0,2023-10-02
C00020,Noah Sathe,31,Male,Shahjahanpur,Uttar Pradesh,Business Owner,141178.0,2023-03-28
C00021,Ishita Gera,45,Female,Burhanpur,Mizoram,Farmer,111078.0,2022-10-29
C00022,Ekansh Nair,64,Female,Bhiwandi,Tripura,Software Engineer,111078.0,2022-06-16
C00023,Vasatika Behl,23,Female,Kakinada,Gujarat,Student,111078.0,2022-02-05
C00024,Kiaan Apte,25,Male,Orai,Uttarakhand,Other,111078.0,2023-06-03
C00025,Neel Sami,34,Female,Buxar,Karnataka,Student,111078.0,2024-03-07
C00026,Lohit Morar,50,Male,Anantapur,West Bengal,Accountant,56603.0,2024-03-11
C00027,Rushil Shere,36,Female,Nanded,Maharashtra,Other,132311.0,2023-07-04
C00028,Panini Rama,58,Female,Nellore,Gujarat,Government Employee,77493.0,2022-11-08
C00029,Ekaraj Tiwari,29,Female,Jaunpur,Sikkim,Teacher,32351.0,2022-02-23
C00030,Ria Dani,28,Male,Dehradun,Karnataka,Business Owner,198384.0,2023-07-07
C00031,Farhan Tata,48,Male,unknown,West Bengal,Student,120039.0,2022-02-01
C00032,Ranbir Dalal,59,Female,unknown,Himachal Pradesh,Farmer,85906.0,2025-04-08
C00033,Teerth Morar,56,Male,unknown,Andhra Pradesh,Teacher,198706.0,2022-06-06
C00034,Viraj Lalla,55,Female,Satna,Jharkhand,Government Employee,49242.0,2026-02-18
C00035,Bhanumati Ganesh,39,Female,Hindupur,Madhya Pradesh,Business Owner,138940.0,2025-12-06
C00036,Kamala Bhagat,21,Female,Kharagpur,Madhya Pradesh,Farmer,66832.0,2021-10-10
C00037,Christopher Krishna,53,Male,Ramgarh,Tripura,Accountant,187496.0,2021-09-20
C00038,Zehaan Kapur,53,Male,Kota,Madhya Pradesh,Business Owner,118019.0,2024-11-12
C00039,Tara Samra,31,Male,Thrissur,Madhya Pradesh,Other,104975.0,2023-09-22
C00040,Adweta Date,52,Male,Kamarhati,West Bengal,Teacher,115153.0,2025-09-22
C00041,Ayaan Lala,40,Male,Guntakal,Odisha,Software Engineer,83143.0,2024-02-15
C00042,Yuvraj Bhasin,57,Male,Arrah,Karnataka,Teacher,147399.0,2023-03-03
C00043,Vasatika Gill,25,Male,Pimpri-Chinchwad,Andhra Pradesh,Business Owner,192949.0,2024-10-05
C00044,Radha Guha,51,Male,Udaipur,Haryana,Accountant,158326.0,2021-11-27
C00045,Lucky Sarin,59,Female,Sangli-Miraj & Kupwad,Andhra Pradesh,Doctor,161373.0,2026-08-20
C00046,Jeet Sood,65,Male,Nangloi Jat,Uttar Pradesh,Accountant,124593.0,2026-03-26
C00047,Dakshesh Yohannan,63,Female,Bhiwani,Maharashtra,Sales Executive,155679.0,2022-02-24
C00048,Ganga Nayak,49,Male,Kottayam,Chhattisgarh,Doctor,78903.0,2022-01-03
C00049,Maya Raghavan,25,Female,Mahbubnagar,West Bengal,Software Engineer,174221.0,2023-09-07
C00050,Omisha Naidu,56,Male,Jamshedpur,Assam,Other,77728.0,2022-09-19
C00051,Ojas Muni,21,Male,Sagar,Andhra Pradesh,Software Engineer,80015.0,2021-11-14
C00052,Tara Mand,25,Male,Chandrapur,Madhya Pradesh,Government Employee,38574.0,2025-06-26
C00053,Varenya Bora,53,Male,Bokaro,Mizoram,Accountant,195368.0,2022-12-23
C00054,Libni Kakar,52,Male,Dehri,Uttarakhand,Farmer,54684.0,2024-09-29
C00055,Owen Bedi,57,Female,Akola,Andhra Pradesh,Doctor,143987.0,2023-03-13
C00056,Hema Doshi,47,Male,Agra,Goa,Teacher,45409.0,2025-05-12
C00057,Harita Minhas,63,Female,Nellore,Assam,Government Employee,131038.0,2025-10-07
C00058,Nikita Comar,47,Female,Satna,Jharkhand,Software Engineer,196518.0,2025-04-15
C00059,Raagini Bandi,62,Male,Coimbatore,Arunachal Pradesh,Software Engineer,125544.0,2022-12-22
C00060,Oeshi Sandal,42,Male,Muzaffarpur,Telangana,Doctor,70224.0,2023-09-22
C00061,Arin Bail,33,Female,Hazaribagh,Manipur,Business Owner,130593.0,2024-10-18
C00062,Shivani Vig,32,Female,Coimbatore,Uttar Pradesh,Sales Executive,85485.0,2026-01-07
C00063,Bhavna Sathe,25,Female,Rajpur Sonarpur,Mizoram,Farmer,45666.0,2025-09-13
C00064,Saumya Dhar,24,Male,Mau,Bihar,Teacher,81965.0,2024-11-21
C00065,Megha Ganguly,31,Female,Kavali,Rajasthan,Sales Executive,146185.0,2023-04-01
C00066,Kiaan Bhat,34,Female,Jorhat,Haryana,Software Engineer,63158.0,2022-06-07
C00067,Arya Comar,45,Male,Kamarhati,Jharkhand,Student,89521.0,2023-05-17
C00068,Chaitaly Sami,50,Female,Saharanpur,Rajasthan,Student,165691.0,2022-10-04
C00069,Falak Murthy,63,Female,Pallavaram,Uttar Pradesh,Business Owner,69780.0,2023-12-03
C00070,Brinda Sawhney,39,Male,Aurangabad,Meghalaya,Software Engineer,171828.0,2024-01-14
C00071,Rajata Rao,55,Male,Hapur,Telangana,Government Employee,34985.0,2022-06-21
C00072,Kritika Brar,24,Female,Orai,Tamil Nadu,Farmer,159231.0,2022-05-26
C00073,Zayan Nadig,31,Male,Shimoga,Andhra Pradesh,Farmer,41000.0,2024-01-19
C00074,Bimala Khosla,32,Male,Nagercoil,Tripura,Other,37815.0,2026-01-08
C00075,Anusha Balakrishnan,64,Male,Raipur,Assam,Student,51427.0,2024-08-23
C00076,Harsh Mann,57,Male,Chapra,Karnataka,Other,175849.0,2026-08-31
C00077,Joshua Narayan,23,Male,Satna,Bihar,Student,192326.0,2026-08-24
C00078,Ryan Bhatnagar,58,Female,Durgapur,Sikkim,Accountant,73545.0,2025-09-04
C00079,Chandresh Bir,63,Female,Alappuzha,Chhattisgarh,Doctor,89629.0,2021-11-01
C00080,Ayushman Sood,46,Male,Alappuzha,Arunachal Pradesh,Accountant,139858.0,2022-11-06
C00081,Girindra Atwal,41,Male,Siwan,Odisha,Software Engineer,140136.0,2026-03-17
C00082,Neelima Golla,60,Male,Munger,Rajasthan,Teacher,160937.0,2022-08-13
C00083,Ronith Lad,34,Female,Muzaffarnagar,Meghalaya,Business Owner,111490.0,2022-02-12
C00084,Dayamai Sagar,25,Male,Ongole,West Bengal,Government Employee,94707.0,2022-10-07
C00085,Vihaan Chander,31,Female,Patna,Uttar Pradesh,Farmer,99303.0,2022-04-02
C00086,Nisha Bal,60,Male,Bahraich,Uttarakhand,Farmer,98480.0,2024-01-20
C00087,Brijesh Mander,63,Male,Shimoga,Tripura,Business Owner,89328.0,2023-04-12
C00088,Rachit Lalla,28,Male,Srikakulam,Kerala,Farmer,60749.0,2026-07-03
C00089,Yuvraj Chaudhuri,38,Female,Mau,Goa,Other,75215.0,2024-05-06
C00090,Farhan Bala,42,Male,Jalna,Arunachal Pradesh,Accountant,152489.0,2025-05-31
C00091,Girik Mallick,52,Female,Bijapur,Tripura,Software Engineer,44195.0,2024-11-17
C00092,Chakradhar Nazareth,61,Female,Amravati,Sikkim,Accountant,31557.0,2024-09-27
C00093,Yachana Warrior,21,Female,Navi Mumbai,Chhattisgarh,Business Owner,187015.0,2024-04-30
C00094,Hemang Singhal,37,Male,Satara,Telangana,Sales Executive,164619.0,2025-07-18
C00095,Charles Sekhon,48,Male,Khammam,Nagaland,Teacher,39724.0,2023-01-02
C00096,William Goel,65,Male,Gangtok,Rajasthan,Farmer,29444.0,2025-12-25
C00097,Tanish Mander,44,Male,Patna,Tripura,Student,53409.0,2024-01-01
C00098,Anay Ramachandran,23,Female,Davanagere,Chhattisgarh,Government Employee,30458.0,2022-12-15
C00099,Kiaan Patla,43,Male,Bahraich,West Bengal,Doctor,194832.0,2024-07-16
C00100,Chaaya Vala,27,Female,Bulandshahr,Tamil Nadu,Farmer,126529.0,2026-06-01
C00101,Mohammed Munshi,60,Male,Jamalpur,West Bengal,Doctor,62598.0,2024-08-28
C00102,Upasna Tiwari,32,Female,Bathinda,Jharkhand,Software Engineer,67018.0,2025-03-24
C00103,Aachal Yogi,42,Female,Gulbarga,Andhra Pradesh,Doctor,89941.0,2026-06-02
C00104,Ati Bhavsar,31,Male,Dehri,Meghalaya,Student,30151.0,2025-07-08
C00105,Osha Wali,51,Male,Sangli-Miraj & Kupwad,Jharkhand,Doctor,140665.0,2022-04-27
C00106,Kritika Doshi,43,Female,Madurai,Nagaland,Doctor,78438.0,2022-10-20
C00107,Oscar Yogi,22,Male,Gwalior,Himachal Pradesh,Student,106051.0,2024-11-10
C00108,Patrick Sule,38,Male,Jalna,Andhra Pradesh,Accountant,112050.0,2022-03-15
C00109,Varenya Tailor,62,Female,Meerut,Kerala,Farmer,106808.0,2026-05-09
C00110,Max Butala,22,Male,Nangloi Jat,Tamil Nadu,Accountant,66810.0,2022-07-02
C00111,Nisha Khatri,58,Female,Bhilai,Maharashtra,Software Engineer,48417.0,2024-08-03
C00112,Leena Cheema,59,Female,Ambattur,Uttar Pradesh,Government Employee,102228.0,2025-03-18
C00113,Barkha Bhat,48,Male,Dhanbad,Arunachal Pradesh,Student,171149.0,2023-10-24
C00114,Vansha Badal,33,Female,Vasai-Virar,Uttarakhand,Software Engineer,134309.0,2025-08-07
C00115,Falak Ahluwalia,21,Male,Delhi,Uttar Pradesh,Government Employee,133062.0,2022-07-05
C00116,Wridesh Anand,25,Female,Singrauli,Maharashtra,Other,102291.0,2022-05-19
C00117,Rajeshri Bhavsar,63,Male,Singrauli,Meghalaya,Accountant,152939.0,2021-09-25
C00118,Nitara Singhal,40,Female,Bhusawal,Gujarat,Government Employee,125486.0,2024-07-11
C00119,Noah Palla,65,Female,Rampur,Karnataka,Farmer,53367.0,2025-07-13
C00120,Jeet Sarraf,33,Female,Gaya,Haryana,Student,197554.0,2021-12-04
C00121,Udant Dhawan,32,Female,Kolhapur,Jharkhand,Student,163638.0,2026-05-06
C00122,Yachana Aggarwal,21,Female,Dehradun,Karnataka,Accountant,75098.0,2024-09-22
C00123,Dhriti Wadhwa,48,Female,Uluberia,Kerala,Sales Executive,135811.0,2024-05-02
C00124,Aahana Chhabra,49,Male,Darbhanga,Meghalaya,Farmer,144042.0,2023-07-28
C00125,Sanya Bhagat,31,Male,Agra,Punjab,Accountant,155122.0,2024-04-14
C00126,Rushil Basak,63,Female,Tirupati,Manipur,Teacher,81569.0,2023-04-20
C00127,Kiaan Raman,64,Female,Shimoga,Mizoram,Doctor,72200.0,2022-08-19
C00128,Ekansh Khosla,30,Male,Imphal,Odisha,Software Engineer,84184.0,2026-02-21
C00129,Anirudh Mander,51,Male,Dehri,Madhya Pradesh,Sales Executive,128643.0,2023-04-22
C00130,Agastya D’Alia,61,Male,Hyderabad,Mizoram,Student,149598.0,2026-05-21
C00131,Deepa Prabhakar,46,Male,Bellary,Punjab,Business Owner,191981.0,2026-08-09
C00132,Ekalinga Guha,65,Male,Patiala,Kerala,Teacher,131449.0,2026-07-22
C00133,Zarna Palan,35,Male,Visakhapatnam,Manipur,Farmer,141778.0,2024-11-12
C00134,Neelima Sarna,24,Male,Alappuzha,Jharkhand,Teacher,139658.0,2024-10-16
C00135,Chavvi Chaudhry,29,Female,Katihar,Maharashtra,Farmer,166518.0,2024-03-22
C00136,Unni Badal,59,Female,Ballia,Nagaland,Sales Executive,180603.0,2024-07-09
C00137,Aarush Joshi,53,Female,Pune,Manipur,Farmer,136893.0,2025-10-03
C00138,Darpan Chaudhary,31,Female,Hindupur,Madhya Pradesh,Sales Executive,87945.0,2023-07-05
C00139,Zansi Kale,36,Female,Solapur,Meghalaya,Farmer,147034.0,2026-03-13
C00140,Nakul Tak,61,Male,Bihar Sharif,Nagaland,Accountant,135309.0,2024-07-27
C00141,Anika Bajwa,25,Female,Davanagere,Madhya Pradesh,Doctor,91228.0,2025-10-10
C00142,Tamanna Handa,42,Female,Mirzapur,Gujarat,Farmer,41122.0,2023-06-22
C00143,Bimala Barad,29,Male,Motihari,Uttarakhand,Doctor,120410.0,2023-07-18
C00144,Varsha Kalita,65,Male,Gurgaon,Karnataka,Doctor,36837.0,2025-12-27
C00145,Reva Kibe,47,Female,Jhansi,Himachal Pradesh,Government Employee,162242.0,2023-10-23
C00146,Anya Sachdeva,50,Female,Karaikudi,Manipur,Software Engineer,74220.0,2023-10-09
C00147,Raksha Hora,47,Female,Medininagar,Himachal Pradesh,Other,25120.0,2024-08-04
C00148,Damyanti Sane,57,Female,Tadepalligudem,Jharkhand,Sales Executive,21545.0,2023-01-25
C00149,Krish Sodhi,43,Female,Guna,West Bengal,Student,129843.0,2025-05-14
C00150,Imaran Chaudhary,55,Male,Bokaro,Jharkhand,Sales Executive,77520.0,2023-02-25
C00151,Teerth Chahal,38,Female,Morbi,Nagaland,Sales Executive,27608.0,2023-05-02
C00152,Frado Seth,45,Female,Shahjahanpur,Odisha,Student,63265.0,2021-10-12
C00153,Owen Palla,50,Male,Aizawl,Assam,Other,160017.0,2024-08-11
C00154,Nicholas Purohit,22,Female,Khora ,West Bengal,Other,167951.0,2025-03-25
C00155,Osha Palan,63,Male,Silchar,West Bengal,Teacher,188492.0,2022-06-28
C00156,Lekha Narayan,48,Male,Amroha,Chhattisgarh,Sales Executive,67639.0,2021-10-06
C00157,Meera Khosla,24,Female,Darbhanga,Uttarakhand,Student,105813.0,2024-07-26
C00158,Michael Comar,34,Female,Madhyamgram,Karnataka,Government Employee,108473.0,2022-09-22
C00159,Urvi Menon,45,Female,Ambarnath,Tripura,Student,86131.0,2024-01-24
C00160,Hemangini Thakur,26,Female,Panvel,Tamil Nadu,Software Engineer,161405.0,2023-11-29
C00161,Manbir Borde,24,Female,Mehsana,Uttarakhand,Doctor,190431.0,2025-11-22
C00162,Charles Memon,25,Male,Davanagere,Manipur,Software Engineer,84823.0,2025-12-09
C00163,Eshana Seshadri,33,Male,Ambala,Karnataka,Other,59946.0,2025-12-18
C00164,George Sura,36,Male,Imphal,Arunachal Pradesh,Sales Executive,195494.0,2024-01-22
C00165,Kai Basu,28,Male,Jamshedpur,Punjab,Sales Executive,87172.0,2022-10-12
C00166,Urvashi Ahluwalia,44,Male,Bathinda,Himachal Pradesh,Other,179186.0,2024-04-29
C00167,Parth Yogi,28,Male,Korba,Goa,Accountant,48337.0,2025-11-25
C00168,Aadi Kibe,58,Male,Srinagar,Uttar Pradesh,Accountant,170941.0,2026-09-03
C00169,Ladli Vaidya,64,Female,Gudivada,Bihar,Student,71990.0,2021-09-16
C00170,Falak Kulkarni,25,Male,Surendranagar Dudhrej,Himachal Pradesh,Teacher,99058.0,2024-09-09
C00171,Lila Nair,64,Male,Hubli–Dharwad,Assam,Other,30766.0,2026-04-03
C00172,Triya Narang,43,Female,Imphal,Jharkhand,Government Employee,38076.0,2023-08-17
C00173,Ekansh Parekh,53,Female,Gaya,West Bengal,Software Engineer,130115.0,2023-01-19
C00174,Ekaraj Hegde,52,Male,Bhiwandi,Madhya Pradesh,Student,114945.0,2024-02-24
C00175,Jasmit Kala,61,Female,Mumbai,Tamil Nadu,Business Owner,134160.0,2024-12-09
C00176,Pratyush Madan,32,Female,Muzaffarpur,Manipur,Other,161078.0,2022-06-19
C00177,Ekapad Dubey,51,Female,Hospet,Telangana,Student,175313.0,2022-07-04
C00178,Siddharth Sule,38,Female,Sasaram,Nagaland,Doctor,42718.0,2023-11-26
C00179,Anusha Mahal,38,Female,Aligarh,Haryana,Doctor,141820.0,2022-01-26
C00180,Abdul Krish,57,Female,Bardhaman,Madhya Pradesh,Government Employee,27523.0,2023-05-15
C00181,Vedant Nair,52,Female,Aligarh,Maharashtra,Business Owner,147808.0,2021-09-16
C00182,Banjeet Savant,34,Female,Panipat,Goa,Accountant,109217.0,2022-11-28
C00183,Vaishnavi Handa,38,Female,Naihati,Himachal Pradesh,Farmer,22661.0,2022-02-05
C00184,Neha Rege,54,Male,Karnal,Meghalaya,Teacher,83270.0,2024-04-02
C00185,Fiyaz Hegde,47,Female,Kharagpur,Gujarat,Farmer,82999.0,2025-11-02
C00186,Ranbir Nagi,65,Female,Rewa,Bihar,Sales Executive,137486.0,2024-11-05
C00187,Tristan Mitra,22,Male,Akola,Rajasthan,Accountant,78090.0,2021-11-05
C00188,Ishanvi Ghose,46,Male,Jalandhar,Andhra Pradesh,Accountant,194053.0,2023-10-01
C00189,Samesh Ramachandran,58,Female,Udupi,Haryana,Sales Executive,165089.0,2026-05-04
C00190,Amaira Baral,54,Female,Chandrapur,Tamil Nadu,Student,164281.0,2026-04-11
C00191,Suhani Varma,42,Female,Guntur,Uttarakhand,Sales Executive,91019.0,2023-04-17
C00192,Harsh Gandhi,40,Female,Kishanganj,Rajasthan,Doctor,51629.0,2022-12-11
C00193,Gunbir Choudhury,33,Female,Kharagpur,Uttarakhand,Teacher,160473.0,2025-05-20
C00194,Ishita Bath,65,Male,Srikakulam,Goa,Doctor,76723.0,2024-06-29
C00195,Farhan Ahluwalia,51,Female,Proddatur,Kerala,Other,157530.0,2023-10-06
C00196,Abhimanyu Chaudhari,59,Female,Siliguri,Maharashtra,Teacher,70886.0,2026-08-09
C00197,Bhavini Kala,39,Male,Mumbai,Goa,Government Employee,67039.0,2026-06-19
C00198,Hemang Sangha,40,Male,Warangal,Gujarat,Farmer,53182.0,2021-12-02
C00199,Anvi Choudhury,38,Male,Morena,Punjab,Software Engineer,165059.0,2026-07-09
C00200,Arya Kulkarni,39,Male,Mangalore,Uttarakhand,Sales Executive,46892.0,2022-06-22
C00201,Falguni Magar,21,Female,Kalyan-Dombivli,Haryana,Sales Executive,145492.0,2023-12-06
C00202,Dev Prabhakar,49,Female,Howrah,Bihar,Business Owner,33468.0,2025-04-25
C00203,Leena Dutt,37,Female,Kalyan-Dombivli,Telangana,Teacher,37129.0,2025-12-18
C00204,Yachana Devi,46,Female,Firozabad,Andhra Pradesh,Teacher,171262.0,2026-04-30
C00205,Ekansh Barad,61,Male,Chittoor,Jharkhand,Business Owner,59111.0,2023-10-19
C00206,Guneet Sane,57,Female,Tiruppur,Uttarakhand,Teacher,85061.0,2025-11-11
C00207,Pranit Srivastava,28,Female,Deoghar,Rajasthan,Other,176271.0,2024-07-10
C00208,David Ramakrishnan,60,Male,Akola,West Bengal,Farmer,119713.0,2022-06-24
C00209,Mason Behl,49,Female,Farrukhabad,Chhattisgarh,Accountant,174278.0,2026-08-14
C00210,Anthony Om,48,Female,Guwahati,Tamil Nadu,Other,182798.0,2026-05-22
C00211,Yashoda Natt,24,Male,Erode,Madhya Pradesh,Doctor,183975.0,2023-09-13
C00212,Orinder Tiwari,34,Female,Junagadh,Jharkhand,Teacher,61171.0,2023-09-03
C00213,Warhi Mitra,36,Male,Mirzapur,Arunachal Pradesh,Farmer,39677.0,2023-01-19
C00214,Chameli Modi,31,Male,Yamunanagar,Meghalaya,Student,138096.0,2025-05-15
C00215,Upkaar Master,65,Female,Moradabad,Chhattisgarh,Accountant,28556.0,2026-07-30
C00216,Laban Om,35,Female,Mangalore,Nagaland,Accountant,139021.0,2022-04-07
C00217,Deepa Dube,25,Male,Arrah,Rajasthan,Accountant,183855.0,2022-02-21
C00218,Krishna Tandon,58,Male,Vellore,Karnataka,Student,50087.0,2022-09-04
C00219,Jeet Singhal,55,Male,Chandrapur,Punjab,Business Owner,89633.0,2022-06-15
C00220,Chandresh Johal,30,Male,Guntur,Chhattisgarh,Software Engineer,63495.0,2026-03-15
C00221,Neha Golla,40,Female,Bhalswa Jahangir Pur,Punjab,Sales Executive,52598.0,2025-10-20
C00222,Atharv Anand,50,Female,New Delhi,Manipur,Student,91367.0,2022-08-09
C00223,Nachiket Gola,53,Female,Bilaspur,Tripura,Sales Executive,41087.0,2025-06-27
C00224,Sathvik Pandit,59,Male,Tirupati,Goa,Student,104494.0,2024-03-31
C00225,Gaurangi Subramanian,59,Female,Medininagar,Manipur,Software Engineer,43940.0,2023-08-29
C00226,Fitan Karpe,35,Male,Sambalpur,Assam,Accountant,171059.0,2023-11-24
C00227,Mason Lad,23,Male,Noida,Himachal Pradesh,Sales Executive,156043.0,2022-08-03
C00228,Anthony Kala,62,Female,Srinagar,Uttar Pradesh,Accountant,67576.0,2023-07-09
C00229,Praneel Chokshi,58,Female,Bidhannagar,West Bengal,Sales Executive,43918.0,2021-11-30
C00230,Indali Prasad,51,Female,Jalgaon,West Bengal,Student,107374.0,2024-06-23
C00231,Harinakshi Mammen,41,Male,Bareilly,Sikkim,Business Owner,106456.0,2024-01-26
C00232,Pavani Nazareth,47,Female,Panchkula,Andhra Pradesh,Accountant,193692.0,2022-07-11
C00233,Odika Dutta,46,Male,Tirunelveli,Kerala,Sales Executive,43084.0,2024-10-13
C00234,Kiaan Tak,41,Female,Bidar,Mizoram,Government Employee,50388.0,2022-05-24
C00235,Gavin Bassi,46,Male,Belgaum,Tripura,Farmer,141104.0,2025-10-11
C00236,Vrinda Bhardwaj,47,Male,Sambhal,Andhra Pradesh,Doctor,155905.0,2022-12-11
C00237,Jeremiah Acharya,44,Female,Jamalpur,Uttar Pradesh,Sales Executive,33529.0,2026-08-20
C00238,William Ganguly,34,Female,Salem,Manipur,Farmer,54344.0,2023-07-11
C00239,Anirudh Dewan,39,Female,Bhavnagar,Madhya Pradesh,Sales Executive,51831.0,2023-10-07
C00240,Idika Krish,22,Male,Karaikudi,Goa,Business Owner,101461.0,2022-01-04
C00241,Lopa Dixit,56,Male,Morbi,Odisha,Farmer,126952.0,2022-06-21
C00242,Mohini Thakur,26,Male,Hindupur,Madhya Pradesh,Teacher,140965.0,2023-02-08
C00243,Sanya Sampath,28,Male,Barasat,Sikkim,Sales Executive,96509.0,2026-01-10
C00244,Frado Mall,53,Female,Nanded,Manipur,Student,146484.0,2026-05-25
C00245,Kashish Lall,51,Male,Aligarh,Uttar Pradesh,Sales Executive,164510.0,2022-07-26
C00246,Hritik Pradhan,30,Female,Ramagundam,Jharkhand,Doctor,177123.0,2022-04-04
C00247,Aarna Loke,53,Male,Cuttack,Telangana,Teacher,92416.0,2021-11-20
C00248,Chaman Iyengar,47,Female,Raiganj,Karnataka,Farmer,90037.0,2022-12-21
C00249,Laban Kale,21,Female,Howrah,Kerala,Accountant,173862.0,2024-05-13
C00250,Balveer Saxena,58,Female,Saharanpur,Karnataka,Business Owner,137059.0,2022-01-12
C00251,Sai Desai,55,Female,Singrauli,Punjab,Government Employee,107147.0,2024-10-09
C00252,Rohan Sawhney,56,Female,Pune,Bihar,Sales Executive,104352.0,2023-06-27
C00253,Nachiket Murthy,33,Male,Narasaraopet,Arunachal Pradesh,Other,120393.0,2021-09-26
C00254,Zayan Majumdar,35,Female,Kavali,Jharkhand,Software Engineer,103408.0,2026-06-03
C00255,Gunbir Nagar,51,Female,Cuttack,Meghalaya,Student,193982.0,2022-01-05
C00256,Amaira Saha,62,Male,Alappuzha,Uttarakhand,Sales Executive,29704.0,2025-07-06
C00257,Qushi Sahni,29,Female,Ramgarh,Manipur,Teacher,135423.0,2024-07-08
C00258,Deepa Ramaswamy,27,Female,Kirari Suleman Nagar,Odisha,Software Engineer,57789.0,2026-01-03
C00259,Eesha Chakrabarti,47,Male,Muzaffarnagar,Madhya Pradesh,Teacher,143074.0,2026-08-12
C00260,Anirudh Dewan,37,Female,Ghaziabad,West Bengal,Other,124197.0,2023-01-30
C00261,Avi Kala,62,Male,South Dumdum,Rajasthan,Government Employee,196778.0,2023-12-15
C00262,Edhitha Dar,55,Female,Jamshedpur,Goa,Government Employee,184311.0,2026-04-18
C00263,Chanakya Buch,52,Male,Etawah,Bihar,Other,37936.0,2025-03-01
C00264,Anthony Garg,36,Female,Jehanabad,Odisha,Doctor,43692.0,2024-01-31
C00265,Simon Khatri,48,Male,Chandigarh,Odisha,Teacher,136307.0,2022-03-25
C00266,Jack Thakkar,31,Female,Kottayam,West Bengal,Software Engineer,32056.0,2024-08-05
C00267,Ekta Deo,41,Male,Mau,West Bengal,Accountant,113969.0,2024-08-11
C00268,Ekalinga Chatterjee,44,Female,Saharsa,Haryana,Business Owner,84014.0,2024-09-16
C00269,Tanmayi Kapoor,54,Female,Thoothukudi,Jharkhand,Other,198729.0,2024-02-06
C00270,Yatan Acharya,32,Male,Pallavaram,West Bengal,Business Owner,40701.0,2026-02-24
C00271,Onveer Shetty,60,Female,Serampore,Jharkhand,Other,199079.0,2022-10-01
C00272,Triveni Rajan,36,Female,Rampur,Manipur,Other,57517.0,2022-04-21
C00273,Januja Venkatesh,35,Female,Jhansi,Telangana,Accountant,140473.0,2025-07-03
C00274,Sachi Prabhu,37,Male,Rewa,Punjab,Sales Executive,95400.0,2024-12-23
C00275,Ranveer Sha,64,Male,Dhule,Haryana,Teacher,135796.0,2022-08-31
C00276,Aarav Panchal,43,Female,Tenali,Tamil Nadu,Student,85561.0,2021-11-20
C00277,Daniel Varma,50,Female,Pali,Manipur,Doctor,120845.0,2022-07-21
C00278,Umang Toor,51,Male,Barasat,Gujarat,Doctor,119972.0,2026-07-08
C00279,Ayush Bhagat,57,Female,Khora ,Kerala,Other,97561.0,2023-07-23
C00280,Sathvik Bhatti,65,Female,Coimbatore,Haryana,Software Engineer,192550.0,2023-11-20
C00281,Girik Walia,46,Female,Phusro,Assam,Software Engineer,168354.0,2026-06-12
C00282,Elijah Rout,64,Male,Gorakhpur,Uttar Pradesh,Other,150214.0,2023-04-13
C00283,Warjas Chacko,39,Male,Mangalore,Goa,Other,112358.0,2026-07-09
C00284,Balveer Hans,35,Male,Gandhinagar,Arunachal Pradesh,Other,85700.0,2026-09-04
C00285,Balveer Dutta,64,Male,Hubli–Dharwad,Mizoram,Teacher,184484.0,2025-11-07
C00286,Aishani Madan,62,Male,Jorhat,Assam,Accountant,135559.0,2023-08-19
C00287,Avi Prashad,23,Female,Hosur,Chhattisgarh,Business Owner,43627.0,2022-05-03
C00288,Aditya Pandit,39,Female,North Dumdum,Maharashtra,Student,66042.0,2023-07-25
C00289,Xiti Sanghvi,33,Male,Udaipur,Uttar Pradesh,Farmer,115907.0,2024-04-26
C00290,Zehaan Rattan,54,Female,Mangalore,Kerala,Business Owner,87363.0,2024-08-02
C00291,Abhimanyu Suri,51,Female,Proddatur,Nagaland,Government Employee,50191.0,2023-04-03
C00292,Yutika Sarraf,50,Male,Agartala,Gujarat,Business Owner,79143.0,2025-10-31
C00293,Arin Anand,64,Female,Kadapa,Kerala,Farmer,115885.0,2024-02-29
C00294,Gayathri Rau,26,Female,Ramgarh,Odisha,Software Engineer,89326.0,2025-05-14
C00295,Harshil Prashad,55,Male,Bhilwara,Sikkim,Sales Executive,116622.0,2023-05-11
C00296,Chakrika Rastogi,64,Female,Ambattur,Nagaland,Other,119883.0,2023-09-11
C00297,Yashoda Bhattacharyya,61,Female,Pallavaram,Mizoram,Teacher,196904.0,2026-06-26
C00298,Ekbal Narayanan,35,Female,Ujjain,Odisha,Software Engineer,182410.0,2022-04-16
C00299,Nikita Kari,56,Female,Raiganj,Karnataka,Other,78030.0,2023-12-27
C00300,Hemang Pandya,62,Male,Jorhat,Manipur,Sales Executive,99217.0,2023-07-05
C00301,Diya Atwal,62,Female,North Dumdum,Uttar Pradesh,Teacher,56641.0,2025-10-26
C00302,Ekbal Morar,23,Male,Ambala,Rajasthan,Accountant,149138.0,2025-04-29
C00303,Yuvraj Basak,28,Male,Bidar,Uttarakhand,Doctor,160914.0,2024-05-16
C00304,Zayyan Manne,29,Female,Jamalpur,Manipur,Sales Executive,117258.0,2023-02-17
C00305,Zilmil Tara,63,Female,Ghaziabad,Manipur,Other,60507.0,2025-10-08
C00306,Megha Kamdar,47,Male,Thiruvananthapuram,Arunachal Pradesh,Sales Executive,181389.0,2025-12-21
C00307,Upadhriti Bawa,47,Female,Tadipatri,Chhattisgarh,Software Engineer,117132.0,2025-06-11
C00308,Hredhaan Soman,34,Female,Guwahati,Manipur,Sales Executive,81895.0,2025-10-18
C00309,Ekanta Sachdeva,44,Male,Dhule,Karnataka,Government Employee,162728.0,2026-09-03
C00310,Sai Nanda,62,Female,Saharsa,Mizoram,Software Engineer,124369.0,2026-07-24
C00311,Ekapad Sawhney,38,Male,Jamalpur,West Bengal,Teacher,139201.0,2024-01-20
C00312,Wishi Sachdev,26,Male,Raiganj,Sikkim,Other,25598.0,2024-05-14
C00313,Chaaya Nadig,24,Female,Katni,Karnataka,Doctor,53010.0,2022-09-23
C00314,Owen Nori,57,Male,Allahabad,Goa,Teacher,165282.0,2024-03-17
C00315,Advika Korpal,34,Male,Ichalkaranji,Meghalaya,Doctor,106129.0,2022-10-04
C00316,Xiti Buch,30,Male,Noida,Punjab,Accountant,57929.0,2024-12-19
C00317,Falan Dugal,29,Female,Akola,Gujarat,Business Owner,48816.0,2024-01-25
C00318,Falak Khanna,63,Male,Ulhasnagar,Goa,Business Owner,23895.0,2022-03-30
C00319,Vrinda Cheema,43,Male,Gulbarga,West Bengal,Other,104874.0,2026-04-16
C00320,Akshay Ramaswamy,22,Male,Amroha,Tamil Nadu,Accountant,33736.0,2024-02-09
C00321,Vasudha Sha,29,Female,Mysore,Andhra Pradesh,Farmer,49792.0,2023-06-28
C00322,Charan Batta,25,Female,Jhansi,Himachal Pradesh,Sales Executive,114906.0,2024-03-16
C00323,Geetika Ganguly,53,Male,Bhind,West Bengal,Sales Executive,152078.0,2026-07-25
C00324,Vidhi Chada,35,Male,Hindupur,Tripura,Farmer,99070.0,2026-06-25
C00325,Dalbir Vasa,50,Male,Darbhanga,Mizoram,Software Engineer,145562.0,2026-03-22
C00326,Amruta Sanghvi,46,Female,Panvel,Chhattisgarh,Teacher,148521.0,2023-01-08
C00327,Gautam Kuruvilla,49,Male,Mau,Punjab,Teacher,104439.0,2025-05-22
C00328,Ijaya Mahal,59,Male,Surat,Maharashtra,Teacher,53080.0,2025-01-04
C00329,Yagnesh Bail,38,Female,Tumkur,Meghalaya,Student,176602.0,2025-04-23
C00330,Hema Devan,54,Female,Udupi,Maharashtra,Sales Executive,152527.0,2024-07-18
C00331,Megha Mohanty,59,Female,Naihati,Uttarakhand,Teacher,49992.0,2025-09-09
C00332,Chaman Sengupta,62,Male,Belgaum,West Bengal,Student,138372.0,2024-02-01
C00333,Ladli Natarajan,35,Female,Deoghar,Arunachal Pradesh,Government Employee,138882.0,2023-01-20
C00334,Devansh Sidhu,46,Female,Chandigarh,Nagaland,Teacher,101932.0,2024-10-05
C00335,Tara Venkatesh,48,Female,Giridih,Odisha,Accountant,118120.0,2021-12-18
C00336,Abhimanyu Wali,30,Female,Dhanbad,Bihar,Teacher,43914.0,2024-12-28
C00337,Harrison Master,26,Male,Tadipatri,Haryana,Student,45313.0,2024-09-15
C00338,Ganga Bhargava,44,Male,Kota,Bihar,Farmer,35723.0,2024-02-25
C00339,Aditya Dubey,58,Female,Delhi,Madhya Pradesh,Teacher,127691.0,2022-07-27
C00340,Isaac Johal,43,Female,Ongole,Karnataka,Software Engineer,95400.0,2022-04-13
C00341,Lekha Dash,59,Female,Akola,Andhra Pradesh,Government Employee,47158.0,2024-01-06
C00342,Januja Bora,57,Male,Berhampore,Madhya Pradesh,Business Owner,192159.0,2022-04-04
C00343,Neha Kamdar,51,Male,Motihari,Kerala,Teacher,111780.0,2024-09-28
C00344,Yashica Bahl,56,Female,Junagadh,Uttarakhand,Teacher,93024.0,2026-08-14
C00345,Tanmayi Bava,57,Male,Hindupur,Rajasthan,Student,167053.0,2024-12-24
C00346,Vihaan Jha,60,Male,Anantapur,Maharashtra,Other,192446.0,2022-02-07
C00347,Dev Narang,65,Female,Nadiad,Himachal Pradesh,Software Engineer,67294.0,2026-03-03
C00348,Divya Bhargava,38,Female,Gandhidham,Uttar Pradesh,Government Employee,112018.0,2026-01-02
C00349,Pushti Swamy,21,Male,Bhiwani,Assam,Business Owner,168457.0,2024-04-12
C00350,Faris Anne,63,Female,Ahmednagar,Mizoram,Teacher,57191.0,2023-09-19
C00351,Ekanta Panchal,61,Male,Miryalaguda,Uttar Pradesh,Teacher,159062.0,2022-11-06
C00352,Caleb Dhaliwal,34,Female,Hazaribagh,Chhattisgarh,Student,138920.0,2022-11-13
C00353,Isha Keer,42,Male,Nellore,Sikkim,Government Employee,101693.0,2026-09-10
C00354,Pushti Date,41,Male,Panchkula,West Bengal,Software Engineer,60784.0,2022-11-02
C00355,Caleb Padmanabhan,31,Male,Gopalpur,Telangana,Teacher,91330.0,2024-01-09
C00356,Bina Tara,49,Female,Vijayanagaram,Maharashtra,Sales Executive,179141.0,2026-05-26
C00357,Yasti Wali,49,Female,Panvel,Manipur,Accountant,76510.0,2022-12-24
C00358,Niharika Sidhu,53,Male,Hyderabad,Himachal Pradesh,Government Employee,132699.0,2026-06-07
C00359,Veda Sanghvi,28,Female,Raipur,Maharashtra,Other,147567.0,2023-02-13
C00360,Hiral Loyal,54,Female,Gurgaon,Gujarat,Software Engineer,77807.0,2026-07-20
C00361,Kritika Gala,46,Male,Anantapur,Meghalaya,Software Engineer,73588.0,2023-08-24
C00362,David Patil,40,Male,Jamalpur,Uttarakhand,Business Owner,86982.0,2022-08-14
C00363,Ekalinga Ghosh,39,Female,Udupi,Goa,Teacher,22026.0,2026-05-29
C00364,Arjun Brar,52,Female,Karimnagar,Bihar,Business Owner,53865.0,2024-06-05
C00365,Xavier Mistry,45,Male,Kulti,Punjab,Farmer,166466.0,2025-01-01
C00366,Orinder Soman,63,Female,Durgapur,Karnataka,Teacher,124089.0,2026-08-08
C00367,Prisha Ramachandran,23,Female,Adoni,Uttarakhand,Software Engineer,140521.0,2026-08-04
C00368,Jyoti Natt,25,Female,Bikaner,Telangana,Other,132534.0,2022-06-19
C00369,Tanish Bath,57,Female,Proddatur,Mizoram,Student,95894.0,2026-06-04
C00370,Kabir Bail,28,Female,Dhanbad,Himachal Pradesh,Software Engineer,105136.0,2021-11-23
C00371,Eshana Raja,31,Female,Pune,West Bengal,Government Employee,43102.0,2025-11-17
C00372,Finn Bandi,48,Male,Salem,Rajasthan,Doctor,134209.0,2022-04-01
C00373,Abha Rajagopal,58,Female,Jaipur,Rajasthan,Farmer,40616.0,2024-11-23
C00374,Wyatt Ghosh,46,Female,Purnia,Andhra Pradesh,Government Employee,78083.0,2025-08-12
C00375,Harini Wagle,42,Male,Gwalior,West Bengal,Teacher,153820.0,2026-03-09
C00376,Kashvi Ahluwalia,61,Male,Bijapur,Telangana,Farmer,153680.0,2024-12-17
C00377,Ayaan Gopal,33,Female,Karawal Nagar,Andhra Pradesh,Government Employee,189199.0,2023-07-19
C00378,Gaurika Seshadri,30,Male,Thoothukudi,Odisha,Teacher,58389.0,2024-10-24
C00379,Yachana Peri,37,Male,Kalyan-Dombivli,Uttar Pradesh,Business Owner,177915.0,2026-05-27
C00380,Aarav Gulati,30,Male,Raurkela Industrial Township,Madhya Pradesh,Business Owner,184613.0,2026-01-11
C00381,Netra Mann,52,Female,Deoghar,Haryana,Other,171904.0,2025-02-22
C00382,Chakrika Vyas,49,Female,Orai,Andhra Pradesh,Government Employee,59572.0,2024-02-08
C00383,Qabil Issac,49,Male,Nizamabad,Haryana,Sales Executive,135922.0,2024-08-21
C00384,Darika Kata,61,Female,Bidhannagar,Nagaland,Accountant,175037.0,2022-12-15
C00385,Watika Chaudhuri,24,Female,Tiruvottiyur,Karnataka,Farmer,39448.0,2022-02-05
C00386,Kamala Dass,40,Female,Bilaspur,Himachal Pradesh,Sales Executive,29858.0,2024-10-04
C00387,Janya Dugal,24,Female,Varanasi,Maharashtra,Accountant,40114.0,2023-06-08
C00388,Rajata Modi,62,Male,Mira-Bhayandar,Goa,Other,175734.0,2023-12-31
C00389,Nilima Prashad,53,Female,Bijapur,Telangana,Sales Executive,172129.0,2023-07-15
C00390,Lavanya Saraf,56,Male,Mathura,Uttarakhand,Sales Executive,169856.0,2024-08-09
C00391,Leena Dugar,62,Male,Chandigarh,Telangana,Government Employee,178598.0,2021-10-26
C00392,Yochana Sandal,51,Male,Panipat,Andhra Pradesh,Software Engineer,138101.0,2022-09-23
C00393,Tanish Nagi,27,Female,Agra,Chhattisgarh,Teacher,152264.0,2022-11-03
C00394,Faras Rajagopal,62,Male,Vijayawada,Tamil Nadu,Software Engineer,84944.0,2023-05-22
C00395,Omkaar Samra,49,Female,Ajmer,Odisha,Farmer,157035.0,2026-06-15
C00396,Idika Pathak,60,Male,Bijapur,Mizoram,Government Employee,117740.0,2026-05-04
C00397,Yasti Keer,39,Female,Panvel,Bihar,Student,108700.0,2022-10-10
C00398,Osha Thakkar,64,Male,Jehanabad,Assam,Government Employee,37278.0,2024-01-23
C00399,Zehaan Zacharia,42,Male,Tiruppur,Karnataka,Farmer,197833.0,2024-01-06
C00400,Jagvi Setty,45,Female,Vadodara,Manipur,Accountant,192114.0,2023-11-05
C00401,Amruta Choudhry,59,Male,Dehri,Jharkhand,Government Employee,41365.0,2025-01-03
C00402,Luke Varkey,58,Male,Morena,Goa,Government Employee,101325.0,2021-10-27
C00403,Sara Sundaram,62,Female,Mira-Bhayandar,Meghalaya,Business Owner,175986.0,2024-01-01
C00404,Upadhriti Bal,26,Female,Bidhannagar,Haryana,Farmer,118744.0,2025-03-12
C00405,Pahal Mani,62,Female,Ghaziabad,West Bengal,Business Owner,195666.0,2026-02-16
C00406,Aarna Trivedi,65,Male,Machilipatnam,Haryana,Student,153297.0,2023-08-01
C00407,Hemal Sankaran,44,Male,Bardhaman,Goa,Government Employee,100967.0,2025-12-01
C00408,Indira Dara,32,Male,Darbhanga,Uttar Pradesh,Government Employee,147473.0,2023-11-08
C00409,Oni Dugar,33,Male,Ambarnath,Manipur,Business Owner,60617.0,2026-05-20
C00410,Darika Bhalla,25,Female,Raiganj,Maharashtra,Teacher,153087.0,2024-04-20
C00411,Tanvi Roy,55,Male,Aizawl,Madhya Pradesh,Government Employee,182013.0,2025-08-02
C00412,Nathan Swaminathan,29,Female,Nangloi Jat,Nagaland,Business Owner,62532.0,2022-07-07
C00413,Bakhshi Prakash,32,Male,Ratlam,Tripura,Sales Executive,31453.0,2022-09-01
C00414,Anika Korpal,47,Female,Jammu,Punjab,Doctor,136444.0,2024-04-03
C00415,Pratyush Om,60,Female,Bhubaneswar,Rajasthan,Sales Executive,81342.0,2026-01-02
C00416,Kavya Raju,55,Male,Ludhiana,Telangana,Accountant,142949.0,2026-04-08
C00417,Ekani Saran,33,Female,Motihari,Punjab,Other,135499.0,2022-02-22
C00418,Raghav Soman,50,Female,Kota,Karnataka,Student,151833.0,2022-02-07
C00419,Januja Sane,54,Female,Agra,Bihar,Business Owner,72349.0,2024-10-19
C00420,Brijesh Murty,59,Male,Pali,Maharashtra,Accountant,33678.0,2026-01-23
C00421,Alexander Char,62,Female,Kolkata,Punjab,Government Employee,165369.0,2024-03-03
C00422,Gauri Chaudhuri,27,Male,Bidhannagar,Meghalaya,Accountant,41987.0,2024-02-21
C00423,Vyanjana Koshy,31,Female,Patiala,Rajasthan,Sales Executive,154572.0,2022-03-25
C00424,Wahab Narula,30,Female,Erode,Mizoram,Teacher,78205.0,2023-06-07
C00425,Kiaan Nori,49,Female,Visakhapatnam,Andhra Pradesh,Software Engineer,128762.0,2023-07-04
C00426,Ojas Bedi,24,Female,Anantapuram,Rajasthan,Farmer,118031.0,2022-07-29
C00427,Inaya Badami,36,Female,Bhiwandi,Assam,Teacher,118281.0,2023-01-08
C00428,Pavani Deol,35,Male,Ramgarh,Sikkim,Government Employee,45974.0,2024-09-27
C00429,Edhitha Jayaraman,62,Female,Raebareli,Meghalaya,Business Owner,56070.0,2022-05-05
C00430,Eiravati Bhalla,23,Female,Medininagar,Meghalaya,Sales Executive,56383.0,2024-04-09
C00431,Samarth Wable,51,Female,Meerut,Andhra Pradesh,Other,21376.0,2024-08-05
C00432,Pooja Khurana,26,Male,Pimpri-Chinchwad,Chhattisgarh,Accountant,76532.0,2026-05-03
C00433,Balveer Choudhury,30,Female,Mira-Bhayandar,Rajasthan,Teacher,95524.0,2024-12-05
C00434,Saksham Barman,36,Female,Tiruvottiyur,Kerala,Teacher,32517.0,2022-06-16
C00435,Raghav Seth,36,Female,Ranchi,Goa,Other,139829.0,2022-11-05
C00436,Wishi Sachar,25,Male,Surat,Arunachal Pradesh,Sales Executive,176431.0,2024-10-17
C00437,Jeevika Kohli,55,Male,Mau,Haryana,Farmer,170745.0,2023-10-13
C00438,Chatura Tella,36,Male,Kamarhati,Andhra Pradesh,Accountant,132522.0,2025-07-04
C00439,Ganga Agarwal,21,Female,Bidar,Assam,Doctor,169596.0,2022-11-04
C00440,Krish Thaker,47,Male,Secunderabad,Haryana,Teacher,157228.0,2022-06-02
C00441,Adweta Sankar,44,Male,Sikar,Tripura,Farmer,162627.0,2025-11-04
C00442,Logan Varkey,53,Male,Naihati,Bihar,Student,143243.0,2026-03-29
C00443,Teerth Subramanian,23,Female,Chandrapur,Rajasthan,Government Employee,86492.0,2026-06-05
C00444,Dhruv Krishna,22,Female,Gaya,Madhya Pradesh,Teacher,110387.0,2024-01-28
C00445,Dipta Reddy,36,Male,Guwahati,West Bengal,Other,107167.0,2024-01-27
C00446,Vidhi Comar,29,Male,Rajahmundry,Assam,Government Employee,163134.0,2024-07-05
C00447,Mekhala Mishra,42,Male,Siliguri,Himachal Pradesh,Sales Executive,145444.0,2022-10-14
C00448,Theodore Dada,61,Male,Hapur,Andhra Pradesh,Business Owner,36541.0,2023-03-27
C00449,Arjun Vohra,50,Male,Imphal,Goa,Accountant,72845.0,2021-12-27
C00450,Ekani Gandhi,23,Male,Uluberia,Uttar Pradesh,Software Engineer,102731.0,2021-12-17
C00451,Zayan Sehgal,40,Female,Nanded,Jharkhand,Farmer,144098.0,2023-04-11
C00452,Krish Sehgal,37,Male,Ratlam,Bihar,Doctor,95002.0,2024-03-24
C00453,Rudra Cheema,43,Male,Mirzapur,Chhattisgarh,Government Employee,91622.0,2026-08-18
C00454,Oscar Kota,28,Female,Firozabad,Karnataka,Student,124863.0,2023-07-01
C00455,Megha Sankaran,49,Female,Thanjavur,Himachal Pradesh,Government Employee,68973.0,2024-03-26
C00456,Urishilla Dalal,52,Female,Aizawl,Bihar,Government Employee,156125.0,2022-08-07
C00457,Unnati Grover,38,Male,Vadodara,Telangana,Student,40690.0,2022-08-19
C00458,Jagvi Parikh,48,Male,Suryapet,Gujarat,Farmer,97009.0,2026-04-26
C00459,Gaurika Pall,41,Male,Jalandhar,Haryana,Teacher,105962.0,2025-05-06
C00460,Ucchal Lall,63,Female,Kadapa,Haryana,Accountant,136894.0,2023-10-06
C00461,Ekaraj Chander,59,Female,Dibrugarh,Nagaland,Business Owner,136367.0,2025-10-23
C00462,Faqid Agarwal,43,Female,Gandhidham,Sikkim,Software Engineer,112421.0,2025-07-13
C00463,Frederick Sathe,60,Female,Noida,Jharkhand,Accountant,187633.0,2023-08-12
C00464,Indali Kaur,24,Male,Kollam,Bihar,Student,115239.0,2022-04-02
C00465,Janya Malhotra,53,Male,Delhi,Tamil Nadu,Software Engineer,57428.0,2023-04-10
C00466,Noah Sur,59,Female,Panchkula,Sikkim,Software Engineer,53090.0,2026-02-04
C00467,Ikbal Kanda,25,Male,Rajahmundry,Karnataka,Government Employee,114935.0,2023-01-16
C00468,Hemani Dar,45,Male,Surendranagar Dudhrej,Uttar Pradesh,Other,60222.0,2022-02-11
C00469,Logan Magar,64,Female,Vasai-Virar,Punjab,Government Employee,117521.0,2026-03-09
C00470,Gayathri Ray,49,Male,Begusarai,Uttar Pradesh,Other,56095.0,2025-05-09
C00471,Pranav Vig,54,Female,Salem,Nagaland,Student,102414.0,2022-01-18
C00472,Brinda Taneja,62,Female,Jamshedpur,Jharkhand,Doctor,49739.0,2023-05-19
C00473,David Sama,22,Male,Delhi,Chhattisgarh,Sales Executive,155723.0,2025-05-08
C00474,Vincent Wali,45,Male,Bhilwara,Telangana,Accountant,88233.0,2025-03-13
C00475,Zansi Sarma,49,Male,Vellore,Meghalaya,Other,94862.0,2023-01-23
C00476,Triya Misra,65,Female,Ambala,Nagaland,Doctor,52148.0,2023-02-23
C00477,Charvi Bail,29,Male,Madanapalle,Chhattisgarh,Sales Executive,65260.0,2024-10-24
C00478,Victor Badal,49,Male,Jammu,Himachal Pradesh,Government Employee,195070.0,2023-02-19
C00479,Gunbir Zacharia,43,Male,Ludhiana,Telangana,Farmer,162126.0,2023-05-13
C00480,Dakshesh Kota,39,Female,Rajpur Sonarpur,Punjab,Business Owner,187169.0,2022-06-28
C00481,Lopa Keer,32,Female,Faridabad,Haryana,Farmer,78783.0,2026-03-05
C00482,Yagnesh Kari,28,Male,Barasat,Bihar,Business Owner,82058.0,2025-03-12
C00483,Girindra Puri,52,Male,Munger,Jharkhand,Government Employee,165233.0,2025-11-25
C00484,Bina Radhakrishnan,57,Female,Jamalpur,Andhra Pradesh,Sales Executive,164610.0,2024-07-09
C00485,Naksh Nagar,29,Male,Bhatpara,Goa,Teacher,101078.0,2021-11-02
C00486,Michael Dubey,46,Female,Amaravati,Gujarat,Farmer,127687.0,2026-03-17
C00487,Viraj Kamdar,47,Male,Bhilwara,Gujarat,Business Owner,103106.0,2026-02-13
C00488,Anamika Lanka,62,Male,Nanded,Assam,Sales Executive,142115.0,2022-09-13
C00489,Chakradev Bhandari,64,Female,Bilaspur,Sikkim,Business Owner,164520.0,2026-08-22
C00490,Mohammed Grover,61,Male,Kollam,Telangana,Business Owner,133408.0,2023-08-11
C00491,Owen De,53,Male,Fatehpur,Sikkim,Teacher,155817.0,2022-11-03
C00492,Ucchal Soni,30,Female,Jalgaon,Jharkhand,Business Owner,62458.0,2025-01-25
C00493,Balveer Sarraf,41,Male,Patiala,Himachal Pradesh,Government Employee,156025.0,2024-01-14
C00494,David Barman,39,Male,Katni,Haryana,Accountant,71459.0,2023-04-25
C00495,Kabir Maharaj,61,Female,Pimpri-Chinchwad,Chhattisgarh,Business Owner,183845.0,2022-10-17
C00496,Zinal Chand,40,Male,Panchkula,Madhya Pradesh,Farmer,188031.0,2025-05-15
C00497,William Batra,31,Male,Dewas,Gujarat,Business Owner,192682.0,2026-03-29
C00498,Anita Bhatnagar,60,Female,Rajkot,Arunachal Pradesh,Other,30798.0,2023-11-20
C00499,Azad Sridhar,22,Male,Vasai-Virar,Arunachal Pradesh,Software Engineer,188153.0,2025-10-29
C00500,Niharika Morar,57,Female,Ahmednagar,Tamil Nadu,Doctor,169982.0,2022-06-01
C00501,Owen Solanki,47,Male,Etawah,Madhya Pradesh,Sales Executive,184407.0,2022-05-30
C00502,Barkha Behl,55,Female,Ichalkaranji,Himachal Pradesh,Accountant,146601.0,2026-01-07
C00503,Bina Rao,36,Female,Satara,Mizoram,Accountant,138893.0,2023-07-14
C00504,Aarna Chauhan,25,Male,Jhansi,Karnataka,Business Owner,135239.0,2021-09-22
C00505,Radha Brar,47,Female,Mangalore,Manipur,Sales Executive,73483.0,2024-03-05
C00506,Zaid Oak,42,Male,Surendranagar Dudhrej,Chhattisgarh,Government Employee,103706.0,2023-10-14
C00507,Zaitra Dua,43,Female,Darbhanga,Haryana,Business Owner,117134.0,2022-02-19
C00508,Ladli Tara,53,Male,Khandwa,Uttar Pradesh,Government Employee,83370.0,2022-11-17
C00509,Gaurika Saini,50,Male,Berhampore,Telangana,Accountant,137858.0,2025-03-22
C00510,Meera Modi,36,Male,Farrukhabad,Meghalaya,Teacher,33265.0,2023-01-03
C00511,Vedant Bedi,39,Female,Guwahati,Andhra Pradesh,Other,129611.0,2023-06-06
C00512,Udant Kapoor,36,Male,Amroha,Maharashtra,Government Employee,171437.0,2024-07-16
C00513,Aachal Mohanty,41,Male,Visakhapatnam,Meghalaya,Business Owner,150617.0,2024-05-31
C00514,Chakrika Hans,53,Female,Akola,Rajasthan,Sales Executive,100882.0,2025-03-21
C00515,Qarin Bajaj,52,Male,Dewas,Kerala,Teacher,123086.0,2024-09-23
C00516,Mahika Salvi,53,Female,Bathinda,Bihar,Doctor,76398.0,2025-04-08
C00517,Manbir Ratti,58,Female,Dibrugarh,Telangana,Software Engineer,33248.0,2021-11-28
C00518,Azaan Jhaveri,39,Female,Machilipatnam,Mizoram,Other,191510.0,2022-02-24
C00519,Krishna Dewan,64,Female,Rampur,Assam,Accountant,160690.0,2024-04-20
C00520,Nirja Rajan,21,Male,Bahraich,Haryana,Student,55110.0,2022-02-21
C00521,Tanmayi Dhawan,37,Female,Surendranagar Dudhrej,Arunachal Pradesh,Student,115928.0,2024-09-13
C00522,Aryan Raval,23,Female,Haridwar,Andhra Pradesh,Software Engineer,169495.0,2024-07-17
C00523,Lopa Arora,56,Male,Madanapalle,Punjab,Government Employee,165024.0,2022-02-22
C00524,Advika Agrawal,39,Male,Tezpur,Uttar Pradesh,Student,152187.0,2023-01-15
C00525,Jai Gera,49,Female,Yamunanagar,West Bengal,Other,198362.0,2025-02-24
C00526,Vivaan Ahuja,60,Male,Fatehpur,Goa,Business Owner,45344.0,2023-05-12
C00527,Forum Sathe,46,Female,Hubli–Dharwad,Gujarat,Government Employee,166232.0,2021-12-18
C00528,Jairaj Pandey,44,Male,Sagar,Mizoram,Doctor,177932.0,2022-08-22
C00529,Balhaar Rau,53,Female,Amritsar,Mizoram,Farmer,30552.0,2023-05-17
C00530,Tarak Jayaraman,23,Male,Meerut,Tamil Nadu,Business Owner,107304.0,2023-03-02
C00531,Urmi Pal,51,Female,Nagaon,Tamil Nadu,Business Owner,178927.0,2022-09-18
C00532,Nandini Kapoor,53,Male,Begusarai,Goa,Government Employee,180712.0,2022-11-28
C00533,Jagat Mittal,41,Male,Ulhasnagar,Madhya Pradesh,Student,181611.0,2024-11-12
C00534,Chandran Hora,40,Female,Gangtok,Bihar,Farmer,153618.0,2024-03-14
C00535,Samar Sidhu,55,Female,Silchar,Chhattisgarh,Other,98588.0,2022-11-14
C00536,Rajeshri Kala,51,Male,Panchkula,Assam,Government Employee,106832.0,2022-07-07
C00537,Udarsh Ranganathan,64,Male,Sri Ganganagar,Himachal Pradesh,Student,173014.0,2025-11-16
C00538,Balendra Memon,40,Male,Bhusawal,Kerala,Other,144410.0,2025-03-15
C00539,Balveer Amble,37,Male,Pondicherry,Haryana,Software Engineer,172967.0,2024-08-29
C00540,Yauvani Sha,51,Male,Danapur,Karnataka,Farmer,184895.0,2022-10-26
C00541,Mahika Bhatnagar,60,Female,Kulti,Himachal Pradesh,Business Owner,198448.0,2024-12-14
C00542,Kalpit Bhatnagar,36,Male,Delhi,Uttarakhand,Other,48808.0,2025-02-19
C00543,Vedant Mangal,33,Male,Chinsurah,Assam,Sales Executive,102232.0,2021-11-08
C00544,Arin Majumdar,47,Male,Ichalkaranji,Gujarat,Student,73448.0,2023-05-23
C00545,Mitesh Bhargava,47,Female,Kadapa,Gujarat,Software Engineer,56197.0,2025-02-15
C00546,Aadi Bhalla,54,Male,Nashik,Arunachal Pradesh,Farmer,105209.0,2023-07-19
C00547,Faris Sarkar,63,Female,Karaikudi,Uttarakhand,Farmer,118782.0,2021-09-26
C00548,Ladli Chaudhari,41,Male,Saharsa,Meghalaya,Sales Executive,159756.0,2024-07-31
C00549,Nidra Nayak,42,Female,Amritsar,Odisha,Accountant,179927.0,2026-04-25
C00550,Yashvi Krishna,51,Male,Mango,Kerala,Doctor,93139.0,2022-10-27
C00551,Omisha Sampath,56,Female,Kolkata,Manipur,Doctor,98017.0,2025-04-26
C00552,Akshay Sharaf,39,Male,Thiruvananthapuram,Haryana,Sales Executive,103110.0,2023-11-15
C00553,Arya Bawa,51,Female,Tiruppur,Gujarat,Farmer,91685.0,2024-07-03
C00554,Umang Dayal,39,Male,Mysore,Telangana,Other,197372.0,2023-02-19
C00555,Chaitanya Mall,55,Female,Nandyal,Gujarat,Student,110474.0,2026-03-20
C00556,Girindra Sura,30,Female,Bellary,Madhya Pradesh,Software Engineer,95400.0,2024-06-12
C00557,Manya Sawhney,26,Female,Vadodara,Kerala,Sales Executive,191959.0,2023-11-13
C00558,Ira Brar,37,Female,Bhilwara,Odisha,Doctor,72970.0,2022-01-08
C00559,Charan Vasa,55,Female,Burhanpur,Madhya Pradesh,Farmer,91203.0,2023-07-24
C00560,Aayush Bera,29,Male,Nizamabad,Kerala,Other,173834.0,2024-06-27
C00561,Jack Balay,36,Male,Bally,Jharkhand,Software Engineer,195592.0,2022-01-09
C00562,Rishi Sarma,54,Male,Tumkur,Uttarakhand,Doctor,33760.0,2023-05-13
C00563,Xalak Keer,27,Female,Hapur,Tripura,Government Employee,143837.0,2022-04-17
C00564,Gauri Boase,27,Male,Saharsa,Odisha,Software Engineer,164271.0,2023-05-21
C00565,Brinda Reddy,31,Female,Chandigarh,Kerala,Sales Executive,145160.0,2022-12-02
C00566,Vansha Raju,62,Male,Berhampore,Jharkhand,Accountant,104192.0,2026-02-03
C00567,Varsha Golla,39,Male,Bhavnagar,Himachal Pradesh,Teacher,190996.0,2025-10-01
C00568,Gaurangi Shetty,57,Male,Panchkula,West Bengal,Farmer,29777.0,2025-05-03
C00569,Yashawini Kamdar,32,Female,Nagaon,Meghalaya,Business Owner,29526.0,2021-12-05
C00570,Akshay Vyas,46,Female,Loni,Andhra Pradesh,Business Owner,95882.0,2024-04-25
C00571,Anvi Zacharia,23,Male,Dindigul,Telangana,Accountant,168887.0,2023-09-25
C00572,Aradhana Sen,59,Male,Tirunelveli,Telangana,Government Employee,94596.0,2025-11-01
C00573,Amruta Kohli,50,Female,Ulhasnagar,Haryana,Business Owner,152176.0,2022-09-02
C00574,Ishanvi Mukherjee,50,Female,Kulti,Tamil Nadu,Doctor,49529.0,2024-12-26
C00575,Vidhi Ahuja,42,Male,Begusarai,Madhya Pradesh,Sales Executive,189944.0,2023-01-05
C00576,Yashawini Rastogi,37,Male,Bilaspur,Karnataka,Software Engineer,108371.0,2026-06-02
C00577,Libni Zacharia,39,Male,Berhampur,Telangana,Business Owner,180158.0,2022-12-25
C00578,Jagrati Zacharia,61,Female,Muzaffarpur,Punjab,Student,155077.0,2025-05-22
C00579,Patrick Loke,41,Male,Gulbarga,Andhra Pradesh,Student,195441.0,2024-08-25
C00580,Charita Sibal,27,Male,Noida,Telangana,Business Owner,145161.0,2023-09-08
C00581,Utkarsh Balakrishnan,41,Male,Bellary,Manipur,Software Engineer,88363.0,2022-09-04
C00582,Vansha Salvi,45,Male,Shahjahanpur,West Bengal,Sales Executive,89990.0,2025-07-23
C00583,Jai Chaudhary,42,Female,Jabalpur,West Bengal,Other,170176.0,2025-12-06
C00584,Keya Nayar,21,Female,Amritsar,Gujarat,Government Employee,81945.0,2021-12-22
C00585,Ishanvi Contractor,24,Male,Arrah,Karnataka,Sales Executive,100427.0,2022-08-12
C00586,Raagini Sood,31,Female,Gudivada,Haryana,Farmer,101521.0,2026-05-10
C00587,Devansh Loyal,65,Male,Raiganj,Gujarat,Accountant,116349.0,2023-08-30
C00588,Siya Peri,60,Male,Pune,Gujarat,Doctor,55014.0,2025-12-25
C00589,Mohini Ramesh,51,Male,Vadodara,Uttar Pradesh,Sales Executive,178790.0,2026-03-05
C00590,Vincent Hari,44,Female,Raebareli,Chhattisgarh,Farmer,143424.0,2021-09-30
C00591,Dhruv Chandran,55,Male,Maheshtala,Haryana,Doctor,198347.0,2024-04-04
C00592,Veda Sandal,59,Male,Guntakal,Goa,Farmer,137112.0,2025-04-01
C00593,Riya Walia,54,Female,Madurai,Maharashtra,Teacher,167893.0,2024-09-28
C00594,Chandran Bava,28,Male,Bhiwani,Goa,Farmer,152510.0,2025-09-18
C00595,Arjun Borah,33,Male,Imphal,Telangana,Business Owner,106014.0,2022-08-07
C00596,Nitesh Chauhan,54,Female,Saharsa,Kerala,Teacher,198335.0,2023-10-23
C00597,Samesh Nagy,34,Female,Erode,Punjab,Teacher,153791.0,2023-06-06
C00598,Rishi Munshi,49,Male,Bellary,Uttarakhand,Sales Executive,54588.0,2025-05-26
C00599,Eta Doctor,53,Female,Nagercoil,Kerala,Sales Executive,167825.0,2021-09-16
C00600,Saumya Din,24,Female,Giridih,Jharkhand,Accountant,25706.0,2022-01-28
C00601,Dayita Nagy,46,Female,Mehsana,Tamil Nadu,Software Engineer,77121.0,2026-03-02
C00602,Indira Murthy,58,Male,Naihati,Mizoram,Software Engineer,131069.0,2026-07-12
C00603,Gaurang Kuruvilla,43,Male,Bijapur,Chhattisgarh,Farmer,35795.0,2022-06-08
C00604,Aayush Contractor,25,Female,Bhimavaram,Bihar,Software Engineer,95259.0,2021-12-28
C00605,Eiravati Jayaraman,47,Male,Aurangabad,Andhra Pradesh,Business Owner,188171.0,2023-09-25
C00606,William Deo,62,Female,Khammam,Maharashtra,Government Employee,120264.0,2024-03-23
C00607,Banjeet Majumdar,49,Female,Agra,Karnataka,Student,41037.0,2024-05-23
C00608,Anita Kapadia,64,Male,Ghaziabad,Kerala,Government Employee,51098.0,2024-06-17
C00609,Sai Balasubramanian,32,Female,Darbhanga,Uttarakhand,Farmer,53383.0,2024-07-22
C00610,Gaurika Chaudry,35,Male,Bulandshahr,Madhya Pradesh,Software Engineer,98214.0,2026-07-28
C00611,Yagnesh Nigam,50,Female,Erode,Uttar Pradesh,Farmer,119425.0,2021-09-28
C00612,Lavanya Kale,35,Male,Siliguri,Uttarakhand,Sales Executive,110743.0,2025-05-03
C00613,Mahika Karpe,30,Female,Ahmedabad,Kerala,Doctor,49581.0,2025-12-04
C00614,Nidhi Nayak,23,Female,Mira-Bhayandar,Bihar,Other,24101.0,2026-04-20
C00615,Sai Gade,36,Male,Avadi,Rajasthan,Teacher,46449.0,2021-11-04
C00616,Meera Konda,59,Male,Kanpur,Tamil Nadu,Sales Executive,176705.0,2022-10-16
C00617,Idika Pai,64,Male,Vellore,Uttarakhand,Doctor,31596.0,2024-08-04
C00618,Tristan Mohanty,46,Female,Rajahmundry,Uttar Pradesh,Doctor,161494.0,2026-05-19
C00619,Vrinda Saraf,34,Male,Anantapur,Nagaland,Business Owner,152093.0,2022-10-25
C00620,Samesh Ganguly,39,Male,Gurgaon,Karnataka,Other,103598.0,2025-09-10
C00621,Wridesh Bose,57,Female,Sri Ganganagar,Madhya Pradesh,Doctor,99105.0,2023-01-14
C00622,William Ahluwalia,30,Male,Khammam,Jharkhand,Student,98774.0,2025-01-31
C00623,Tripti Ramesh,38,Male,Aizawl,Tripura,Farmer,175101.0,2025-12-16
C00624,Reva Kala,32,Female,Giridih,Mizoram,Farmer,149924.0,2022-05-28
C00625,Leela Lal,24,Female,North Dumdum,Kerala,Student,157484.0,2024-03-15
C00626,Jason Prabhakar,41,Female,Chennai,Punjab,Student,59116.0,2023-10-10
C00627,Amara Kalla,40,Female,Mysore,West Bengal,Business Owner,161014.0,2022-06-16
C00628,Champak Ramesh,51,Male,Purnia,Madhya Pradesh,Doctor,98836.0,2023-11-22
C00629,Ikshita Mitra,30,Female,Surendranagar Dudhrej,Kerala,Software Engineer,167426.0,2023-10-05
C00630,Darika Bava,47,Female,Ambala,Chhattisgarh,Farmer,158934.0,2024-05-25
C00631,Aryan Johal,29,Female,Mangalore,Maharashtra,Doctor,86845.0,2023-04-16
C00632,Advaith Dar,34,Female,Vijayanagaram,Chhattisgarh,Teacher,137908.0,2024-03-25
C00633,Sanaya Chand,44,Male,Malegaon,Gujarat,Farmer,69933.0,2024-02-22
C00634,Ishani Dass,24,Female,Anantapuram,Tripura,Student,196599.0,2022-01-15
C00635,Krish Goyal,59,Male,Ramgarh,Tripura,Teacher,69325.0,2023-08-20
C00636,Sanaya Venkataraman,58,Male,Jammu,Tripura,Sales Executive,74759.0,2025-05-16
C00637,Bhavna Bora,42,Female,Karnal,Manipur,Software Engineer,75524.0,2025-02-16
C00638,Daksha Kapoor,33,Male,Ghaziabad,Mizoram,Sales Executive,83594.0,2026-06-19
C00639,Daksha Nayar,65,Male,Bangalore,Gujarat,Student,82739.0,2026-08-02
C00640,Laban Joshi,56,Female,Madurai,Arunachal Pradesh,Accountant,119788.0,2022-04-12
C00641,Tanay Kuruvilla,50,Female,Tumkur,Jharkhand,Accountant,88566.0,2022-04-13
C00642,Neelima Sur,44,Female,Bhatpara,Odisha,Sales Executive,45849.0,2023-02-05
C00643,Neelima Barad,51,Female,Raichur,Haryana,Doctor,117178.0,2021-11-09
C00644,Aashi Tailor,41,Female,Guntur,Odisha,Software Engineer,167462.0,2024-07-20
C00645,Abhiram Mand,35,Male,Bhagalpur,Meghalaya,Software Engineer,88360.0,2024-10-18
C00646,Anya Natarajan,56,Female,Mysore,Meghalaya,Accountant,59953.0,2024-05-08
C00647,Sudiksha Mani,33,Female,Nagercoil,Bihar,Doctor,119572.0,2022-08-27
C00648,Chanchal Tak,57,Male,Gorakhpur,Bihar,Sales Executive,164347.0,2022-04-18
C00649,Pallavi Nayar,62,Female,Jorhat,Madhya Pradesh,Accountant,148089.0,2024-04-27
C00650,Sathvik Rattan,62,Female,Tiruvottiyur,Uttar Pradesh,Sales Executive,64101.0,2026-04-27
C00651,Tanvi Naidu,43,Male,Naihati,Haryana,Business Owner,163273.0,2024-10-17
C00652,Inaya Rastogi,52,Male,Kota,Maharashtra,Farmer,188246.0,2023-10-11
C00653,Veer Sandhu,24,Male,North Dumdum,Tamil Nadu,Teacher,195168.0,2024-09-04
C00654,Daksh Natt,24,Male,Ambala,Sikkim,Student,56042.0,2024-02-06
C00655,Aarnav Cheema,61,Male,Khora ,Arunachal Pradesh,Teacher,59591.0,2024-03-20
C00656,Ansh Peri,21,Male,Vadodara,Andhra Pradesh,Farmer,139540.0,2025-05-13
C00657,Gautam Khurana,44,Male,Purnia,Chhattisgarh,Other,187176.0,2026-08-19
C00658,Turvi Kala,63,Female,Sonipat,Tamil Nadu,Sales Executive,24123.0,2021-11-25
C00659,Aishani Mitter,21,Female,Nandyal,Rajasthan,Software Engineer,24384.0,2026-04-13
C00660,Indali Shukla,54,Female,Bharatpur,Chhattisgarh,Farmer,95153.0,2025-12-24
C00661,Reva Pai,22,Female,Ichalkaranji,Tripura,Business Owner,48053.0,2026-07-29
C00662,Adweta Walla,27,Male,Ghaziabad,Punjab,Doctor,70313.0,2021-11-29
C00663,Nidra Mishra,60,Female,Thane,Goa,Government Employee,90077.0,2023-11-03
C00664,Dhruv Sinha,46,Male,Bellary,Himachal Pradesh,Government Employee,126437.0,2024-10-05
C00665,Vaishnavi Saini,50,Male,Morbi,Rajasthan,Doctor,98636.0,2022-12-26
C00666,Kamala Sengupta,64,Male,Vasai-Virar,Himachal Pradesh,Software Engineer,44510.0,2023-01-13
C00667,Sai Ray,46,Female,Deoghar,Uttarakhand,Student,164887.0,2023-04-21
C00668,Chandresh Gour,51,Male,Noida,Meghalaya,Software Engineer,64927.0,2021-10-21
C00669,Elijah Chahal,26,Female,Dibrugarh,Meghalaya,Student,189058.0,2024-04-19
C00670,Vidhi Pathak,42,Male,Jalna,Assam,Farmer,31154.0,2026-07-22
C00671,Omkaar Devi,35,Male,Purnia,Andhra Pradesh,Other,144649.0,2022-12-30
C00672,Ekta Parmer,38,Male,Sri Ganganagar,Goa,Teacher,199418.0,2024-02-05
C00673,Zinal Bhavsar,38,Male,Shivpuri,Kerala,Business Owner,102440.0,2025-10-13
C00674,Upadhriti Dara,22,Male,Fatehpur,Uttar Pradesh,Other,57798.0,2026-02-24
C00675,Jai Goda,46,Male,Surendranagar Dudhrej,Uttarakhand,Accountant,62585.0,2022-04-25
C00676,Yachana Sibal,57,Male,Tenali,Meghalaya,Other,122015.0,2026-05-05
C00677,Brijesh Dey,64,Female,Noida,Gujarat,Student,56687.0,2022-01-10
C00678,Abha Wagle,65,Male,Pudukkottai,Maharashtra,Farmer,110664.0,2023-11-26
C00679,Yashasvi Dhar,24,Male,Dharmavaram,Maharashtra,Student,80855.0,2025-03-05
C00680,Udant Hari,25,Female,Bikaner,Manipur,Other,180921.0,2026-07-19
C00681,Harrison Nori,59,Female,Phusro,Rajasthan,Government Employee,27766.0,2021-10-16
C00682,Wahab Bhagat,61,Female,Tumkur,Punjab,Sales Executive,148608.0,2024-09-26
C00683,Warinder Konda,35,Female,Motihari,Haryana,Farmer,118415.0,2026-06-11
C00684,Varenya Pillay,48,Male,Ichalkaranji,Rajasthan,Other,193191.0,2023-08-15
C00685,Yahvi Ratti,45,Male,Kishanganj,Haryana,Other,97431.0,2025-08-01
C00686,Nidra Kalita,36,Male,Bhavnagar,Bihar,Teacher,90247.0,2024-10-19
C00687,Pranav Contractor,30,Female,Tinsukia,Himachal Pradesh,Business Owner,122137.0,2022-03-09
C00688,Vasatika Krishna,41,Female,Hosur,Chhattisgarh,Teacher,43991.0,2025-11-03
C00689,Aditya Mallick,21,Female,Jhansi,Maharashtra,Sales Executive,114350.0,2024-09-23
C00690,Saanvi Oak,38,Male,Karnal,Karnataka,Business Owner,42884.0,2025-08-21
C00691,Onkar Prabhu,32,Female,Ghaziabad,Meghalaya,Sales Executive,166010.0,2026-08-10
C00692,Isha Rao,56,Female,Dibrugarh,Punjab,Teacher,26884.0,2022-04-17
C00693,Vedhika Acharya,26,Female,Karawal Nagar,Assam,Farmer,44396.0,2026-03-17
C00694,Vamakshi Kashyap,59,Female,Srikakulam,Rajasthan,Student,23235.0,2024-01-01
C00695,Chatura Patla,39,Female,Gorakhpur,Mizoram,Student,42203.0,2025-07-04
C00696,Qarin Kade,56,Male,Hindupur,Gujarat,Other,156604.0,2021-09-22
C00697,Naveen Pillai,31,Female,Katni,Punjab,Business Owner,56396.0,2022-08-08
C00698,Dhruv Dhillon,38,Female,Amravati,Maharashtra,Accountant,149269.0,2024-03-31
C00699,Isha Chatterjee,30,Male,Anand,Assam,Business Owner,133947.0,2025-09-29
C00700,Robert Bhardwaj,38,Female,Chandrapur,Odisha,Accountant,146938.0,2022-05-10
C00701,Frederick Sen,25,Female,Machilipatnam,Jharkhand,Accountant,84642.0,2023-09-19
C00702,Adweta Bobal,61,Female,Ramagundam,Uttar Pradesh,Other,181656.0,2026-04-19
C00703,Isaac Sundaram,33,Female,Tiruchirappalli,Nagaland,Teacher,55517.0,2024-02-17
C00704,Falak Choudhary,40,Male,Coimbatore,Kerala,Student,107088.0,2022-04-03
C00705,Alka Bawa,60,Female,Avadi,Bihar,Government Employee,135401.0,2025-12-28
C00706,Shravya Bhavsar,42,Female,Kolkata,Bihar,Other,55684.0,2023-12-14
C00707,Ojas Kapur,40,Female,Madanapalle,Haryana,Other,72652.0,2023-02-28
C00708,Aarush Dutt,51,Female,Ghaziabad,Himachal Pradesh,Business Owner,124396.0,2023-10-09
C00709,Warjas Karpe,41,Female,Nellore,Punjab,Sales Executive,170963.0,2023-03-22
C00710,Brijesh Narain,36,Female,Bihar Sharif,Bihar,Student,93479.0,2025-11-22
C00711,Gavin Gara,46,Female,Amroha,Sikkim,Teacher,167810.0,2021-11-27
C00712,Urvashi Wagle,33,Male,Sambalpur,Chhattisgarh,Farmer,27055.0,2025-07-30
C00713,Maanav D’Alia,50,Male,Karimnagar,Goa,Sales Executive,96370.0,2022-05-09
C00714,Tripti Chaudhuri,65,Male,Bhusawal,Goa,Student,196417.0,2021-12-22
C00715,Vrishti Ahuja,52,Male,Latur,Gujarat,Accountant,83444.0,2022-04-27
C00716,Onveer Gour,37,Male,Etawah,Mizoram,Student,118825.0,2023-04-27
C00717,Wriddhish Kothari,25,Female,Tiruvottiyur,Madhya Pradesh,Other,145628.0,2022-11-14
C00718,Dhriti Dhaliwal,58,Female,Bathinda,Haryana,Farmer,152805.0,2022-03-04
C00719,Fiyaz Narayan,65,Female,Guntakal,Rajasthan,Farmer,29637.0,2025-04-02
C00720,Zarna Raman,44,Male,South Dumdum,Chhattisgarh,Teacher,85072.0,2024-02-27
C00721,Andrew Master,63,Female,Panihati,Andhra Pradesh,Business Owner,189607.0,2022-04-30
C00722,Sachi Sule,60,Male,Imphal,Chhattisgarh,Other,189091.0,2023-12-24
C00723,Janya Desai,64,Female,Latur,Kerala,Government Employee,132841.0,2023-09-07
C00724,Aashi Subramaniam,27,Male,Kumbakonam,Rajasthan,Teacher,87826.0,2025-09-07
C00725,Aayush Tank,35,Male,Tenali,Arunachal Pradesh,Sales Executive,118073.0,2022-10-20
C00726,Jackson Badami,46,Female,Thiruvananthapuram,Madhya Pradesh,Other,151194.0,2023-01-21
C00727,Tanay Nadkarni,30,Female,Bettiah,Andhra Pradesh,Software Engineer,146555.0,2022-04-14
C00728,Sanya Upadhyay,27,Female,Bhilai,West Bengal,Student,42506.0,2024-02-06
C00729,Yutika Badami,28,Male,Kolhapur,Himachal Pradesh,Government Employee,101760.0,2025-07-29
C00730,Advaith Lad,42,Female,Panihati,Mizoram,Doctor,156607.0,2023-05-15
C00731,Advaith Natt,51,Female,Ujjain,Assam,Sales Executive,45591.0,2025-02-16
C00732,Yochana Pall,49,Female,Solapur,Maharashtra,Government Employee,37609.0,2026-09-09
C00733,Nilima Talwar,40,Male,Mysore,Tamil Nadu,Teacher,25920.0,2022-05-03
C00734,Vedhika Dutta,42,Male,Aurangabad,Arunachal Pradesh,Business Owner,83940.0,2023-12-14
C00735,Pushti Aggarwal,54,Male,Proddatur,Karnataka,Farmer,61978.0,2024-10-27
C00736,Lipika Memon,42,Female,Kulti,Telangana,Sales Executive,80779.0,2023-04-13
C00737,Bhavna Choudhury,46,Male,Ambattur,Sikkim,Business Owner,187897.0,2026-07-27
C00738,Aachal Rao,63,Female,Jaunpur,Madhya Pradesh,Student,27652.0,2021-12-05
C00739,Vrinda Halder,60,Male,Ambarnath,Assam,Sales Executive,175242.0,2024-12-27
C00740,Bhavna Munshi,48,Female,Ramgarh,Mizoram,Software Engineer,76307.0,2025-08-12
C00741,Yoshita Atwal,34,Female,Chandrapur,Arunachal Pradesh,Teacher,171348.0,2022-06-03
C00742,Jhalak Upadhyay,27,Male,Moradabad,Manipur,Government Employee,105454.0,2024-10-16
C00743,Sathvik Madan,33,Female,Mathura,Chhattisgarh,Teacher,88774.0,2025-04-04
C00744,Aayush Bath,63,Female,Kulti,Uttarakhand,Farmer,187538.0,2022-12-02
C00745,Bishakha Kar,41,Female,Korba,Maharashtra,Other,122903.0,2022-04-20
C00746,Waida Varughese,58,Male,Ambarnath,Chhattisgarh,Government Employee,112270.0,2023-09-29
C00747,Amara Muni,50,Male,Bihar Sharif,Himachal Pradesh,Accountant,181083.0,2025-05-31
C00748,Rudra Dutt,58,Male,Dhule,Telangana,Business Owner,102099.0,2026-05-02
C00749,Falan Buch,28,Male,Tadepalligudem,Maharashtra,Accountant,50657.0,2023-05-26
C00750,Michael Grewal,32,Female,Kishanganj,Uttar Pradesh,Business Owner,153909.0,2026-08-11
C00751,Ijaya Bhagat,45,Female,Aurangabad,Tamil Nadu,Other,56141.0,2026-08-25
C00752,Girish Pau,57,Female,Noida,Meghalaya,Student,68694.0,2021-11-16
C00753,Isha Rajan,52,Male,Jamshedpur,Kerala,Farmer,63742.0,2025-11-29
C00754,Manthan Patil,52,Female,Rourkela,Uttarakhand,Business Owner,69046.0,2023-02-03
C00755,Wishi Radhakrishnan,41,Female,Vasai-Virar,Sikkim,Other,34053.0,2024-05-17
C00756,Tanveer Deep,43,Male,Ongole,Rajasthan,Sales Executive,55791.0,2024-03-25
C00757,Henry Hayre,33,Female,Kalyan-Dombivli,West Bengal,Farmer,152497.0,2025-01-24
C00758,Dakshesh Varma,62,Female,Thoothukudi,Uttarakhand,Student,199489.0,2025-04-13
C00759,Arunima Oak,52,Female,Ulhasnagar,Mizoram,Sales Executive,148109.0,2022-10-28
C00760,Isaiah Bose,31,Male,Silchar,Uttar Pradesh,Other,28089.0,2026-05-28
C00761,Benjamin Oza,35,Female,Tirunelveli,Karnataka,Software Engineer,92051.0,2021-10-02
C00762,Hema Shan,35,Female,Rajpur Sonarpur,Bihar,Business Owner,139884.0,2023-12-29
C00763,Sarthak Krishna,57,Female,Bhimavaram,West Bengal,Farmer,153904.0,2023-03-12
C00764,Ojas Yogi,28,Male,Patiala,Maharashtra,Accountant,162372.0,2022-06-23
C00765,Harinakshi Balay,44,Male,Hapur,Sikkim,Sales Executive,163223.0,2025-11-16
C00766,Gaurav Nayak,34,Female,Khandwa,Uttar Pradesh,Teacher,191356.0,2025-08-26
C00767,Tanish Bahl,36,Female,Medininagar,Karnataka,Software Engineer,137894.0,2023-07-01
C00768,Harrison Pillay,37,Female,Jalandhar,Uttarakhand,Teacher,135099.0,2022-06-14
C00769,Suhani Kanda,28,Male,Dewas,Meghalaya,Doctor,174120.0,2024-08-22
C00770,Banjeet Khosla,65,Female,Surendranagar Dudhrej,Andhra Pradesh,Other,185877.0,2023-12-20
C00771,Daniel Pathak,48,Male,Tadepalligudem,Madhya Pradesh,Other,56499.0,2024-07-25
C00772,Bhanumati Palan,34,Male,Sonipat,Mizoram,Software Engineer,169441.0,2025-01-10
C00773,Luke Varkey,43,Female,Secunderabad,Assam,Other,161234.0,2024-04-15
C00774,Garima Dani,31,Female,Korba,Gujarat,Accountant,95846.0,2024-02-14
C00775,Charan Tara,57,Female,Bhavnagar,Gujarat,Farmer,198074.0,2025-05-03
C00776,Anthony Luthra,27,Male,Srikakulam,Arunachal Pradesh,Student,35541.0,2023-01-19
C00777,Chakradhar Sodhi,38,Male,Noida,Bihar,Business Owner,85451.0,2023-09-17
C00778,Chandran Sanghvi,30,Female,Giridih,Karnataka,Doctor,197270.0,2022-11-16
C00779,Jai Raja,46,Female,Thanjavur,West Bengal,Business Owner,171368.0,2022-10-09
C00780,Falan Gour,61,Female,Uluberia,Punjab,Student,118349.0,2022-05-27
C00781,Zarna Soman,49,Male,Guna,Bihar,Teacher,125604.0,2026-02-02
C00782,Kashish Keer,53,Female,Jaunpur,Himachal Pradesh,Government Employee,139195.0,2022-01-29
C00783,Urishilla Walla,52,Female,Kumbakonam,West Bengal,Other,20648.0,2023-08-19
C00784,Hitesh Biswas,26,Female,Patiala,Uttar Pradesh,Government Employee,36601.0,2026-01-13
C00785,Ucchal Buch,55,Female,Ludhiana,Telangana,Doctor,132628.0,2022-01-01
C00786,Yug Chada,34,Female,Jorhat,Kerala,Accountant,104637.0,2025-08-14
C00787,Bachittar Minhas,39,Female,Bhimavaram,Odisha,Farmer,171501.0,2024-05-02
C00788,Luke Mistry,29,Female,Silchar,Uttar Pradesh,Government Employee,198926.0,2022-07-04
C00789,Darika Ghosh,24,Male,Kozhikode,Uttarakhand,Teacher,184149.0,2024-08-26
C00790,Nisha Ganesan,50,Male,Jamnagar,Bihar,Teacher,61414.0,2024-01-27
C00791,Samaksh Kara,49,Female,Bhavnagar,Tripura,Software Engineer,132145.0,2025-05-20
C00792,Samarth Sinha,33,Male,Vasai-Virar,Sikkim,Accountant,61674.0,2023-02-20
C00793,Hemal Ramakrishnan,38,Male,Bhiwani,Uttar Pradesh,Government Employee,85638.0,2024-09-16
C00794,Gopal Nagy,26,Female,Chittoor,Tripura,Business Owner,33575.0,2025-07-14
C00795,Bahadurjit Nazareth,46,Female,Kharagpur,Himachal Pradesh,Doctor,132520.0,2023-09-21
C00796,Ekanta Gola,62,Male,Bihar Sharif,Meghalaya,Teacher,20284.0,2022-03-09
C00797,Neel Bhattacharyya,34,Female,Proddatur,Assam,Teacher,54786.0,2023-09-26
C00798,Darika Tripathi,58,Male,Amritsar,Manipur,Farmer,198253.0,2023-08-21
C00799,Adya Vala,49,Male,Surat,Karnataka,Software Engineer,110065.0,2022-10-29
C00800,Rachita Purohit,28,Female,Tadepalligudem,Punjab,Business Owner,145226.0,2021-10-31
C00801,Nathaniel Murty,25,Male,Jammu,West Bengal,Student,43417.0,2022-02-28
C00802,Fariq Narain,27,Male,Bathinda,Meghalaya,Government Employee,116354.0,2025-10-23
C00803,Vaishnavi Arora,40,Male,Rampur,Uttar Pradesh,Student,54903.0,2022-12-14
C00804,Chaitaly Sibal,62,Male,Kolhapur,Bihar,Teacher,159069.0,2026-01-22
C00805,Yoshita Jani,57,Male,Sonipat,Sikkim,Other,190398.0,2023-04-11
C00806,Aachal Mand,31,Female,Dewas,Goa,Government Employee,75851.0,2026-03-28
C00807,Vasudha Sha,61,Male,Siliguri,Himachal Pradesh,Student,181500.0,2025-07-13
C00808,Sathvik Bath,64,Female,Kochi,Jharkhand,Doctor,42724.0,2025-08-05
C00809,Patrick Chander,27,Male,Bardhaman,Odisha,Teacher,174553.0,2025-05-23
C00810,Vinaya Raval,45,Female,Agartala,Punjab,Student,102445.0,2025-04-09
C00811,Vanya Mohan,29,Male,Kollam,Madhya Pradesh,Accountant,188983.0,2024-06-27
C00812,Gavin Modi,26,Male,Raichur,Chhattisgarh,Farmer,177548.0,2021-11-15
C00813,Luke Dasgupta,59,Female,Ludhiana,Tamil Nadu,Software Engineer,192597.0,2022-05-11
C00814,Balhaar Mishra,40,Male,Visakhapatnam,Madhya Pradesh,Farmer,179102.0,2024-01-03
C00815,Vrinda Balan,53,Male,Pondicherry,Mizoram,Student,97474.0,2023-06-22
C00816,Nitesh Yohannan,62,Male,Kochi,Sikkim,Doctor,149731.0,2022-03-30
C00817,Netra Narula,45,Male,Unnao,Mizoram,Doctor,150962.0,2026-07-29
C00818,Zaid Sur,61,Male,Indore,Nagaland,Farmer,23163.0,2021-11-19
C00819,Sanaya Borra,44,Female,Ozhukarai,Uttarakhand,Business Owner,121407.0,2022-06-19
C00820,Rehaan Venkataraman,57,Female,Sultan Pur Majra,Madhya Pradesh,Government Employee,163224.0,2024-01-06
C00821,Utkarsh Patel,64,Male,Chandrapur,Punjab,Sales Executive,39134.0,2024-07-11
C00822,Alexander Bhavsar,22,Male,Bettiah,Tripura,Software Engineer,88730.0,2025-10-31
C00823,Qarin Saha,34,Male,Khandwa,Punjab,Software Engineer,124326.0,2024-05-07
C00824,Janaki Gara,53,Female,Kolhapur,Arunachal Pradesh,Farmer,128903.0,2021-11-27
C00825,Krish Pathak,48,Female,Raiganj,Odisha,Teacher,187913.0,2024-07-08
C00826,Lila Ranganathan,55,Male,Gandhidham,Gujarat,Accountant,41914.0,2026-04-12
C00827,Udarsh Dyal,40,Male,Thrissur,Punjab,Farmer,73267.0,2022-06-14
C00828,Dev Ahluwalia,30,Female,Gandhinagar,Haryana,Student,173730.0,2022-06-27
C00829,Gaurang Lad,61,Male,Khora ,Mizoram,Accountant,134684.0,2023-08-02
C00830,Sudiksha Palla,36,Male,Indore,Uttarakhand,Doctor,42600.0,2022-12-06
C00831,Umang Kanda,48,Male,Purnia,Uttarakhand,Sales Executive,180509.0,2025-01-27
C00832,Anita Das,59,Male,Jaunpur,Tripura,Accountant,194608.0,2022-10-15
C00833,Daksha Srivastava,63,Male,New Delhi,Andhra Pradesh,Teacher,23320.0,2026-06-07
C00834,Banjeet Buch,29,Male,Karawal Nagar,Chhattisgarh,Business Owner,150131.0,2026-07-19
C00835,Gunbir Oak,43,Female,Suryapet,Karnataka,Business Owner,117483.0,2024-02-11
C00836,Oni Doshi,29,Female,Pune,Bihar,Teacher,27695.0,2022-07-24
C00837,Ishani Khalsa,42,Female,Bhavnagar,Arunachal Pradesh,Accountant,157325.0,2025-07-01
C00838,Samesh Tailor,25,Female,Kamarhati,Uttarakhand,Other,184503.0,2024-05-14
C00839,Gaurangi Lal,25,Female,Tenali,Bihar,Sales Executive,153898.0,2021-12-28
C00840,Zaitra Hans,44,Male,Giridih,Karnataka,Sales Executive,168605.0,2024-04-25
C00841,Kashish Bhat,31,Female,Alappuzha,Gujarat,Business Owner,86877.0,2022-10-25
C00842,Hemangini Rajagopal,27,Male,Dhanbad,Madhya Pradesh,Doctor,153385.0,2023-10-15
C00843,Vedant Saha,21,Male,Deoghar,Sikkim,Software Engineer,84107.0,2023-06-29
C00844,Patrick Dugal,23,Female,Mumbai,Goa,Government Employee,120395.0,2021-12-13
C00845,Veda Kapur,30,Male,Dibrugarh,Haryana,Software Engineer,164930.0,2023-01-13
C00846,Balhaar Chokshi,62,Female,Thrissur,Tripura,Doctor,104358.0,2023-08-10
C00847,Wakeeta Batra,36,Female,Maheshtala,Uttar Pradesh,Government Employee,91108.0,2023-05-08
C00848,Daniel Sur,25,Female,Arrah,Andhra Pradesh,Teacher,151607.0,2023-06-25
C00849,Priya Cheema,64,Male,Begusarai,Haryana,Business Owner,78506.0,2026-04-29
C00850,Lajita Toor,54,Male,Jalna,Bihar,Student,38068.0,2024-07-07
C00851,Netra Saxena,50,Female,Berhampur,Manipur,Accountant,105799.0,2022-06-27
C00852,Prisha Goswami,26,Female,Vadodara,Maharashtra,Software Engineer,116709.0,2025-08-13
C00853,Warda Salvi,33,Female,Kavali,Tamil Nadu,Other,99668.0,2024-09-05
C00854,Bhavya Nayar,60,Male,Etawah,Bihar,Sales Executive,116540.0,2021-10-15
C00855,Forum Bhatti,58,Female,Tezpur,Chhattisgarh,Doctor,163277.0,2026-07-18
C00856,Zehaan Wable,36,Male,Barasat,Manipur,Software Engineer,127488.0,2024-08-01
C00857,Nakul Johal,22,Male,Pali,Jharkhand,Farmer,110812.0,2023-04-16
C00858,Isaac Bala,61,Male,Gurgaon,Nagaland,Government Employee,20383.0,2025-05-02
C00859,Falak Sharma,63,Female,Hazaribagh,Manipur,Accountant,47249.0,2024-12-08
C00860,Balhaar Bhatnagar,34,Male,Navi Mumbai,Karnataka,Student,148982.0,2025-05-01
C00861,Christopher Mody,24,Male,South Dumdum,Arunachal Pradesh,Accountant,44386.0,2024-05-13
C00862,Dhriti Sule,23,Male,Bhusawal,Mizoram,Farmer,128280.0,2024-02-20
C00863,Warjas Bandi,65,Female,Bahraich,Himachal Pradesh,Sales Executive,42256.0,2023-09-15
C00864,Arjun Bava,58,Male,Kottayam,Gujarat,Farmer,54999.0,2022-05-27
C00865,Harita Panchal,61,Female,Vijayanagaram,Tripura,Teacher,175161.0,2025-12-18
C00866,Rushil Bains,57,Male,Chittoor,Himachal Pradesh,Student,193655.0,2026-08-29
C00867,Unnati Dada,29,Male,Hazaribagh,Goa,Accountant,88417.0,2022-10-31
C00868,Yasti Manda,41,Female,Jalna,Nagaland,Government Employee,103376.0,2023-07-07
C00869,Meghana Sawhney,49,Female,Kakinada,Gujarat,Doctor,39578.0,2022-03-04
C00870,Raghav Shah,33,Male,Kottayam,Nagaland,Other,48566.0,2023-11-14
C00871,Banjeet Ram,30,Male,Sangli-Miraj & Kupwad,Haryana,Business Owner,137851.0,2025-10-20
C00872,Hemang Mani,50,Female,Durgapur,Maharashtra,Student,51650.0,2026-01-23
C00873,Teerth Nagar,55,Female,Udupi,Jharkhand,Doctor,138467.0,2022-09-02
C00874,Veda Aurora,40,Female,Phusro,Mizoram,Accountant,51434.0,2023-04-02
C00875,Devansh Soni,26,Male,Kavali,Uttarakhand,Accountant,178152.0,2022-07-31
C00876,Chaitaly Buch,23,Male,Motihari,Kerala,Government Employee,58882.0,2026-02-22
C00877,Baghyawati Kumar,26,Male,Vasai-Virar,Gujarat,Government Employee,123873.0,2025-05-22
C00878,Varenya Master,53,Male,Gangtok,Jharkhand,Accountant,88201.0,2023-01-22
C00879,Mekhala Seth,32,Male,Tadipatri,Manipur,Student,138541.0,2023-04-29
C00880,Bhavini Deshpande,56,Male,Karaikudi,Tamil Nadu,Teacher,141121.0,2022-12-18
C00881,Raagini Aurora,27,Male,Maheshtala,Bihar,Teacher,23134.0,2026-01-08
C00882,Janani Mandal,24,Male,Bellary,Kerala,Business Owner,71939.0,2024-04-09
C00883,David Mitter,46,Female,Guna,Himachal Pradesh,Teacher,172652.0,2026-02-02
C00884,Rishi Saraf,58,Female,Sikar,Maharashtra,Teacher,25714.0,2023-03-07
C00885,Ekalinga Memon,25,Male,Nellore,Assam,Sales Executive,53761.0,2024-06-18
C00886,Shivansh Bhatia,26,Female,Medininagar,Telangana,Teacher,31192.0,2022-01-17
C00887,Kavya Thaker,50,Male,Vadodara,Uttarakhand,Business Owner,170440.0,2024-08-05
C00888,Ganga Mangal,48,Female,Chittoor,Karnataka,Sales Executive,27728.0,2025-10-27
C00889,Ridhi Oza,45,Female,Guna,Telangana,Business Owner,112784.0,2023-08-29
C00890,Charan Sur,34,Male,Panipat,Maharashtra,Accountant,93362.0,2021-10-29
C00891,Ekansh Bahri,49,Male,Aurangabad,Manipur,Software Engineer,180984.0,2023-07-22
C00892,Neel Krishnan,60,Male,Chittoor,Haryana,Accountant,150781.0,2023-07-05
C00893,Dalaja Salvi,47,Female,Jalandhar,Uttar Pradesh,Software Engineer,42995.0,2024-09-01
C00894,Viraj Rajagopal,38,Female,Kakinada,Karnataka,Business Owner,129899.0,2021-11-26
C00895,Dhriti Gulati,33,Male,Machilipatnam,West Bengal,Farmer,25119.0,2026-01-18
C00896,Yutika Khalsa,45,Female,Tiruppur,Uttarakhand,Sales Executive,162742.0,2023-04-09
C00897,Falan Hayer,52,Female,Gaya,West Bengal,Other,151699.0,2025-03-14
C00898,Neelima Bora,41,Female,Nanded,Odisha,Accountant,67137.0,2026-09-03
C00899,Ishita Anand,22,Female,Thrissur,Assam,Other,77414.0,2024-04-26
C00900,Hritik Pal,22,Female,Ramgarh,Andhra Pradesh,Software Engineer,143649.0,2023-10-08
C00901,Raagini Murty,54,Female,Ramagundam,Haryana,Other,81017.0,2023-01-05
C00902,Hemal Mannan,31,Male,Dhule,Mizoram,Doctor,192193.0,2021-12-02
C00903,Fiyaz Sachar,36,Female,Baranagar,Andhra Pradesh,Farmer,34656.0,2024-02-07
C00904,Inaya Narang,35,Female,Dindigul,Himachal Pradesh,Government Employee,65537.0,2024-05-15
C00905,Onveer Khare,32,Male,Thoothukudi,West Bengal,Other,103362.0,2026-05-24
C00906,Vasudha Halder,65,Female,Ludhiana,Manipur,Other,27394.0,2026-05-02
C00907,Chanakya Chana,65,Female,Amravati,Arunachal Pradesh,Other,167746.0,2025-09-17
C00908,Aarush Srinivasan,30,Male,Bhiwani,Haryana,Sales Executive,162114.0,2025-11-22
C00909,Ronith Dasgupta,40,Male,Jamnagar,Arunachal Pradesh,Sales Executive,29951.0,2022-06-25
C00910,Hemang Saini,26,Male,Kozhikode,Haryana,Doctor,177722.0,2023-08-29
C00911,Samesh Baria,35,Male,Tadepalligudem,Haryana,Farmer,145301.0,2022-06-11
C00912,Fariq Swamy,21,Female,Suryapet,West Bengal,Other,72812.0,2025-07-11
C00913,Bachittar Chandran,29,Female,Guwahati,Bihar,Business Owner,104826.0,2024-09-29
C00914,Vinaya Mitter,24,Male,Alappuzha,Tamil Nadu,Business Owner,173776.0,2025-07-20
C00915,Vidhi Murthy,30,Male,Bhiwani,Manipur,Farmer,115653.0,2023-08-25
C00916,Banjeet Modi,25,Female,Ichalkaranji,Arunachal Pradesh,Student,173620.0,2023-09-26
C00917,Vidhi Menon,27,Female,Kakinada,West Bengal,Accountant,104568.0,2023-02-04
C00918,Chaaya Kumer,29,Male,Panipat,Arunachal Pradesh,Student,187579.0,2023-07-05
C00919,Benjamin Parmer,52,Female,Bhatpara,Kerala,Business Owner,167318.0,2024-09-08
C00920,Ekanta Bawa,65,Female,Begusarai,Assam,Doctor,194465.0,2025-06-04
C00921,Champak Prakash,58,Male,Kalyan-Dombivli,Mizoram,Student,100431.0,2026-05-15
C00922,Sanaya Agate,65,Female,Proddatur,Bihar,Business Owner,66585.0,2023-01-21
C00923,Zinal Mitter,21,Female,Akola,Odisha,Other,28488.0,2025-04-25
C00924,Hiral Choudhury,32,Female,Panipat,Jharkhand,Other,77906.0,2026-04-17
C00925,Bhavini Jhaveri,61,Male,Ratlam,Manipur,Sales Executive,56868.0,2023-09-28
C00926,Michael Sharma,42,Male,Deoghar,Punjab,Doctor,110914.0,2023-07-30
C00927,Arya Pandit,41,Male,Shimoga,Manipur,Teacher,195642.0,2021-09-16
C00928,Dayamai Bobal,61,Female,Amaravati,Goa,Sales Executive,22987.0,2024-11-26
C00929,Vinaya Balasubramanian,37,Male,Alwar,Sikkim,Doctor,37771.0,2026-06-19
C00930,Dipta Ganesh,43,Female,Vasai-Virar,Haryana,Teacher,20335.0,2021-11-22
C00931,Chakradhar Raja,24,Female,Karnal,Sikkim,Sales Executive,130009.0,2026-01-20
C00932,Riya Misra,31,Female,Mysore,Tripura,Sales Executive,119277.0,2026-01-31
C00933,Ikshita Walla,43,Female,Ratlam,Meghalaya,Teacher,145695.0,2021-11-11
C00934,Ijaya Tara,57,Male,Satara,Meghalaya,Business Owner,138302.0,2023-02-13
C00935,Sai Ram,25,Male,Moradabad,Mizoram,Accountant,25263.0,2023-05-28
C00936,Krishna Bora,41,Female,Ramgarh,Karnataka,Teacher,39451.0,2024-06-20
C00937,Sathvik Goswami,42,Male,Panvel,Jharkhand,Student,62180.0,2023-03-26
C00938,Pallavi Ahuja,25,Male,Jalna,Arunachal Pradesh,Government Employee,175721.0,2025-10-14
C00939,Udyati Narasimhan,60,Female,Ambarnath,Jharkhand,Software Engineer,133068.0,2026-04-26
C00940,Charles Acharya,62,Male,Latur,West Bengal,Other,133823.0,2023-10-14
C00941,Varsha Tailor,31,Male,Morena,Assam,Teacher,106794.0,2026-01-10
C00942,Tarak Madan,34,Male,Hazaribagh,Himachal Pradesh,Student,165257.0,2025-09-25
C00943,Ira Raghavan,55,Female,Katihar,Chhattisgarh,Accountant,97961.0,2022-08-07
C00944,Aditya Dutt,36,Male,Panihati,Uttarakhand,Software Engineer,122996.0,2024-06-20
C00945,Anthony Sahota,57,Female,Saharsa,Manipur,Business Owner,34288.0,2023-04-07
C00946,Yochana Sibal,44,Male,Jalandhar,Uttarakhand,Student,42971.0,2024-08-27
C00947,Jason Karpe,39,Female,Kavali,Tamil Nadu,Doctor,45424.0,2024-10-18
C00948,Abhimanyu Kapadia,22,Male,Kolkata,Andhra Pradesh,Business Owner,187297.0,2026-07-14
C00949,Harita Kibe,39,Male,Imphal,Haryana,Sales Executive,50279.0,2023-06-12
C00950,Yug Garde,40,Female,Ahmednagar,Chhattisgarh,Sales Executive,148213.0,2022-02-17
C00951,Omkaar Tak,63,Female,Firozabad,Chhattisgarh,Teacher,188261.0,2022-08-25
C00952,Ekaja Karpe,55,Female,Kollam,Odisha,Business Owner,117260.0,2025-01-25
C00953,Upasna Guha,45,Female,Raichur,Goa,Business Owner,136857.0,2023-01-10
C00954,Nikita Badal,23,Female,Jabalpur,Tripura,Sales Executive,141912.0,2023-09-16
C00955,Indali Ghose,37,Male,Kollam,Punjab,Accountant,167913.0,2025-08-15
C00956,Xalak Din,24,Male,Sonipat,Tamil Nadu,Teacher,42467.0,2024-08-28
C00957,Tarak Khurana,63,Female,Kottayam,West Bengal,Farmer,128524.0,2025-07-13
C00958,Darsh Shroff,58,Male,Davanagere,Meghalaya,Farmer,35986.0,2022-11-08
C00959,Hemani Deo,45,Female,Bhavnagar,Maharashtra,Farmer,144472.0,2023-05-13
C00960,Manya Baria,57,Male,Latur,Karnataka,Sales Executive,98342.0,2024-02-16
C00961,Zinal Shere,26,Female,Katihar,Tripura,Software Engineer,151622.0,2024-01-30
C00962,Radha Magar,57,Male,Mirzapur,Andhra Pradesh,Teacher,137713.0,2024-08-26
C00963,Christopher Iyengar,32,Male,Maheshtala,Arunachal Pradesh,Doctor,70521.0,2022-02-14
C00964,Lakshit Pathak,29,Male,Belgaum,Telangana,Student,40543.0,2022-02-11
C00965,Umang Jaggi,64,Female,Aurangabad,Karnataka,Doctor,184423.0,2022-11-13
C00966,Sneha Chander,30,Female,Dhule,Manipur,Government Employee,37566.0,2025-10-01
C00967,Kamya Vohra,26,Female,Kota,Meghalaya,Farmer,124164.0,2025-04-24
C00968,Advik Pandya,56,Female,Mangalore,Uttarakhand,Accountant,156233.0,2023-03-01
C00969,Omya Rastogi,50,Male,Ratlam,Kerala,Other,174029.0,2026-04-04
C00970,Meghana Wali,54,Female,Panvel,Madhya Pradesh,Teacher,128643.0,2024-07-21
C00971,Zashil Agarwal,30,Male,Kozhikode,Haryana,Other,174123.0,2022-01-18
C00972,Alka Doshi,58,Male,Kalyan-Dombivli,Odisha,Teacher,167504.0,2025-12-01
C00973,Neha Sandal,27,Female,Tirunelveli,Haryana,Farmer,110143.0,2024-12-05
C00974,Devika Morar,47,Female,Pimpri-Chinchwad,Karnataka,Student,191648.0,2023-02-12
C00975,Vrishti Nanda,52,Female,Aurangabad,Punjab,Software Engineer,65141.0,2022-11-15
C00976,Aradhana Sule,38,Female,Tadipatri,Jharkhand,Business Owner,182069.0,2023-07-29
C00977,Urishilla Varty,59,Female,Chandigarh,Tamil Nadu,Software Engineer,123754.0,2025-08-09
C00978,Ira Johal,42,Male,New Delhi,Madhya Pradesh,Software Engineer,144575.0,2022-04-19
C00979,Nikita Kalla,38,Female,Nangloi Jat,Arunachal Pradesh,Software Engineer,108569.0,2023-03-22
C00980,Yatan Tailor,40,Female,Bharatpur,Bihar,Accountant,148875.0,2022-02-20
C00981,Osha Prabhakar,65,Male,Aurangabad,Karnataka,Doctor,55228.0,2022-02-18
C00982,Hamsini Bhakta,40,Female,Ozhukarai,Tamil Nadu,Government Employee,90626.0,2023-06-10
C00983,Balvan Barad,47,Male,Kurnool,Arunachal Pradesh,Doctor,135793.0,2023-05-20
C00984,Charan Sandal,34,Female,Bhimavaram,Andhra Pradesh,Sales Executive,155397.0,2022-02-14
C00985,Yashasvi Yohannan,44,Male,Lucknow,Madhya Pradesh,Farmer,61673.0,2026-04-20
C00986,Aarush Chowdhury,25,Female,Gandhinagar,Uttar Pradesh,Farmer,125744.0,2025-09-23
C00987,Gopal Thaman,29,Male,Ranchi,Meghalaya,Business Owner,70531.0,2024-03-31
C00988,Darika Menon,33,Male,Mysore,Gujarat,Doctor,28669.0,2023-04-27
C00989,Ekaja Naidu,50,Male,Aurangabad,Tamil Nadu,Government Employee,72195.0,2025-05-30
C00990,Gaurika Chanda,38,Female,Dehri,Uttar Pradesh,Sales Executive,152415.0,2025-05-08
C00991,Mugdha Venkataraman,46,Male,Jhansi,Uttarakhand,Software Engineer,83422.0,2022-06-18
C00992,Ekansh Ratti,44,Female,Darbhanga,Bihar,Other,136943.0,2022-07-04
C00993,Ekaraj Sem,32,Female,Jaunpur,Andhra Pradesh,Other,164528.0,2026-06-18
C00994,Janani Varty,43,Female,Bhilwara,Himachal Pradesh,Business Owner,87806.0,2022-02-27
C00995,Yamini Chada,65,Male,Pallavaram,Meghalaya,Accountant,27195.0,2025-10-02
C00996,Niharika Sathe,45,Male,Nellore,Arunachal Pradesh,Business Owner,170014.0,2024-01-25
C00997,Falan Dani,34,Male,Uluberia,Uttarakhand,Doctor,197653.0,2022-04-17
C00998,Aarush Madan,34,Female,Muzaffarnagar,Himachal Pradesh,Student,154553.0,2022-01-12
C00999,Manthan Randhawa,22,Male,Dibrugarh,Chhattisgarh,Sales Executive,54685.0,2021-09-23
C01000,Aryan Dara,62,Male,Danapur,Chhattisgarh,Other,22218.0,2023-02-18
C01001,Qushi Kumer,35,Female,Mau,Madhya Pradesh,Other,100074.0,2023-10-06
C01002,Orinder Comar,62,Female,Bally,Uttar Pradesh,Student,118690.0,2023-07-19
C01003,Jeremiah Balay,43,Female,Anand,Bihar,Accountant,77202.0,2025-12-01
C01004,Jackson Dutta,50,Female,Sirsa,Haryana,Farmer,183474.0,2024-03-29
C01005,Kashish Thakkar,46,Male,Hyderabad,Rajasthan,Software Engineer,154090.0,2025-04-10
C01006,Oviya Balasubramanian,63,Female,Madhyamgram,Nagaland,Farmer,189696.0,2025-03-13
C01007,Naveen Wadhwa,59,Female,Rajkot,Telangana,Accountant,199414.0,2021-11-22
C01008,Girish Sane,27,Female,Kottayam,Rajasthan,Teacher,108154.0,2025-09-30
C01009,Kalpit Raman,38,Female,Danapur,West Bengal,Accountant,88458.0,2025-11-16
C01010,Aarna Borah,62,Female,Dhule,Himachal Pradesh,Doctor,59303.0,2022-10-10
C01011,Xiti Gopal,54,Male,Kharagpur,Rajasthan,Software Engineer,177295.0,2024-05-02
C01012,Thomas Jhaveri,46,Female,Nizamabad,Rajasthan,Business Owner,26672.0,2025-09-18
C01013,Yashodhara Bawa,62,Female,Pimpri-Chinchwad,Chhattisgarh,Accountant,88007.0,2024-04-06
C01014,Aradhana Khare,47,Female,Katihar,Punjab,Student,29258.0,2024-09-09
C01015,Jeremiah Sami,58,Male,Patna,Madhya Pradesh,Government Employee,78291.0,2023-01-13
C01016,Maya Varghese,64,Female,Jammu,Tripura,Government Employee,152989.0,2025-12-19
C01017,Ekbal Mangal,40,Male,Gaya,Telangana,Farmer,67483.0,2023-09-06
C01018,Meera Nigam,39,Male,Gurgaon,Telangana,Sales Executive,53539.0,2022-09-26
C01019,Garima Virk,37,Male,Maheshtala,West Bengal,Government Employee,191556.0,2023-06-12
C01020,Yamini Chacko,26,Male,Kalyan-Dombivli,Himachal Pradesh,Government Employee,78544.0,2021-11-13
C01021,Vedant Sarna,40,Female,Naihati,Manipur,Government Employee,117434.0,2022-03-01
C01022,Vrishti Bhattacharyya,37,Female,New Delhi,Sikkim,Sales Executive,50875.0,2026-06-26
C01023,Madhavi Tiwari,51,Male,Belgaum,Madhya Pradesh,Other,172125.0,2022-08-25
C01024,Chaaya Balakrishnan,60,Male,Howrah,Meghalaya,Sales Executive,70998.0,2022-04-06
C01025,Ria Wable,53,Male,Cuttack,Manipur,Student,158893.0,2025-01-28
C01026,Ayushman Hegde,40,Female,Thrissur,Himachal Pradesh,Software Engineer,59525.0,2022-07-22
C01027,Owen Kara,29,Male,Amravati,Goa,Government Employee,127267.0,2023-05-03
C01028,Anthony Parsa,57,Female,Mirzapur,Nagaland,Business Owner,102938.0,2026-05-13
C01029,Nilima Saha,32,Male,Pali,Maharashtra,Sales Executive,107196.0,2023-12-01
C01030,Anya Aggarwal,61,Male,Chittoor,Odisha,Government Employee,186330.0,2024-07-21
C01031,Yashasvi Vohra,24,Male,Alappuzha,Meghalaya,Sales Executive,91703.0,2023-07-11
C01032,Ubika Gill,34,Male,Shivpuri,Assam,Other,61532.0,2025-10-08
C01033,Ria Sarkar,52,Male,Rewa,Kerala,Business Owner,181082.0,2024-08-04
C01034,Jatin Khosla,48,Female,Hajipur,Odisha,Student,132466.0,2024-10-06
C01035,Bhanumati Goyal,51,Female,Guna,Assam,Software Engineer,29889.0,2023-04-06
C01036,Damyanti Sunder,55,Male,Gopalpur,Odisha,Government Employee,23690.0,2023-04-28
C01037,Lavanya Bhargava,41,Male,Faridabad,Karnataka,Software Engineer,197405.0,2024-02-08
C01038,Upkaar Dar,21,Male,Patiala,Odisha,Doctor,110269.0,2022-09-01
C01039,Tanish Das,40,Male,Ahmedabad,Andhra Pradesh,Teacher,120545.0,2021-09-29
C01040,Ekansh Jayaraman,53,Female,Dewas,Bihar,Business Owner,37114.0,2025-11-21
C01041,Yadavi D’Alia,23,Female,Sirsa,Tripura,Accountant,139518.0,2023-07-24
C01042,Vedhika Brahmbhatt,54,Female,Udupi,Uttar Pradesh,Student,55072.0,2024-10-03
C01043,Ijaya Nagar,42,Female,Motihari,West Bengal,Government Employee,69394.0,2023-06-12
C01044,Advika Pradhan,31,Female,Shimoga,Rajasthan,Software Engineer,79878.0,2025-03-07
C01045,Christopher Tandon,35,Male,Ujjain,Mizoram,Doctor,25744.0,2022-07-25
C01046,Nidhi Sarma,58,Male,Phagwara,Maharashtra,Teacher,116099.0,2023-07-10
C01047,Neel Jaggi,62,Male,Thoothukudi,Manipur,Student,187856.0,2024-12-13
C01048,Rishi Arora,37,Male,Hajipur,Manipur,Other,32572.0,2026-01-25
C01049,Sai Kurian,63,Male,Hindupur,Tamil Nadu,Software Engineer,32644.0,2026-03-23
C01050,Gauri Rajan,65,Male,Ambala,Chhattisgarh,Student,136474.0,2023-01-22
C01051,Aarnav Kumar,45,Male,Kulti,Maharashtra,Farmer,86253.0,2026-05-31
C01052,Shaurya Peri,51,Male,Bokaro,Nagaland,Doctor,199762.0,2024-08-16
C01053,Ikbal Patil,61,Male,Hubli–Dharwad,Gujarat,Accountant,130328.0,2023-03-03
C01054,Michael Kamdar,63,Male,Narasaraopet,West Bengal,Farmer,90772.0,2024-09-23
C01055,Bakhshi Sastry,60,Male,Rourkela,Himachal Pradesh,Student,47502.0,2022-01-09
C01056,Ayushman Grover,53,Male,Phagwara,Karnataka,Accountant,49887.0,2022-01-11
C01057,Om Balan,27,Female,Narasaraopet,Sikkim,Doctor,179646.0,2026-05-19
C01058,Chakradhar Kaur,33,Female,Gandhinagar,Nagaland,Farmer,72867.0,2026-02-21
C01059,Meera Konda,43,Female,Jammu,Uttarakhand,Accountant,62040.0,2025-10-09
C01060,Pushti Shanker,23,Female,Ujjain,Sikkim,Doctor,146003.0,2023-04-14
C01061,Ansh Chand,42,Male,Varanasi,West Bengal,Software Engineer,23342.0,2023-02-09
C01062,Abhimanyu Amble,63,Male,Sangli-Miraj & Kupwad,Nagaland,Teacher,170510.0,2025-10-23
C01063,Pavani Devi,63,Female,Dehri,Rajasthan,Business Owner,43614.0,2024-03-24
C01064,Frado Tak,53,Male,Kharagpur,Tripura,Teacher,87080.0,2022-04-27
C01065,Vedant Bal,62,Male,Aizawl,Gujarat,Sales Executive,97600.0,2021-12-13
C01066,Chaaya Sinha,37,Female,Mysore,Chhattisgarh,Software Engineer,46164.0,2024-09-30
C01067,Maya Bhatti,32,Male,Buxar,Jharkhand,Accountant,114428.0,2026-01-15
C01068,Ishita Pau,64,Female,Amritsar,Goa,Student,50382.0,2022-06-28
C01069,Jackson Datta,27,Male,Gangtok,Tripura,Software Engineer,56279.0,2025-09-06
C01070,Abha Pai,63,Male,Patiala,Mizoram,Government Employee,113723.0,2022-10-08
C01071,Anvi Natt,49,Female,Raipur,Tamil Nadu,Teacher,117680.0,2025-11-20
C01072,Ishani Sarkar,42,Male,Kumbakonam,Jharkhand,Teacher,125061.0,2022-03-22
C01073,Qushi Deep,46,Female,Muzaffarpur,Gujarat,Accountant,121113.0,2023-09-27
C01074,Vritti Baral,65,Female,Akola,Madhya Pradesh,Student,190091.0,2021-11-04
C01075,Simon Chaudhari,31,Male,Aurangabad,Bihar,Business Owner,35373.0,2024-02-28
C01076,Maya Kibe,31,Male,Kishanganj,Arunachal Pradesh,Student,174861.0,2025-08-15
C01077,Shravya Sen,51,Female,Panihati,Uttarakhand,Business Owner,180254.0,2025-07-01
C01078,Chandani Chandran,45,Female,Danapur,Chhattisgarh,Other,27554.0,2022-01-18
C01079,Osha Goyal,64,Male,Aurangabad,Madhya Pradesh,Sales Executive,147958.0,2021-11-16
C01080,Falguni Kara,28,Female,Bikaner,Rajasthan,Sales Executive,32051.0,2025-05-08
C01081,Vasana Nagi,25,Female,Bhiwani,Tamil Nadu,Government Employee,23240.0,2026-07-24
C01082,Bhanumati Kala,64,Male,Chennai,Himachal Pradesh,Government Employee,156078.0,2025-09-07
C01083,Rishi Pandey,54,Male,Begusarai,Andhra Pradesh,Student,193464.0,2024-10-06
C01084,Vyanjana Saran,36,Female,Jhansi,Odisha,Government Employee,193987.0,2024-02-19
C01085,Mahika Chandran,64,Female,Amritsar,Karnataka,Business Owner,166366.0,2023-05-28
C01086,Dalaja Som,60,Male,Bareilly,Mizoram,Software Engineer,188663.0,2023-06-08
C01087,Xiti Natt,31,Female,Naihati,Odisha,Sales Executive,63359.0,2026-09-10
C01088,Ryan Sarma,25,Female,Deoghar,Gujarat,Government Employee,83148.0,2022-11-17
C01089,Advaith Warrior,42,Female,Vellore,Manipur,Software Engineer,152888.0,2026-01-08
C01090,Ekta Tailor,35,Female,Nangloi Jat,Goa,Student,81603.0,2023-07-07
C01091,Ansh Rege,26,Female,Silchar,Chhattisgarh,Sales Executive,170217.0,2025-12-31
C01092,Dhriti Narang,49,Male,Muzaffarnagar,Kerala,Sales Executive,137196.0,2022-07-27
C01093,Darsh Ray,41,Male,Mango,Uttar Pradesh,Sales Executive,191277.0,2024-03-20
C01094,Udyati Pradhan,22,Male,Ambala,Odisha,Student,128092.0,2025-09-30
C01095,Gautami Jaggi,23,Male,Ambarnath,Tamil Nadu,Teacher,178388.0,2026-02-18
C01096,Hredhaan Mittal,60,Female,Guwahati,Haryana,Farmer,167412.0,2024-01-08
C01097,Agastya Ramachandran,34,Female,Loni,Odisha,Government Employee,115248.0,2021-09-20
C01098,Falan Khosla,24,Male,Alwar,Arunachal Pradesh,Sales Executive,107024.0,2022-07-16
C01099,Hemal Raman,56,Female,Medininagar,Himachal Pradesh,Government Employee,138628.0,2022-04-16
C01100,Xalak Rajagopal,28,Male,Bhilai,West Bengal,Doctor,20575.0,2025-04-20
C01101,Aishani Modi,42,Female,Miryalaguda,Sikkim,Accountant,163573.0,2023-06-01
C01102,Kala Aggarwal,54,Female,Patna,Uttar Pradesh,Teacher,32000.0,2026-03-20
C01103,George Sampath,31,Female,Kulti,Odisha,Business Owner,127272.0,2021-12-03
C01104,Lucky Golla,27,Female,Barasat,Manipur,Other,71359.0,2023-10-14
C01105,Sara Nagy,33,Male,Kumbakonam,Nagaland,Student,76515.0,2022-07-15
C01106,Ekani Kohli,50,Male,Mysore,Uttar Pradesh,Government Employee,48250.0,2023-05-21
C01107,Upma Barad,47,Male,Bhusawal,Manipur,Other,52301.0,2024-07-04
C01108,Yashawini Morar,49,Female,Tirupati,West Bengal,Other,152172.0,2021-11-29
C01109,Ikshita Magar,29,Female,Buxar,Haryana,Software Engineer,159031.0,2021-12-14
C01110,Geetika Raju,24,Female,Bathinda,Jharkhand,Other,146597.0,2021-10-30
C01111,Zinal De,53,Male,Anantapuram,Karnataka,Other,65521.0,2024-08-16
C01112,Bimala Kumar,29,Male,Raurkela Industrial Township,Arunachal Pradesh,Student,192365.0,2021-09-22
C01113,Arin Kala,59,Female,Ludhiana,Karnataka,Farmer,120837.0,2023-05-05
C01114,Meghana Ram,47,Male,Khandwa,Uttarakhand,Accountant,124299.0,2026-06-21
C01115,Lekha Jayaraman,42,Female,Hindupur,Odisha,Sales Executive,54962.0,2025-04-15
C01116,Jhalak Madan,29,Female,Hospet,Kerala,Other,154294.0,2022-04-20
C01117,Veer Dewan,40,Female,Hubli–Dharwad,Manipur,Farmer,185827.0,2023-10-13
C01118,Ishanvi Narang,34,Male,Tadepalligudem,Sikkim,Doctor,183621.0,2024-10-29
C01119,Yahvi Cherian,39,Female,Madanapalle,Goa,Business Owner,190416.0,2023-06-12
C01120,Mitesh Narasimhan,32,Female,Tiruvottiyur,Meghalaya,Teacher,112337.0,2024-06-20
C01121,Bina Kala,56,Female,Anand,Uttarakhand,Other,169589.0,2024-01-14
C01122,Ishaan Narasimhan,63,Female,Coimbatore,Gujarat,Farmer,94954.0,2022-12-18
C01123,Omaja Sarma,48,Male,Bhagalpur,Uttar Pradesh,Farmer,47910.0,2025-05-28
C01124,Riya Jaggi,22,Female,Mirzapur,Bihar,Business Owner,33910.0,2023-07-30
C01125,Agastya Sunder,63,Male,Pimpri-Chinchwad,Assam,Doctor,89986.0,2023-04-08
C01126,Charles Chacko,31,Female,Srikakulam,Punjab,Accountant,58385.0,2024-01-19
C01127,Anusha Salvi,24,Female,Bidhannagar,Madhya Pradesh,Doctor,161865.0,2022-10-02
C01128,Bhavika Karnik,23,Female,Srinagar,Nagaland,Sales Executive,46864.0,2023-12-03
C01129,Nikita Sathe,60,Male,Pune,Nagaland,Farmer,121944.0,2026-04-03
C01130,Jason Bera,36,Female,Bikaner,Maharashtra,Software Engineer,120029.0,2024-01-24
C01131,Yatin Sarma,45,Female,Thoothukudi,Odisha,Government Employee,164736.0,2022-06-23
C01132,Isaac Prakash,24,Male,Muzaffarnagar,Jharkhand,Accountant,73238.0,2022-10-31
C01133,Faraj Varty,60,Female,Jalna,Himachal Pradesh,Doctor,186143.0,2024-05-15
C01134,Yachana Tata,62,Female,Rourkela,West Bengal,Other,163291.0,2023-02-06
C01135,Gayathri Sampath,59,Male,Mahbubnagar,Tripura,Doctor,97116.0,2026-04-14
C01136,Guneet Bahri,49,Male,Ratlam,Jharkhand,Teacher,69014.0,2021-11-13
C01137,Wridesh Minhas,32,Male,Aligarh,Jharkhand,Student,30652.0,2022-11-06
C01138,Hritik Kumer,48,Female,Kamarhati,Assam,Farmer,89268.0,2024-02-14
C01139,Anusha Krishnamurthy,29,Male,Alwar,Andhra Pradesh,Other,86850.0,2025-11-04
C01140,Amara Nori,21,Female,Ujjain,Maharashtra,Sales Executive,60581.0,2023-12-31
C01141,Oscar Bahl,23,Male,Burhanpur,Maharashtra,Government Employee,176468.0,2024-05-24
C01142,Hredhaan Kibe,24,Female,Bhalswa Jahangir Pur,Andhra Pradesh,Sales Executive,170123.0,2025-08-11
C01143,Suhani Bassi,56,Female,Jamshedpur,Jharkhand,Teacher,103324.0,2022-03-07
C01144,Rachana Karnik,54,Male,Tadepalligudem,Mizoram,Business Owner,156473.0,2022-05-19
C01145,Mason Mishra,25,Male,Jamshedpur,Rajasthan,Student,162365.0,2022-06-06
C01146,Ria Kari,55,Female,Farrukhabad,Gujarat,Teacher,111593.0,2026-08-20
C01147,Anvi Lal,35,Male,Farrukhabad,Gujarat,Government Employee,106787.0,2022-09-26
C01148,Rehaan Subramaniam,44,Female,Jodhpur,Chhattisgarh,Doctor,182078.0,2026-03-21
C01149,Henry Guha,54,Female,Arrah,Himachal Pradesh,Farmer,190210.0,2026-08-08
C01150,Ayaan Hegde,21,Male,Gulbarga,Uttar Pradesh,Government Employee,136828.0,2025-09-16
C01151,Diya Patla,36,Male,Tinsukia,Kerala,Software Engineer,198926.0,2024-04-07
C01152,Advaith Om,41,Female,Lucknow,Uttarakhand,Teacher,121155.0,2024-08-16
C01153,Samar Deshmukh,37,Female,Katni,Tripura,Software Engineer,155493.0,2022-09-12
C01154,Idika Minhas,44,Female,Baranagar,Rajasthan,Sales Executive,31495.0,2025-11-02
C01155,Krishna Barad,39,Male,Phagwara,Andhra Pradesh,Government Employee,154714.0,2026-03-07
C01156,Amrita Kurian,26,Male,Solapur,Mizoram,Business Owner,161026.0,2022-11-21
C01157,Anay Chaudhry,55,Male,Gandhinagar,Arunachal Pradesh,Teacher,75255.0,2024-11-02
C01158,Lavanya Mishra,63,Male,Bhimavaram,Chhattisgarh,Student,47243.0,2023-02-25
C01159,Benjamin Mahajan,34,Female,Pune,Arunachal Pradesh,Teacher,199842.0,2024-09-14
C01160,Dhruv Chand,30,Male,Vijayanagaram,Kerala,Sales Executive,106957.0,2025-11-08
C01161,Rachita Contractor,23,Male,Kishanganj,Manipur,Teacher,34226.0,2022-11-04
C01162,Nikita Sankar,32,Female,Kishanganj,Haryana,Farmer,38465.0,2023-12-13
C01163,Dhriti Agarwal,57,Male,Delhi,Telangana,Accountant,126858.0,2023-10-10
C01164,Peter Shan,45,Female,Kharagpur,Mizoram,Student,133514.0,2022-02-28
C01165,Darpan Sha,41,Male,Secunderabad,Gujarat,Student,196501.0,2022-11-19
C01166,Patrick Krishna,28,Male,Muzaffarnagar,Goa,Other,36577.0,2023-02-10
C01167,Jacob Bobal,58,Male,Ahmedabad,Madhya Pradesh,Teacher,113768.0,2022-04-27
C01168,Radhika Sethi,53,Male,Sikar,Kerala,Accountant,199798.0,2024-03-16
C01169,Kala Parekh,40,Male,Raurkela Industrial Township,Gujarat,Accountant,134734.0,2024-01-08
C01170,Ekavir Lala,45,Female,Durg,Tripura,Software Engineer,144253.0,2024-02-05
C01171,Kashvi Hayre,31,Male,Nizamabad,Mizoram,Business Owner,122496.0,2024-04-12
C01172,Aadhya Sur,55,Female,Suryapet,Maharashtra,Business Owner,98133.0,2026-06-18
C01173,Aarav Ghosh,64,Female,Adoni,Tamil Nadu,Software Engineer,165103.0,2026-01-01
C01174,Gunbir Bumb,56,Male,Madhyamgram,West Bengal,Teacher,30950.0,2023-10-16
C01175,Oni Parmar,21,Female,Erode,Andhra Pradesh,Farmer,163530.0,2022-08-06
C01176,Hiral Bobal,26,Female,North Dumdum,Tamil Nadu,Doctor,110138.0,2026-09-06
C01177,Ayushman Mahajan,34,Female,Nizamabad,Uttarakhand,Farmer,57343.0,2023-02-27
C01178,Hardik Bhalla,31,Male,Belgaum,Andhra Pradesh,Doctor,181712.0,2022-04-05
C01179,Vansha Sibal,37,Male,Begusarai,Madhya Pradesh,Teacher,67541.0,2021-12-12
C01180,Advika Mall,63,Male,Tenali,Odisha,Farmer,140917.0,2022-11-24
C01181,Baghyawati Wagle,62,Male,Madanapalle,West Bengal,Accountant,196078.0,2021-10-08
C01182,Ekanta Randhawa,25,Female,Ambattur,Andhra Pradesh,Teacher,71751.0,2023-06-30
C01183,Ekta Bhardwaj,58,Female,Nandyal,Maharashtra,Government Employee,113621.0,2022-05-10
C01184,Diya Salvi,29,Male,Buxar,Sikkim,Teacher,94746.0,2023-04-29
C01185,Chaitaly Lalla,60,Male,Mahbubnagar,Odisha,Doctor,103305.0,2026-06-27
C01186,Henry Rai,52,Female,Agartala,Andhra Pradesh,Government Employee,181570.0,2024-03-04
C01187,Chakrika Bhagat,63,Female,Avadi,Sikkim,Other,59949.0,2024-04-03
C01188,Dhriti Majumdar,57,Female,Berhampore,Maharashtra,Government Employee,132278.0,2025-07-16
C01189,Gayathri Kade,31,Male,Malda,Meghalaya,Government Employee,84533.0,2026-07-29
C01190,Charvi Balasubramanian,35,Female,Bathinda,Nagaland,Accountant,114237.0,2026-07-16
C01191,Wazir Baral,29,Female,Katihar,Rajasthan,Sales Executive,141332.0,2024-07-14
C01192,Anmol Sehgal,49,Female,Ambattur,Jharkhand,Accountant,147656.0,2025-12-15
C01193,Ayushman Gopal,56,Male,Sasaram,Kerala,Business Owner,189227.0,2021-10-11
C01194,Chanakya Chadha,59,Male,Raichur,Arunachal Pradesh,Accountant,56700.0,2024-02-14
C01195,Xiti Pandya,55,Male,Amaravati,Arunachal Pradesh,Accountant,184264.0,2022-02-03
C01196,Arin Khurana,25,Male,Sagar,Manipur,Software Engineer,152953.0,2025-03-05
C01197,Bina Mani,61,Male,Durg,Arunachal Pradesh,Other,171755.0,2025-02-14
C01198,Anamika Sharaf,46,Male,Thoothukudi,Haryana,Software Engineer,164597.0,2025-02-11
C01199,Nathan Jayaraman,37,Female,Tirunelveli,Rajasthan,Business Owner,115897.0,2024-11-13
C01200,Girik Pai,46,Male,Ramagundam,Jharkhand,Other,96283.0,2024-09-06
C01201,Leena Sanghvi,29,Female,Cuttack,Haryana,Farmer,153801.0,2021-11-15
C01202,Dev Chaudhuri,26,Female,Tinsukia,Tamil Nadu,Government Employee,151640.0,2025-08-25
C01203,Anita Wason,21,Male,Loni,Assam,Other,199348.0,2025-10-26
C01204,Isaac Prakash,31,Male,Cuttack,Himachal Pradesh,Sales Executive,61739.0,2023-06-01
C01205,Ayush Bhatia,32,Male,Kamarhati,Madhya Pradesh,Sales Executive,114056.0,2026-04-06
C01206,Viraj Puri,23,Male,Yamunanagar,Andhra Pradesh,Sales Executive,80751.0,2022-12-19
C01207,Warjas Dewan,25,Female,Pimpri-Chinchwad,Assam,Government Employee,81346.0,2023-01-16
C01208,Chaman Yohannan,23,Male,Gandhinagar,Sikkim,Farmer,114699.0,2023-11-01
C01209,Jyoti Nair,45,Female,Jalandhar,Maharashtra,Sales Executive,32173.0,2025-10-13
C01210,Zarna Tank,23,Female,Salem,Madhya Pradesh,Teacher,156674.0,2025-09-24
C01211,Balhaar Saini,61,Female,Indore,Tripura,Accountant,171684.0,2022-07-09
C01212,Adweta Narayanan,55,Male,Berhampore,Maharashtra,Student,191357.0,2025-10-17
C01213,Chanakya Deep,45,Female,Avadi,Meghalaya,Other,191268.0,2025-10-19
C01214,Osha Guha,25,Female,Kakinada,Uttar Pradesh,Student,78431.0,2026-06-19
C01215,Ishita Bhalla,54,Female,Bhind,Manipur,Government Employee,110448.0,2025-06-28
C01216,Shaurya Chawla,52,Female,Kolhapur,Jharkhand,Other,21729.0,2023-06-08
C01217,Banjeet Nayak,53,Male,Nagpur,Rajasthan,Sales Executive,63412.0,2022-08-30
C01218,Neha Mall,35,Male,Siliguri,Goa,Farmer,188683.0,2023-08-26
C01219,Maanav Minhas,38,Male,Uluberia,Arunachal Pradesh,Business Owner,68996.0,2024-11-03
C01220,Ronith Prabhu,31,Female,Panihati,Punjab,Other,51019.0,2026-09-12
C01221,Odika Narasimhan,63,Male,Allahabad,Andhra Pradesh,Student,106566.0,2025-07-01
C01222,Fiyaz Kant,28,Female,Ghaziabad,Tripura,Sales Executive,145572.0,2026-08-19
C01223,Max Krishnan,34,Male,Bharatpur,Kerala,Student,25884.0,2025-12-19
C01224,Urvashi Rana,36,Male,Kochi,Odisha,Business Owner,170336.0,2023-08-17
C01225,Imaran Chaudhary,58,Male,Hapur,Jharkhand,Business Owner,185030.0,2024-02-26
C01226,Alka Dugar,53,Male,Bhavnagar,Bihar,Other,58499.0,2025-09-28
C01227,Zayyan Comar,24,Male,Uluberia,Rajasthan,Accountant,67195.0,2023-07-07
C01228,Eesha Badal,54,Female,Thanjavur,Sikkim,Other,167745.0,2026-07-22
C01229,Omkaar Balan,61,Male,Raurkela Industrial Township,Himachal Pradesh,Accountant,42478.0,2023-06-14
C01230,Logan Kari,34,Female,Khandwa,Punjab,Other,143578.0,2023-01-06
C01231,Mahika Dash,51,Male,Jalandhar,Maharashtra,Doctor,127680.0,2024-03-19
C01232,Darika Kapur,59,Male,Bathinda,Haryana,Other,67679.0,2024-08-05
C01233,Ekaja Narayanan,60,Female,Kanpur,Maharashtra,Business Owner,199723.0,2024-10-21
C01234,Xalak Singh,42,Female,Farrukhabad,Arunachal Pradesh,Other,174821.0,2022-05-23
C01235,Matthew Goswami,25,Male,Durgapur,West Bengal,Student,121046.0,2022-04-18
C01236,Falak Ganesan,29,Male,Guna,Bihar,Software Engineer,73044.0,2022-07-04
C01237,Dominic Bail,54,Female,Bareilly,Goa,Business Owner,178731.0,2024-03-19
C01238,Madhav Barman,27,Male,Gwalior,Punjab,Sales Executive,181152.0,2021-10-26
C01239,Aahana Kaul,59,Male,Satna,West Bengal,Farmer,151944.0,2023-12-12
C01240,Jacob Zachariah,28,Male,Kavali,Meghalaya,Sales Executive,192855.0,2024-01-26
C01241,Luke Prakash,29,Male,Rewa,Punjab,Student,156850.0,2021-09-26
C01242,Yauvani Sarin,47,Female,Katihar,Himachal Pradesh,Software Engineer,158888.0,2022-11-09
C01243,Jack Sundaram,48,Male,Raiganj,Odisha,Sales Executive,119938.0,2024-08-08
C01244,Amruta Iyer,43,Male,Chittoor,Goa,Student,55096.0,2025-12-08
C01245,Vasudha Acharya,37,Female,Gurgaon,Manipur,Doctor,41972.0,2022-11-13
C01246,Alexander Soman,39,Female,Jamshedpur,Gujarat,Accountant,69550.0,2023-06-24
C01247,Vasana Ahuja,21,Male,Muzaffarnagar,Gujarat,Other,156980.0,2025-08-19
C01248,Praneel Bedi,28,Male,Udaipur,Gujarat,Student,191585.0,2025-11-01
C01249,Anjali Bajwa,34,Female,Bhusawal,Jharkhand,Student,114966.0,2024-06-10
C01250,Reyansh D’Alia,27,Male,Gudivada,Uttar Pradesh,Student,190806.0,2025-07-30
C01251,Manan Bail,58,Female,Khora ,Meghalaya,Accountant,160536.0,2025-10-03
C01252,Sathvik Anand,48,Female,Vellore,Chhattisgarh,Other,92236.0,2022-02-22
C01253,Bhavika Sagar,64,Female,Pali,Bihar,Doctor,128325.0,2022-01-18
C01254,Krish Parsa,56,Female,Jabalpur,Tamil Nadu,Business Owner,117049.0,2023-10-15
C01255,Xalak Oommen,56,Female,Dehri,Andhra Pradesh,Accountant,100387.0,2024-02-03
C01256,Triya Sarkar,57,Female,Uluberia,Gujarat,Student,56193.0,2022-02-01
C01257,Bhavya Kurian,63,Male,Eluru,Madhya Pradesh,Doctor,137072.0,2021-11-30
C01258,Hitesh Bhandari,65,Male,Ghaziabad,Uttarakhand,Teacher,76218.0,2025-06-11
C01259,Kiaan Mutti,53,Female,Gwalior,Mizoram,Government Employee,164330.0,2024-09-14
C01260,Vasatika Garg,60,Male,Etawah,Karnataka,Business Owner,122001.0,2026-09-09
C01261,Yachana Garg,61,Male,Thoothukudi,Madhya Pradesh,Teacher,58096.0,2026-09-08
C01262,Onveer Ghose,51,Female,Kanpur,Telangana,Teacher,36798.0,2022-10-27
C01263,Vinaya Agrawal,37,Male,Gandhidham,Assam,Government Employee,40981.0,2022-05-31
C01264,Bhavini Nagi,59,Male,Belgaum,Mizoram,Student,125026.0,2024-08-20
C01265,Hitesh Loke,60,Female,Dehradun,Uttarakhand,Other,35063.0,2026-01-03
C01266,Wishi Tripathi,32,Female,Hospet,Maharashtra,Sales Executive,22807.0,2023-06-14
C01267,Nimrat Dixit,33,Female,Shimla,Haryana,Doctor,28810.0,2021-10-13
C01268,Tristan Warrior,59,Male,Bhavnagar,Tamil Nadu,Other,64428.0,2023-04-22
C01269,Warjas Aggarwal,64,Male,Thrissur,Haryana,Government Employee,82719.0,2022-11-25
C01270,Jagat Sur,62,Male,Thrissur,Mizoram,Business Owner,42765.0,2022-04-18
C01271,Mitali Kunda,38,Female,Deoghar,Meghalaya,Government Employee,195547.0,2023-04-30
C01272,Qabil Gulati,46,Female,Hapur,Uttarakhand,Other,72510.0,2023-02-06
C01273,Triya Shan,54,Male,Patna,Gujarat,Teacher,43636.0,2022-11-29
C01274,Abha Chaudhari,56,Female,Barasat,Odisha,Farmer,172812.0,2023-02-12
C01275,Bahadurjit Kar,43,Female,Anantapuram,Chhattisgarh,Accountant,79322.0,2026-02-11
C01276,Leela Dey,59,Male,Durg,Mizoram,Sales Executive,125894.0,2024-10-26
C01277,Nidra Gupta,57,Male,Mangalore,West Bengal,Accountant,65884.0,2026-05-13
C01278,Meera Rout,47,Male,Ambala,Haryana,Farmer,38975.0,2025-02-16
C01279,Umang Randhawa,53,Female,Panihati,Gujarat,Government Employee,50673.0,2026-05-09
C01280,Agastya Hayer,53,Female,Raiganj,West Bengal,Farmer,170704.0,2025-04-25
C01281,Eesha Nath,37,Female,Chandigarh,Rajasthan,Student,167631.0,2025-09-01
C01282,Adweta Agrawal,51,Male,Panvel,Nagaland,Government Employee,140284.0,2022-12-31
C01283,Hitesh Barad,64,Female,Junagadh,Tripura,Other,27169.0,2022-06-15
C01284,Raagini Sodhi,51,Male,Parbhani,Arunachal Pradesh,Accountant,37708.0,2023-07-14
C01285,Ekansh Sheth,45,Male,Panvel,Manipur,Doctor,102766.0,2023-09-03
C01286,Aashi Kota,47,Female,Madanapalle,Karnataka,Farmer,160417.0,2026-04-04
C01287,Gagan Sarin,21,Female,Kadapa,Meghalaya,Doctor,95311.0,2024-06-04
C01288,Varenya Sarkar,26,Female,Panchkula,Arunachal Pradesh,Government Employee,39930.0,2022-10-20
C01289,Reyansh Seth,56,Male,Ulhasnagar,Bihar,Sales Executive,102279.0,2022-09-20
C01290,Devansh Kar,43,Male,Jaunpur,Uttar Pradesh,Other,90536.0,2024-10-05
C01291,Praneel Kaur,32,Male,Bhubaneswar,Meghalaya,Sales Executive,72341.0,2022-03-07
C01292,Girish Kaul,36,Male,Bidhannagar,Chhattisgarh,Accountant,74205.0,2025-02-10
C01293,Praneel Edwin,35,Male,Motihari,Andhra Pradesh,Doctor,182161.0,2025-03-09
C01294,Brinda Tak,43,Male,Jabalpur,Telangana,Teacher,51425.0,2024-12-30
C01295,Arunima Muni,26,Female,Sasaram,Sikkim,Other,21736.0,2022-03-05
C01296,William Sahota,55,Male,Patiala,Uttarakhand,Sales Executive,117306.0,2022-11-23
C01297,Ubika Sarna,60,Female,Rajpur Sonarpur,West Bengal,Sales Executive,170606.0,2022-08-09
C01298,Idika Varkey,38,Female,Ranchi,Mizoram,Business Owner,153990.0,2024-01-22
C01299,Amara Date,38,Female,Rohtak,Mizoram,Doctor,171169.0,2022-01-13
C01300,Yasti Jani,29,Male,Aligarh,Assam,Farmer,130933.0,2024-09-22
C01301,Chatresh Goel,51,Male,Shahjahanpur,Uttar Pradesh,Farmer,111039.0,2025-05-06
C01302,Yash Bhatnagar,46,Male,Firozabad,Bihar,Sales Executive,51553.0,2023-03-12
C01303,Chaitanya Goel,65,Female,Pali,Bihar,Government Employee,22206.0,2022-03-30
C01304,Vedhika Batta,21,Male,Saharsa,Mizoram,Student,172307.0,2025-04-01
C01305,Anjali Rajagopalan,27,Female,Serampore,Haryana,Government Employee,180636.0,2023-12-16
C01306,Sanaya Dhar,37,Male,Warangal,Haryana,Farmer,88904.0,2026-06-26
C01307,Qadim Ramakrishnan,36,Female,Lucknow,Odisha,Sales Executive,180716.0,2022-03-13
C01308,Tanvi Wadhwa,42,Female,Hyderabad,Nagaland,Business Owner,150749.0,2022-01-10
C01309,Nirja Srivastava,48,Male,Bhimavaram,Assam,Student,117598.0,2025-09-19
C01310,Ubika Raghavan,44,Female,Bardhaman,Karnataka,Accountant,138155.0,2022-10-05
C01311,Kai Mohanty,32,Male,Yamunanagar,Telangana,Other,199833.0,2021-10-01
C01312,Farhan Savant,35,Male,Karaikudi,Punjab,Accountant,81814.0,2025-11-26
C01313,Yutika Narayan,56,Female,North Dumdum,Kerala,Student,71396.0,2023-10-31
C01314,Omisha Sachar,30,Male,Nadiad,Madhya Pradesh,Sales Executive,22553.0,2025-02-16
C01315,Vinaya Dutt,32,Female,Aurangabad,Bihar,Sales Executive,55250.0,2023-04-13
C01316,Arin Shetty,61,Female,Saharanpur,Bihar,Sales Executive,98652.0,2024-06-11
C01317,Reva Patil,37,Male,Hazaribagh,Chhattisgarh,Student,45945.0,2025-03-21
C01318,Sanya Jaggi,65,Male,Deoghar,Telangana,Software Engineer,76483.0,2026-02-05
C01319,Charvi Chander,37,Female,Bareilly,Chhattisgarh,Teacher,137926.0,2026-05-19
C01320,Agastya Gala,42,Female,Ratlam,Jharkhand,Government Employee,114452.0,2022-11-26
C01321,Lopa Ramakrishnan,56,Female,Meerut,Chhattisgarh,Government Employee,25199.0,2026-08-11
C01322,Lopa Sane,47,Male,Eluru,Manipur,Government Employee,198149.0,2023-01-02
C01323,Ishaan Gandhi,59,Male,Dehri,Telangana,Other,170967.0,2024-11-12
C01324,Rushil Narula,62,Male,Farrukhabad,Uttarakhand,Accountant,113089.0,2022-11-21
C01325,Udant Mane,41,Female,Vasai-Virar,Assam,Sales Executive,40554.0,2024-06-02
C01326,Yashoda Wali,45,Female,Pallavaram,Rajasthan,Sales Executive,185599.0,2026-08-11
C01327,Watika Ganguly,30,Male,Thane,Uttar Pradesh,Government Employee,130576.0,2022-12-08
C01328,Vamakshi Varkey,61,Female,Amroha,Bihar,Teacher,40738.0,2026-04-29
C01329,Anvi Bhatia,31,Female,Maheshtala,Punjab,Doctor,102177.0,2022-04-28
C01330,Laksh Gera,41,Female,Deoghar,Rajasthan,Accountant,178698.0,2023-12-28
C01331,Pooja Sha,62,Female,Jaunpur,Telangana,Accountant,136627.0,2022-08-19
C01332,Girik Johal,44,Female,Sangli-Miraj & Kupwad,Bihar,Student,63861.0,2026-06-02
C01333,Peter Sem,32,Male,Jhansi,Nagaland,Business Owner,81506.0,2024-06-28
C01334,Orinder Gill,63,Female,Surendranagar Dudhrej,Karnataka,Teacher,75200.0,2024-08-13
C01335,Indrajit Chacko,31,Female,Dharmavaram,Madhya Pradesh,Teacher,45048.0,2022-04-08
C01336,Gaurav Tella,25,Female,Karimnagar,Jharkhand,Farmer,34110.0,2022-01-24
C01337,Aarna Kaur,22,Female,Hospet,Odisha,Farmer,41823.0,2025-07-10
C01338,Ria Wali,27,Female,Ambarnath,Odisha,Other,60704.0,2024-10-31
C01339,Vaishnavi Banik,26,Female,Coimbatore,Maharashtra,Accountant,80124.0,2021-12-28
C01340,Kashish Chowdhury,36,Female,Giridih,Jharkhand,Sales Executive,184228.0,2026-01-04
C01341,Gaurika Mammen,29,Male,Coimbatore,Chhattisgarh,Farmer,64723.0,2025-07-10
C01342,David Chawla,22,Male,Firozabad,Manipur,Government Employee,105249.0,2022-06-11
C01343,Adweta Bhasin,51,Female,Visakhapatnam,Assam,Farmer,91411.0,2025-04-02
C01344,Rohan Viswanathan,56,Female,Mahbubnagar,Kerala,Business Owner,161371.0,2025-08-18
C01345,Wakeeta Mukherjee,32,Female,Navi Mumbai,Goa,Other,134026.0,2023-04-18
C01346,Vivaan Chaudry,54,Female,Ozhukarai,Assam,Government Employee,146262.0,2021-10-15
C01347,Zarna Chatterjee,55,Male,Pondicherry,Andhra Pradesh,Teacher,135831.0,2024-11-09
C01348,Neel Sule,40,Female,Tiruchirappalli,Jharkhand,Student,88106.0,2025-11-22
C01349,Adweta Mukhopadhyay,30,Female,Morena,Assam,Software Engineer,20024.0,2025-09-26
C01350,Dhriti Sawhney,54,Male,Gangtok,Uttarakhand,Government Employee,95173.0,2024-09-30
C01351,Alka Pal,51,Male,Hazaribagh,Karnataka,Sales Executive,145060.0,2022-11-14
C01352,Rishi Bora,40,Male,Noida,Madhya Pradesh,Student,96787.0,2022-11-26
C01353,Nidhi Mangal,59,Male,Bhagalpur,Chhattisgarh,Software Engineer,163710.0,2024-04-07
C01354,Saanvi Raj,44,Male,Sambhal,Assam,Student,166945.0,2024-09-05
C01355,Amaira Rattan,48,Female,Sagar,Punjab,Doctor,62800.0,2023-10-27
C01356,Niharika Kara,62,Female,Gurgaon,Uttar Pradesh,Student,77826.0,2025-06-15
C01357,Radhika Gala,37,Male,Jaunpur,Sikkim,Student,183924.0,2025-04-07
C01358,Yuvraj Kurian,36,Female,Tirunelveli,Kerala,Accountant,189989.0,2022-04-17
C01359,Sathvik Yadav,55,Female,Surendranagar Dudhrej,Manipur,Student,69283.0,2022-11-11
C01360,Wishi Gera,25,Male,Warangal,Arunachal Pradesh,Business Owner,95915.0,2025-03-08
C01361,Lucky Barad,28,Female,Shimla,Himachal Pradesh,Other,138690.0,2025-06-09
C01362,Jeevika Gade,38,Female,Gwalior,Mizoram,Doctor,104054.0,2021-12-08
C01363,Atharv More,22,Male,Adoni,Punjab,Software Engineer,160239.0,2022-04-23
C01364,Teerth Sura,22,Male,Ambarnath,Goa,Teacher,93954.0,2022-06-20
C01365,Rishi Kar,38,Male,Meerut,Uttar Pradesh,Sales Executive,22150.0,2022-10-29
C01366,Pallavi Vohra,35,Male,Katihar,Odisha,Business Owner,23860.0,2022-12-16
C01367,Ubika Chandran,52,Male,Deoghar,Nagaland,Government Employee,130164.0,2022-08-20
C01368,Watika Narula,40,Female,Mysore,Jharkhand,Government Employee,141552.0,2021-12-31
C01369,Xavier Solanki,65,Male,Kottayam,Nagaland,Government Employee,41030.0,2022-07-12
C01370,Frado Bora,30,Male,Bhind,Jharkhand,Accountant,122871.0,2025-12-31
C01371,Barkha Gopal,25,Female,Chandigarh,Arunachal Pradesh,Business Owner,70382.0,2024-12-30
C01372,Bimala Padmanabhan,37,Female,Shimla,Uttar Pradesh,Software Engineer,51971.0,2023-04-14
C01373,Advik Pillai,36,Female,Anand,Manipur,Sales Executive,84792.0,2022-09-17
C01374,Isaiah Lala,23,Male,Surat,Kerala,Sales Executive,44631.0,2024-11-28
C01375,Girik Kannan,54,Male,Kozhikode,Nagaland,Sales Executive,122006.0,2022-03-28
C01376,Niharika Mittal,64,Female,Rampur,Chhattisgarh,Government Employee,61579.0,2024-10-07
C01377,Darika Ghosh,61,Male,Sasaram,Rajasthan,Farmer,156557.0,2022-03-24
C01378,Fitan Randhawa,28,Female,Naihati,Manipur,Sales Executive,187384.0,2022-03-08
C01379,Lucky Dada,40,Male,Muzaffarpur,Manipur,Government Employee,33654.0,2025-01-29
C01380,Qarin Rana,63,Male,Kochi,Kerala,Teacher,81857.0,2024-06-23
C01381,Yashodhara Dhillon,61,Female,Burhanpur,Himachal Pradesh,Government Employee,23949.0,2026-07-29
C01382,Bhavna Bassi,31,Female,Raiganj,Maharashtra,Other,51365.0,2026-05-01
C01383,Gautami Ahuja,46,Male,Mahbubnagar,Punjab,Software Engineer,31008.0,2025-09-25
C01384,Jasmit Sane,58,Female,Vijayanagaram,Nagaland,Other,60630.0,2024-01-24
C01385,Luke Varghese,44,Male,Bellary,Tripura,Doctor,61339.0,2025-12-13
C01386,Charvi Padmanabhan,52,Male,Adoni,Chhattisgarh,Other,108715.0,2022-04-08
C01387,Aryan Chhabra,61,Male,Bellary,Karnataka,Software Engineer,113196.0,2022-11-02
C01388,Ekanta Goswami,62,Male,Bangalore,Meghalaya,Farmer,48152.0,2023-09-22
C01389,Daniel Kant,29,Female,Guna,Madhya Pradesh,Doctor,103031.0,2026-01-27
C01390,Zaid Rout,56,Female,Davanagere,Sikkim,Sales Executive,70584.0,2026-05-01
C01391,Udarsh Gera,22,Female,Ichalkaranji,Bihar,Government Employee,55319.0,2026-08-05
C01392,Ganga Lata,37,Male,Shimla,Maharashtra,Sales Executive,134688.0,2026-07-02
C01393,Hemang Nagar,56,Female,Vellore,Meghalaya,Farmer,148474.0,2024-04-23
C01394,Raghav Konda,33,Male,Bardhaman,Chhattisgarh,Farmer,111138.0,2025-04-12
C01395,Ansh Ranganathan,41,Female,Sambhal,West Bengal,Accountant,176940.0,2024-07-23
C01396,Garima Misra,56,Male,Pune,Jharkhand,Teacher,159234.0,2025-06-17
C01397,Utkarsh Bhalla,30,Female,Siwan,Tamil Nadu,Accountant,89035.0,2025-12-05
C01398,Omkaar Bobal,55,Female,Gurgaon,Rajasthan,Sales Executive,20188.0,2022-06-20
C01399,Nakul Menon,61,Female,Varanasi,Andhra Pradesh,Business Owner,24907.0,2021-12-29
C01400,Wakeeta Chokshi,60,Female,Karimnagar,Jharkhand,Other,82596.0,2025-03-17
C01401,Ladli Grewal,41,Male,Bhiwandi,Manipur,Farmer,121578.0,2021-11-28
C01402,Sudiksha Biswas,33,Female,Tirunelveli,Mizoram,Farmer,60404.0,2023-12-20
C01403,Ekansh Balasubramanian,60,Female,Firozabad,West Bengal,Government Employee,127427.0,2023-02-16
C01404,Veer Ghose,62,Female,Tinsukia,Chhattisgarh,Teacher,45233.0,2023-01-24
C01405,Zansi Goel,54,Male,Chittoor,Mizoram,Software Engineer,54019.0,2024-09-10
C01406,Kiaan Rout,32,Male,Kochi,Sikkim,Doctor,48063.0,2023-07-08
C01407,Wazir Kar,52,Male,Morena,Nagaland,Teacher,28340.0,2023-12-17
C01408,Fiyaz Sule,57,Female,Chandigarh,Tamil Nadu,Sales Executive,157840.0,2023-10-12
C01409,Girindra Singh,60,Female,Raebareli,Arunachal Pradesh,Software Engineer,116037.0,2023-04-08
C01410,Hritik Verma,35,Male,Jaipur,Uttarakhand,Software Engineer,74719.0,2026-05-04
C01411,Qasim Joshi,62,Female,Berhampore,Tripura,Teacher,142698.0,2023-08-30
C01412,Wakeeta Pandit,61,Male,Ahmedabad,Maharashtra,Government Employee,166281.0,2026-06-30
C01413,Xiti Singhal,47,Female,Nagercoil,Meghalaya,Software Engineer,181725.0,2025-04-12
C01414,Arin Zacharia,38,Male,Tinsukia,Karnataka,Teacher,99666.0,2024-05-20
C01415,Upkaar Dubey,25,Male,Gulbarga,Bihar,Farmer,45459.0,2023-01-26
C01416,Karan Kar,27,Male,Gandhidham,Maharashtra,Farmer,121012.0,2022-09-23
C01417,Chandani Pingle,33,Male,Anand,Kerala,Farmer,192196.0,2026-08-17
C01418,Gopal Balan,36,Male,Bihar Sharif,Madhya Pradesh,Farmer,166313.0,2024-09-23
C01419,Avni Venkataraman,47,Male,Bongaigaon,West Bengal,Other,113837.0,2026-02-02
C01420,Yagnesh Bahri,64,Female,Allahabad,Goa,Student,47289.0,2024-02-12
C01421,Abeer Bakshi,31,Male,Nanded,Meghalaya,Farmer,125265.0,2022-08-18
C01422,Jhalak Nazareth,53,Female,Gangtok,Sikkim,Business Owner,159958.0,2024-10-10
C01423,Devika Dugar,59,Female,Amroha,Jharkhand,Government Employee,102615.0,2026-09-14
C01424,Orinder Ravi,56,Female,Shimla,Punjab,Government Employee,128093.0,2022-11-06
C01425,Arunima Buch,61,Female,Chittoor,Jharkhand,Government Employee,179491.0,2023-06-19
C01426,Vedant Mane,36,Male,Burhanpur,West Bengal,Student,164241.0,2025-06-06
C01427,Sai Rajagopalan,37,Female,Latur,Chhattisgarh,Sales Executive,137309.0,2021-10-04
C01428,Urishilla Sha,46,Male,Kulti,Rajasthan,Software Engineer,94575.0,2022-04-30
C01429,Ishani Bhasin,59,Male,Ramagundam,Haryana,Farmer,55411.0,2022-12-31
C01430,Rehaan Dutta,40,Male,Gwalior,Kerala,Accountant,78166.0,2023-12-23
C01431,Oeshi Salvi,34,Female,Raiganj,Assam,Software Engineer,92340.0,2026-08-27
C01432,Jai Sem,56,Male,Kamarhati,Haryana,Teacher,29892.0,2026-01-08
C01433,David Jani,50,Female,Nadiad,Karnataka,Business Owner,56282.0,2024-09-12
C01434,Damini Bhavsar,37,Female,Alappuzha,Uttar Pradesh,Other,85498.0,2022-02-21
C01435,Pahal Mitter,35,Female,Ambarnath,Arunachal Pradesh,Accountant,44092.0,2025-03-12
C01436,Triveni Malhotra,57,Female,Thane,Mizoram,Other,76999.0,2022-12-20
C01437,Manthan Bora,25,Female,Satna,Maharashtra,Sales Executive,65325.0,2022-12-25
C01438,Hemangini Raja,52,Male,Malegaon,Jharkhand,Other,188363.0,2025-10-08
C01439,Samaksh Arya,40,Male,Kolhapur,Manipur,Other,120020.0,2026-01-11
C01440,Saanvi Sankaran,26,Male,Mysore,Bihar,Government Employee,111207.0,2025-07-27
C01441,Ladli Gill,48,Female,Khora ,Andhra Pradesh,Teacher,79432.0,2024-09-23
C01442,Bhanumati Pal,62,Male,Jaipur,Haryana,Student,34189.0,2024-01-01
C01443,Veer Loke,40,Male,Hosur,Maharashtra,Government Employee,161539.0,2025-05-31
C01444,Indira Maharaj,57,Male,Udaipur,Meghalaya,Government Employee,151701.0,2022-01-06
C01445,Arya Halder,65,Male,Howrah,Tripura,Business Owner,33243.0,2023-11-24
C01446,Omaja Gole,64,Female,Thanjavur,Odisha,Sales Executive,176010.0,2022-07-23
C01447,Luke Varty,57,Male,Parbhani,Kerala,Doctor,133229.0,2025-10-01
C01448,Anay Nadkarni,39,Female,Bhagalpur,Manipur,Business Owner,54652.0,2023-08-14
C01449,William Misra,42,Male,Kolkata,Sikkim,Sales Executive,169799.0,2022-09-16
C01450,Rohan Rana,24,Female,Katihar,Uttarakhand,Accountant,42302.0,2022-10-20
C01451,Omya Sarna,46,Female,Eluru,Karnataka,Business Owner,55355.0,2024-01-26
C01452,Amruta Bains,51,Male,Shimoga,Himachal Pradesh,Sales Executive,123630.0,2024-06-24
C01453,Forum Menon,62,Male,Dindigul,Assam,Farmer,181479.0,2022-03-12
C01454,Saumya Zacharia,54,Male,Satna,Rajasthan,Doctor,38781.0,2023-09-25
C01455,Nidhi Prasad,38,Female,Arrah,Goa,Government Employee,199499.0,2026-09-07
C01456,Arin Dutta,57,Male,Hospet,Arunachal Pradesh,Teacher,196094.0,2023-12-16
C01457,Indali Khatri,47,Female,Jhansi,Punjab,Government Employee,111306.0,2025-05-03
C01458,Omisha Keer,33,Female,Danapur,Chhattisgarh,Government Employee,175681.0,2023-10-29
C01459,Chaitaly Khatri,62,Male,Bally,Uttarakhand,Accountant,64369.0,2024-01-28
C01460,Rachita Sachar,43,Female,Hubli–Dharwad,Tripura,Other,58225.0,2026-07-19
C01461,Orinder Raju,49,Male,Mira-Bhayandar,West Bengal,Doctor,72346.0,2026-05-22
C01462,Timothy Sahota,64,Female,Ajmer,Bihar,Business Owner,42495.0,2024-12-16
C01463,Sathvik Bains,28,Male,Mau,Karnataka,Doctor,182792.0,2025-01-10
C01464,Bhavani Mandal,30,Female,Pondicherry,Tripura,Software Engineer,109986.0,2026-02-12
C01465,Charan Seshadri,65,Male,Nagaon,Gujarat,Accountant,137980.0,2024-12-10
C01466,Rushil Goyal,51,Male,Raurkela Industrial Township,Arunachal Pradesh,Government Employee,74790.0,2022-11-11
C01467,Lipika Gandhi,55,Male,Bhalswa Jahangir Pur,Rajasthan,Doctor,163241.0,2025-08-08
C01468,Shravya Bhandari,54,Female,Bilaspur,Assam,Farmer,146622.0,2023-03-24
C01469,Theodore Din,60,Male,Naihati,Maharashtra,Software Engineer,118725.0,2023-12-10
C01470,Zarna Nair,58,Male,Bhilwara,Himachal Pradesh,Accountant,64648.0,2023-12-15
C01471,Meghana Gera,24,Female,Bhiwani,Tamil Nadu,Doctor,181995.0,2024-02-06
C01472,Ekalinga Sule,38,Male,Etawah,West Bengal,Sales Executive,191640.0,2024-10-17
C01473,Brijesh Chacko,21,Male,Tinsukia,Arunachal Pradesh,Student,193112.0,2025-08-09
C01474,Chanakya Chahal,38,Female,Dehradun,Rajasthan,Teacher,25001.0,2025-04-30
C01475,Benjamin Kannan,39,Female,Surendranagar Dudhrej,Haryana,Doctor,119798.0,2022-05-07
C01476,Oviya Shroff,53,Male,Visakhapatnam,Nagaland,Government Employee,147051.0,2022-05-31
C01477,Om Agrawal,59,Male,Bikaner,Rajasthan,Business Owner,72133.0,2025-08-24
C01478,Hiral Dalal,53,Female,Tiruvottiyur,Gujarat,Farmer,25633.0,2022-07-10
C01479,Caleb Nanda,23,Male,Moradabad,Assam,Farmer,99934.0,2024-04-26
C01480,Noah Gulati,42,Female,Cuttack,Bihar,Student,61157.0,2025-07-07
C01481,Vidhi Khatri,22,Female,Gangtok,Jharkhand,Government Employee,113160.0,2024-08-15
C01482,Anita Nagi,61,Female,Kochi,Rajasthan,Doctor,151400.0,2022-05-21
C01483,Warjas De,38,Male,Ludhiana,Meghalaya,Accountant,121494.0,2024-06-26
C01484,Gautami Dhawan,22,Female,Panihati,Himachal Pradesh,Doctor,59769.0,2022-08-16
C01485,Owen Oza,42,Female,Burhanpur,Sikkim,Business Owner,43014.0,2022-10-25
C01486,Fariq Setty,45,Male,Vellore,Punjab,Student,83009.0,2026-02-16
C01487,Kashish Devi,57,Male,Sasaram,Bihar,Student,101889.0,2025-05-25
C01488,Suhani Konda,59,Female,Udaipur,Tamil Nadu,Sales Executive,162143.0,2025-07-29
C01489,Triya Suresh,29,Male,Hazaribagh,Assam,Business Owner,172313.0,2023-12-15
C01490,Zayan Swamy,55,Male,Kolkata,Chhattisgarh,Business Owner,101002.0,2025-12-23
C01491,Jatin Sagar,65,Male,Nangloi Jat,Goa,Student,58050.0,2024-09-17
C01492,Radha Mall,62,Male,Sangli-Miraj & Kupwad,Haryana,Government Employee,37777.0,2022-02-15
C01493,Harini Toor,56,Male,Nizamabad,Tamil Nadu,Business Owner,103256.0,2026-02-13
C01494,Forum Vig,30,Male,Jaunpur,Chhattisgarh,Government Employee,128538.0,2023-05-12
C01495,Eshana Dhar,47,Female,Udaipur,Meghalaya,Sales Executive,186945.0,2025-03-03
C01496,Bhavika Vasa,38,Male,Nadiad,Tamil Nadu,Doctor,47989.0,2024-03-13
C01497,Prisha Ganesh,29,Male,Srikakulam,Chhattisgarh,Software Engineer,180427.0,2025-11-21
C01498,Yochana Suresh,60,Female,Asansol,Uttar Pradesh,Other,168646.0,2022-03-23
C01499,Jagvi Memon,60,Male,Agartala,Assam,Other,80865.0,2023-09-18
C01500,Rudra Sandhu,35,Male,Raichur,Punjab,Government Employee,40834.0,2024-12-20
C01501,Quincy Chaudhuri,65,Female,Jaipur,Haryana,Business Owner,151681.0,2022-05-23
C01502,Samuel Natt,59,Female,Shimoga,Arunachal Pradesh,Government Employee,68228.0,2025-05-20
C01503,Zayan Rajagopalan,45,Female,Srikakulam,Gujarat,Sales Executive,56048.0,2026-01-28
C01504,Kamya Gola,31,Male,Mehsana,Mizoram,Doctor,28448.0,2023-12-03
C01505,Noah Mahajan,47,Male,Jabalpur,Mizoram,Accountant,128277.0,2023-06-09
C01506,Yutika Goel,35,Male,Nandyal,Bihar,Doctor,37337.0,2021-11-15
C01507,Meghana Chaudhary,32,Female,Kakinada,Uttarakhand,Other,148435.0,2023-03-10
C01508,Ekta Kale,65,Female,Saharsa,Goa,Sales Executive,84692.0,2021-10-11
C01509,Ridhi Mann,48,Female,Bathinda,Kerala,Software Engineer,179365.0,2024-04-12
C01510,Kai Rau,45,Female,Ajmer,Mizoram,Student,180302.0,2025-01-28
C01511,Yochana Keer,57,Male,Korba,Maharashtra,Farmer,48656.0,2025-10-03
C01512,Aradhana Mandal,49,Female,Amritsar,Punjab,Software Engineer,84414.0,2025-04-03
C01513,Wakeeta Sarkar,54,Female,Karawal Nagar,Himachal Pradesh,Software Engineer,166197.0,2024-05-11
C01514,Jagat Chaudry,45,Male,Ahmedabad,Maharashtra,Doctor,96330.0,2025-11-03
C01515,Anay Manne,49,Female,Sasaram,Punjab,Accountant,94950.0,2026-03-05
C01516,Vaishnavi Singhal,50,Male,Purnia,Goa,Student,97180.0,2023-11-03
C01517,Rachita Parsa,60,Male,Amravati,Odisha,Farmer,57287.0,2023-03-17
C01518,Widisha Ratta,50,Female,Tiruchirappalli,Uttarakhand,Teacher,151244.0,2022-06-22
C01519,Frederick Hari,28,Male,Surat,Chhattisgarh,Other,163237.0,2022-03-30
C01520,Rishi Lad,29,Female,Jalna,Telangana,Student,104793.0,2023-12-23
C01521,Bhanumati Buch,49,Male,Visakhapatnam,Tripura,Business Owner,138929.0,2025-06-09
C01522,Bishakha Chatterjee,58,Male,Kozhikode,Haryana,Sales Executive,43640.0,2023-06-09
C01523,Gabriel More,37,Female,Amaravati,Jharkhand,Business Owner,52386.0,2023-05-26
C01524,Unni Iyengar,26,Male,Ulhasnagar,Andhra Pradesh,Sales Executive,186218.0,2024-04-21
C01525,Ayush Bhakta,44,Male,Visakhapatnam,Haryana,Farmer,120686.0,2025-10-16
C01526,Jyoti Bhavsar,53,Male,Dhule,Chhattisgarh,Student,164269.0,2022-08-08
C01527,Advik Seth,45,Male,Sikar,Arunachal Pradesh,Business Owner,107868.0,2024-12-06
C01528,Andrew Kumer,57,Male,Sonipat,Maharashtra,Business Owner,57907.0,2021-11-11
C01529,Maanas Kata,32,Male,Bihar Sharif,Uttarakhand,Student,100756.0,2022-02-20
C01530,Kashish Palan,40,Female,Shahjahanpur,Andhra Pradesh,Accountant,184220.0,2022-09-19
C01531,Yatan Salvi,32,Male,Hospet,Tripura,Business Owner,73176.0,2023-03-28
C01532,Oni Mani,21,Female,Ambala,Tamil Nadu,Software Engineer,140230.0,2022-01-01
C01533,Warjas Mahajan,52,Female,Sangli-Miraj & Kupwad,Meghalaya,Farmer,21507.0,2024-04-07
C01534,Raagini Andra,59,Female,Bhubaneswar,Tripura,Doctor,76852.0,2024-01-23
C01535,Nathaniel Prasad,58,Female,Gopalpur,Tamil Nadu,Sales Executive,127518.0,2023-12-28
C01536,Ekta Comar,49,Male,Ramgarh,Uttar Pradesh,Other,177313.0,2024-09-27
C01537,Jagat Balakrishnan,21,Male,Fatehpur,Nagaland,Farmer,92905.0,2022-06-18
C01538,Damyanti Bhasin,60,Male,Siliguri,Meghalaya,Software Engineer,68454.0,2023-09-25
C01539,Bina Som,30,Male,Pallavaram,Arunachal Pradesh,Government Employee,29626.0,2023-01-24
C01540,Warjas Trivedi,30,Male,Chittoor,Haryana,Other,178147.0,2023-02-18
C01541,Gunbir Bhasin,40,Female,Hubli–Dharwad,Gujarat,Teacher,32853.0,2025-10-17
C01542,Quincy Dass,27,Female,Bidhannagar,Uttarakhand,Business Owner,62293.0,2023-11-15
C01543,Lipika Natarajan,64,Female,Guntur,Mizoram,Other,193257.0,2022-06-14
C01544,Irya Comar,65,Male,Naihati,Himachal Pradesh,Sales Executive,171772.0,2026-01-25
C01545,Joshua Nath,44,Male,Raipur,Uttarakhand,Teacher,98458.0,2024-10-22
C01546,Yachana Jhaveri,41,Female,Sultan Pur Majra,Odisha,Student,37738.0,2024-03-30
C01547,Chatresh Date,48,Male,Kurnool,Meghalaya,Accountant,143421.0,2025-02-13
C01548,Viraj Chakraborty,29,Male,Dhule,Mizoram,Accountant,106300.0,2026-06-28
C01549,Vedant Pai,54,Female,Loni,Maharashtra,Farmer,75009.0,2026-01-22
C01550,Brinda Rege,65,Male,Pondicherry,Bihar,Other,35252.0,2024-06-30
C01551,Osha Tara,27,Male,Dehradun,Telangana,Sales Executive,178538.0,2022-07-01
C01552,Devansh Balay,39,Female,Ambala,Kerala,Other,102965.0,2022-08-10
C01553,Rajata Venkataraman,37,Female,Bardhaman,Madhya Pradesh,Business Owner,181032.0,2022-02-01
C01554,Meera Kata,57,Female,Vijayanagaram,Uttar Pradesh,Farmer,185637.0,2023-06-20
C01555,Manan Om,52,Female,Kharagpur,Karnataka,Business Owner,179752.0,2023-10-09
C01556,Siddharth Bali,35,Female,Singrauli,Assam,Doctor,20414.0,2025-08-29
C01557,Luke Pant,28,Male,Moradabad,Goa,Sales Executive,183960.0,2024-12-16
C01558,Leena Barad,28,Male,Guna,Assam,Other,128693.0,2026-07-30
C01559,Yashodhara Shah,47,Male,Kochi,Karnataka,Government Employee,111658.0,2025-10-04
C01560,Agastya Lata,56,Male,Bihar Sharif,Manipur,Software Engineer,187934.0,2023-06-24
C01561,Oscar Rai,33,Female,Purnia,Andhra Pradesh,Accountant,37782.0,2026-06-16
C01562,Balendra Bora,40,Female,Amaravati,Mizoram,Farmer,164177.0,2023-05-08
C01563,Finn Jha,41,Male,Surat,Uttar Pradesh,Teacher,199787.0,2026-01-17
C01564,Kamala Guha,42,Female,Kochi,Bihar,Student,169139.0,2024-09-12
C01565,Urmi Pal,60,Male,Thiruvananthapuram,Odisha,Business Owner,70860.0,2023-05-12
C01566,Udarsh Mohanty,42,Female,Jalgaon,Sikkim,Sales Executive,144387.0,2026-08-20
C01567,Warda Dora,23,Male,Jaipur,Haryana,Sales Executive,60733.0,2024-01-10
C01568,Osha Gill,61,Female,Hosur,Gujarat,Farmer,107846.0,2023-03-02
C01569,Kai Majumdar,50,Female,Tezpur,Telangana,Software Engineer,156596.0,2023-06-23
C01570,Rohan Sani,40,Female,Jalgaon,Punjab,Farmer,160479.0,2025-09-26
C01571,Bachittar Prakash,22,Male,Aurangabad,Madhya Pradesh,Other,199697.0,2025-03-29
C01572,Barkha Batra,42,Female,Rajpur Sonarpur,Gujarat,Teacher,59139.0,2024-08-22
C01573,Aarav Sabharwal,38,Male,Agra,Telangana,Government Employee,118367.0,2023-12-11
C01574,Hema Pillai,61,Male,Sirsa,Bihar,Other,178777.0,2022-08-29
C01575,Pushti Banik,45,Male,Dehradun,Meghalaya,Other,50630.0,2022-05-30
C01576,Anamika Murty,40,Female,Purnia,Manipur,Software Engineer,91171.0,2024-10-19
C01577,Bhavika Banik,47,Male,Aurangabad,Uttar Pradesh,Sales Executive,82296.0,2022-09-25
C01578,Ekani Jayaraman,44,Female,Ambarnath,Telangana,Accountant,76659.0,2021-10-16
C01579,Jagvi Khalsa,54,Female,Bhavnagar,Uttar Pradesh,Business Owner,49420.0,2026-08-06
C01580,Ekaja Pal,44,Male,Katni,Arunachal Pradesh,Doctor,44275.0,2025-11-13
C01581,Rushil Dar,49,Male,Bathinda,Himachal Pradesh,Sales Executive,151086.0,2025-09-18
C01582,Kritika Shenoy,30,Male,Surendranagar Dudhrej,Goa,Government Employee,146739.0,2023-07-31
C01583,Dipta Rattan,54,Female,Bharatpur,Maharashtra,Government Employee,57563.0,2026-04-28
C01584,Kalpit Rege,27,Male,Jalgaon,Madhya Pradesh,Doctor,29582.0,2023-02-23
C01585,Suhani Vasa,50,Female,Phusro,Uttar Pradesh,Farmer,50365.0,2022-01-11
C01586,Yashoda Zacharia,21,Female,Mangalore,Madhya Pradesh,Software Engineer,175788.0,2025-08-25
C01587,Yadavi Shroff,26,Female,Amroha,Punjab,Sales Executive,32095.0,2024-07-25
C01588,Rachit Bhakta,27,Female,Sasaram,Rajasthan,Software Engineer,171403.0,2023-05-05
C01589,Ucchal Rau,40,Male,Bhiwani,Himachal Pradesh,Government Employee,72574.0,2023-05-11
C01590,Kamya Walia,33,Female,Pali,Maharashtra,Accountant,159532.0,2024-01-11
C01591,Ojasvi Hayer,41,Female,Saharsa,Tripura,Teacher,91474.0,2021-11-08
C01592,Pavani Jayaraman,30,Male,Unnao,Mizoram,Accountant,50005.0,2023-02-28
C01593,Aarna Dhawan,21,Male,Madanapalle,Tripura,Doctor,162220.0,2025-02-18
C01594,Lakshit Din,43,Female,Proddatur,Bihar,Accountant,57108.0,2025-03-16
C01595,Pushti Grewal,39,Male,Kurnool,Telangana,Business Owner,38675.0,2023-10-23
C01596,Imaran Mohanty,40,Female,Hazaribagh,Punjab,Farmer,136299.0,2023-11-14
C01597,Ekbal Narayanan,24,Male,Thrissur,Karnataka,Software Engineer,143400.0,2022-11-16
C01598,Udyati Rama,64,Male,Udupi,Punjab,Teacher,120558.0,2022-07-13
C01599,Chatura Bora,24,Male,Darbhanga,Andhra Pradesh,Student,122738.0,2022-12-02
C01600,Bachittar Balay,32,Female,Jalna,Andhra Pradesh,Other,113224.0,2024-01-02
C01601,Gaurangi Gola,40,Female,Mau,Sikkim,Doctor,195864.0,2025-11-21
C01602,Pushti Brahmbhatt,55,Male,Unnao,Tamil Nadu,Sales Executive,168842.0,2025-09-28
C01603,Charita Oommen,29,Male,Warangal,Chhattisgarh,Sales Executive,45496.0,2025-05-11
C01604,Ria Bora,50,Female,Sangli-Miraj & Kupwad,Punjab,Sales Executive,143350.0,2024-03-30
C01605,Chasmum Dayal,35,Male,Akola,Maharashtra,Business Owner,181727.0,2022-02-07
C01606,Jeet Hayer,37,Female,Karaikudi,Odisha,Student,68064.0,2023-05-27
C01607,Ranbir Karpe,65,Female,Thoothukudi,Arunachal Pradesh,Government Employee,138825.0,2023-11-10
C01608,Ekani Karan,52,Male,Ajmer,Karnataka,Teacher,144606.0,2021-09-27
C01609,Samuel Khanna,28,Female,Pallavaram,Kerala,Sales Executive,140911.0,2026-07-13
C01610,Arunima Sachar,31,Female,Etawah,Chhattisgarh,Government Employee,178450.0,2023-10-18
C01611,Ekbal Madan,57,Male,Miryalaguda,Jharkhand,Farmer,46983.0,2024-08-04
C01612,Maanav Sinha,46,Male,Tinsukia,Gujarat,Government Employee,165791.0,2023-12-03
C01613,Keya Peri,62,Male,Tiruppur,Meghalaya,Accountant,159656.0,2026-05-16
C01614,Urvi Sangha,50,Female,Pallavaram,Telangana,Other,128381.0,2023-09-24
C01615,Ekansh Grover,36,Male,Giridih,Manipur,Farmer,61686.0,2021-09-17
C01616,Inaya Rastogi,51,Female,Aizawl,Uttarakhand,Teacher,109316.0,2023-11-05
C01617,Bimala Shanker,34,Female,Malegaon,Uttar Pradesh,Student,168691.0,2023-12-28
C01618,Sathvik Lad,42,Male,Burhanpur,Manipur,Business Owner,193699.0,2024-12-21
C01619,Brinda Singhal,63,Male,Tirunelveli,Rajasthan,Other,147567.0,2024-08-26
C01620,Ayushman Sahni,28,Female,Dewas,West Bengal,Government Employee,165512.0,2022-10-25
C01621,Nathan Khurana,27,Female,Malegaon,Punjab,Business Owner,100749.0,2024-04-03
C01622,Advay Singh,46,Male,Fatehpur,Bihar,Other,48506.0,2022-04-19
C01623,Inaya Mody,64,Female,Kishanganj,Bihar,Government Employee,149576.0,2024-08-15
C01624,Faras Agrawal,62,Male,Bhopal,Maharashtra,Teacher,77045.0,2026-02-02
C01625,Udyati Baral,29,Male,Bellary,Tamil Nadu,Business Owner,193246.0,2026-06-24
C01626,Dominic Goda,30,Female,Ongole,Meghalaya,Farmer,96415.0,2023-06-06
C01627,Robert Sani,45,Female,Bhilwara,Bihar,Doctor,73912.0,2024-06-24
C01628,Kashish Ahuja,64,Female,Sirsa,Haryana,Accountant,169494.0,2023-05-12
C01629,Andrew Basu,64,Female,Ramagundam,Chhattisgarh,Student,110246.0,2022-05-15
C01630,Bimala Cheema,26,Male,Dhanbad,Himachal Pradesh,Other,153804.0,2022-05-05
C01631,Hemangini Rajagopalan,46,Male,Gaya,Uttar Pradesh,Accountant,36360.0,2023-10-20
C01632,Janaki Raval,44,Male,Chittoor,Uttar Pradesh,Software Engineer,166808.0,2023-09-11
C01633,Vaishnavi Sahota,43,Male,South Dumdum,Chhattisgarh,Accountant,28174.0,2021-10-01
C01634,Harrison Subramanian,36,Female,Durgapur,Goa,Other,123355.0,2024-03-13
C01635,Libni Krish,61,Female,Panihati,Chhattisgarh,Student,126439.0,2022-01-30
C01636,Naksh Dhawan,45,Female,Dhule,Telangana,Farmer,75369.0,2024-04-03
C01637,Aryan Keer,63,Male,Dehri,Telangana,Sales Executive,56456.0,2024-11-13
C01638,Eshana Naidu,33,Female,Adoni,Tamil Nadu,Government Employee,129375.0,2021-12-16
C01639,Damini Rai,30,Female,South Dumdum,Andhra Pradesh,Business Owner,55200.0,2022-06-19
C01640,Anika Munshi,21,Male,Bihar Sharif,Chhattisgarh,Software Engineer,57747.0,2023-09-12
C01641,Urvashi Srinivas,52,Female,Hajipur,Karnataka,Business Owner,42194.0,2023-12-02
C01642,Dayita Shenoy,29,Female,Aizawl,Jharkhand,Sales Executive,178447.0,2022-03-30
C01643,Manbir Kothari,48,Male,Miryalaguda,Karnataka,Sales Executive,153540.0,2023-11-28
C01644,Devika Wali,48,Female,Jorhat,West Bengal,Student,113141.0,2025-07-21
C01645,Warhi Sibal,35,Male,Silchar,Manipur,Student,178485.0,2022-10-07
C01646,Jeremiah Madan,21,Female,Durg,Maharashtra,Doctor,151525.0,2022-01-20
C01647,Ekiya Hari,38,Female,Sonipat,Mizoram,Farmer,171087.0,2024-01-26
C01648,Meghana Ravi,44,Male,Ramgarh,Punjab,Software Engineer,168937.0,2026-06-06
C01649,Ikshita Samra,51,Female,Jalna,Kerala,Teacher,172113.0,2021-10-14
C01650,Hemani Pandey,51,Male,Varanasi,Telangana,Business Owner,157994.0,2024-10-29
C01651,William Gade,38,Female,Jalandhar,Madhya Pradesh,Farmer,40508.0,2024-01-27
C01652,Siddharth Rajagopal,54,Male,Bhiwani,Chhattisgarh,Doctor,143850.0,2022-09-12
C01653,Odika Singhal,61,Male,Guwahati,Himachal Pradesh,Farmer,171946.0,2025-05-01
C01654,Hiral Ravel,40,Male,Avadi,Punjab,Government Employee,160255.0,2025-12-16
C01655,Rajata Bala,21,Female,Indore,Arunachal Pradesh,Sales Executive,154391.0,2022-06-03
C01656,William Barad,51,Female,Muzaffarnagar,Andhra Pradesh,Student,112514.0,2026-07-28
C01657,Bhavya Sandhu,39,Female,Amaravati,Jharkhand,Business Owner,29260.0,2025-01-31
C01658,Parth Tailor,65,Female,Thane,Arunachal Pradesh,Other,88273.0,2026-01-13
C01659,Samuel Prasad,24,Female,Pudukkottai,Odisha,Other,64323.0,2022-01-21
C01660,Jyoti Patel,57,Male,Raichur,Uttarakhand,Accountant,183660.0,2023-12-13
C01661,Jagdish Gara,22,Female,Sambhal,West Bengal,Sales Executive,41629.0,2024-11-01
C01662,Lucky Banik,29,Male,Nagpur,Maharashtra,Accountant,86073.0,2023-09-16
C01663,Xalak Bhatti,29,Female,Ballia,Meghalaya,Accountant,87359.0,2026-06-05
C01664,Liam Brahmbhatt,21,Male,Belgaum,Uttarakhand,Other,65773.0,2023-07-27
C01665,Ati Pillai,58,Male,Baranagar,Maharashtra,Sales Executive,116932.0,2023-03-18
C01666,Yashasvi Dave,32,Female,Bhiwani,Jharkhand,Doctor,147118.0,2023-01-14
C01667,Kevin Dubey,32,Male,Begusarai,Odisha,Government Employee,42125.0,2025-07-20
C01668,Udant Sami,30,Male,Chinsurah,Manipur,Sales Executive,128251.0,2023-07-29
C01669,Daksha Singh,45,Male,Alwar,Tamil Nadu,Sales Executive,187136.0,2021-10-23
C01670,Amol Kashyap,31,Male,Pallavaram,Madhya Pradesh,Other,110459.0,2026-07-01
C01671,Rudra Dhingra,24,Female,Nadiad,West Bengal,Teacher,33768.0,2021-10-16
C01672,Sara Swaminathan,31,Female,Sri Ganganagar,Mizoram,Student,144841.0,2026-06-02
C01673,Ekansh Barad,40,Female,Proddatur,Uttarakhand,Farmer,81252.0,2022-03-18
C01674,Varsha Nagarajan,45,Female,Madhyamgram,Odisha,Sales Executive,88845.0,2022-07-18
C01675,Varsha Kadakia,30,Female,Raichur,Gujarat,Software Engineer,95705.0,2023-05-05
C01676,Vidhi Kapadia,49,Female,Ramagundam,Punjab,Government Employee,159002.0,2022-04-15
C01677,Farhan Palan,64,Male,Ramagundam,Punjab,Teacher,159275.0,2025-07-18
C01678,Ucchal Choudhury,61,Female,Bihar Sharif,Uttarakhand,Student,180035.0,2023-01-30
C01679,Anya Mistry,62,Female,Ambala,Nagaland,Government Employee,90864.0,2025-03-05
C01680,Ishanvi Goswami,38,Male,Shahjahanpur,Haryana,Accountant,191532.0,2023-01-28
C01681,Samarth Gupta,58,Female,Tiruppur,Meghalaya,Sales Executive,197023.0,2021-12-18
C01682,Nakul Ganesan,36,Male,Erode,Bihar,Farmer,108449.0,2023-02-27
C01683,Omya Tandon,64,Male,Vijayawada,Andhra Pradesh,Government Employee,163553.0,2024-05-25
C01684,Fitan Prashad,21,Male,Begusarai,Tripura,Teacher,23135.0,2023-09-11
C01685,Ansh Pandey,47,Male,Mumbai,West Bengal,Farmer,47238.0,2022-11-11
C01686,Ayaan Srivastava,64,Female,Solapur,Himachal Pradesh,Government Employee,77518.0,2024-05-23
C01687,Panini Johal,39,Female,Alappuzha,Chhattisgarh,Doctor,28923.0,2023-11-17
C01688,Vamakshi Balakrishnan,22,Male,Medininagar,West Bengal,Software Engineer,175749.0,2025-08-14
C01689,Leela Gole,63,Male,Jalgaon,Arunachal Pradesh,Other,187269.0,2024-11-30
C01690,Laban Ghosh,28,Male,Bihar Sharif,Bihar,Teacher,178514.0,2023-08-02
C01691,Devansh Aurora,29,Female,Mumbai,Jharkhand,Other,68435.0,2023-10-20
C01692,Anthony Sekhon,28,Male,Khandwa,Kerala,Accountant,97219.0,2023-10-30
C01693,Rachita Venkatesh,50,Male,Tinsukia,Meghalaya,Sales Executive,92452.0,2024-08-15
C01694,Anvi Kalla,48,Female,Dibrugarh,Chhattisgarh,Accountant,62458.0,2025-04-14
C01695,Anita Datta,25,Female,Tirunelveli,Uttar Pradesh,Software Engineer,120348.0,2022-10-21
C01696,Falguni Gola,45,Female,Mathura,Mizoram,Software Engineer,87695.0,2026-08-03
C01697,George Dar,37,Male,Raurkela Industrial Township,West Bengal,Sales Executive,38192.0,2024-09-27
C01698,Ladli Dash,52,Male,Pallavaram,Bihar,Other,122926.0,2022-11-14
C01699,Chakradev Verma,32,Female,Miryalaguda,Himachal Pradesh,Teacher,57715.0,2022-01-15
C01700,Mekhala Trivedi,55,Female,Unnao,Jharkhand,Doctor,180947.0,2023-08-21
C01701,Wriddhish Narasimhan,62,Male,Patna,Manipur,Sales Executive,87894.0,2024-12-23
C01702,Ikshita Dhillon,27,Male,Jorhat,Tamil Nadu,Teacher,38458.0,2023-04-18
C01703,Upadhriti Palla,57,Female,Ramagundam,Punjab,Sales Executive,24919.0,2026-01-18
C01704,Madhav Vasa,52,Male,Kishanganj,Telangana,Software Engineer,29918.0,2024-03-24
C01705,Waida Panchal,63,Female,Shivpuri,Andhra Pradesh,Accountant,59742.0,2023-07-27
C01706,Manthan Khatri,65,Female,Aligarh,Chhattisgarh,Student,170638.0,2025-09-02
C01707,Fariq Biswas,21,Female,Chandigarh,Tamil Nadu,Sales Executive,134309.0,2024-02-03
C01708,Ayushman Khare,46,Male,Loni,Uttar Pradesh,Farmer,79204.0,2022-04-08
C01709,Falan Mani,21,Female,Muzaffarnagar,Bihar,Sales Executive,51772.0,2025-02-09
C01710,Tanvi Bhatia,57,Female,Suryapet,Bihar,Government Employee,198739.0,2025-12-26
C01711,Balhaar Yadav,40,Female,Purnia,West Bengal,Software Engineer,185746.0,2024-10-20
C01712,Lohit Chaudry,62,Male,Srikakulam,Kerala,Government Employee,160149.0,2025-11-13
C01713,Tejas Behl,42,Male,Dhanbad,Chhattisgarh,Sales Executive,96010.0,2023-09-19
C01714,Urvi Doctor,62,Male,Gorakhpur,Himachal Pradesh,Business Owner,165352.0,2024-09-04
C01715,Nidhi Ranganathan,23,Female,Phusro,Odisha,Doctor,98347.0,2022-10-18
C01716,Ucchal Misra,65,Female,Kanpur,Mizoram,Teacher,185312.0,2022-10-27
C01717,Theodore Bera,65,Female,Sikar,Bihar,Sales Executive,42246.0,2026-08-10
C01718,Nidra Vasa,61,Female,Malda,Maharashtra,Doctor,56685.0,2022-03-27
C01719,Isha Jaggi,23,Male,Nagercoil,Maharashtra,Software Engineer,175437.0,2024-04-10
C01720,Pratyush Srinivasan,36,Female,Ghaziabad,Chhattisgarh,Student,36513.0,2022-11-07
C01721,Madhav Upadhyay,55,Female,Mumbai,Haryana,Sales Executive,159969.0,2023-08-01
C01722,Chaitanya Oommen,49,Male,Gurgaon,Mizoram,Software Engineer,108941.0,2025-06-22
C01723,Udyati Bhakta,24,Female,Bihar Sharif,Uttarakhand,Software Engineer,126301.0,2024-06-16
C01724,Tanay More,28,Male,Dewas,Kerala,Farmer,140159.0,2026-02-12
C01725,Hemal Palan,64,Male,Madhyamgram,Manipur,Other,81075.0,2024-09-19
C01726,Keya Sethi,25,Male,Bhalswa Jahangir Pur,Manipur,Business Owner,148160.0,2023-08-29
C01727,Geetika Bhatnagar,62,Male,Alwar,Madhya Pradesh,Sales Executive,182102.0,2025-12-07
C01728,Ishani Singh,23,Male,Davanagere,Odisha,Business Owner,23765.0,2023-02-25
C01729,Madhavi Divan,32,Male,Chennai,Madhya Pradesh,Accountant,45504.0,2026-01-25
C01730,Thomas Patil,50,Male,Srinagar,Odisha,Other,36766.0,2025-07-17
C01731,Lakshmi Ramesh,27,Male,Danapur,Haryana,Sales Executive,175969.0,2024-08-12
C01732,Qadim Sama,60,Male,Gaya,Kerala,Teacher,73121.0,2023-03-02
C01733,Hardik Tailor,48,Female,Jamalpur,Uttarakhand,Student,104996.0,2021-12-04
C01734,Madhavi Ghose,28,Male,Moradabad,Himachal Pradesh,Government Employee,75897.0,2024-01-22
C01735,Robert Khalsa,23,Male,Delhi,Karnataka,Government Employee,36573.0,2025-12-12
C01736,Warjas Gaba,28,Female,Amravati,Manipur,Business Owner,128830.0,2021-11-12
C01737,William Swaminathan,31,Female,Giridih,Arunachal Pradesh,Farmer,63255.0,2024-01-07
C01738,Jhalak Grover,49,Male,Ambarnath,Tamil Nadu,Other,30668.0,2022-08-23
C01739,Veda Bora,29,Male,Bhatpara,Mizoram,Other,118600.0,2021-10-03
C01740,Bhanumati Sangha,31,Male,New Delhi,Maharashtra,Sales Executive,41160.0,2025-04-14
C01741,Lajita Maharaj,21,Male,Katni,Tamil Nadu,Business Owner,43367.0,2023-03-12
C01742,Reyansh Suri,62,Female,Nangloi Jat,Nagaland,Student,144783.0,2023-06-04
C01743,Ekaraj Bala,65,Male,Mira-Bhayandar,Meghalaya,Doctor,57509.0,2024-08-09
C01744,Faqid Sibal,61,Female,Vijayawada,Chhattisgarh,Farmer,138074.0,2023-08-14
C01745,Xavier Bobal,47,Male,Raichur,Uttar Pradesh,Business Owner,180048.0,2026-08-26
C01746,Priya Gour,65,Male,Surendranagar Dudhrej,Uttar Pradesh,Other,67186.0,2025-09-10
C01747,Vedant Sha,52,Male,Latur,Bihar,Accountant,111187.0,2025-08-17
C01748,Kai Gopal,47,Male,Machilipatnam,Madhya Pradesh,Farmer,81771.0,2024-06-20
C01749,Banjeet Goda,33,Male,Chandigarh,Goa,Farmer,45082.0,2023-10-05
C01750,Benjamin Prakash,60,Female,Tirunelveli,Mizoram,Farmer,153048.0,2022-03-03
C01751,Caleb Chadha,35,Female,Dharmavaram,Gujarat,Doctor,92463.0,2023-01-18
C01752,Agastya Chandran,24,Male,Rourkela,Sikkim,Teacher,59116.0,2021-10-18
C01753,Sathvik Nagy,64,Female,Ajmer,Manipur,Sales Executive,66222.0,2021-09-30
C01754,William Doshi,31,Male,Kulti,Karnataka,Software Engineer,189046.0,2024-11-07
C01755,Pushti Char,44,Female,Hubli–Dharwad,Kerala,Doctor,133946.0,2026-07-23
C01756,Niharika Karpe,37,Female,Chennai,Bihar,Other,138789.0,2023-01-21
C01757,Tripti Naidu,23,Male,Gandhidham,Tripura,Software Engineer,160865.0,2025-08-17
C01758,Abhiram Balasubramanian,32,Male,Nanded,Goa,Software Engineer,147155.0,2025-10-26
C01759,Hamsini Chakraborty,53,Male,Kalyan-Dombivli,Bihar,Teacher,81682.0,2025-10-22
C01760,Pushti Saini,49,Female,Jalandhar,Manipur,Student,72101.0,2022-01-28
C01761,Varsha Bajaj,64,Female,Purnia,Manipur,Doctor,48870.0,2026-03-17
C01762,Atharv Zacharia,41,Male,Solapur,Meghalaya,Teacher,82159.0,2026-04-05
C01763,Gautam Balay,47,Male,Kochi,Gujarat,Student,77845.0,2026-07-25
C01764,Ekantika Sehgal,25,Female,Udaipur,Punjab,Other,146984.0,2024-04-11
C01765,Bhavna Sawhney,24,Female,Ghaziabad,Odisha,Business Owner,76666.0,2022-05-03
C01766,Laksh Saran,60,Female,Dindigul,Uttarakhand,Business Owner,121536.0,2025-04-17
C01767,Dayamai Toor,44,Male,Indore,Nagaland,Sales Executive,70896.0,2025-10-31
C01768,Tanay Khatri,61,Female,Amroha,Sikkim,Accountant,73008.0,2023-07-20
C01769,Waida Butala,42,Male,Pondicherry,West Bengal,Software Engineer,169072.0,2022-12-12
C01770,Eta Mand,24,Female,Jhansi,Kerala,Business Owner,49126.0,2023-01-29
C01771,Urvi Parmer,50,Female,Nashik,Nagaland,Student,64879.0,2022-03-31
C01772,Ekaraj Rout,42,Male,Tirupati,Goa,Accountant,178239.0,2024-08-07
C01773,Ati Chaudhuri,31,Male,Indore,Andhra Pradesh,Other,164901.0,2024-11-11
C01774,Ishanvi Batra,35,Male,Shivpuri,Odisha,Student,156778.0,2022-09-05
C01775,Ryan Sarna,52,Male,Bidhannagar,Meghalaya,Other,144122.0,2026-01-22
C01776,Nitara Ray,50,Female,Ballia,Chhattisgarh,Software Engineer,132226.0,2025-03-13
C01777,Henry Dewan,36,Male,Kollam,Karnataka,Government Employee,133835.0,2024-11-28
C01778,Pushti Bhardwaj,58,Male,Solapur,Arunachal Pradesh,Other,59051.0,2025-07-19
C01779,Aarini Devan,57,Male,Pali,Rajasthan,Student,31593.0,2026-04-23
C01780,Darsh Kapadia,23,Female,Bellary,Goa,Farmer,28813.0,2024-06-20
C01781,Girindra Sachdev,48,Female,Ozhukarai,Uttarakhand,Sales Executive,45689.0,2022-10-01
C01782,Aarav Naik,49,Female,Phagwara,Bihar,Doctor,41781.0,2025-07-17
C01783,Ekantika Aurora,56,Male,Firozabad,Rajasthan,Student,77149.0,2023-01-22
C01784,Sudiksha Dubey,29,Female,Surat,Gujarat,Accountant,82668.0,2025-05-30
C01785,Tanish Pandya,62,Male,Srikakulam,Jharkhand,Software Engineer,145772.0,2026-04-27
C01786,Vyanjana Menon,63,Female,Pimpri-Chinchwad,Uttar Pradesh,Business Owner,140398.0,2026-03-08
C01787,Frado Mane,57,Male,Chinsurah,Himachal Pradesh,Sales Executive,141572.0,2023-06-27
C01788,Reyansh Taneja,29,Female,Ramagundam,Telangana,Business Owner,117103.0,2023-08-24
C01789,Jonathan Raman,61,Female,Anantapur,Himachal Pradesh,Software Engineer,184444.0,2025-08-22
C01790,Ganga Solanki,25,Female,Erode,Arunachal Pradesh,Government Employee,159177.0,2022-04-07
C01791,Vedant Patla,23,Female,Rajkot,Meghalaya,Student,90723.0,2024-04-25
C01792,Peter Wadhwa,65,Male,Rajkot,Maharashtra,Teacher,182648.0,2026-04-07
C01793,Dalbir Naik,42,Male,Dehradun,Nagaland,Farmer,196856.0,2024-11-04
C01794,Simon Hayer,44,Male,Jehanabad,Jharkhand,Teacher,120389.0,2023-11-30
C01795,Nikita Kala,44,Female,Agartala,Telangana,Other,30714.0,2022-12-01
C01796,Vihaan Mammen,44,Female,Anantapur,Karnataka,Business Owner,189914.0,2024-09-29
C01797,Amara Talwar,56,Male,Srinagar,Odisha,Farmer,73664.0,2022-06-03
C01798,Yauvani Ahuja,29,Female,Kamarhati,Chhattisgarh,Doctor,161461.0,2025-11-14
C01799,Darika Som,28,Female,Rajpur Sonarpur,Gujarat,Other,74996.0,2024-10-19
C01800,Ekansh Dave,35,Female,Lucknow,Odisha,Government Employee,90086.0,2023-01-11
C01801,Edhitha Amble,53,Female,Kollam,Himachal Pradesh,Accountant,34276.0,2025-10-13
C01802,Ekiya Gala,25,Female,Danapur,Goa,Government Employee,138596.0,2023-10-29
C01803,Theodore Mann,52,Male,Mahbubnagar,Himachal Pradesh,Sales Executive,159435.0,2023-02-08
C01804,Gaurika Dada,64,Female,Thanjavur,Chhattisgarh,Sales Executive,182778.0,2023-07-02
C01805,Ishaan Nagy,44,Male,Haridwar,Uttarakhand,Doctor,140028.0,2023-08-24
C01806,Ekta Dugar,26,Male,Agartala,Nagaland,Student,66874.0,2023-01-08
C01807,Rushil Khanna,39,Male,Kota,Manipur,Teacher,63192.0,2024-04-02
C01808,Tanish Nagi,38,Male,Dehradun,Odisha,Business Owner,150109.0,2023-12-12
C01809,Kala Subramaniam,30,Male,Barasat,Uttarakhand,Farmer,184436.0,2023-08-09
C01810,Darika Saran,22,Female,Mathura,Manipur,Student,198887.0,2023-10-07
C01811,Chaaya D’Alia,55,Male,Ranchi,Sikkim,Sales Executive,110885.0,2021-09-27
C01812,Atharv Nagi,47,Female,Mahbubnagar,Chhattisgarh,Software Engineer,96419.0,2022-07-14
C01813,Gaurangi Khare,33,Male,Aurangabad,Tripura,Software Engineer,80903.0,2023-09-27
C01814,Jeevika Kakar,54,Female,Khandwa,Karnataka,Student,171703.0,2021-12-20
C01815,Lila Pal,42,Female,Mango,Rajasthan,Sales Executive,175545.0,2024-02-10
C01816,Watika Bains,63,Female,Anantapuram,Haryana,Sales Executive,99713.0,2021-10-14
C01817,Yashawini Desai,57,Male,Alwar,Manipur,Accountant,65019.0,2022-12-17
C01818,Theodore Puri,37,Male,Jaipur,Sikkim,Sales Executive,117491.0,2024-09-27
C01819,Damyanti Chawla,39,Male,Ambala,Goa,Business Owner,112568.0,2024-02-22
C01820,Dalaja Rout,39,Female,Raurkela Industrial Township,Madhya Pradesh,Business Owner,182170.0,2022-06-11
C01821,Aarnav Banerjee,31,Female,Ranchi,Tripura,Business Owner,65969.0,2024-05-26
C01822,Rehaan Saran,65,Male,Gangtok,West Bengal,Business Owner,82365.0,2021-11-11
C01823,Champak Bhagat,28,Male,Gopalpur,Andhra Pradesh,Government Employee,170608.0,2025-08-08
C01824,Nitara Om,29,Female,Kalyan-Dombivli,Kerala,Accountant,116907.0,2026-01-24
C01825,Yochana Kuruvilla,32,Male,Aizawl,Sikkim,Farmer,29093.0,2026-03-10
C01826,Daksha Mani,63,Female,Machilipatnam,Tripura,Government Employee,58782.0,2023-08-13
C01827,Garima Atwal,44,Female,Suryapet,Karnataka,Farmer,62623.0,2024-03-11
C01828,Ranbir Bir,55,Female,Davanagere,Uttarakhand,Teacher,26533.0,2023-12-10
C01829,Pallavi Dayal,46,Female,Bijapur,Arunachal Pradesh,Business Owner,140072.0,2023-02-14
C01830,Gagan Palla,41,Male,Bhalswa Jahangir Pur,Telangana,Software Engineer,163168.0,2024-09-17
C01831,Abhiram Golla,53,Female,Jaunpur,Telangana,Accountant,144232.0,2023-06-17
C01832,Logan Mani,39,Male,Bidhannagar,Goa,Other,135895.0,2025-06-01
C01833,Gunbir Vasa,42,Male,Chandrapur,Jharkhand,Sales Executive,30506.0,2026-08-15
C01834,Gaurav Kala,29,Male,Ghaziabad,Bihar,Accountant,26500.0,2023-03-18
C01835,Hitesh Chaudhary,46,Male,Karawal Nagar,Assam,Sales Executive,113688.0,2025-12-27
C01836,Zaitra Basak,26,Female,Kirari Suleman Nagar,Odisha,Software Engineer,179423.0,2025-05-03
C01837,Yochana Sheth,62,Male,Bellary,Nagaland,Other,158001.0,2022-12-24
C01838,Leela Nair,35,Female,Parbhani,Manipur,Doctor,25910.0,2022-04-24
C01839,Hiral Agate,26,Female,Morbi,Odisha,Teacher,154162.0,2023-11-22
C01840,Sachi Deo,46,Male,Parbhani,Assam,Sales Executive,103298.0,2023-04-15
C01841,Tara Suresh,59,Male,Bidar,Goa,Government Employee,124217.0,2022-10-27
C01842,Dalbir Contractor,30,Female,New Delhi,Meghalaya,Government Employee,121217.0,2025-03-16
C01843,Ubika Sant,44,Male,Shivpuri,Nagaland,Accountant,110418.0,2021-11-23
C01844,Amaira Majumdar,43,Female,Cuttack,Odisha,Sales Executive,167071.0,2022-07-07
C01845,Sai Sami,26,Male,Indore,Uttar Pradesh,Sales Executive,128949.0,2023-10-21
C01846,Garima Datta,49,Female,Guwahati,Madhya Pradesh,Business Owner,131105.0,2023-03-13
C01847,Gopal Karnik,47,Male,Bhiwani,Goa,Other,176745.0,2025-11-17
C01848,Vanya Gaba,26,Male,Gangtok,Sikkim,Doctor,99490.0,2024-10-23
C01849,Janya Bhalla,51,Female,Kolhapur,Uttar Pradesh,Teacher,174842.0,2026-02-02
C01850,Omkaar Badami,45,Male,Imphal,Tripura,Software Engineer,127337.0,2022-12-22
C01851,Laban Sem,61,Female,Karaikudi,Assam,Student,65847.0,2024-08-20
C01852,Ryan Krishnan,56,Female,Panchkula,Madhya Pradesh,Other,55894.0,2025-03-13
C01853,Chatresh Swamy,33,Male,Rourkela,Odisha,Student,95881.0,2022-11-10
C01854,Alexander Varma,56,Female,Navi Mumbai,Mizoram,Software Engineer,99165.0,2021-10-05
C01855,Janaki Guha,58,Female,Saharanpur,Arunachal Pradesh,Sales Executive,166612.0,2026-05-11
C01856,Samaksh Tata,50,Male,Sasaram,Mizoram,Software Engineer,20641.0,2025-02-27
C01857,Qushi Soni,30,Female,Chandigarh,Madhya Pradesh,Accountant,187917.0,2023-02-01
C01858,Shivani Sinha,61,Female,Eluru,Kerala,Teacher,191393.0,2026-07-26
C01859,Devika Shan,63,Female,Thoothukudi,Rajasthan,Student,67021.0,2026-08-31
C01860,Baghyawati Khatri,52,Male,Rajahmundry,Nagaland,Software Engineer,51288.0,2024-07-10
C01861,Manthan Atwal,38,Female,Visakhapatnam,Rajasthan,Teacher,176995.0,2023-11-30
C01862,Rohan Patel,44,Female,Vasai-Virar,Himachal Pradesh,Other,134312.0,2024-07-26
C01863,Jagdish Sandhu,37,Female,Faridabad,Tripura,Teacher,117832.0,2021-10-29
C01864,Faras Mukherjee,53,Male,Erode,West Bengal,Accountant,62689.0,2026-03-09
C01865,Tamanna Oak,58,Male,Loni,Assam,Business Owner,103802.0,2025-08-13
C01866,Kai Bath,50,Male,Sambalpur,Haryana,Government Employee,62810.0,2026-04-28
C01867,Udyati Chander,24,Female,Warangal,Uttar Pradesh,Government Employee,129973.0,2025-04-18
C01868,Ekani Bhatia,61,Female,Tirupati,Tamil Nadu,Software Engineer,95984.0,2024-11-09
C01869,Vivaan Hari,39,Male,Hospet,Punjab,Farmer,70807.0,2024-09-15
C01870,Caleb Brahmbhatt,61,Male,Madanapalle,Himachal Pradesh,Teacher,176961.0,2023-03-15
C01871,Deepa Gour,31,Female,Bhilai,Telangana,Government Employee,199560.0,2026-08-31
C01872,Yoshita Mukhopadhyay,40,Female,Nandyal,Sikkim,Government Employee,45122.0,2024-06-15
C01873,Aarnav Deep,55,Female,Adoni,Nagaland,Business Owner,23381.0,2026-02-13
C01874,Eiravati Ray,29,Female,Miryalaguda,Andhra Pradesh,Government Employee,147113.0,2024-03-25
C01875,Chanakya Chanda,47,Female,Kulti,Telangana,Business Owner,46848.0,2026-02-15
C01876,Yochana Lata,34,Male,Warangal,Gujarat,Farmer,77963.0,2024-05-13
C01877,Rachita Sur,33,Male,Pondicherry,Rajasthan,Student,140715.0,2023-07-18
C01878,Radha Johal,25,Male,Nagaon,Haryana,Business Owner,24555.0,2025-03-12
C01879,Kashvi Gandhi,51,Female,Etawah,Kerala,Accountant,115045.0,2025-12-27
C01880,Libni Dhar,29,Female,Tenali,Arunachal Pradesh,Other,157133.0,2021-11-21
C01881,Qarin Seth,42,Male,Tirunelveli,Karnataka,Accountant,27539.0,2023-06-28
C01882,Wahab Sanghvi,28,Male,Dhule,Meghalaya,Business Owner,57318.0,2026-04-08
C01883,Qabil Nagy,65,Male,Sri Ganganagar,Gujarat,Accountant,52858.0,2023-09-22
C01884,Dalbir Pall,34,Male,Dibrugarh,Odisha,Teacher,131360.0,2025-12-03
C01885,Brijesh Dua,65,Male,Lucknow,Meghalaya,Teacher,24929.0,2023-10-30
C01886,Vaishnavi Batra,51,Female,Orai,Jharkhand,Software Engineer,71472.0,2025-12-27
C01887,Arunima Dubey,27,Male,Madurai,Himachal Pradesh,Farmer,175497.0,2026-01-18
C01888,Raghav Buch,24,Female,Bangalore,Chhattisgarh,Teacher,86325.0,2022-01-10
C01889,Nicholas Barad,23,Male,Mango,Gujarat,Accountant,195003.0,2024-01-01
C01890,Maanav Sarin,21,Male,Hajipur,Bihar,Teacher,177756.0,2022-10-09
C01891,Fitan Pau,34,Male,Berhampore,Arunachal Pradesh,Business Owner,195793.0,2024-08-06
C01892,Deepa Hans,43,Male,Ballia,Kerala,Teacher,58156.0,2026-01-03
C01893,Gayathri Parmar,38,Female,Kavali,Uttarakhand,Government Employee,62089.0,2021-11-28
C01894,Utkarsh Ganesh,53,Male,Hyderabad,Andhra Pradesh,Farmer,169483.0,2023-03-28
C01895,Onkar Mangat,25,Male,Jehanabad,Uttarakhand,Other,23665.0,2023-06-13
C01896,Farhan Ray,54,Male,Mumbai,Karnataka,Doctor,93887.0,2024-12-27
C01897,Divya Gupta,31,Male,Begusarai,Arunachal Pradesh,Teacher,76102.0,2023-01-09
C01898,Omisha Prakash,53,Female,Mehsana,Mizoram,Government Employee,174502.0,2025-08-31
C01899,Aarnav Contractor,32,Female,Durgapur,Chhattisgarh,Teacher,67408.0,2026-06-28
C01900,Avi Dhaliwal,43,Female,Guntur,Assam,Student,76170.0,2025-10-30
C01901,Krisha Randhawa,53,Male,Mangalore,Manipur,Student,49581.0,2022-12-10
C01902,Hiral Dara,41,Male,Gulbarga,Tripura,Sales Executive,48918.0,2025-07-24
C01903,Raagini Shanker,54,Male,Khammam,Mizoram,Sales Executive,114699.0,2023-04-26
C01904,Ekavir Toor,39,Male,Madhyamgram,Sikkim,Teacher,106013.0,2023-07-17
C01905,Netra Sachdev,52,Male,Dhule,Karnataka,Student,94347.0,2025-03-13
C01906,Inaya Wali,50,Female,Vijayanagaram,Telangana,Sales Executive,79211.0,2025-10-24
C01907,Hemani Doshi,56,Female,Jamalpur,Meghalaya,Accountant,132187.0,2026-03-10
C01908,Jeet Kalla,33,Male,Barasat,Tripura,Sales Executive,198030.0,2026-08-06
C01909,Leena Kurian,44,Male,Noida,Assam,Software Engineer,196726.0,2024-05-27
C01910,Vamakshi Mahajan,52,Male,Purnia,Karnataka,Student,134834.0,2026-01-05
C01911,Mason Tiwari,54,Male,Khammam,Karnataka,Teacher,57582.0,2025-05-14
C01912,Charan Dixit,46,Female,Mau,Kerala,Other,46665.0,2025-04-13
C01913,Yash Bala,31,Male,Maheshtala,Tripura,Government Employee,72189.0,2023-06-03
C01914,William Dayal,42,Male,Tirupati,Tamil Nadu,Other,125981.0,2025-08-14
C01915,Yuvraj Suri,28,Male,Jaipur,Goa,Student,150838.0,2022-06-16
C01916,Varsha Comar,38,Female,Siliguri,Jharkhand,Student,113348.0,2023-12-23
C01917,Meera Natarajan,51,Female,Sasaram,Goa,Sales Executive,154064.0,2023-05-28
C01918,Sudiksha Badami,38,Male,Hubli–Dharwad,Sikkim,Sales Executive,48321.0,2022-06-05
C01919,Yash Kapoor,28,Female,Kottayam,Telangana,Sales Executive,150357.0,2024-05-13
C01920,Janani Kata,35,Male,Nashik,Goa,Software Engineer,46110.0,2024-02-08
C01921,Tanish Mistry,24,Male,Bijapur,Mizoram,Sales Executive,197761.0,2024-07-18
C01922,Chanchal Magar,22,Male,Bharatpur,Arunachal Pradesh,Student,178488.0,2022-01-14
C01923,Vinaya Behl,64,Female,Kumbakonam,Assam,Business Owner,99364.0,2023-11-01
C01924,Tanmayi Soman,60,Male,Jorhat,Andhra Pradesh,Teacher,193298.0,2025-10-04
C01925,Ekapad Chakraborty,54,Female,Nanded,Gujarat,Sales Executive,72935.0,2021-12-02
C01926,Yashvi Vaidya,39,Female,Nagercoil,Jharkhand,Sales Executive,152328.0,2021-11-11
C01927,Aditya Suresh,37,Female,Gaya,Jharkhand,Farmer,163293.0,2026-07-06
C01928,Kai Vora,22,Male,Machilipatnam,Himachal Pradesh,Student,51230.0,2026-07-19
C01929,Irya Gole,45,Female,Sambhal,Uttarakhand,Government Employee,118654.0,2024-02-09
C01930,Joshua Batra,49,Female,Jhansi,West Bengal,Software Engineer,28613.0,2025-04-05
C01931,Meera Sethi,32,Female,Bareilly,Punjab,Business Owner,148838.0,2024-09-22
C01932,Girik Kannan,48,Male,Bellary,Maharashtra,Accountant,121995.0,2026-08-15
C01933,Andrew Sabharwal,52,Male,Begusarai,Karnataka,Other,196953.0,2022-11-21
C01934,Pallavi Doctor,52,Female,Thoothukudi,Nagaland,Sales Executive,167391.0,2023-06-27
C01935,Eiravati Buch,31,Male,Anand,Jharkhand,Student,89046.0,2025-07-23
C01936,Aashi Kadakia,52,Female,Agartala,Gujarat,Other,197337.0,2025-09-23
C01937,Dev Tak,43,Female,Udupi,Nagaland,Government Employee,36101.0,2022-07-22
C01938,Ekantika Mutti,22,Male,Bareilly,Uttar Pradesh,Business Owner,116052.0,2022-05-18
C01939,Udarsh Vig,43,Male,Gaya,Haryana,Government Employee,119765.0,2023-11-23
C01940,Ishanvi Johal,27,Female,Hospet,Nagaland,Government Employee,113681.0,2026-04-30
C01941,Manthan Goyal,47,Female,New Delhi,Uttarakhand,Software Engineer,193340.0,2023-06-12
C01942,Janaki Agrawal,36,Male,Dhule,Tamil Nadu,Doctor,189891.0,2022-06-06
C01943,Aahana Dada,40,Male,Bangalore,Kerala,Teacher,99930.0,2024-01-09
C01944,Jasmit Goyal,28,Female,Chittoor,Jharkhand,Business Owner,25167.0,2022-07-31
C01945,Siya Anand,55,Female,Mahbubnagar,Madhya Pradesh,Software Engineer,140824.0,2022-12-12
C01946,Laksh Sethi,63,Female,Saharsa,Tamil Nadu,Other,154941.0,2024-07-01
C01947,Siya Dixit,47,Female,Kulti,West Bengal,Software Engineer,143129.0,2025-03-28
C01948,Dayita Chokshi,58,Male,New Delhi,Kerala,Government Employee,119021.0,2025-01-05
C01949,George Nagar,57,Female,Purnia,Manipur,Government Employee,170087.0,2023-11-13
C01950,Geetika Mangal,27,Female,Ramgarh,Assam,Teacher,196976.0,2025-11-25
C01951,Fitan Minhas,34,Female,Bhubaneswar,Jharkhand,Sales Executive,151797.0,2022-07-28
C01952,Yash Sekhon,63,Female,Jamshedpur,Haryana,Business Owner,181173.0,2022-03-05
C01953,Banjeet Kaur,40,Female,Bahraich,Andhra Pradesh,Student,72889.0,2026-08-24
C01954,Pushti Seshadri,52,Male,Rohtak,West Bengal,Farmer,76119.0,2024-08-12
C01955,Charan Andra,39,Female,Suryapet,Arunachal Pradesh,Software Engineer,97940.0,2024-10-05
C01956,Nilima Gopal,57,Female,Davanagere,Uttarakhand,Doctor,183727.0,2025-01-21
C01957,Ubika Deol,26,Male,Shimla,Uttar Pradesh,Other,108300.0,2026-01-23
C01958,Yutika Saran,38,Male,Vellore,Sikkim,Other,159215.0,2025-06-09
C01959,Faris Jha,51,Female,Kadapa,Haryana,Doctor,111046.0,2023-01-19
C01960,Mitesh Tak,25,Female,Hospet,Assam,Farmer,98619.0,2022-08-29
C01961,Ekavir Yohannan,48,Female,Kanpur,Kerala,Doctor,128609.0,2022-10-21
C01962,Maanav Pradhan,46,Female,Burhanpur,Uttar Pradesh,Other,155100.0,2026-06-03
C01963,Lekha Prabhakar,50,Male,Ranchi,Nagaland,Software Engineer,184585.0,2022-03-27
C01964,Advika Shanker,54,Male,Asansol,Uttar Pradesh,Other,150863.0,2026-06-10
C01965,Manan Kashyap,34,Female,South Dumdum,Himachal Pradesh,Accountant,187228.0,2026-07-05
C01966,Chandran Bassi,55,Female,Phagwara,Mizoram,Other,184300.0,2023-02-17
C01967,Hemal Magar,24,Male,Deoghar,Maharashtra,Government Employee,141238.0,2022-06-22
C01968,Simon Raghavan,30,Male,Mira-Bhayandar,Odisha,Business Owner,199649.0,2023-07-30
C01969,Ekani Sunder,40,Female,Karaikudi,West Bengal,Student,103533.0,2025-07-22
C01970,Dayita Prabhu,25,Male,Ajmer,Tamil Nadu,Student,89975.0,2022-12-09
C01971,Pavani Mander,39,Male,Berhampur,Haryana,Accountant,177609.0,2026-01-11
C01972,Sai Dugar,36,Female,Gwalior,Meghalaya,Doctor,49768.0,2023-12-02
C01973,Ria Savant,30,Male,Vadodara,Assam,Software Engineer,84379.0,2022-04-13
C01974,Sai Pandit,40,Female,Darbhanga,Arunachal Pradesh,Sales Executive,166754.0,2023-03-10
C01975,Urvi Bahl,48,Female,Varanasi,Bihar,Software Engineer,72950.0,2024-04-28
C01976,Garima Kibe,31,Female,Nagaon,Karnataka,Business Owner,27639.0,2023-02-19
C01977,Faqid Kade,37,Female,Kolhapur,Tamil Nadu,Farmer,66133.0,2025-09-20
C01978,Unni Swaminathan,62,Male,Alappuzha,Andhra Pradesh,Sales Executive,25218.0,2025-10-04
C01979,Gopal Om,24,Male,Anantapuram,Sikkim,Government Employee,177705.0,2023-10-30
C01980,Farhan Pillai,40,Male,Durgapur,Odisha,Student,115272.0,2023-08-09
C01981,Akshay Sen,63,Male,Kozhikode,Rajasthan,Student,56847.0,2021-11-27
C01982,Fitan Bhagat,36,Male,Raichur,Nagaland,Other,151137.0,2026-07-01
C01983,Shaurya Vohra,28,Female,Chennai,Manipur,Sales Executive,43658.0,2022-09-27
C01984,Charvi Bal,36,Male,Gandhidham,Goa,Government Employee,106320.0,2022-03-04
C01985,Dhruv Srinivasan,58,Female,Hajipur,Chhattisgarh,Doctor,130852.0,2026-04-21
C01986,Krish Sodhi,34,Male,Suryapet,Goa,Teacher,65915.0,2021-11-09
C01987,Caleb Roy,34,Female,Nagaon,Gujarat,Sales Executive,127053.0,2025-12-01
C01988,Harita Gupta,37,Male,Durg,Tamil Nadu,Sales Executive,159845.0,2023-03-19
C01989,Yoshita Gara,44,Male,Anand,Kerala,Government Employee,163063.0,2022-06-18
C01990,Samesh Bandi,48,Female,Dindigul,Tamil Nadu,Doctor,92806.0,2025-01-29
C01991,Gautami Setty,30,Female,Madurai,Bihar,Sales Executive,116400.0,2022-01-24
C01992,Arjun Nayar,40,Male,Bhiwani,Sikkim,Other,29125.0,2023-02-17
C01993,Gopal Kibe,63,Male,Sikar,Chhattisgarh,Doctor,86317.0,2025-12-16
C01994,Laban Manda,56,Female,South Dumdum,Uttar Pradesh,Accountant,187496.0,2023-10-02
C01995,Watika Kalita,65,Female,Bhavnagar,Goa,Teacher,160223.0,2022-10-20
C01996,Hemangini Peri,36,Female,Rajkot,Telangana,Student,22062.0,2023-05-13
C01997,Nihal Deol,46,Female,Gwalior,Himachal Pradesh,Accountant,43658.0,2025-01-03
C01998,Omya Yohannan,36,Female,Bijapur,Maharashtra,Doctor,62002.0,2026-09-07
C01999,Om Varghese,49,Female,Jamalpur,Kerala,Student,28881.0,2025-01-10
C02000,Pooja Iyer,38,Male,Kavali,Bihar,Sales Executive,143493.0,2022-09-07
C02001,Bhavini Dani,47,Female,Chennai,Jharkhand,Student,46318.0,2025-06-22
C02002,Oeshi Pillai,31,Female,Siwan,Manipur,Farmer,37397.0,2026-05-24
C02003,Nilima Reddy,43,Female,Nagaon,Karnataka,Other,163583.0,2025-12-09
C02004,Aditya Mittal,41,Female,Darbhanga,Karnataka,Software Engineer,33657.0,2022-08-01
C02005,Azad Dugar,62,Male,Kulti,Arunachal Pradesh,Sales Executive,188060.0,2026-01-18
C02006,Ekaja Subramaniam,29,Male,Berhampur,Sikkim,Student,72448.0,2026-05-07
C02007,Tarak Saini,61,Female,Mahbubnagar,Goa,Government Employee,170944.0,2021-12-22
C02008,Jack Nayak,26,Male,Jorhat,Assam,Business Owner,85432.0,2025-12-20
C02009,Michael Rana,54,Male,Ramagundam,Manipur,Other,199766.0,2024-07-25
C02010,Nisha Krishnan,47,Female,Jodhpur,Meghalaya,Sales Executive,145400.0,2025-03-01
C02011,Utkarsh Wable,29,Female,Ajmer,Arunachal Pradesh,Business Owner,175456.0,2022-04-02
C02012,Tara Kari,41,Female,Kollam,Bihar,Doctor,42124.0,2022-06-12
C02013,Nimrat Anne,47,Female,Bathinda,Andhra Pradesh,Business Owner,123152.0,2022-05-14
C02014,Viraj Sur,45,Male,Rajahmundry,Kerala,Software Engineer,26021.0,2024-11-12
C02015,Ekiya Sethi,56,Male,Akola,Jharkhand,Teacher,141221.0,2026-08-20
C02016,Faris Kadakia,33,Female,Pallavaram,Karnataka,Business Owner,33050.0,2022-02-05
C02017,Vaishnavi Bora,46,Female,Sambalpur,Uttarakhand,Other,88198.0,2024-05-18
C02018,Dipta Kumer,30,Male,Bardhaman,Andhra Pradesh,Government Employee,64596.0,2022-03-28
C02019,Edhitha Khatri,57,Male,Thrissur,Sikkim,Software Engineer,157845.0,2021-10-22
C02020,Advika Rajagopal,48,Female,Aurangabad,Bihar,Sales Executive,51067.0,2023-09-24
C02021,Ishanvi Bhatnagar,35,Male,Indore,Meghalaya,Doctor,89783.0,2022-08-06
C02022,Ucchal Pandit,39,Female,Burhanpur,Haryana,Student,54130.0,2025-07-27
C02023,Amara Suri,48,Male,Kavali,Maharashtra,Other,76509.0,2024-12-27
C02024,Daniel Radhakrishnan,39,Male,Mathura,Bihar,Student,67282.0,2025-08-13
C02025,Lucky Tiwari,47,Male,Ballia,Mizoram,Software Engineer,96072.0,2025-02-22
C02026,Lavanya Zachariah,37,Male,Tinsukia,Mizoram,Other,138220.0,2024-01-19
C02027,Vasana Minhas,36,Female,Gwalior,Tamil Nadu,Other,199376.0,2023-02-19
C02028,Lavanya Trivedi,62,Female,Bhilwara,Andhra Pradesh,Teacher,22705.0,2025-10-12
C02029,Oliver Lad,51,Male,Dehradun,Assam,Government Employee,124216.0,2022-02-10
C02030,Naksh Chakrabarti,64,Male,Jamshedpur,Andhra Pradesh,Student,130963.0,2025-10-04
C02031,Pavani Dyal,59,Female,New Delhi,Manipur,Teacher,44976.0,2025-11-20
C02032,Yashodhara Issac,56,Male,Nagaon,West Bengal,Software Engineer,107257.0,2022-09-09
C02033,Meghana Dash,36,Female,Madhyamgram,Haryana,Government Employee,178957.0,2026-08-26
C02034,Max Saha,63,Male,Sambalpur,Nagaland,Software Engineer,86494.0,2022-08-06
C02035,Amara Kannan,53,Female,Rohtak,Chhattisgarh,Accountant,123467.0,2024-05-23
C02036,Aarna Nayak,63,Female,Ramgarh,Madhya Pradesh,Business Owner,166685.0,2024-04-23
C02037,Dev Sastry,23,Male,Jodhpur,Maharashtra,Accountant,64529.0,2025-03-23
C02038,Qabil Bawa,53,Female,Jamalpur,Manipur,Government Employee,142705.0,2022-10-04
C02039,Falak Sangha,29,Male,Etawah,Tamil Nadu,Government Employee,159047.0,2021-12-11
C02040,Baghyawati Agrawal,48,Male,Sikar,Odisha,Accountant,50629.0,2023-09-04
C02041,George Hayre,41,Male,Howrah,Uttar Pradesh,Business Owner,150865.0,2022-06-03
C02042,Samaksh Pradhan,38,Female,Khandwa,Sikkim,Student,94167.0,2022-02-13
C02043,Bishakha Bobal,37,Female,Orai,Telangana,Farmer,102053.0,2026-06-02
C02044,Ishwar Pall,48,Male,Akola,Manipur,Government Employee,148784.0,2021-09-29
C02045,Advik Chandran,30,Female,Karnal,Uttar Pradesh,Software Engineer,69524.0,2022-12-24
C02046,Eta Gopal,30,Male,Vellore,Odisha,Doctor,68009.0,2022-01-09
C02047,Falguni Oommen,23,Female,Tadipatri,Mizoram,Accountant,62874.0,2022-10-08
C02048,Sudiksha Verma,50,Female,Delhi,Bihar,Teacher,149737.0,2024-01-10
C02049,Turvi Sinha,23,Female,Bidar,Jharkhand,Government Employee,167024.0,2023-03-24
C02050,Laban Deep,52,Female,Buxar,Kerala,Sales Executive,49488.0,2026-03-17
C02051,Yuvraj Khanna,30,Male,Nizamabad,Uttarakhand,Government Employee,44530.0,2026-04-27
C02052,Aryan Balay,34,Female,Danapur,Goa,Business Owner,64117.0,2025-03-18
C02053,Kashvi Kant,53,Female,Jalna,Assam,Other,193837.0,2021-12-13
C02054,Samar Din,58,Male,Bhubaneswar,Chhattisgarh,Other,21081.0,2022-07-13
C02055,Jeevika Sridhar,54,Male,Nadiad,Uttarakhand,Student,40141.0,2024-01-11
C02056,Aarush Andra,36,Female,Madhyamgram,Uttarakhand,Teacher,106155.0,2021-11-12
C02057,Imaran Dhawan,22,Female,Hospet,Andhra Pradesh,Teacher,123329.0,2024-12-06
C02058,Manbir Sankaran,44,Male,Gandhidham,Nagaland,Government Employee,60311.0,2023-12-06
C02059,Odika Narayan,22,Male,Thanjavur,Goa,Sales Executive,192894.0,2024-08-10
C02060,Jacob Ahuja,51,Female,Vasai-Virar,Sikkim,Accountant,175767.0,2024-10-28
C02061,Harsh Bhakta,63,Male,Nagercoil,Telangana,Government Employee,31494.0,2023-09-20
C02062,Hemani Lad,62,Female,Alappuzha,Himachal Pradesh,Government Employee,169201.0,2022-01-18
C02063,Oscar Natt,29,Male,Indore,Jharkhand,Software Engineer,188727.0,2024-10-22
C02064,Kiaan Pall,39,Female,Morbi,West Bengal,Software Engineer,38539.0,2025-03-17
C02065,Bachittar Ramaswamy,56,Female,Cuttack,Kerala,Teacher,124558.0,2022-04-07
C02066,Ridhi Balasubramanian,37,Male,Bhalswa Jahangir Pur,Gujarat,Doctor,124573.0,2025-05-17
C02067,Vedhika Nadig,26,Male,Ratlam,Sikkim,Doctor,62713.0,2024-05-01
C02068,Tanmayi Narasimhan,45,Female,Shivpuri,Telangana,Accountant,189651.0,2025-07-17
C02069,Anamika Bhandari,62,Male,Kishanganj,Maharashtra,Teacher,98262.0,2023-01-02
C02070,Amara Sura,52,Female,Surat,Rajasthan,Accountant,199558.0,2022-11-17
C02071,Jonathan Bains,59,Male,Thoothukudi,Maharashtra,Government Employee,194462.0,2025-02-23
C02072,Madhav Pant,27,Female,Yamunanagar,Uttarakhand,Farmer,72395.0,2023-07-14
C02073,Charles Kohli,52,Female,Surat,Odisha,Student,144895.0,2022-10-30
C02074,Vasana Kalita,38,Female,Dewas,Goa,Teacher,130765.0,2023-09-06
C02075,Peter Patil,44,Male,Guntakal,Mizoram,Student,185330.0,2023-09-02
C02076,Oscar Babu,48,Male,Jamalpur,Kerala,Software Engineer,154569.0,2025-03-01
C02077,Bhanumati Bhargava,42,Female,Bhiwandi,Bihar,Doctor,189767.0,2026-05-14
C02078,Bhavna Johal,64,Male,Darbhanga,Odisha,Sales Executive,158222.0,2021-10-15
C02079,Jatin Bhasin,61,Male,Delhi,Mizoram,Accountant,142740.0,2023-06-02
C02080,Triveni Balasubramanian,48,Male,Ambarnath,Jharkhand,Sales Executive,98746.0,2022-07-29
C02081,Nidhi Mukhopadhyay,30,Male,Bhubaneswar,Madhya Pradesh,Accountant,85183.0,2025-05-27
C02082,Jhalak Patla,54,Female,Kakinada,Telangana,Accountant,169038.0,2021-10-19
C02083,Ikshita Dhar,24,Male,Ratlam,Assam,Software Engineer,154588.0,2023-09-11
C02084,Aarush Mane,27,Female,Berhampore,Maharashtra,Student,44768.0,2022-10-13
C02085,Raghav Chana,50,Female,Burhanpur,Chhattisgarh,Government Employee,86810.0,2025-01-12
C02086,Hredhaan Dutt,58,Male,Vijayawada,Sikkim,Farmer,24264.0,2022-03-21
C02087,Kabir Raja,28,Female,Gopalpur,Telangana,Business Owner,67764.0,2022-05-02
C02088,Faris Pingle,46,Male,Nagercoil,Jharkhand,Teacher,129117.0,2022-10-01
C02089,Arunima Swaminathan,40,Female,Mango,Kerala,Other,139275.0,2025-12-15
C02090,Girik Ramakrishnan,63,Female,Hazaribagh,Karnataka,Other,89487.0,2025-08-03
C02091,Triya Borra,42,Male,Udupi,Maharashtra,Doctor,68519.0,2025-03-01
C02092,Tanmayi Sawhney,26,Female,Jorhat,Bihar,Teacher,133717.0,2022-01-19
C02093,Jhalak Ravi,55,Male,Dhanbad,Nagaland,Software Engineer,123529.0,2022-07-17
C02094,Bhavika Roy,28,Male,Davanagere,Haryana,Business Owner,191914.0,2025-09-14
C02095,Maanas Khurana,51,Female,Pondicherry,Odisha,Student,192416.0,2021-11-28
C02096,Mugdha Dar,59,Female,Nellore,Mizoram,Accountant,182135.0,2023-05-20
C02097,Yuvraj Ravi,60,Female,Bhilwara,Tripura,Student,99339.0,2021-09-26
C02098,Gaurangi Vig,26,Male,Shimla,Rajasthan,Business Owner,23637.0,2023-08-17
C02099,Megha Om,33,Male,Mangalore,Karnataka,Software Engineer,69341.0,2024-12-15
C02100,Harshil Chana,22,Male,Erode,Andhra Pradesh,Sales Executive,190032.0,2026-06-12
C02101,Dipta Ramachandran,30,Male,Madhyamgram,Manipur,Student,184117.0,2024-10-17
C02102,Jeet Divan,55,Male,Deoghar,Rajasthan,Teacher,98883.0,2022-10-03
C02103,Hemal Mohan,50,Male,Pune,Sikkim,Sales Executive,130593.0,2023-06-28
C02104,Prisha Nagy,22,Male,Warangal,Tamil Nadu,Business Owner,59956.0,2022-03-16
C02105,Anika Sachdev,65,Female,Belgaum,Tripura,Sales Executive,143598.0,2025-10-27
C02106,Jack Sunder,22,Female,Gwalior,Uttar Pradesh,Other,83603.0,2025-11-12
C02107,Nathaniel Morar,33,Female,Kozhikode,Odisha,Other,122690.0,2022-01-22
C02108,Reva Mangat,24,Female,Hosur,Bihar,Software Engineer,46912.0,2023-11-28
C02109,Manya Bhat,61,Female,Bahraich,Punjab,Student,149945.0,2025-12-28
C02110,Eshana Mody,58,Female,Narasaraopet,Tamil Nadu,Software Engineer,147794.0,2025-02-15
C02111,Benjamin Narasimhan,46,Female,Thiruvananthapuram,Chhattisgarh,Farmer,174937.0,2024-09-05
C02112,Chameli Wali,60,Female,Bhavnagar,Gujarat,Doctor,35913.0,2025-05-09
C02113,Aishani Shanker,54,Male,Machilipatnam,Jharkhand,Student,171100.0,2022-03-18
C02114,Ojas Varty,41,Male,Solapur,Jharkhand,Accountant,189948.0,2024-04-17
C02115,Upkaar Bail,47,Female,Jorhat,Madhya Pradesh,Teacher,149705.0,2025-03-06
C02116,Abhimanyu Chahal,60,Female,Saharsa,Nagaland,Sales Executive,134355.0,2023-02-21
C02117,Pahal Sharaf,22,Male,Dehri,Jharkhand,Accountant,70384.0,2024-03-08
C02118,Arjun Nadkarni,51,Female,Bhalswa Jahangir Pur,Uttarakhand,Sales Executive,80844.0,2022-10-09
C02119,Yug Ahuja,53,Male,Patna,Telangana,Other,199561.0,2023-01-30
C02120,Chatura Ratti,42,Female,Asansol,West Bengal,Business Owner,96911.0,2021-09-24
C02121,Ryan Lall,45,Female,Pali,Maharashtra,Government Employee,143817.0,2026-08-01
C02122,Wridesh Setty,31,Male,Chandigarh,Chhattisgarh,Accountant,42594.0,2022-09-16
C02123,Devika Parekh,63,Female,Jamalpur,Mizoram,Business Owner,65427.0,2024-05-24
C02124,Tamanna Khare,33,Male,Shahjahanpur,Mizoram,Other,149023.0,2023-04-12
C02125,Siddharth Pai,27,Female,Bhubaneswar,West Bengal,Sales Executive,99600.0,2024-03-08
C02126,Jasmit Gala,36,Male,Hindupur,Andhra Pradesh,Farmer,32333.0,2024-01-07
C02127,Janaki Raj,22,Female,Vasai-Virar,Rajasthan,Accountant,113596.0,2026-07-01
C02128,Girish Prakash,64,Male,Vijayanagaram,Gujarat,Business Owner,151983.0,2026-07-05
C02129,Oeshi Kuruvilla,23,Male,Mehsana,Tripura,Government Employee,132884.0,2021-10-15
C02130,Orinder Datta,28,Male,Kavali,West Bengal,Teacher,167320.0,2022-05-24
C02131,Anamika Dugar,35,Female,Kollam,Maharashtra,Accountant,109213.0,2025-07-04
C02132,Oni Dubey,43,Male,Bihar Sharif,Goa,Farmer,90121.0,2022-06-12
C02133,Jeevika Gour,30,Male,Dhanbad,Madhya Pradesh,Software Engineer,134773.0,2023-03-19
C02134,Reva D’Alia,50,Male,Chittoor,Gujarat,Teacher,180057.0,2024-06-23
C02135,Ikbal Sachdeva,60,Male,Kakinada,Rajasthan,Farmer,31002.0,2025-01-22
C02136,Reyansh Sathe,53,Male,Bhiwandi,West Bengal,Business Owner,185131.0,2025-05-24
C02137,Osha Rajan,28,Male,Chittoor,Kerala,Government Employee,61165.0,2023-02-26
C02138,Onkar Ben,39,Female,Ujjain,Telangana,Farmer,150650.0,2024-01-31
C02139,Tanveer Lall,27,Male,Sri Ganganagar,West Bengal,Government Employee,107715.0,2024-09-05
C02140,Tara Kale,29,Male,Imphal,Odisha,Doctor,135109.0,2025-05-14
C02141,Advay Din,47,Male,Aurangabad,Goa,Doctor,144168.0,2024-02-21
C02142,Vihaan Chauhan,42,Female,Kanpur,Madhya Pradesh,Farmer,64895.0,2022-10-27
C02143,Caleb Loke,26,Female,Gaya,Haryana,Government Employee,128792.0,2023-02-08
C02144,Krish Swamy,44,Male,Ranchi,Tripura,Business Owner,158844.0,2024-06-07
C02145,Akshay Sood,47,Male,Bilaspur,Andhra Pradesh,Business Owner,132413.0,2024-09-15
C02146,Radha Bhardwaj,47,Female,Tumkur,Mizoram,Sales Executive,155307.0,2023-07-06
C02147,Rayaan Pillay,64,Female,Salem,Arunachal Pradesh,Software Engineer,136019.0,2022-05-18
C02148,Anthony Lanka,30,Male,Vellore,Assam,Farmer,38240.0,2024-11-23
C02149,Krishna Dalal,26,Female,Morena,Uttarakhand,Government Employee,125290.0,2025-12-27
C02150,George Murty,31,Female,Darbhanga,Tripura,Software Engineer,123092.0,2021-10-03
C02151,Samar Raghavan,23,Male,Ambarnath,Madhya Pradesh,Other,35154.0,2023-05-01
C02152,Noah Chatterjee,61,Female,Guna,Himachal Pradesh,Student,125382.0,2024-03-21
C02153,Krishna Kapur,64,Female,Jamalpur,Bihar,Government Employee,110218.0,2025-12-16
C02154,Daksh Thaman,21,Female,Tezpur,Punjab,Farmer,180012.0,2021-12-25
C02155,Rachita Dutt,30,Female,Adoni,Tripura,Sales Executive,188789.0,2026-02-05
C02156,Maanav Bhatti,34,Female,Ludhiana,Sikkim,Government Employee,190067.0,2026-04-19
C02157,Anjali Varty,46,Male,Dharmavaram,Himachal Pradesh,Accountant,42093.0,2025-09-22
C02158,Gavin Mangat,23,Female,Pune,Mizoram,Student,53031.0,2025-03-07
C02159,Rushil Bali,54,Female,Bangalore,Rajasthan,Doctor,44332.0,2024-06-23
C02160,Sarthak Dubey,53,Female,Imphal,Maharashtra,Farmer,109314.0,2025-08-04
C02161,Vasatika Choudhary,61,Male,Bilaspur,West Bengal,Software Engineer,27311.0,2023-06-28
C02162,Viraj Khosla,55,Female,Kakinada,Chhattisgarh,Doctor,99676.0,2024-04-29
C02163,Jalsa Lad,48,Male,Ichalkaranji,Assam,Software Engineer,117774.0,2022-06-30
C02164,Jonathan Chatterjee,37,Female,Tiruppur,Sikkim,Teacher,32512.0,2025-05-02
C02165,Gunbir Bhalla,62,Male,Dewas,Assam,Sales Executive,98108.0,2025-06-30
C02166,Vincent Bose,57,Male,Medininagar,Goa,Sales Executive,108861.0,2024-09-04
C02167,Yamini Kara,36,Male,Bettiah,Haryana,Government Employee,98433.0,2025-09-10
C02168,Mekhala Ramachandran,39,Male,Ballia,Kerala,Student,156227.0,2023-03-12
C02169,Deepa Chanda,36,Male,Jamalpur,Uttarakhand,Government Employee,155384.0,2021-09-23
C02170,Ishaan Basu,58,Male,Shimla,Odisha,Government Employee,139094.0,2025-09-17
C02171,Neha Devan,27,Male,Aurangabad,Bihar,Student,128017.0,2024-07-26
C02172,Maanas Zachariah,26,Male,Hyderabad,Goa,Software Engineer,131381.0,2025-07-31
C02173,Rohan Divan,29,Female,Nagaon,Chhattisgarh,Doctor,136959.0,2025-07-12
C02174,Aachal Raju,25,Female,Ranchi,Sikkim,Farmer,125579.0,2024-04-12
C02175,Ubika Goel,58,Female,Nashik,Gujarat,Accountant,173171.0,2023-08-25
C02176,Rachita Rastogi,52,Female,Munger,Tripura,Sales Executive,148330.0,2026-04-15
C02177,Karan Bhagat,47,Male,Howrah,Karnataka,Business Owner,152588.0,2021-11-28
C02178,Maanas Datta,29,Female,Raichur,Jharkhand,Sales Executive,53917.0,2026-05-11
C02179,Krishna Nayar,53,Male,Srikakulam,West Bengal,Doctor,139388.0,2022-08-11
C02180,Ranveer Sahota,51,Male,Shimoga,Madhya Pradesh,Business Owner,166545.0,2023-04-26
C02181,Quincy Mangal,44,Male,Mumbai,Meghalaya,Other,127117.0,2023-09-18
C02182,Hemani Chander,28,Male,Shimla,Mizoram,Government Employee,169884.0,2022-03-03
C02183,Yachana Parsa,39,Male,Pimpri-Chinchwad,Mizoram,Farmer,60187.0,2023-06-06
C02184,Chaman Munshi,28,Female,Alappuzha,Mizoram,Accountant,118162.0,2021-10-20
C02185,Tanvi Dar,40,Female,Alwar,Tamil Nadu,Sales Executive,27334.0,2022-03-29
C02186,Ryan Dani,30,Male,Solapur,Tripura,Other,130561.0,2022-10-18
C02187,Sai Venkataraman,24,Female,Davanagere,Himachal Pradesh,Accountant,76513.0,2022-09-25
C02188,Janaki Rama,32,Female,Pali,Arunachal Pradesh,Software Engineer,52067.0,2022-06-14
C02189,Saumya Bakshi,56,Female,Imphal,Punjab,Teacher,31713.0,2026-02-13
C02190,Karan Mahajan,47,Female,Phusro,Tamil Nadu,Other,101186.0,2026-04-18
C02191,Dalbir Gupta,57,Female,Kolhapur,Kerala,Government Employee,118908.0,2024-02-10
C02192,Isaiah Thaker,51,Male,Moradabad,Odisha,Business Owner,152320.0,2021-12-09
C02193,Bhavya Bandi,61,Female,Sonipat,Haryana,Sales Executive,194907.0,2022-01-30
C02194,Urvashi Barman,49,Male,Ramagundam,Uttarakhand,Government Employee,43413.0,2026-04-08
C02195,Urishilla Parmer,60,Female,Bhilai,Mizoram,Student,81032.0,2024-07-07
C02196,Neel Devan,46,Female,Erode,Madhya Pradesh,Farmer,32011.0,2026-03-20
C02197,Neelima Kuruvilla,63,Female,Chandrapur,Telangana,Accountant,189323.0,2023-01-30
C02198,Onkar Pai,26,Male,Gopalpur,Odisha,Software Engineer,169945.0,2024-05-20
C02199,Bhavani Sura,61,Female,Anantapuram,Goa,Farmer,189124.0,2021-12-26
C02200,Eesha Gill,28,Male,Bhagalpur,Uttar Pradesh,Doctor,182189.0,2023-11-30
C02201,Simon Dhillon,55,Male,Kottayam,Mizoram,Other,156774.0,2024-09-14
C02202,Nisha Tandon,33,Female,Madhyamgram,Nagaland,Farmer,24892.0,2025-07-02
C02203,Peter Sami,28,Male,Jehanabad,Uttarakhand,Software Engineer,92079.0,2023-09-03
C02204,Idika Mandal,34,Male,Ambattur,Karnataka,Other,136452.0,2022-02-10
C02205,Finn Gupta,26,Female,Gudivada,Uttarakhand,Student,174374.0,2023-02-03
C02206,Jalsa Nayak,23,Female,Ajmer,Haryana,Software Engineer,109117.0,2024-02-16
C02207,Azad Bahl,48,Male,Avadi,Assam,Student,26306.0,2022-05-08
C02208,Omisha Chad,54,Female,Agartala,Goa,Student,87417.0,2025-06-01
C02209,Idika Kota,26,Male,Mangalore,Assam,Teacher,162024.0,2023-10-29
C02210,Bimala Dara,31,Female,Pimpri-Chinchwad,Uttarakhand,Business Owner,67885.0,2026-08-07
C02211,Chatura Nagar,37,Male,Moradabad,Meghalaya,Business Owner,100424.0,2024-03-09
C02212,Baljiwan Patel,47,Male,Thrissur,Jharkhand,Software Engineer,181081.0,2021-11-14
C02213,Jalsa Krishnan,41,Male,Jamnagar,Telangana,Software Engineer,35335.0,2022-03-21
C02214,Lila Sharma,40,Female,Dhanbad,Himachal Pradesh,Teacher,103896.0,2025-01-12
C02215,Luke Dara,30,Female,Karnal,Goa,Government Employee,87615.0,2024-05-13
C02216,Kashish Sem,45,Male,Bharatpur,West Bengal,Software Engineer,73099.0,2022-07-20
C02217,Damyanti Kant,36,Male,Chandigarh,Maharashtra,Sales Executive,153332.0,2025-07-16
C02218,Gaurika Madan,53,Female,Karimnagar,Tripura,Teacher,90592.0,2025-12-29
C02219,Ishwar Natarajan,24,Female,Allahabad,Chhattisgarh,Sales Executive,164997.0,2022-05-12
C02220,Agastya Oak,47,Male,Tirupati,Kerala,Sales Executive,27577.0,2025-02-12
C02221,Neha Sachdev,47,Male,Satara,Haryana,Software Engineer,90558.0,2023-05-23
C02222,William Kapur,56,Male,Mirzapur,Arunachal Pradesh,Doctor,165413.0,2022-11-24
C02223,Naveen Ray,62,Male,Hapur,Nagaland,Accountant,168962.0,2025-03-22
C02224,Udarsh Hayer,47,Female,Anantapuram,Madhya Pradesh,Teacher,186670.0,2025-04-22
C02225,Tanvi Nadkarni,53,Male,Durgapur,Bihar,Business Owner,117859.0,2026-05-14
C02226,Pratyush Trivedi,55,Male,Gudivada,Assam,Doctor,160911.0,2023-09-12
C02227,Bhavya Ganesh,48,Female,Danapur,Telangana,Software Engineer,20262.0,2025-03-20
C02228,Neha Sarma,50,Female,Bardhaman,Gujarat,Business Owner,20142.0,2025-09-09
C02229,Jairaj Gade,24,Female,Jalna,Meghalaya,Accountant,176727.0,2022-02-27
C02230,Advik Rastogi,37,Female,Bathinda,Gujarat,Government Employee,185729.0,2022-06-11
C02231,Ishita Anand,34,Female,Kochi,Mizoram,Software Engineer,62314.0,2023-05-13
C02232,Oscar Palla,55,Male,Ahmednagar,Himachal Pradesh,Accountant,43518.0,2026-08-26
C02233,Zehaan Varma,46,Male,Satara,Nagaland,Business Owner,165877.0,2024-04-10
C02234,Kavya Suresh,38,Female,Miryalaguda,Odisha,Doctor,180024.0,2026-01-14
C02235,Janani Sangha,53,Female,Panvel,Jharkhand,Government Employee,186505.0,2023-06-12
C02236,Dhruv Banerjee,37,Female,Bardhaman,Gujarat,Accountant,84468.0,2025-09-24
C02237,Zaitra Tailor,63,Female,Hazaribagh,Maharashtra,Government Employee,75213.0,2022-02-28
C02238,Orinder Deo,50,Female,Bally,Manipur,Software Engineer,55055.0,2023-12-09
C02239,Samar Ranganathan,62,Male,Ulhasnagar,Chhattisgarh,Other,144919.0,2022-02-10
C02240,Caleb Loyal,21,Male,Ujjain,Odisha,Business Owner,128308.0,2026-03-03
C02241,Victor Ramesh,56,Female,Mahbubnagar,Meghalaya,Student,161067.0,2026-05-27
C02242,Pavani Dutta,26,Male,Dharmavaram,Arunachal Pradesh,Farmer,28112.0,2023-03-24
C02243,Nihal Mann,63,Female,Shimla,Nagaland,Teacher,112535.0,2021-09-19
C02244,Jatin Agrawal,45,Female,Kavali,Maharashtra,Student,66448.0,2025-06-08
C02245,Abdul Swaminathan,65,Male,Jehanabad,Himachal Pradesh,Teacher,141292.0,2023-12-11
C02246,Upkaar Kumar,44,Male,Tiruppur,Odisha,Sales Executive,22454.0,2024-02-14
C02247,Anamika Johal,35,Male,Katni,Manipur,Accountant,198403.0,2024-05-19
C02248,Balhaar Mitra,43,Male,Hazaribagh,Himachal Pradesh,Teacher,180810.0,2023-09-11
C02249,Eiravati Ahluwalia,61,Female,Hyderabad,Kerala,Doctor,81409.0,2024-09-19
C02250,Chanchal Pillay,52,Female,Nizamabad,Jharkhand,Software Engineer,93598.0,2022-05-13
C02251,Akshay Kalita,52,Male,Yamunanagar,Punjab,Software Engineer,71402.0,2023-07-16
C02252,Ekani Sem,61,Female,Agartala,Maharashtra,Teacher,92704.0,2022-05-21
C02253,Aarini Pandya,57,Female,Vasai-Virar,Haryana,Business Owner,164647.0,2025-08-14
C02254,Hemani Mistry,33,Male,Amroha,Chhattisgarh,Teacher,174183.0,2024-06-01
C02255,Zehaan Minhas,29,Male,Siwan,Arunachal Pradesh,Business Owner,88058.0,2025-07-11
C02256,Nitara Sule,57,Male,Bidar,Meghalaya,Farmer,91913.0,2025-08-19
C02257,Amruta Ramachandran,33,Male,Parbhani,Haryana,Farmer,181076.0,2025-12-06
C02258,Pranit Bedi,37,Female,Junagadh,Manipur,Software Engineer,131965.0,2025-07-22
C02259,Forum Wagle,62,Male,Nadiad,Nagaland,Government Employee,133389.0,2024-09-01
C02260,Yashasvi Roy,47,Female,Bulandshahr,Sikkim,Teacher,198303.0,2024-05-12
C02261,Yatin Kota,54,Female,Rajpur Sonarpur,Telangana,Sales Executive,114757.0,2022-11-05
C02262,Edhitha Kala,54,Male,Bhusawal,Andhra Pradesh,Doctor,32311.0,2023-04-12
C02263,Eta Sabharwal,38,Female,Jammu,Jharkhand,Farmer,137666.0,2024-10-02
C02264,Radha Hegde,41,Male,Gangtok,Chhattisgarh,Student,71015.0,2024-08-28
C02265,Veer Sama,42,Male,Bhusawal,Nagaland,Other,26651.0,2023-04-18
C02266,Indrajit Doctor,35,Female,Medininagar,Rajasthan,Teacher,85531.0,2023-02-25
C02267,Chaman Kant,33,Male,Rajahmundry,Odisha,Government Employee,101475.0,2023-01-18
C02268,Zaitra Divan,25,Male,Mehsana,Chhattisgarh,Software Engineer,145820.0,2025-07-29
C02269,Mitali Bera,48,Male,Katihar,Haryana,Other,184180.0,2023-10-09
C02270,Alka Saraf,42,Female,Bharatpur,Andhra Pradesh,Doctor,48269.0,2023-05-01
C02271,Ekbal Munshi,51,Male,Ambala,Karnataka,Government Employee,34269.0,2026-03-21
C02272,Gautami Om,42,Male,Rohtak,Gujarat,Teacher,177277.0,2022-07-10
C02273,Neha Nagi,60,Female,Anantapur,Himachal Pradesh,Teacher,183931.0,2021-11-25
C02274,Rushil Narula,49,Male,Loni,Mizoram,Teacher,35908.0,2025-11-29
C02275,Zilmil Sachdeva,23,Female,Naihati,Goa,Government Employee,37046.0,2025-09-08
C02276,Patrick Natt,29,Male,Firozabad,Gujarat,Sales Executive,34362.0,2021-11-26
C02277,Yashawini Divan,40,Female,Sonipat,Arunachal Pradesh,Teacher,46693.0,2024-03-09
C02278,Prisha Sami,64,Male,Madhyamgram,Andhra Pradesh,Farmer,33684.0,2023-10-02
C02279,Tanveer Rege,39,Female,Thrissur,Nagaland,Student,45121.0,2023-11-20
C02280,Vaishnavi Sarin,60,Female,Imphal,Kerala,Doctor,177175.0,2022-12-26
C02281,Damyanti Kala,63,Male,Erode,Kerala,Sales Executive,120642.0,2023-07-29
C02282,Nicholas Raju,50,Female,Hospet,Goa,Other,182327.0,2022-11-08
C02283,Waida Bath,27,Female,Belgaum,Tamil Nadu,Software Engineer,139033.0,2024-04-03
C02284,Om Kuruvilla,54,Female,Miryalaguda,Haryana,Other,70457.0,2022-02-22
C02285,Mohini Prabhu,27,Male,Nagpur,Assam,Software Engineer,176021.0,2025-04-07
C02286,Ubika Bhardwaj,25,Male,Karaikudi,Assam,Other,53025.0,2023-11-15
C02287,Ekanta Bhatti,61,Female,Tumkur,Uttar Pradesh,Government Employee,130364.0,2023-03-01
C02288,Avni Chad,51,Female,Rampur,Chhattisgarh,Business Owner,83740.0,2022-09-18
C02289,Hiral Rama,29,Male,Jalandhar,Meghalaya,Software Engineer,53470.0,2024-01-29
C02290,Megha Raghavan,40,Female,Bulandshahr,Kerala,Farmer,190840.0,2023-07-26
C02291,Benjamin Mohanty,43,Female,Gulbarga,Manipur,Other,161857.0,2023-03-14
C02292,Sanaya Sura,30,Male,Panchkula,Goa,Sales Executive,100917.0,2023-04-10
C02293,Chanchal Choudhry,59,Female,Kurnool,Haryana,Accountant,116686.0,2025-07-04
C02294,Kashvi Venkatesh,21,Male,Durgapur,Punjab,Software Engineer,82229.0,2026-06-23
C02295,Avni Barad,53,Male,Patiala,Nagaland,Student,110129.0,2023-12-20
C02296,Zayyan Kaur,33,Male,Thane,Gujarat,Doctor,37931.0,2025-09-04
C02297,Darsh Chaudry,42,Male,Thoothukudi,Mizoram,Sales Executive,142526.0,2026-08-27
C02298,Dalbir Om,59,Female,Avadi,Kerala,Other,168398.0,2026-03-23
C02299,Dev Doshi,42,Female,Sagar,Andhra Pradesh,Student,106145.0,2023-09-05
C02300,Abhiram Badami,31,Male,Sasaram,Haryana,Sales Executive,31060.0,2023-06-15
C02301,Yatin Shanker,52,Male,Pali,Chhattisgarh,Software Engineer,187448.0,2025-11-14
C02302,Amrita Devan,35,Male,Dindigul,Arunachal Pradesh,Sales Executive,183556.0,2023-04-24
C02303,Faraj Pathak,34,Male,Raichur,Kerala,Sales Executive,106904.0,2024-06-28
C02304,Manthan Char,45,Male,Ajmer,Andhra Pradesh,Student,68298.0,2023-02-27
C02305,Gautam Dash,21,Female,Ambala,Andhra Pradesh,Software Engineer,39328.0,2025-10-14
C02306,Lavanya Merchant,43,Male,Burhanpur,Sikkim,Farmer,50196.0,2025-01-12
C02307,Balveer Bansal,30,Female,Ghaziabad,Chhattisgarh,Sales Executive,70961.0,2026-08-14
C02308,Amrita Palla,61,Female,Rajahmundry,Arunachal Pradesh,Software Engineer,27781.0,2022-11-21
C02309,Harsh Borra,33,Male,Asansol,Nagaland,Accountant,65651.0,2024-07-24
C02310,Jacob Parekh,35,Female,Aurangabad,Karnataka,Business Owner,109081.0,2026-05-21
C02311,Arjun Nagarajan,56,Male,Jehanabad,Madhya Pradesh,Business Owner,71376.0,2025-10-26
C02312,Krisha Gill,22,Male,Tiruchirappalli,Bihar,Accountant,46526.0,2026-04-15
C02313,Yashica Pingle,22,Male,Gudivada,Chhattisgarh,Student,191670.0,2024-07-13
C02314,Rayaan Gour,28,Female,Bhiwandi,Telangana,Doctor,99972.0,2025-05-06
C02315,Oscar Rao,50,Male,Gudivada,Karnataka,Government Employee,117609.0,2022-01-10
C02316,Jeevika Ratti,63,Male,Bathinda,Rajasthan,Farmer,183369.0,2022-12-26
C02317,Qasim Devan,48,Male,Medininagar,Haryana,Teacher,57862.0,2022-06-12
C02318,Nidhi Devi,29,Male,Ludhiana,Sikkim,Doctor,159606.0,2024-02-29
C02319,Devansh Raval,45,Female,Hapur,Chhattisgarh,Government Employee,177168.0,2024-11-23
C02320,Widisha Ben,48,Male,Jamshedpur,Andhra Pradesh,Software Engineer,181488.0,2022-10-26
C02321,Vamakshi Malhotra,58,Male,Ambarnath,Haryana,Farmer,97118.0,2022-01-14
C02322,Pahal Sarraf,30,Female,Begusarai,Chhattisgarh,Doctor,33961.0,2022-04-15
C02323,Gaurang Mitra,61,Female,Arrah,Telangana,Business Owner,153239.0,2023-09-14
C02324,Yashvi Baria,58,Female,Siliguri,Gujarat,Doctor,41340.0,2026-06-17
C02325,Bahadurjit Jha,51,Male,Adoni,Manipur,Business Owner,153330.0,2024-11-22
C02326,Zarna Chakraborty,45,Female,Bhalswa Jahangir Pur,Arunachal Pradesh,Sales Executive,156024.0,2022-04-12
C02327,Shivansh Dugar,50,Male,Jodhpur,Karnataka,Government Employee,118010.0,2025-08-21
C02328,Gayathri Cherian,54,Female,Visakhapatnam,Kerala,Sales Executive,144192.0,2025-06-18
C02329,Baghyawati Naik,38,Female,Sri Ganganagar,Telangana,Other,190324.0,2023-04-26
C02330,Naksh Raman,23,Male,Tadipatri,Odisha,Doctor,73215.0,2022-12-15
C02331,Tarak Shan,49,Male,Udupi,West Bengal,Student,77303.0,2025-05-26
C02332,Adya Aggarwal,40,Female,Kulti,Bihar,Student,169781.0,2022-09-28
C02333,Radha Venkatesh,31,Female,Tadepalligudem,Telangana,Accountant,164323.0,2026-08-18
C02334,Yoshita Raj,26,Male,Chinsurah,Meghalaya,Teacher,97345.0,2021-12-26
C02335,Tanvi Padmanabhan,49,Female,Rajpur Sonarpur,Punjab,Doctor,173082.0,2023-05-04
C02336,Qarin Sanghvi,23,Female,Varanasi,Nagaland,Farmer,182824.0,2022-10-21
C02337,Reyansh Ganesh,42,Female,Tadepalligudem,Telangana,Sales Executive,142565.0,2022-12-11
C02338,Manthan Chahal,48,Female,Kamarhati,Arunachal Pradesh,Government Employee,150427.0,2025-02-26
C02339,Shivani Balakrishnan,41,Female,Silchar,Manipur,Student,26479.0,2022-04-01
C02340,Anika Dalal,32,Female,Khandwa,Himachal Pradesh,Doctor,89631.0,2025-08-19
C02341,Udarsh Wali,62,Male,Tirunelveli,Madhya Pradesh,Government Employee,41605.0,2025-10-11
C02342,Arjun Rajan,39,Male,Raipur,Karnataka,Accountant,79701.0,2026-06-17
C02343,Indira Vyas,27,Male,Bellary,Punjab,Teacher,114433.0,2022-03-17
C02344,Manbir Baria,23,Male,Ghaziabad,Uttarakhand,Government Employee,71549.0,2023-12-08
C02345,Ekiya Uppal,64,Female,Tirupati,Nagaland,Accountant,99355.0,2022-02-12
C02346,Chaitanya Char,64,Female,Ballia,Himachal Pradesh,Doctor,178343.0,2025-11-01
C02347,Veda Chaudhry,29,Female,Bhiwandi,Bihar,Software Engineer,98505.0,2024-01-03
C02348,Gauri Subramanian,39,Female,Phusro,Bihar,Student,126367.0,2026-04-11
C02349,Anirudh Choudhary,58,Male,Rajahmundry,Meghalaya,Sales Executive,191466.0,2022-01-30
C02350,Sai Pandit,53,Male,Agartala,Andhra Pradesh,Student,79658.0,2022-12-05
C02351,Eiravati Sant,35,Male,Jalgaon,Haryana,Sales Executive,81269.0,2023-06-27
C02352,Ishwar Bhargava,54,Female,Jalandhar,Uttar Pradesh,Sales Executive,109301.0,2023-01-25
C02353,Vansha Kota,26,Female,Ludhiana,Goa,Doctor,132405.0,2025-03-20
C02354,Yauvani Mahal,65,Female,Khandwa,Odisha,Doctor,134997.0,2026-05-12
C02355,Pahal Desai,49,Male,Davanagere,Rajasthan,Government Employee,56424.0,2025-10-18
C02356,Dalbir Sachdev,57,Male,Mango,West Bengal,Accountant,22537.0,2025-11-13
C02357,Balvan Wadhwa,52,Female,Guntur,Bihar,Government Employee,79111.0,2022-11-08
C02358,Harinakshi Subramaniam,47,Female,Berhampore,Tripura,Student,160929.0,2023-06-12
C02359,Rachit Radhakrishnan,40,Female,Ongole,Punjab,Other,26092.0,2023-05-05
C02360,Yoshita Shetty,57,Male,Pondicherry,Kerala,Business Owner,60289.0,2022-03-12
C02361,Unnati Swamy,42,Female,Loni,Nagaland,Student,73531.0,2022-04-22
C02362,Geetika Jha,46,Male,Shahjahanpur,Odisha,Farmer,121301.0,2025-10-13
C02363,Madhav Chacko,33,Female,Gulbarga,Tamil Nadu,Teacher,106203.0,2026-01-26
C02364,Faris Korpal,57,Female,Tenali,Uttar Pradesh,Accountant,44442.0,2024-10-12
C02365,Chakrika Chaudhary,31,Male,Guwahati,Madhya Pradesh,Farmer,66566.0,2026-07-02
C02366,Lavanya Kala,23,Female,Raichur,Himachal Pradesh,Software Engineer,68940.0,2026-04-09
C02367,Bhanumati Sandhu,33,Male,Khora ,West Bengal,Student,94401.0,2022-10-19
C02368,Odika Walia,34,Male,Ajmer,Punjab,Accountant,192902.0,2025-03-16
C02369,Xiti Iyer,54,Male,Ballia,Assam,Sales Executive,35061.0,2021-11-01
C02370,Ekalinga Kulkarni,44,Male,Anantapuram,Kerala,Business Owner,105661.0,2022-05-09
C02371,Ayushman Ratta,47,Female,Jamnagar,Tamil Nadu,Business Owner,49030.0,2024-11-12
C02372,Orinder Minhas,29,Female,Thiruvananthapuram,Karnataka,Sales Executive,38025.0,2025-01-21
C02373,Qabil Verma,45,Male,Imphal,Haryana,Business Owner,73916.0,2021-11-03
C02374,Yatan Sani,40,Female,Buxar,Jharkhand,Sales Executive,61623.0,2021-12-29
C02375,Indali Thakur,59,Female,Ulhasnagar,Andhra Pradesh,Other,73208.0,2026-01-20
C02376,Kamala Kaur,53,Female,Anand,Meghalaya,Accountant,72875.0,2026-04-04
C02377,Wishi More,21,Male,Gandhidham,Nagaland,Sales Executive,36769.0,2025-05-20
C02378,Meghana Yogi,46,Male,Patna,Himachal Pradesh,Farmer,106216.0,2023-06-29
C02379,Avni Buch,57,Female,Anantapuram,Jharkhand,Sales Executive,141292.0,2025-12-08
C02380,Damyanti Dasgupta,57,Male,Deoghar,Tripura,Teacher,95474.0,2024-03-31
C02381,Bina Buch,62,Female,Tinsukia,Mizoram,Government Employee,97974.0,2025-04-22
C02382,Anya Parikh,46,Male,Kalyan-Dombivli,Mizoram,Student,85309.0,2024-10-13
C02383,Yash Deol,32,Female,Dehradun,Kerala,Sales Executive,120837.0,2022-12-29
C02384,Lakshmi Mandal,63,Male,Raipur,Maharashtra,Other,45043.0,2024-12-10
C02385,Anirudh Natarajan,46,Male,Morbi,Tripura,Doctor,61400.0,2025-05-17
C02386,Yagnesh Patla,38,Female,Korba,Chhattisgarh,Teacher,76952.0,2021-12-26
C02387,Osha Dass,52,Female,Nanded,Bihar,Farmer,51779.0,2022-08-13
C02388,Ikbal Sandhu,44,Male,Nagaon,Manipur,Teacher,152224.0,2025-12-20
C02389,Darika Dash,41,Female,Begusarai,Maharashtra,Sales Executive,63211.0,2024-08-26
C02390,Aahana Rajan,37,Male,Sasaram,Punjab,Farmer,31700.0,2024-10-25
C02391,Tristan Brahmbhatt,50,Male,Tinsukia,Bihar,Teacher,187475.0,2022-12-30
C02392,Devansh Puri,65,Female,Fatehpur,Haryana,Student,110087.0,2025-09-03
C02393,Jairaj Khanna,46,Male,Giridih,Nagaland,Student,29902.0,2022-02-08
C02394,Xalak Deep,21,Female,Bhind,Arunachal Pradesh,Teacher,55777.0,2024-05-31
C02395,Jatin Sule,41,Female,Kavali,Kerala,Sales Executive,140941.0,2022-05-10
C02396,Geetika Sunder,25,Male,Erode,Kerala,Farmer,192234.0,2022-08-03
C02397,Frederick Sarna,36,Female,Gaya,Madhya Pradesh,Business Owner,143414.0,2026-03-23
C02398,Peter Dalal,38,Male,Berhampur,Nagaland,Business Owner,24735.0,2025-10-27
C02399,Ekbal Yogi,59,Male,Ambarnath,Telangana,Business Owner,97108.0,2025-01-13
C02400,Omya Sarna,28,Female,Darbhanga,Karnataka,Business Owner,40338.0,2022-12-19
C02401,Kamala Ghosh,63,Male,Patiala,Jharkhand,Accountant,60238.0,2023-05-31
C02402,Nikita Konda,49,Female,Ozhukarai,Bihar,Business Owner,76799.0,2024-02-19
C02403,Watika Chander,23,Male,Katihar,West Bengal,Sales Executive,32518.0,2022-07-30
C02404,Wridesh Dewan,61,Male,Jalna,Tamil Nadu,Student,100825.0,2023-01-02
C02405,Harinakshi Bawa,49,Male,North Dumdum,Karnataka,Other,21223.0,2022-04-25
C02406,Tanay Cheema,24,Female,Mira-Bhayandar,Chhattisgarh,Doctor,85457.0,2023-06-10
C02407,Sarthak Subramaniam,44,Male,Burhanpur,Telangana,Doctor,43956.0,2025-02-02
C02408,Anita Modi,22,Female,Bhopal,Maharashtra,Software Engineer,23816.0,2026-01-25
C02409,Ansh Baral,42,Male,Sambalpur,Tamil Nadu,Teacher,77820.0,2025-05-25
C02410,Upma Tripathi,27,Male,Howrah,Uttar Pradesh,Business Owner,31537.0,2021-09-28
C02411,Upma Bumb,47,Male,Gulbarga,Bihar,Government Employee,104588.0,2022-01-18
C02412,Onkar Menon,56,Male,Tirupati,Odisha,Other,74295.0,2024-11-03
C02413,Nikita Desai,55,Female,Jalna,Uttar Pradesh,Student,51668.0,2023-12-11
C02414,Mohammed Konda,35,Male,Ozhukarai,Tamil Nadu,Teacher,113474.0,2023-08-15
C02415,Ati Gera,41,Male,Shimoga,West Bengal,Software Engineer,125418.0,2024-09-30
C02416,Jyoti Acharya,62,Female,Kumbakonam,West Bengal,Software Engineer,122022.0,2023-08-02
C02417,Leena Nath,34,Female,Kota,Bihar,Doctor,37305.0,2025-08-16
C02418,Idika Khare,63,Female,Medininagar,Manipur,Other,116725.0,2022-03-17
C02419,Hamsini Suri,23,Male,Kottayam,Odisha,Doctor,127766.0,2022-09-29
C02420,Upkaar Kalita,40,Female,Katni,Odisha,Teacher,160556.0,2022-07-13
C02421,Balhaar Joshi,57,Male,Kavali,Punjab,Accountant,44836.0,2022-11-26
C02422,Aahana Acharya,59,Female,South Dumdum,Odisha,Student,197707.0,2026-04-24
C02423,Reva Ratta,65,Male,Thane,Jharkhand,Government Employee,65961.0,2025-03-25
C02424,Orinder Sathe,61,Female,Imphal,Punjab,Sales Executive,37698.0,2022-07-09
C02425,Andrew Badal,42,Male,Bongaigaon,Chhattisgarh,Other,173363.0,2025-11-11
C02426,Sudiksha Chaudry,49,Female,Kollam,Karnataka,Farmer,187927.0,2026-01-31
C02427,Vyanjana Shukla,35,Male,Dehradun,Tamil Nadu,Doctor,25560.0,2025-05-05
C02428,Keya Yohannan,60,Male,Pudukkottai,Maharashtra,Accountant,81969.0,2024-06-12
C02429,Jeremiah Bali,48,Male,Ambala,Himachal Pradesh,Other,40811.0,2023-04-28
C02430,Ryan Butala,24,Male,Cuttack,Karnataka,Government Employee,150738.0,2024-08-26
C02431,Chaaya Seshadri,39,Male,Katihar,Andhra Pradesh,Business Owner,118500.0,2021-11-05
C02432,Manan Bhargava,34,Male,Ramagundam,Manipur,Doctor,176781.0,2023-11-01
C02433,Ekani Johal,49,Female,Tezpur,Arunachal Pradesh,Business Owner,92909.0,2021-10-02
C02434,Advay Shetty,41,Male,Darbhanga,Chhattisgarh,Farmer,128761.0,2025-08-27
C02435,Eshana Krish,62,Female,Chittoor,Tripura,Software Engineer,80033.0,2025-03-07
C02436,Sneha Mahajan,42,Female,Naihati,Mizoram,Doctor,73953.0,2024-05-01
C02437,Upkaar Johal,55,Male,Kakinada,Sikkim,Doctor,78312.0,2023-09-22
C02438,Krish Munshi,59,Female,Nagpur,Assam,Farmer,104315.0,2024-12-21
C02439,Ekiya Sachar,32,Female,Sagar,Gujarat,Software Engineer,36938.0,2022-11-11
C02440,Libni Loke,52,Male,Rampur,Mizoram,Doctor,33659.0,2025-11-13
C02441,Sarthak Sani,61,Male,Agartala,Odisha,Doctor,52915.0,2021-09-29
C02442,Gayathri Johal,26,Male,Dewas,Assam,Other,163876.0,2022-06-02
C02443,Parth Pandya,34,Male,Sambhal,Goa,Farmer,40490.0,2022-05-15
C02444,Naveen Andra,48,Female,Singrauli,Himachal Pradesh,Accountant,63033.0,2023-07-09
C02445,Manan Chawla,33,Male,Dibrugarh,Sikkim,Student,66251.0,2024-03-19
C02446,Nathan Bains,59,Male,Eluru,Jharkhand,Accountant,94803.0,2024-12-31
C02447,Waida Sangha,57,Female,Chandrapur,Tamil Nadu,Doctor,91266.0,2022-11-09
C02448,Watika Batra,51,Male,Barasat,Haryana,Government Employee,124397.0,2023-09-28
C02449,Rishi Sunder,45,Male,Durgapur,Gujarat,Sales Executive,135704.0,2025-03-22
C02450,Osha Lanka,48,Female,Karawal Nagar,Rajasthan,Business Owner,146353.0,2025-08-25
C02451,Gaurika Kaur,22,Female,Pudukkottai,Goa,Student,41818.0,2024-02-05
C02452,Manbir Bandi,40,Male,Lucknow,Odisha,Farmer,66058.0,2023-09-26
C02453,Yachana Pal,37,Female,Bhopal,Mizoram,Sales Executive,100176.0,2025-02-11
C02454,Yauvani Sura,50,Female,Agartala,Goa,Student,167362.0,2022-02-10
C02455,Nimrat Konda,59,Female,Hospet,Karnataka,Teacher,107355.0,2022-02-04
C02456,Simon Chatterjee,29,Female,Tadepalligudem,Haryana,Doctor,60560.0,2026-02-11
C02457,Daksha Wagle,33,Male,Uluberia,Karnataka,Software Engineer,151255.0,2022-12-31
C02458,Kamya Kalita,44,Female,Vadodara,Mizoram,Student,129004.0,2023-12-02
C02459,Hritik Sachdev,46,Female,Gangtok,Jharkhand,Student,148332.0,2024-06-18
C02460,Wakeeta Nori,40,Male,Aurangabad,Chhattisgarh,Student,30178.0,2025-09-14
C02461,Kalpit Banik,28,Female,Rampur,Manipur,Other,62562.0,2022-05-16
C02462,Ekta D’Alia,33,Female,Kurnool,Assam,Accountant,111377.0,2025-07-02
C02463,Lakshmi Bhardwaj,53,Female,Udaipur,Tripura,Government Employee,35126.0,2025-08-30
C02464,Eiravati Kapoor,62,Female,Machilipatnam,Meghalaya,Student,84694.0,2023-09-03
C02465,Ryan Chatterjee,36,Female,Satna,Karnataka,Software Engineer,114742.0,2026-04-27
C02466,Christopher Palla,61,Male,Vadodara,Uttarakhand,Business Owner,88506.0,2026-04-28
C02467,Hiral Prabhu,59,Female,Gandhinagar,Punjab,Business Owner,86660.0,2026-07-23
C02468,Fariq Chaudhari,36,Male,Morena,Kerala,Software Engineer,50600.0,2022-12-17
C02469,Advika Sinha,26,Female,Amroha,Punjab,Student,173658.0,2022-12-06
C02470,Darika Chanda,26,Male,Erode,Andhra Pradesh,Student,63469.0,2021-10-01
C02471,Neha Bakshi,48,Female,Sagar,Tamil Nadu,Accountant,151241.0,2025-12-19
C02472,Abeer Choudhry,55,Female,Avadi,Arunachal Pradesh,Other,100734.0,2021-09-19
C02473,Qarin Swamy,47,Male,Firozabad,Rajasthan,Teacher,186770.0,2024-08-12
C02474,Indira Garg,57,Female,Kolkata,Telangana,Business Owner,90522.0,2023-03-04
C02475,Netra Karpe,34,Female,Ongole,Andhra Pradesh,Accountant,21683.0,2024-05-10
C02476,Bhavika Tak,31,Female,Vijayanagaram,Meghalaya,Software Engineer,45394.0,2024-04-15
C02477,Nachiket Nagi,25,Female,Gandhidham,Uttar Pradesh,Farmer,129272.0,2022-09-09
C02478,Kavya Seshadri,62,Female,Ratlam,Tamil Nadu,Student,64730.0,2024-07-06
C02479,Nakul Batra,32,Female,Jamshedpur,Madhya Pradesh,Business Owner,55214.0,2025-09-14
C02480,Pushti Pal,33,Female,Hospet,Telangana,Business Owner,151757.0,2025-08-19
C02481,Unni Chakrabarti,28,Female,Raebareli,Mizoram,Other,75724.0,2024-09-30
C02482,Om Dalal,32,Male,Uluberia,West Bengal,Software Engineer,67901.0,2024-04-07
C02483,Alexander Bhatti,33,Female,Gwalior,Rajasthan,Student,135534.0,2022-06-29
C02484,Benjamin Kar,61,Male,Baranagar,Goa,Business Owner,40921.0,2023-08-17
C02485,Vivaan Hayre,39,Male,Malegaon,Punjab,Student,52684.0,2024-10-30
C02486,Tarak Kamdar,38,Male,North Dumdum,Nagaland,Government Employee,27776.0,2024-04-26
C02487,Gayathri Dar,58,Male,Tiruppur,Madhya Pradesh,Sales Executive,147190.0,2025-07-06
C02488,Jagdish Morar,64,Male,Guwahati,Odisha,Software Engineer,36005.0,2022-05-27
C02489,Leela Sankaran,38,Male,Nangloi Jat,Odisha,Other,30973.0,2021-09-22
C02490,Tripti Mangat,27,Male,Chennai,Odisha,Farmer,21903.0,2022-12-04
C02491,Anika Varkey,45,Female,Firozabad,Haryana,Sales Executive,144054.0,2025-12-08
C02492,Eesha Patel,42,Female,Proddatur,Haryana,Government Employee,117199.0,2022-07-09
C02493,Logan Balasubramanian,64,Female,Ghaziabad,Chhattisgarh,Government Employee,82808.0,2023-08-14
C02494,Radha Bhandari,44,Female,Siwan,West Bengal,Student,180119.0,2023-02-19
C02495,Gautam Thaman,24,Female,Nagaon,Punjab,Government Employee,46260.0,2024-06-04
C02496,Priya Bava,21,Female,Bokaro,Gujarat,Student,56402.0,2025-02-23
C02497,Devika Chandran,22,Male,Akola,Goa,Farmer,93260.0,2024-02-28
C02498,Luke Ramanathan,65,Male,Ghaziabad,Andhra Pradesh,Government Employee,138467.0,2024-08-01
C02499,Yatin Sura,60,Female,Bhatpara,Uttar Pradesh,Farmer,128298.0,2021-12-13
C02500,Karan Mitra,63,Male,Bardhaman,Punjab,Software Engineer,187267.0,2025-10-18
C02501,Sara Narayan,41,Male,Dibrugarh,Uttar Pradesh,Government Employee,31994.0,2022-02-10
C02502,Ranbir Sachdev,41,Female,Patna,Gujarat,Doctor,179059.0,2023-04-04
C02503,Raksha Dubey,52,Female,Kolhapur,Haryana,Other,41330.0,2024-12-12
C02504,Prisha Roy,43,Female,Erode,Haryana,Sales Executive,192579.0,2022-01-07
C02505,Avni Kata,65,Male,Raiganj,Tamil Nadu,Student,97034.0,2024-11-17
C02506,Rudra Jhaveri,59,Male,Danapur,Rajasthan,Business Owner,156329.0,2022-12-18
C02507,Dayamai Mallick,57,Male,Shimla,Himachal Pradesh,Business Owner,150528.0,2024-01-25
C02508,Mitesh Raghavan,26,Female,Salem,Himachal Pradesh,Farmer,142369.0,2024-05-18
C02509,Mugdha Chadha,31,Female,Ramgarh,Assam,Teacher,146397.0,2024-01-25
C02510,Damyanti Srinivasan,63,Male,Tadipatri,Manipur,Doctor,75480.0,2022-01-25
C02511,Hiral Warrior,31,Male,Bareilly,Maharashtra,Teacher,134004.0,2025-12-01
C02512,Dominic Padmanabhan,22,Male,Loni,Arunachal Pradesh,Government Employee,120529.0,2022-06-05
C02513,Saksham Sur,38,Male,Pondicherry,Haryana,Accountant,194570.0,2025-11-05
C02514,Hamsini Patil,51,Male,Mumbai,Sikkim,Business Owner,160127.0,2024-06-17
C02515,Gautami Tiwari,61,Female,Karnal,Bihar,Teacher,107241.0,2026-08-17
C02516,Nimrat Nagarajan,35,Male,Tiruvottiyur,Madhya Pradesh,Government Employee,118830.0,2025-04-25
C02517,Ayaan Dhar,45,Female,Thiruvananthapuram,Gujarat,Doctor,78602.0,2021-10-18
C02518,Megha Mody,37,Male,Aligarh,Assam,Accountant,42984.0,2024-01-17
C02519,Jairaj Chaudhry,28,Male,Farrukhabad,Telangana,Government Employee,175241.0,2024-04-21
C02520,Meera Bhat,33,Male,Jamnagar,Nagaland,Other,116400.0,2023-11-03
C02521,Avni Pathak,29,Female,Phusro,Goa,Student,171235.0,2024-11-18
C02522,Yug Borah,21,Female,Moradabad,West Bengal,Software Engineer,174680.0,2021-12-20
C02523,Ijaya Naidu,55,Male,Hyderabad,Bihar,Student,131070.0,2022-11-14
C02524,Pooja Dasgupta,41,Female,Vellore,Punjab,Business Owner,156249.0,2023-06-21
C02525,Inaya Baria,63,Male,Bettiah,Andhra Pradesh,Teacher,123628.0,2024-03-03
C02526,Isha Date,21,Female,Ongole,Manipur,Government Employee,57932.0,2023-04-23
C02527,Rajeshri Chakraborty,39,Male,Vellore,West Bengal,Sales Executive,198252.0,2024-06-24
C02528,Peter Patil,50,Male,Etawah,Goa,Other,94289.0,2022-05-06
C02529,Dhriti Venkataraman,30,Male,Begusarai,Andhra Pradesh,Other,103922.0,2022-08-03
C02530,Kashvi Singh,40,Male,Katihar,Uttar Pradesh,Accountant,170463.0,2021-12-20
C02531,Owen Wason,51,Male,Udupi,Sikkim,Sales Executive,96413.0,2025-04-22
C02532,Oscar Sarna,45,Male,Thiruvananthapuram,West Bengal,Government Employee,60029.0,2021-11-21
C02533,Brijesh Chaudhary,34,Male,Ghaziabad,Tripura,Software Engineer,66929.0,2024-09-05
C02534,Zashil Sani,52,Female,Yamunanagar,Tripura,Accountant,192818.0,2026-07-11
C02535,Patrick Sachdeva,31,Male,Bulandshahr,Tripura,Farmer,122835.0,2024-08-31
C02536,Yuvraj Cherian,42,Female,Davanagere,Nagaland,Sales Executive,111306.0,2025-01-29
C02537,Yauvani Dewan,46,Female,Noida,Tripura,Teacher,158371.0,2023-08-05
C02538,Ekapad Naik,39,Female,Raurkela Industrial Township,Madhya Pradesh,Doctor,163657.0,2023-09-25
C02539,Chatresh Mohanty,46,Male,Kolhapur,Rajasthan,Business Owner,104782.0,2022-04-20
C02540,Dhriti Ratti,58,Male,Guntakal,Goa,Accountant,139939.0,2025-07-15
C02541,Mugdha Gopal,62,Male,Vasai-Virar,West Bengal,Other,56060.0,2023-04-01
C02542,Anamika Chaudhari,49,Female,Morena,Meghalaya,Accountant,57964.0,2025-08-15
C02543,Ishaan Muni,34,Male,Jaipur,Manipur,Doctor,190718.0,2022-09-07
C02544,Samaksh Sani,21,Female,Parbhani,Chhattisgarh,Other,46725.0,2024-10-22
C02545,Zinal Roy,64,Male,Guna,Rajasthan,Student,131964.0,2022-10-20
C02546,Netra Mani,64,Male,Hazaribagh,Chhattisgarh,Software Engineer,45178.0,2023-01-07
C02547,Vaishnavi Khatri,43,Female,Satna,Gujarat,Business Owner,33755.0,2024-12-10
C02548,Ayaan Swamy,28,Female,Raebareli,Assam,Other,133723.0,2026-08-18
C02549,Chaaya Saini,30,Female,Ongole,Bihar,Doctor,28911.0,2024-12-14
C02550,Ati Grewal,28,Male,Madanapalle,Uttar Pradesh,Student,148090.0,2024-06-27
C02551,Amrita Suri,40,Male,Kalyan-Dombivli,Gujarat,Student,195829.0,2025-06-22
C02552,Lipika Wason,63,Male,Bhiwani,Nagaland,Sales Executive,190475.0,2023-02-03
C02553,Pallavi Dora,45,Female,Kavali,Gujarat,Sales Executive,116291.0,2022-04-03
C02554,Gautami Bera,21,Male,Narasaraopet,Sikkim,Teacher,41662.0,2023-07-25
C02555,Sudiksha Reddy,28,Female,Patna,Gujarat,Farmer,78965.0,2021-09-17
C02556,Aarav Trivedi,22,Female,Khandwa,Gujarat,Accountant,44786.0,2022-02-11
C02557,Nitesh Luthra,58,Male,Ramagundam,Chhattisgarh,Student,146927.0,2025-06-21
C02558,Nachiket Iyengar,62,Female,Tezpur,Punjab,Accountant,169795.0,2022-04-07
C02559,Ekavir Mistry,29,Male,Udupi,Kerala,Government Employee,36645.0,2021-11-19
C02560,Chakrika Palan,55,Male,Amroha,Haryana,Student,25176.0,2026-03-17
C02561,Girik Karpe,46,Female,Ujjain,Uttarakhand,Teacher,156026.0,2023-05-03
C02562,Ladli Narang,58,Male,Durg,Gujarat,Doctor,192643.0,2025-03-07
C02563,Vritti Khanna,28,Male,New Delhi,Chhattisgarh,Other,67169.0,2023-08-12
C02564,Girish Majumdar,21,Female,Gorakhpur,Tamil Nadu,Government Employee,52255.0,2022-11-04
C02565,Baljiwan Joshi,23,Male,North Dumdum,Arunachal Pradesh,Other,74061.0,2024-04-20
C02566,Ekta Sahota,62,Male,Malegaon,Chhattisgarh,Teacher,167455.0,2025-08-30
C02567,Darpan Bandi,37,Male,Visakhapatnam,Uttar Pradesh,Teacher,52693.0,2021-11-07
C02568,Aadhya Lanka,53,Female,Delhi,Manipur,Government Employee,162718.0,2023-08-13
C02569,Neel Gaba,31,Female,Navi Mumbai,Chhattisgarh,Software Engineer,85100.0,2023-08-23
C02570,Nakul Karan,40,Male,Guntur,Haryana,Farmer,96912.0,2023-07-03
C02571,Naksh Pandit,63,Female,Unnao,Odisha,Business Owner,171275.0,2025-12-14
C02572,Wishi Swaminathan,52,Female,Shahjahanpur,Odisha,Farmer,112305.0,2025-06-06
C02573,Hiral Srivastava,59,Male,Navi Mumbai,Uttarakhand,Teacher,193701.0,2026-07-11
C02574,Kashvi Pandya,23,Male,Hazaribagh,Himachal Pradesh,Software Engineer,69302.0,2021-11-08
C02575,Yuvraj Mani,30,Female,Gandhinagar,Arunachal Pradesh,Doctor,55181.0,2022-04-19
C02576,Advay Parmer,59,Male,Bhagalpur,Sikkim,Other,114126.0,2022-02-05
C02577,Timothy Dada,38,Male,Bihar Sharif,Uttar Pradesh,Other,130628.0,2026-06-18
C02578,Jeet Radhakrishnan,25,Female,Burhanpur,Mizoram,Accountant,120081.0,2022-03-13
C02579,Ranveer Gill,62,Male,Noida,Assam,Student,139555.0,2021-09-14
C02580,Ekapad Andra,26,Female,Avadi,Karnataka,Student,57550.0,2023-02-10
C02581,Adya Sachdev,55,Male,Kolhapur,Himachal Pradesh,Teacher,185037.0,2021-12-05
C02582,George Mittal,38,Male,Jodhpur,Punjab,Government Employee,167755.0,2022-04-29
C02583,Veer Sethi,63,Male,Aurangabad,Karnataka,Student,60236.0,2021-11-27
C02584,Rushil Gill,41,Female,Bhagalpur,Nagaland,Student,26792.0,2024-08-22
C02585,Isaac Ramachandran,59,Male,Ozhukarai,Assam,Teacher,90811.0,2023-04-30
C02586,Yug Bansal,28,Male,Sonipat,Punjab,Farmer,126635.0,2023-09-07
C02587,Balvan Dalal,25,Female,Kirari Suleman Nagar,Goa,Teacher,115110.0,2023-04-02
C02588,Bhavini Baral,42,Female,Guntakal,Uttar Pradesh,Business Owner,79183.0,2026-01-19
C02589,Chaaya Subramaniam,38,Male,Mirzapur,Sikkim,Teacher,118869.0,2024-05-28
C02590,Ikshita Prakash,35,Female,Latur,Tamil Nadu,Teacher,52375.0,2022-03-28
C02591,Akshay Rastogi,32,Female,Hajipur,Arunachal Pradesh,Other,148350.0,2021-09-26
C02592,Brinda Kala,27,Female,Giridih,Punjab,Other,93923.0,2026-08-21
C02593,Xalak Sanghvi,56,Female,Hajipur,Assam,Other,45969.0,2025-11-13
C02594,Chandani Gour,24,Male,Bulandshahr,Maharashtra,Government Employee,122121.0,2024-08-13
C02595,Nidhi Chakraborty,32,Female,Bhiwandi,Tripura,Farmer,164617.0,2022-11-02
C02596,Nilima Patla,59,Female,Gopalpur,Arunachal Pradesh,Sales Executive,175270.0,2026-07-06
C02597,Warda Bawa,29,Female,Bokaro,Gujarat,Software Engineer,154628.0,2025-11-27
C02598,Teerth Handa,30,Male,Ambattur,Goa,Business Owner,119300.0,2022-09-25
C02599,Aarini Chana,57,Female,Jalandhar,Meghalaya,Software Engineer,187560.0,2022-11-05
C02600,Manbir Comar,44,Male,Aurangabad,Sikkim,Other,129640.0,2026-04-05
C02601,Unni Gola,50,Male,Satna,Rajasthan,Sales Executive,112799.0,2026-02-24
C02602,Damyanti Chakrabarti,50,Female,Panipat,Nagaland,Accountant,132136.0,2024-04-09
C02603,Ijaya Sandal,54,Male,Secunderabad,Odisha,Accountant,186627.0,2022-02-23
C02604,Harrison Loyal,26,Female,Sagar,Chhattisgarh,Student,101982.0,2024-01-26
C02605,Umang Chokshi,26,Male,Panvel,Andhra Pradesh,Teacher,82924.0,2023-11-11
C02606,Ikshita Palan,26,Male,Panihati,Nagaland,Other,35050.0,2023-11-24
C02607,Yagnesh Nazareth,26,Female,Bhiwandi,Sikkim,Farmer,149197.0,2023-11-16
C02608,Victor Rajagopal,21,Female,Bhalswa Jahangir Pur,Meghalaya,Farmer,55763.0,2022-11-18
C02609,Utkarsh Subramanian,51,Female,Bharatpur,Gujarat,Farmer,199600.0,2024-06-14
C02610,Quincy Murty,64,Male,Surat,Himachal Pradesh,Student,23643.0,2024-12-30
C02611,Bhavani Merchant,60,Male,Nandyal,Goa,Software Engineer,131405.0,2026-03-10
C02612,Zarna Nagar,65,Female,Delhi,Uttar Pradesh,Doctor,193322.0,2023-12-11
C02613,Aradhana Lall,54,Male,Guntur,Telangana,Other,137611.0,2023-09-05
C02614,Abhimanyu Kadakia,31,Male,Singrauli,Telangana,Business Owner,39692.0,2022-03-20
C02615,Noah Sekhon,44,Male,Gangtok,Manipur,Farmer,112613.0,2022-08-31
C02616,Jackson Kibe,24,Female,Munger,Bihar,Sales Executive,119377.0,2025-11-15
C02617,Orinder Sheth,31,Female,Bharatpur,Maharashtra,Teacher,108593.0,2021-10-18
C02618,Krisha Mane,64,Male,Korba,Uttarakhand,Farmer,50897.0,2023-06-06
C02619,Vidhi Pillay,39,Female,Hubli–Dharwad,Uttar Pradesh,Sales Executive,96951.0,2022-09-20
C02620,Hitesh Shere,37,Male,Sonipat,Bihar,Software Engineer,185459.0,2022-10-22
C02621,Vidhi Bhatia,57,Female,Nagaon,Andhra Pradesh,Doctor,99906.0,2025-12-03
C02622,Advik Bobal,62,Male,Bhatpara,Andhra Pradesh,Sales Executive,181939.0,2024-07-31
C02623,Lopa Narain,52,Male,Warangal,Assam,Government Employee,21544.0,2025-06-02
C02624,Reyansh Chahal,60,Female,Naihati,Jharkhand,Government Employee,98210.0,2025-08-26
C02625,Nilima Hari,43,Male,Noida,Goa,Software Engineer,111677.0,2024-08-17
C02626,Samuel Ghosh,32,Female,Bhagalpur,Arunachal Pradesh,Government Employee,22323.0,2025-10-16
C02627,Udarsh Swaminathan,27,Female,Baranagar,Uttar Pradesh,Sales Executive,71785.0,2022-12-14
C02628,Tara Vasa,26,Male,Burhanpur,Telangana,Student,52464.0,2022-10-24
C02629,Ati Krish,52,Male,Tiruppur,Manipur,Business Owner,192132.0,2024-11-22
C02630,Elijah Banik,37,Male,Gandhinagar,Bihar,Sales Executive,123640.0,2022-07-23
C02631,Bishakha Atwal,44,Female,Vasai-Virar,Telangana,Government Employee,132287.0,2023-11-04
C02632,Rayaan Jain,32,Female,Kavali,Haryana,Teacher,134969.0,2026-04-18
C02633,Harshil Chacko,63,Female,Raipur,Uttarakhand,Business Owner,56667.0,2026-01-25
C02634,Vamakshi Balakrishnan,43,Female,Bhavnagar,Maharashtra,Software Engineer,114171.0,2023-02-25
C02635,Waida Sunder,33,Male,Davanagere,Punjab,Doctor,94684.0,2026-01-05
C02636,Laban Chadha,23,Male,Nangloi Jat,Madhya Pradesh,Student,130377.0,2025-05-31
C02637,Harita Datta,42,Male,Tezpur,Andhra Pradesh,Business Owner,194641.0,2023-09-09
C02638,Champak Gopal,33,Female,Bulandshahr,Himachal Pradesh,Accountant,51140.0,2024-05-01
C02639,Aditya Shukla,47,Female,Karaikudi,Himachal Pradesh,Farmer,149910.0,2026-07-25
C02640,Chaitanya Mani,64,Male,Ballia,Odisha,Government Employee,124825.0,2024-10-10
C02641,Forum Ranganathan,53,Female,Gudivada,Tripura,Business Owner,48765.0,2024-04-07
C02642,Unni Dutta,27,Male,Warangal,Meghalaya,Business Owner,60774.0,2025-01-08
C02643,Onkar Pau,43,Male,Gandhidham,Madhya Pradesh,Doctor,33641.0,2026-08-15
C02644,David Kari,64,Female,Lucknow,Gujarat,Student,176522.0,2022-12-11
C02645,Tanish Bhatnagar,21,Female,Sasaram,Rajasthan,Sales Executive,95881.0,2024-02-25
C02646,Charan Kade,39,Female,Coimbatore,West Bengal,Teacher,132447.0,2025-01-08
C02647,Widisha Barad,36,Male,Motihari,Madhya Pradesh,Farmer,68984.0,2025-06-30
C02648,Dayita Mittal,36,Female,Shahjahanpur,Andhra Pradesh,Teacher,89082.0,2024-12-16
C02649,Nachiket Swamy,65,Male,Ajmer,Andhra Pradesh,Student,72012.0,2026-07-07
C02650,Ekani Chad,51,Male,Bhusawal,Odisha,Farmer,180196.0,2022-03-27
C02651,Yashasvi Hayer,32,Male,Baranagar,Uttar Pradesh,Other,184864.0,2022-09-29
C02652,Aayush Pal,61,Male,Aurangabad,Bihar,Doctor,51578.0,2022-12-18
C02653,Nachiket Dhingra,29,Female,Raebareli,Jharkhand,Software Engineer,91791.0,2025-03-05
C02654,Ekavir Goswami,33,Male,Chandigarh,Telangana,Student,24629.0,2022-11-11
C02655,Tanay Lad,60,Male,Nashik,Odisha,Teacher,33357.0,2024-04-13
C02656,Harrison Bora,45,Female,Miryalaguda,Maharashtra,Farmer,100332.0,2026-01-08
C02657,Anmol Karan,65,Male,Bhilai,Goa,Doctor,108127.0,2026-07-07
C02658,Fiyaz Jha,48,Female,Akola,Madhya Pradesh,Software Engineer,153657.0,2021-11-14
C02659,Chandresh Shankar,48,Male,Naihati,Bihar,Accountant,48850.0,2022-11-08
C02660,Samar Grover,38,Female,Jabalpur,Chhattisgarh,Accountant,112018.0,2021-11-18
C02661,Chanakya Shetty,47,Male,Bharatpur,Madhya Pradesh,Government Employee,32466.0,2021-09-30
C02662,Aadi Tella,32,Male,Adoni,Bihar,Software Engineer,33665.0,2025-08-19
C02663,Vedika Mitra,63,Female,Bhusawal,Uttar Pradesh,Doctor,94794.0,2026-03-17
C02664,Jason Walia,51,Female,Dharmavaram,Telangana,Other,46414.0,2024-03-30
C02665,Mahika Thaman,48,Male,Sultan Pur Majra,Odisha,Accountant,148787.0,2024-12-11
C02666,Chaaya Mishra,44,Female,Fatehpur,Karnataka,Accountant,49236.0,2025-10-20
C02667,Chandresh Nadkarni,27,Male,Panchkula,Andhra Pradesh,Farmer,54159.0,2023-01-11
C02668,Vaishnavi Shan,42,Female,Bulandshahr,Uttarakhand,Government Employee,174379.0,2022-12-12
C02669,Kamya Ray,54,Female,Bangalore,Maharashtra,Doctor,190458.0,2023-02-14
C02670,Ridhi Som,38,Male,Arrah,Goa,Other,120676.0,2026-06-12
C02671,Ekbal Rana,26,Male,Vadodara,Tamil Nadu,Business Owner,185035.0,2024-05-17
C02672,Jyoti Narayanan,59,Male,Pudukkottai,Punjab,Software Engineer,173763.0,2025-09-15
C02673,Damyanti Goswami,62,Male,Shahjahanpur,Telangana,Doctor,136855.0,2025-03-23
C02674,Upadhriti Bhatnagar,27,Male,Barasat,Odisha,Farmer,182269.0,2022-11-10
C02675,Unni Mallick,42,Female,Aurangabad,Uttarakhand,Sales Executive,72952.0,2022-01-15
C02676,Charita Deshpande,55,Male,Agartala,Maharashtra,Software Engineer,53510.0,2025-06-19
C02677,Advay Handa,33,Female,Aizawl,Tamil Nadu,Farmer,86198.0,2024-07-02
C02678,Ladli Soni,56,Female,Malda,Odisha,Government Employee,137566.0,2024-11-05
C02679,Victor Mand,61,Male,New Delhi,Uttar Pradesh,Student,37749.0,2023-09-15
C02680,Jagdish Doctor,51,Female,Morena,Goa,Farmer,152086.0,2023-04-18
C02681,Om Gera,22,Male,Surendranagar Dudhrej,Chhattisgarh,Other,91866.0,2022-11-18
C02682,Kamya Sastry,65,Male,Vijayanagaram,Haryana,Accountant,31913.0,2025-02-13
C02683,Nandini Ghose,57,Male,Ratlam,Punjab,Doctor,124200.0,2021-11-30
C02684,Jeremiah Om,52,Male,Aurangabad,Tamil Nadu,Business Owner,134752.0,2025-12-03
C02685,Daniel Balay,53,Female,Surendranagar Dudhrej,Uttar Pradesh,Farmer,122300.0,2025-05-28
C02686,Ekaja Jain,46,Female,Bellary,Punjab,Doctor,68251.0,2023-07-16
C02687,Keya Kakar,21,Male,Aligarh,Assam,Other,77096.0,2026-05-09
C02688,Bina Sura,58,Male,Gorakhpur,West Bengal,Farmer,139391.0,2026-04-04
C02689,Hardik Sahni,53,Female,Gopalpur,Assam,Accountant,77759.0,2023-04-26
C02690,Tamanna Tiwari,39,Female,Bettiah,Rajasthan,Farmer,51222.0,2026-07-28
C02691,Jeet Gulati,31,Male,Thoothukudi,West Bengal,Software Engineer,159871.0,2022-09-28
C02692,Balvan Pradhan,36,Female,Loni,Punjab,Software Engineer,187671.0,2024-04-06
C02693,Shivansh Dani,30,Female,Kurnool,Uttar Pradesh,Business Owner,90892.0,2024-11-01
C02694,Jeevika Sarma,24,Male,Thane,Uttarakhand,Doctor,160140.0,2024-07-19
C02695,Anjali Samra,28,Male,Ahmednagar,Gujarat,Government Employee,185854.0,2023-11-29
C02696,Gaurang Basu,59,Female,Jamnagar,Tamil Nadu,Government Employee,41822.0,2022-12-03
C02697,Tripti Khatri,56,Female,Mahbubnagar,Chhattisgarh,Business Owner,127044.0,2024-12-18
C02698,Vedant Naik,60,Female,Firozabad,Punjab,Government Employee,35011.0,2022-07-28
C02699,Faras Khurana,61,Male,Ambattur,Sikkim,Government Employee,77482.0,2024-07-24
C02700,Logan Vaidya,38,Male,Khora ,Manipur,Accountant,24099.0,2022-05-03
C02701,Oliver Munshi,55,Male,Gaya,Goa,Student,191396.0,2025-07-09
C02702,Elijah Sarna,37,Male,Kharagpur,Tamil Nadu,Sales Executive,77839.0,2025-10-31
C02703,Girindra Munshi,41,Female,Ulhasnagar,Tamil Nadu,Doctor,172479.0,2024-08-29
C02704,Oviya Ratti,61,Female,Buxar,Punjab,Business Owner,136930.0,2022-10-03
C02705,Kala Tella,35,Female,Sagar,Maharashtra,Government Employee,58884.0,2023-06-30
C02706,Jeet Gaba,51,Male,Faridabad,Telangana,Sales Executive,67582.0,2022-04-27
C02707,Ekaraj Yadav,50,Male,Rewa,Sikkim,Business Owner,69508.0,2022-04-08
C02708,Isha Tella,57,Female,Proddatur,Andhra Pradesh,Business Owner,189755.0,2022-12-27
C02709,Faqid Taneja,39,Male,Ghaziabad,Andhra Pradesh,Accountant,62708.0,2023-11-02
C02710,Finn Pillai,32,Female,Surendranagar Dudhrej,Nagaland,Other,69243.0,2023-06-04
C02711,Kabir Sur,25,Male,Morbi,Arunachal Pradesh,Teacher,131776.0,2026-07-12
C02712,Odika Nanda,36,Female,Avadi,Sikkim,Student,46275.0,2024-11-03
C02713,Samuel Kohli,54,Male,Aligarh,Tamil Nadu,Software Engineer,178149.0,2023-08-14
C02714,Zashil Patil,27,Female,Sikar,Andhra Pradesh,Student,25430.0,2026-01-21
C02715,Varenya Varkey,28,Male,Sirsa,Tamil Nadu,Software Engineer,54649.0,2023-10-06
C02716,Charan Sinha,36,Male,Arrah,Arunachal Pradesh,Accountant,57391.0,2023-09-05
C02717,Kamala Balasubramanian,61,Male,Bilaspur,Gujarat,Software Engineer,47876.0,2023-05-06
C02718,Eshana Sangha,55,Female,Gopalpur,Nagaland,Teacher,73037.0,2022-05-17
C02719,Omisha Patla,29,Female,Ambattur,Mizoram,Other,136477.0,2022-12-26
C02720,Jatin Bhatt,31,Female,Jhansi,Jharkhand,Government Employee,145542.0,2023-09-19
C02721,Maya Mistry,30,Male,Begusarai,Mizoram,Software Engineer,162482.0,2021-11-07
C02722,Qabil Jayaraman,65,Female,Patna,Odisha,Farmer,52263.0,2026-06-09
C02723,Pahal Agrawal,22,Male,Chittoor,Uttar Pradesh,Teacher,162774.0,2026-01-01
C02724,Idika Pradhan,39,Male,Rourkela,Tripura,Farmer,128864.0,2024-10-07
C02725,Akshay Mahajan,30,Male,Bilaspur,Madhya Pradesh,Doctor,26291.0,2024-01-18
C02726,Vasana Kohli,35,Female,Medininagar,Bihar,Student,58633.0,2026-08-06
C02727,Bhavna Narain,43,Female,Naihati,Uttarakhand,Doctor,199415.0,2022-03-12
C02728,Vidhi Chawla,45,Male,Kozhikode,Arunachal Pradesh,Sales Executive,64448.0,2022-06-07
C02729,Yauvani Srivastava,28,Male,Vasai-Virar,Punjab,Teacher,93875.0,2023-11-23
C02730,Indrajit Merchant,43,Male,Sikar,Odisha,Other,107483.0,2023-05-09
C02731,Yatin Chaudhary,28,Female,Baranagar,Gujarat,Teacher,31363.0,2023-02-17
C02732,Advaith Majumdar,59,Male,Kozhikode,Telangana,Business Owner,132362.0,2024-04-02
C02733,Ekani Bath,54,Female,Bally,Tamil Nadu,Other,67543.0,2025-05-15
C02734,Gopal Chopra,64,Female,Moradabad,Bihar,Business Owner,194921.0,2024-08-05
C02735,Yashica Sandal,64,Female,Tadepalligudem,Goa,Other,95236.0,2023-01-24
C02736,Zaid Om,43,Male,Madhyamgram,Mizoram,Accountant,150875.0,2023-12-15
C02737,Vasudha Sama,63,Female,Rajkot,Telangana,Accountant,40019.0,2021-09-22
C02738,Ekta Shenoy,21,Male,Srikakulam,Madhya Pradesh,Business Owner,103953.0,2025-10-15
C02739,Abeer Wason,30,Female,Pune,Arunachal Pradesh,Sales Executive,145418.0,2021-11-18
C02740,Omaja Kara,25,Male,Rohtak,Andhra Pradesh,Other,132054.0,2024-02-18
C02741,Edhitha Lad,38,Male,Satna,Gujarat,Teacher,104686.0,2026-03-07
C02742,Yashasvi Parmer,29,Male,Kota,Assam,Student,112434.0,2023-02-24
C02743,Chandran Sehgal,41,Female,Muzaffarpur,Sikkim,Student,146166.0,2024-02-15
C02744,Dhriti Ghose,65,Female,Bihar Sharif,Sikkim,Other,186881.0,2025-10-01
C02745,Jeevika Mammen,42,Male,Ongole,Uttar Pradesh,Doctor,120449.0,2023-09-30
C02746,Anvi Borah,47,Female,Khora ,Mizoram,Farmer,159924.0,2022-07-04
C02747,Falan Krish,52,Male,Ranchi,Manipur,Student,41919.0,2026-06-15
C02748,Laksh Chander,58,Female,Guntur,Bihar,Farmer,171486.0,2026-03-15
C02749,Vritti Rattan,65,Male,Sambhal,Meghalaya,Teacher,81654.0,2022-10-24
C02750,Daksha Sastry,44,Male,Noida,Nagaland,Doctor,24496.0,2023-03-21
C02751,Jairaj Rege,44,Female,Shivpuri,Gujarat,Business Owner,48876.0,2026-03-08
C02752,Forum Venkatesh,24,Female,Lucknow,Goa,Government Employee,56529.0,2022-05-18
C02753,Omaja Ramachandran,39,Female,Firozabad,Sikkim,Business Owner,164572.0,2023-08-12
C02754,Alexander Borah,47,Male,Howrah,Punjab,Doctor,78874.0,2022-06-24
C02755,Hredhaan Yadav,24,Male,Jamshedpur,Sikkim,Teacher,57506.0,2022-03-29
C02756,Rayaan Bera,45,Male,Surendranagar Dudhrej,Assam,Student,117434.0,2022-03-03
C02757,Vasana Shah,24,Male,Bettiah,Assam,Other,39338.0,2025-05-19
C02758,Janaki Kibe,51,Male,Tumkur,Odisha,Software Engineer,58505.0,2022-12-17
C02759,Mitali Khare,44,Male,Vadodara,Haryana,Teacher,84237.0,2025-07-16
C02760,Onkar Venkatesh,25,Male,Tezpur,Mizoram,Other,129181.0,2023-06-06
C02761,Lekha Randhawa,30,Male,Bellary,Rajasthan,Sales Executive,56729.0,2024-02-17
C02762,Aishani Badal,54,Female,Rohtak,Andhra Pradesh,Sales Executive,127878.0,2025-03-30
C02763,Oeshi Mahajan,42,Female,Mau,Andhra Pradesh,Software Engineer,95174.0,2022-10-31
C02764,Lipika Bains,28,Male,Mira-Bhayandar,Mizoram,Software Engineer,188415.0,2023-08-02
C02765,Jalsa Sura,23,Male,Warangal,Uttar Pradesh,Farmer,62034.0,2021-12-10
C02766,Xiti Mital,21,Female,Surendranagar Dudhrej,Madhya Pradesh,Student,198232.0,2022-12-03
C02767,Tristan Karnik,50,Female,Bidar,Himachal Pradesh,Other,151562.0,2025-03-21
C02768,Jason Gupta,40,Male,Anantapur,Kerala,Student,61104.0,2025-10-02
C02769,Vinaya Sarkar,38,Male,Sikar,Meghalaya,Farmer,118975.0,2025-06-21
C02770,Daksha Nadkarni,29,Male,Patna,Kerala,Student,182278.0,2021-12-13
C02771,Sathvik Sur,24,Male,Firozabad,Mizoram,Student,68154.0,2025-02-26
C02772,Reyansh Talwar,56,Male,Bokaro,Goa,Sales Executive,145151.0,2022-07-09
C02773,Banjeet Doshi,41,Female,Tiruppur,Arunachal Pradesh,Student,63207.0,2024-03-24
C02774,Leela Johal,24,Female,Bahraich,Goa,Student,71047.0,2026-01-11
C02775,Brinda Golla,38,Male,Thane,West Bengal,Teacher,40397.0,2024-03-22
C02776,Lajita Hegde,44,Female,Chandigarh,Karnataka,Software Engineer,82791.0,2021-11-20
C02777,Zilmil Roy,39,Male,Guntur,Meghalaya,Farmer,47909.0,2024-06-18
C02778,Jack Badami,25,Male,Jalgaon,Kerala,Other,22877.0,2025-08-02
C02779,Hritik Mukhopadhyay,40,Male,Bhusawal,Chhattisgarh,Farmer,72881.0,2025-02-17
C02780,Omya Hora,61,Male,New Delhi,Maharashtra,Doctor,90560.0,2022-12-17
C02781,Ekavir Prasad,26,Male,Ratlam,Odisha,Other,146827.0,2022-05-19
C02782,Rachita Hans,23,Male,Sasaram,Goa,Government Employee,44434.0,2021-10-23
C02783,Agastya Rajagopalan,40,Male,Kakinada,Haryana,Government Employee,94030.0,2025-03-01
C02784,Robert Shere,46,Male,Dindigul,Arunachal Pradesh,Government Employee,122404.0,2021-11-09
C02785,Abdul Buch,43,Male,Tiruchirappalli,Karnataka,Teacher,106853.0,2023-03-26
C02786,Jonathan Mannan,47,Male,Bhiwandi,West Bengal,Farmer,59370.0,2022-11-13
C02787,Avni Talwar,22,Female,Motihari,West Bengal,Sales Executive,173710.0,2023-07-20
C02788,Aayush Chopra,23,Female,Dibrugarh,Goa,Business Owner,59724.0,2021-12-11
C02789,Rohan Dhingra,64,Female,Morena,Bihar,Teacher,184089.0,2022-04-26
C02790,Reva Sanghvi,26,Male,Chandrapur,Tripura,Doctor,198640.0,2022-10-18
C02791,Daksha Thaker,62,Male,Unnao,Karnataka,Business Owner,151496.0,2024-11-05
C02792,Utkarsh Khatri,54,Female,Kulti,Bihar,Sales Executive,54392.0,2023-07-21
C02793,Ojasvi Bath,42,Female,Tadipatri,Maharashtra,Government Employee,183439.0,2022-12-03
C02794,Xavier Suresh,48,Male,Guwahati,Goa,Student,82681.0,2023-09-10
C02795,Qadim Sampath,34,Male,Mathura,Punjab,Business Owner,168609.0,2025-07-23
C02796,Mahika Pandit,61,Female,Tezpur,Gujarat,Teacher,23916.0,2024-10-30
C02797,Warda Sant,30,Female,Nangloi Jat,Nagaland,Farmer,42850.0,2025-03-18
C02798,Ekta Batra,52,Male,Aizawl,Karnataka,Sales Executive,102239.0,2025-09-17
C02799,Liam Agate,31,Female,Khammam,Mizoram,Business Owner,37868.0,2025-06-14
C02800,Vedhika Bath,38,Female,Avadi,Himachal Pradesh,Government Employee,43390.0,2024-08-13
C02801,Praneel Varkey,25,Male,Ambattur,Odisha,Sales Executive,87618.0,2022-09-24
C02802,Watika Sachar,51,Female,Bhind,Nagaland,Sales Executive,190470.0,2025-06-04
C02803,Abha Lal,29,Male,Kishanganj,Karnataka,Other,147994.0,2023-03-18
C02804,Diya Kara,23,Female,Surendranagar Dudhrej,Madhya Pradesh,Accountant,125103.0,2024-01-20
C02805,Wyatt Bhatia,47,Male,Kulti,Nagaland,Sales Executive,116136.0,2023-08-22
C02806,Udarsh Mandal,53,Female,Shimoga,Assam,Government Employee,41886.0,2026-06-09
C02807,Mohammed Merchant,64,Female,Chandrapur,Mizoram,Farmer,137988.0,2022-08-03
C02808,Vrinda Bhat,37,Male,Howrah,Karnataka,Other,188785.0,2023-12-16
C02809,George Khalsa,24,Male,South Dumdum,Madhya Pradesh,Farmer,22082.0,2023-06-08
C02810,Charles Master,30,Male,Dhule,Arunachal Pradesh,Accountant,118519.0,2023-10-31
C02811,Sai Kala,31,Female,Bardhaman,Maharashtra,Teacher,78471.0,2024-08-05
C02812,Bhavna Khare,45,Female,Katihar,Uttar Pradesh,Teacher,111471.0,2026-05-31
C02813,Jackson Kumar,50,Female,Bongaigaon,Goa,Farmer,141858.0,2023-06-01
C02814,Chaman Sethi,27,Male,Udupi,Chhattisgarh,Business Owner,48402.0,2023-03-27
C02815,Advaith Jani,46,Female,Motihari,Arunachal Pradesh,Doctor,125256.0,2026-08-06
C02816,Deepa Mahajan,42,Male,Dibrugarh,Goa,Government Employee,109764.0,2023-09-18
C02817,Nakul Pandit,59,Female,Mumbai,Mizoram,Doctor,144838.0,2022-02-28
C02818,Mason Babu,28,Female,Nangloi Jat,Manipur,Sales Executive,30035.0,2023-07-06
C02819,Nimrat Bava,55,Male,Nizamabad,Maharashtra,Sales Executive,58145.0,2026-05-28
C02820,Yatan Sandal,61,Male,Mau,Karnataka,Government Employee,168951.0,2022-04-09
C02821,Liam Bhandari,23,Female,Amravati,Uttar Pradesh,Software Engineer,114763.0,2023-06-01
C02822,Unni Das,48,Female,Vadodara,Uttar Pradesh,Doctor,34176.0,2025-09-20
C02823,Tara Sandal,34,Male,Mysore,Telangana,Student,90739.0,2021-11-26
C02824,Widisha Dara,37,Male,Bhubaneswar,Tamil Nadu,Teacher,57155.0,2022-01-26
C02825,Daksha Batra,25,Female,Thane,Goa,Student,41419.0,2022-06-18
C02826,Advik Chaudhuri,40,Female,Bidar,Rajasthan,Student,157567.0,2023-02-09
C02827,Kritika Natarajan,34,Female,Silchar,Maharashtra,Business Owner,34088.0,2025-08-15
C02828,Chaaya Bir,26,Female,Tinsukia,Gujarat,Government Employee,97831.0,2026-03-07
C02829,Samaksh Patel,31,Male,Mango,Meghalaya,Government Employee,129864.0,2026-01-14
C02830,Chanakya Jain,51,Female,Kamarhati,Odisha,Farmer,62123.0,2021-11-21
C02831,Janaki Anand,65,Female,Bellary,Uttar Pradesh,Government Employee,169505.0,2023-06-11
C02832,Brijesh Ravi,45,Male,Barasat,Uttar Pradesh,Farmer,176533.0,2023-05-05
C02833,Ansh D’Alia,33,Male,Navi Mumbai,Kerala,Other,181615.0,2022-07-05
C02834,Krisha Wable,30,Female,Shimla,Bihar,Government Employee,23718.0,2024-12-01
C02835,Jasmit Sandhu,30,Female,Mirzapur,Punjab,Business Owner,150926.0,2025-11-27
C02836,Yauvani Madan,41,Male,Pune,Telangana,Student,88892.0,2023-05-13
C02837,Ishwar Ravi,54,Male,Sri Ganganagar,Madhya Pradesh,Sales Executive,52956.0,2022-07-29
C02838,Tanish Gour,61,Female,Bidhannagar,Meghalaya,Other,45544.0,2024-05-04
C02839,Ranbir Padmanabhan,23,Male,New Delhi,Sikkim,Doctor,130146.0,2021-12-19
C02840,Samaksh Dey,65,Male,Mirzapur,Jharkhand,Other,118974.0,2022-06-12
C02841,Bhavani Chaudhari,34,Female,Tumkur,West Bengal,Doctor,70111.0,2022-05-14
C02842,Harsh Radhakrishnan,64,Male,Muzaffarnagar,Sikkim,Government Employee,115366.0,2025-11-26
C02843,Xiti Muni,22,Female,South Dumdum,Karnataka,Accountant,151618.0,2025-04-07
C02844,Yuvraj Lala,28,Female,Jamalpur,Arunachal Pradesh,Sales Executive,128541.0,2025-06-13
C02845,Ayushman Palla,47,Female,Patna,Haryana,Government Employee,162204.0,2023-06-24
C02846,Dakshesh Memon,48,Female,Kurnool,Uttar Pradesh,Teacher,66088.0,2022-11-10
C02847,Watika Rau,50,Female,Bellary,Chhattisgarh,Government Employee,66372.0,2024-04-24
C02848,Nikita Anand,56,Male,Kurnool,Himachal Pradesh,Farmer,134262.0,2022-04-04
C02849,Parth Borah,45,Female,Serampore,Uttarakhand,Student,186227.0,2023-07-30
C02850,Alka Suresh,39,Male,Sambalpur,Nagaland,Teacher,47213.0,2024-12-03
C02851,Ranbir Dhar,26,Male,Jalandhar,Bihar,Other,127814.0,2026-08-24
C02852,Chaitaly Subramaniam,27,Female,Gandhidham,Rajasthan,Other,162798.0,2026-06-22
C02853,Laban Rastogi,27,Female,Katni,Manipur,Farmer,172366.0,2023-10-02
C02854,Wyatt Mohanty,23,Female,Tinsukia,Karnataka,Student,75540.0,2024-10-29
C02855,Jeevika Sengupta,35,Female,New Delhi,Andhra Pradesh,Farmer,119897.0,2022-08-09
C02856,Jason Ghosh,28,Male,Khammam,Bihar,Sales Executive,52621.0,2026-01-31
C02857,Fariq Wali,43,Female,Davanagere,Karnataka,Student,189046.0,2024-06-04
C02858,Vanya Manne,46,Male,Warangal,Chhattisgarh,Government Employee,78703.0,2023-06-22
C02859,Caleb Pall,53,Female,Sangli-Miraj & Kupwad,Tripura,Accountant,192669.0,2022-07-16
C02860,Prisha Purohit,37,Female,Dindigul,Manipur,Student,196501.0,2024-06-05
C02861,Orinder Banerjee,36,Male,Amroha,Kerala,Student,28565.0,2023-10-11
C02862,Faras Pillai,21,Male,Kozhikode,Haryana,Business Owner,118148.0,2024-08-09
C02863,Wakeeta Saini,54,Female,Guntakal,Goa,Government Employee,64672.0,2022-06-13
C02864,Chavvi Yohannan,57,Female,Ichalkaranji,Odisha,Doctor,165683.0,2026-06-04
C02865,Amara Kata,46,Male,Hapur,Mizoram,Other,188934.0,2024-01-03
C02866,Hardik Om,46,Male,Chandigarh,Tripura,Other,132486.0,2023-12-10
C02867,Vasudha Bala,29,Female,Dharmavaram,Madhya Pradesh,Business Owner,125675.0,2025-05-28
C02868,Chanakya Gandhi,41,Male,Bhopal,Meghalaya,Student,80547.0,2025-10-13
C02869,Rachana Kumar,27,Male,Ratlam,Uttarakhand,Farmer,51030.0,2021-10-13
C02870,Daksha Atwal,61,Female,Nizamabad,Gujarat,Accountant,164940.0,2022-02-12
C02871,Kritika Keer,31,Female,Gudivada,Haryana,Doctor,44446.0,2024-04-13
C02872,Tanveer Sani,26,Male,Satara,Assam,Student,23024.0,2025-12-17
C02873,Vaishnavi Mandal,61,Male,Raebareli,Assam,Software Engineer,182031.0,2023-04-20
C02874,Jeet Gara,55,Male,Moradabad,Jharkhand,Other,120245.0,2023-05-01
C02875,Janaki Vora,22,Male,Pondicherry,Meghalaya,Sales Executive,186320.0,2022-11-26
C02876,Neel Kar,61,Female,Bijapur,West Bengal,Business Owner,82841.0,2022-04-08
C02877,Chakradev Varkey,62,Male,Guwahati,Punjab,Accountant,70811.0,2021-09-26
C02878,Barkha Deol,55,Male,Sambalpur,Madhya Pradesh,Student,88283.0,2024-04-20
C02879,Gaurav Nath,63,Male,Jamnagar,Kerala,Accountant,41748.0,2025-01-12
C02880,Laksh Sami,30,Male,Giridih,Madhya Pradesh,Other,47110.0,2026-01-21
C02881,Girik Varughese,28,Female,Mau,Mizoram,Other,52160.0,2022-10-15
C02882,Falan Zachariah,27,Male,Dindigul,Rajasthan,Accountant,88680.0,2024-04-17
C02883,Agastya Kari,32,Male,Saharanpur,Arunachal Pradesh,Teacher,149563.0,2023-04-10
C02884,Wazir Menon,44,Male,Pali,Tripura,Student,46390.0,2024-07-03
C02885,Nimrat Thaker,52,Male,Dewas,West Bengal,Student,39287.0,2023-10-08
C02886,Yauvani Kibe,52,Male,Bharatpur,Kerala,Doctor,130076.0,2023-03-16
C02887,Rushil Bhasin,45,Female,Mau,Meghalaya,Sales Executive,62232.0,2025-06-21
C02888,Peter Panchal,32,Female,Kakinada,Goa,Software Engineer,66839.0,2022-11-11
C02889,Harita Sanghvi,63,Male,Rampur,Karnataka,Teacher,109865.0,2024-11-19
C02890,Ekaraj Samra,43,Female,Panihati,Sikkim,Other,177284.0,2022-02-26
C02891,Daksha Mann,55,Male,Visakhapatnam,Chhattisgarh,Business Owner,156773.0,2022-01-08
C02892,Balhaar Gour,37,Male,Hyderabad,Jharkhand,Doctor,178888.0,2025-06-03
C02893,Tanish Sheth,22,Male,Buxar,West Bengal,Farmer,154150.0,2026-04-09
C02894,Hemani Morar,30,Male,Jhansi,Gujarat,Government Employee,50091.0,2024-08-25
C02895,Vedant Sani,34,Male,Kishanganj,Madhya Pradesh,Government Employee,56323.0,2025-07-18
C02896,Jacob Mand,35,Male,Jalgaon,Sikkim,Business Owner,90147.0,2025-03-28
C02897,Kalpit Sabharwal,38,Female,Tadepalligudem,Nagaland,Doctor,44109.0,2025-01-22
C02898,Yashodhara Din,43,Female,Ghaziabad,Jharkhand,Sales Executive,149971.0,2025-10-16
C02899,Nirja Sharma,48,Female,Shahjahanpur,Maharashtra,Doctor,85560.0,2024-04-22
C02900,Logan Krishna,32,Male,Salem,Nagaland,Accountant,122976.0,2026-07-09
C02901,Omkaar Vohra,27,Female,Udupi,Tripura,Business Owner,73957.0,2025-06-20
C02902,Dhriti Dugal,52,Female,Anantapuram,Nagaland,Sales Executive,131080.0,2024-11-02
C02903,Gaurika Zachariah,59,Female,Rourkela,Kerala,Government Employee,183292.0,2026-07-08
C02904,Advika Sankaran,27,Female,Siliguri,Bihar,Student,72355.0,2026-04-17
C02905,Anika Butala,57,Female,Dewas,Rajasthan,Government Employee,185858.0,2025-04-30
C02906,Pooja Sanghvi,25,Female,Bharatpur,Uttar Pradesh,Business Owner,28849.0,2026-07-07
C02907,Pahal Raman,53,Female,Giridih,Gujarat,Other,127428.0,2022-04-20
C02908,Chanakya Goda,39,Female,Sangli-Miraj & Kupwad,Odisha,Student,27848.0,2021-12-14
C02909,Reva Arora,28,Male,Durg,Jharkhand,Government Employee,132561.0,2026-01-15
C02910,Fariq Sastry,32,Female,Patiala,Uttarakhand,Doctor,39042.0,2022-05-10
C02911,Aradhana Barad,34,Female,Bhatpara,Chhattisgarh,Government Employee,58021.0,2022-11-11
C02912,Ekbal Chaudry,41,Male,Mumbai,Uttar Pradesh,Software Engineer,103516.0,2026-04-29
C02913,Urvi Barad,65,Male,Malda,Madhya Pradesh,Government Employee,76039.0,2023-10-27
C02914,Raghav Singhal,50,Female,Berhampore,Meghalaya,Doctor,167230.0,2024-10-15
C02915,Omaja Sathe,25,Female,Mathura,Haryana,Accountant,177758.0,2023-02-24
C02916,Kabir Prakash,34,Male,South Dumdum,Assam,Teacher,167051.0,2025-12-07
C02917,Urishilla Borde,38,Male,Kadapa,Karnataka,Other,189415.0,2021-11-20
C02918,Samar Prakash,47,Female,Bhilwara,Chhattisgarh,Government Employee,103917.0,2025-02-06
C02919,Damyanti Loke,33,Male,Munger,Rajasthan,Software Engineer,149481.0,2024-11-30
C02920,Rajeshri Khare,52,Male,Junagadh,Odisha,Accountant,130424.0,2021-09-20
C02921,Lavanya Khurana,28,Male,Baranagar,Telangana,Sales Executive,64863.0,2022-09-15
C02922,Noah Badami,59,Female,Satara,Meghalaya,Other,120363.0,2025-06-17
C02923,Mugdha Karpe,36,Male,Nanded,Jharkhand,Accountant,24675.0,2024-11-23
C02924,Nakul Rana,62,Male,Ujjain,Jharkhand,Sales Executive,94544.0,2021-10-21
C02925,Amruta Sem,29,Female,Bulandshahr,Rajasthan,Software Engineer,159845.0,2024-09-29
C02926,Caleb Bhatia,54,Male,Arrah,Haryana,Government Employee,189024.0,2021-11-11
C02927,Devansh Maharaj,22,Male,Pudukkottai,Sikkim,Sales Executive,44935.0,2025-01-15
C02928,Hemal Chhabra,47,Female,Nandyal,Karnataka,Accountant,103149.0,2025-05-11
C02929,Ekavir Gade,43,Female,Sri Ganganagar,Tripura,Teacher,165870.0,2026-03-17
C02930,Charles Mitter,41,Female,Guntakal,Odisha,Other,32339.0,2025-01-18
C02931,Barkha Jain,46,Female,Siwan,Andhra Pradesh,Sales Executive,149325.0,2025-10-09
C02932,Urishilla Kale,62,Male,Ajmer,Haryana,Government Employee,181998.0,2025-08-13
C02933,Amrita Anne,27,Male,Gurgaon,Gujarat,Doctor,32539.0,2026-02-01
C02934,Rohan Wali,21,Male,Sikar,Meghalaya,Teacher,104635.0,2024-12-20
C02935,Pushti Kannan,65,Female,Satna,Andhra Pradesh,Doctor,64614.0,2022-01-31
C02936,Aarna Dalal,26,Male,Asansol,Mizoram,Government Employee,160917.0,2026-09-05
C02937,Tanvi Kulkarni,21,Male,Madurai,Telangana,Accountant,31292.0,2026-01-24
C02938,Vedhika Kuruvilla,28,Male,Ahmednagar,Arunachal Pradesh,Accountant,39671.0,2021-09-21
C02939,Vincent Agrawal,37,Female,Pali,Andhra Pradesh,Other,119498.0,2026-07-03
C02940,Dipta Radhakrishnan,38,Male,Rourkela,Himachal Pradesh,Business Owner,172948.0,2026-03-11
C02941,Zilmil Khosla,50,Male,Srikakulam,Rajasthan,Business Owner,103711.0,2022-09-30
C02942,Faras Dara,30,Female,Dibrugarh,Sikkim,Sales Executive,195173.0,2023-07-03
C02943,Ijaya Soni,28,Male,Chandrapur,Bihar,Other,145285.0,2024-06-08
C02944,Praneel Sunder,63,Female,Bhopal,Bihar,Accountant,104387.0,2024-02-27
C02945,Daniel Prakash,51,Male,Uluberia,Haryana,Teacher,89156.0,2021-12-03
C02946,Kavya Gour,39,Male,Adoni,Andhra Pradesh,Government Employee,166411.0,2023-08-28
C02947,Owen Ram,36,Male,Amravati,Bihar,Teacher,39698.0,2023-08-16
C02948,Ekaja Warrior,52,Male,Begusarai,Nagaland,Doctor,23441.0,2021-11-26
C02949,Triya Madan,63,Male,Bidar,Rajasthan,Sales Executive,120941.0,2026-08-14
C02950,Dhriti Babu,33,Female,Nizamabad,Madhya Pradesh,Teacher,109246.0,2023-01-06
C02951,Shravya Pau,34,Female,Coimbatore,Uttar Pradesh,Accountant,139019.0,2026-01-26
C02952,Yashawini Misra,62,Male,Dewas,Meghalaya,Farmer,47698.0,2022-07-27
C02953,Priya Varkey,29,Male,Unnao,Uttarakhand,Government Employee,121076.0,2024-11-14
C02954,Upkaar Contractor,49,Male,Hapur,Kerala,Student,69270.0,2022-07-21
C02955,Xiti Misra,25,Female,Anantapur,Bihar,Student,63043.0,2023-12-07
C02956,Shivansh Srivastava,64,Female,Arrah,Assam,Other,189969.0,2026-04-01
C02957,Jairaj Yohannan,27,Male,Pune,Odisha,Sales Executive,48094.0,2025-03-16
C02958,Tara Suri,28,Male,Srinagar,Odisha,Software Engineer,140808.0,2023-01-05
C02959,Charita Bajaj,32,Female,Lucknow,Uttarakhand,Software Engineer,144843.0,2024-03-26
C02960,Faras Cherian,63,Female,Pimpri-Chinchwad,Tripura,Government Employee,89619.0,2023-12-23
C02961,Eiravati Palla,28,Male,Alwar,Haryana,Government Employee,133108.0,2022-08-08
C02962,Chameli Grover,34,Male,Latur,Nagaland,Student,151646.0,2024-11-09
C02963,Eshana Modi,48,Female,Chandrapur,Goa,Software Engineer,135694.0,2023-07-20
C02964,Vrishti Palan,38,Female,Baranagar,Rajasthan,Teacher,32880.0,2021-10-06
C02965,Vritti Lala,62,Female,Khammam,Mizoram,Student,70838.0,2025-06-19
C02966,Nathan Narang,39,Male,Adoni,Uttarakhand,Student,66306.0,2022-05-02
C02967,Zaid Atwal,59,Female,Howrah,Arunachal Pradesh,Farmer,179238.0,2025-03-26
C02968,Isaac Dhar,52,Female,Bhopal,Tamil Nadu,Teacher,198562.0,2026-04-13
C02969,Neelima Lad,24,Male,Aligarh,Nagaland,Teacher,77561.0,2023-04-26
C02970,Rachana Menon,28,Male,Ahmedabad,West Bengal,Software Engineer,170793.0,2024-02-25
C02971,Suhani Bhatnagar,38,Male,Meerut,Uttarakhand,Teacher,159495.0,2023-04-22
C02972,Netra Salvi,27,Female,Jaipur,Chhattisgarh,Doctor,182587.0,2021-11-14
C02973,Aayush Goyal,65,Female,Bhiwandi,Meghalaya,Student,122992.0,2024-07-18
C02974,Radha Padmanabhan,27,Male,Jamalpur,Sikkim,Accountant,149806.0,2021-12-08
C02975,Varenya Dara,34,Male,Nellore,Haryana,Doctor,111129.0,2022-01-20
C02976,Sneha Vaidya,61,Female,Bhalswa Jahangir Pur,Gujarat,Other,95491.0,2023-09-10
C02977,Rohan Kala,21,Male,Dehri,Punjab,Business Owner,151921.0,2023-11-28
C02978,Manan Sachdeva,65,Female,Ratlam,Madhya Pradesh,Accountant,82552.0,2023-01-29
C02979,Peter Master,31,Female,Mango,Jharkhand,Teacher,63685.0,2022-09-25
C02980,Dipta Char,32,Female,Bihar Sharif,Chhattisgarh,Sales Executive,57180.0,2025-06-15
C02981,Shravya Bajaj,21,Female,Bhimavaram,Arunachal Pradesh,Student,107570.0,2022-02-04
C02982,Zayan Bhandari,22,Male,Aligarh,Arunachal Pradesh,Accountant,40179.0,2026-04-29
C02983,Prisha Pai,31,Male,Mira-Bhayandar,Nagaland,Other,112312.0,2024-11-17
C02984,Riya Chowdhury,51,Male,Panipat,Kerala,Sales Executive,84883.0,2024-05-08
C02985,Ikbal Palla,51,Male,Guna,Uttarakhand,Software Engineer,24558.0,2023-10-02
C02986,Gunbir Kala,57,Female,Darbhanga,Maharashtra,Doctor,157696.0,2024-02-12
C02987,Quincy Baria,53,Male,Siliguri,Bihar,Business Owner,44617.0,2024-05-02
C02988,Balendra Mital,27,Female,Narasaraopet,Uttarakhand,Government Employee,138650.0,2024-11-14
C02989,Pratyush Minhas,52,Female,Fatehpur,Nagaland,Farmer,87460.0,2025-07-04
C02990,Sneha Garde,63,Female,Kishanganj,Madhya Pradesh,Accountant,115496.0,2022-01-12
C02991,Chandani Kaul,50,Male,Medininagar,Uttarakhand,Government Employee,98940.0,2023-04-19
C02992,Qabil Bahri,42,Female,Bijapur,Goa,Teacher,90762.0,2024-10-15
C02993,Kashvi Gulati,64,Male,Panvel,Meghalaya,Business Owner,127562.0,2022-02-10
C02994,Kiaan Mody,35,Male,Lucknow,Arunachal Pradesh,Government Employee,150503.0,2025-06-18
C02995,Kamala Talwar,22,Male,Tadipatri,Manipur,Other,132910.0,2022-10-05
C02996,Aarush Nazareth,44,Male,Fatehpur,Jharkhand,Teacher,70814.0,2026-05-03
C02997,Falak Sen,45,Male,Purnia,Kerala,Accountant,184335.0,2024-07-01
C02998,Warda Deep,64,Female,Ichalkaranji,Odisha,Farmer,65862.0,2023-09-27
C02999,Wakeeta Sandhu,37,Female,Panvel,Jharkhand,Government Employee,122505.0,2023-06-22
C03000,Faraj Dave,58,Female,Tirunelveli,Maharashtra,Accountant,101087.0,2023-04-15
C03001,Om Chahal,33,Male,Haridwar,West Bengal,Other,156335.0,2021-10-30
C03002,Udyati Raghavan,65,Female,Morena,West Bengal,Other,52233.0,2023-01-09
C03003,Zansi Gokhale,48,Female,Guwahati,Haryana,Other,110963.0,2024-05-08
C03004,Ayushman Purohit,39,Male,Alappuzha,Kerala,Software Engineer,150790.0,2023-05-16
C03005,Mugdha Chadha,64,Male,Bettiah,Chhattisgarh,Sales Executive,198499.0,2022-06-22
C03006,Simon Vohra,30,Female,Faridabad,Bihar,Other,166313.0,2021-11-16
C03007,Quincy Raja,63,Male,Gulbarga,Chhattisgarh,Accountant,147618.0,2025-08-22
C03008,Shivansh Date,39,Male,Amravati,Punjab,Accountant,24087.0,2025-01-17
C03009,Nidhi Iyengar,50,Male,Gandhinagar,West Bengal,Doctor,94191.0,2021-11-22
C03010,Nisha Dara,58,Male,Muzaffarnagar,Uttar Pradesh,Software Engineer,148022.0,2023-04-26
C03011,Omya Mohan,40,Male,Indore,Sikkim,Student,112341.0,2024-06-04
C03012,Tamanna Krishnamurthy,63,Male,Bettiah,Nagaland,Software Engineer,85911.0,2023-02-07
C03013,Chaman Kar,29,Female,Shivpuri,Tamil Nadu,Accountant,151594.0,2023-03-11
C03014,Kabir Dhaliwal,63,Male,Guntakal,Karnataka,Teacher,90954.0,2025-07-16
C03015,Peter Doctor,30,Male,Katni,Gujarat,Student,173413.0,2022-10-17
C03016,Umang Parmer,26,Female,Coimbatore,Odisha,Doctor,28424.0,2025-08-29
C03017,Eta Yogi,51,Female,Moradabad,Tamil Nadu,Doctor,197864.0,2026-08-05
C03018,Neel Kurian,61,Female,Nangloi Jat,Mizoram,Student,124625.0,2024-02-06
C03019,Robert Hari,27,Female,Siliguri,Arunachal Pradesh,Accountant,176510.0,2026-05-18
C03020,Reva Vala,40,Male,Jamalpur,Gujarat,Other,134246.0,2025-07-19
C03021,Charan Kumar,64,Female,Jammu,Telangana,Other,56484.0,2023-10-02
C03022,Gautam Madan,64,Male,Bhimavaram,Nagaland,Accountant,55570.0,2022-11-24
C03023,Xiti Khalsa,47,Male,Medininagar,Punjab,Accountant,99952.0,2025-04-24
C03024,Manbir Srivastava,26,Female,Nellore,Mizoram,Other,184710.0,2022-08-09
C03025,David Lall,50,Male,Howrah,Punjab,Student,134528.0,2023-02-17
C03026,Alexander Yohannan,27,Male,Nellore,Goa,Farmer,135841.0,2025-06-13
C03027,Anvi Nadkarni,65,Female,Jalna,Manipur,Farmer,199611.0,2026-06-28
C03028,Edhitha Rattan,43,Female,Bijapur,Madhya Pradesh,Government Employee,132110.0,2026-04-20
C03029,Ekantika Hayre,50,Female,Dindigul,Tripura,Student,140922.0,2025-01-30
C03030,Lakshmi Ravi,22,Male,Kolkata,Goa,Student,43181.0,2026-07-26
C03031,Rachana Wagle,29,Female,Bardhaman,Assam,Doctor,172128.0,2021-12-15
C03032,Ranveer Padmanabhan,53,Female,Karawal Nagar,Mizoram,Business Owner,182762.0,2025-07-09
C03033,Urvashi Bhatnagar,55,Female,Panvel,Mizoram,Software Engineer,122933.0,2025-05-11
C03034,Devansh Singhal,29,Female,Bahraich,Kerala,Software Engineer,141322.0,2026-02-06
C03035,Rishi Bajwa,54,Female,Bidhannagar,Karnataka,Software Engineer,42192.0,2021-12-22
C03036,Eiravati Sahota,24,Female,Lucknow,Nagaland,Teacher,107420.0,2024-03-11
C03037,Mohammed Sur,59,Male,Mehsana,Chhattisgarh,Accountant,168227.0,2021-11-10
C03038,Nitesh Kulkarni,51,Female,Patna,Goa,Software Engineer,51835.0,2025-12-24
C03039,Upma Thakur,58,Male,Panvel,Tripura,Doctor,155335.0,2022-08-06
C03040,Veer Goyal,30,Female,Aurangabad,Meghalaya,Business Owner,78600.0,2025-07-24
C03041,Ishwar Parmar,64,Male,Bally,Himachal Pradesh,Accountant,184689.0,2025-08-20
C03042,Gautam Ramakrishnan,40,Male,Jalgaon,Chhattisgarh,Sales Executive,183489.0,2025-04-13
C03043,Owen Sarma,65,Male,Ozhukarai,Sikkim,Teacher,37600.0,2025-09-28
C03044,Maya Vala,21,Male,Kumbakonam,Punjab,Other,51728.0,2022-09-28
C03045,Alexander Suri,54,Male,Karaikudi,West Bengal,Doctor,73554.0,2022-09-07
C03046,Elijah Luthra,27,Female,Raiganj,Jharkhand,Software Engineer,152593.0,2025-07-28
C03047,Manbir Shukla,49,Female,Chennai,Uttarakhand,Software Engineer,51932.0,2023-02-25
C03048,Maanav Patil,40,Female,Karaikudi,Arunachal Pradesh,Sales Executive,68246.0,2022-11-16
C03049,Nidra Chadha,36,Female,Kottayam,West Bengal,Other,198604.0,2026-05-07
C03050,Gaurang Hayer,49,Male,Jaunpur,Nagaland,Student,58337.0,2024-11-17
C03051,Utkarsh Mangat,61,Male,Haldia,Sikkim,Business Owner,57142.0,2024-07-15
C03052,Ishita Mangal,63,Male,Srinagar,Tripura,Business Owner,154090.0,2021-10-18
C03053,Sanya Gour,65,Male,Karawal Nagar,Bihar,Sales Executive,145951.0,2026-04-17
C03054,Tanmayi Sunder,39,Female,Ramagundam,Rajasthan,Teacher,174340.0,2025-10-04
C03055,Chaitaly Doshi,52,Female,Bidar,Goa,Accountant,122547.0,2023-06-04
C03056,Dipta Lal,45,Male,Akola,Tamil Nadu,Sales Executive,129286.0,2024-04-22
C03057,Yasti Desai,48,Male,Gaya,Uttar Pradesh,Software Engineer,94297.0,2021-10-18
C03058,Isha Chand,50,Male,Karawal Nagar,Nagaland,Other,122086.0,2026-01-24
C03059,Aishani Dhar,21,Female,Ajmer,Rajasthan,Software Engineer,189111.0,2023-11-26
C03060,Nisha Chahal,62,Female,Mathura,Telangana,Software Engineer,112989.0,2022-11-02
C03061,Yoshita Dhar,29,Female,Rajpur Sonarpur,Madhya Pradesh,Sales Executive,92588.0,2025-03-28
C03062,Netra Setty,21,Male,Munger,West Bengal,Government Employee,151239.0,2025-01-06
C03063,Aarnav Oza,53,Male,Bharatpur,Sikkim,Government Employee,157640.0,2022-08-26
C03064,Odika Memon,45,Male,Bathinda,Rajasthan,Business Owner,191945.0,2023-02-04
C03065,Hardik Wadhwa,30,Female,Secunderabad,Goa,Other,108943.0,2023-06-26
C03066,Fariq Shere,50,Male,Bhubaneswar,Sikkim,Accountant,192607.0,2024-09-04
C03067,Abhiram Ray,40,Female,Kulti,Arunachal Pradesh,Teacher,189118.0,2022-07-31
C03068,Zansi Dara,51,Female,Satna,West Bengal,Sales Executive,178817.0,2024-01-07
C03069,Kala Arya,63,Male,Pali,Chhattisgarh,Other,152901.0,2022-06-14
C03070,Harita Kulkarni,63,Female,Kota,Rajasthan,Business Owner,104954.0,2022-03-19
C03071,Atharv Borra,58,Female,Fatehpur,Punjab,Other,181867.0,2023-09-21
C03072,Amruta Khurana,46,Male,Erode,West Bengal,Software Engineer,27738.0,2022-10-22
C03073,Naveen Morar,31,Male,Dhanbad,Tripura,Teacher,194394.0,2023-12-14
C03074,Yashoda Prakash,27,Female,Sirsa,Uttarakhand,Sales Executive,104845.0,2021-10-26
C03075,Ekaraj Bansal,35,Male,Kolkata,Uttar Pradesh,Teacher,65612.0,2022-01-26
C03076,David Hora,45,Female,Yamunanagar,Tamil Nadu,Teacher,36233.0,2022-06-12
C03077,Ati Sachdev,60,Female,Gulbarga,Manipur,Teacher,29808.0,2025-08-11
C03078,Anika Rastogi,25,Female,Vadodara,Chhattisgarh,Government Employee,178999.0,2024-03-06
C03079,Baljiwan Bhalla,61,Male,Pudukkottai,Goa,Business Owner,104189.0,2025-07-28
C03080,Vedant Majumdar,27,Female,Gandhidham,Maharashtra,Student,54921.0,2024-12-13
C03081,Yasti Mani,61,Male,Farrukhabad,Telangana,Doctor,86190.0,2025-11-19
C03082,Dalbir Chana,52,Female,Panvel,West Bengal,Accountant,79112.0,2025-05-02
C03083,Idika Om,33,Male,Rourkela,Tamil Nadu,Student,158550.0,2022-03-01
C03084,Kashish Date,33,Male,Davanagere,Gujarat,Other,26355.0,2023-03-27
C03085,Jagrati Pai,61,Male,Ambattur,Manipur,Doctor,28713.0,2023-07-22
C03086,Mekhala Kumer,29,Male,Vadodara,Kerala,Government Employee,126961.0,2023-04-21
C03087,Guneet Vora,57,Male,Guntakal,Odisha,Government Employee,68576.0,2024-04-16
C03088,Patrick Walia,64,Female,Tirupati,Andhra Pradesh,Doctor,74388.0,2025-02-09
C03089,Jairaj Uppal,57,Female,Belgaum,Gujarat,Farmer,112302.0,2022-07-24
C03090,Karan Biswas,43,Male,Erode,Uttar Pradesh,Teacher,135049.0,2024-03-10
C03091,Abhiram Ratti,48,Female,Muzaffarpur,Goa,Teacher,169199.0,2024-07-26
C03092,Dominic Wagle,26,Male,Bikaner,Tripura,Farmer,98178.0,2021-10-28
C03093,Praneel Datta,27,Male,Sambhal,Tripura,Sales Executive,80443.0,2022-05-10
C03094,Jhalak Balan,24,Female,Raichur,Sikkim,Software Engineer,78725.0,2023-03-03
C03095,Aadhya Shukla,39,Female,Tadepalligudem,Karnataka,Student,113822.0,2025-07-11
C03096,Luke Ramakrishnan,25,Male,Karimnagar,Jharkhand,Accountant,39602.0,2024-08-02
C03097,Lila Dass,55,Male,Udupi,Kerala,Farmer,180234.0,2025-03-14
C03098,Jagrati Khanna,53,Female,Kanpur,Andhra Pradesh,Student,182174.0,2025-10-20
C03099,Yatin Rai,24,Male,Kumbakonam,Rajasthan,Other,143464.0,2023-03-16
C03100,Charan Sawhney,37,Male,Arrah,Bihar,Software Engineer,108616.0,2025-11-16
C03101,Panini Dara,47,Female,Jalandhar,Tamil Nadu,Doctor,107697.0,2023-11-22
C03102,Ijaya Pall,24,Male,Raiganj,Gujarat,Doctor,163415.0,2023-09-23
C03103,Onveer Gulati,42,Male,Muzaffarpur,Meghalaya,Doctor,149382.0,2023-05-10
C03104,Turvi Rastogi,25,Male,Ratlam,Jharkhand,Government Employee,38550.0,2023-09-20
C03105,Fariq Mishra,47,Male,Fatehpur,Odisha,Farmer,145507.0,2023-01-10
C03106,Ekaraj Doctor,29,Female,Navi Mumbai,Goa,Software Engineer,47279.0,2021-10-29
C03107,Urvi Dada,23,Female,Aligarh,Arunachal Pradesh,Farmer,79046.0,2025-11-30
C03108,Nikita Bansal,62,Female,Bhiwani,West Bengal,Student,145198.0,2024-08-19
C03109,Teerth Narasimhan,40,Male,Nagpur,Karnataka,Software Engineer,34511.0,2023-01-10
C03110,Daksh Sankaran,22,Male,Pallavaram,Nagaland,Farmer,179419.0,2024-10-27
C03111,Wahab Nori,45,Male,Nanded,Chhattisgarh,Farmer,146398.0,2021-11-18
C03112,Sai Shetty,24,Female,Kadapa,Mizoram,Student,52830.0,2026-04-30
C03113,Manthan Prabhu,48,Female,Madhyamgram,Bihar,Farmer,56115.0,2025-12-22
C03114,Charvi Banerjee,28,Female,Kumbakonam,Uttar Pradesh,Teacher,181389.0,2022-05-13
C03115,Bhanumati Saha,44,Female,Rampur,Manipur,Doctor,109948.0,2026-03-23
C03116,Baghyawati Choudhry,48,Male,Mirzapur,Chhattisgarh,Doctor,80826.0,2026-03-03
C03117,Chandresh Setty,26,Male,Jalandhar,West Bengal,Doctor,128282.0,2026-05-09
C03118,Yutika Patil,55,Male,Chapra,Manipur,Software Engineer,85515.0,2023-05-14
C03119,Ojas Bedi,24,Male,Nandyal,Arunachal Pradesh,Software Engineer,53217.0,2022-02-23
C03120,Ekavir Sarkar,49,Male,Sambalpur,Manipur,Accountant,31460.0,2026-05-19
C03121,Tanay Naidu,41,Female,Nizamabad,Telangana,Other,191759.0,2022-07-13
C03122,Faras Bains,36,Female,Korba,Kerala,Business Owner,178891.0,2026-08-30
C03123,Vinaya Savant,46,Female,Nashik,Nagaland,Teacher,192121.0,2025-01-21
C03124,Meghana Roy,25,Male,Jalna,Assam,Accountant,162513.0,2025-11-29
C03125,Brinda Wason,34,Female,Chandigarh,Uttarakhand,Government Employee,77746.0,2024-09-12
C03126,Tara Peri,49,Female,Nizamabad,Mizoram,Government Employee,164547.0,2024-10-03
C03127,Bhavani Dar,39,Male,Nellore,Jharkhand,Farmer,90132.0,2023-10-26
C03128,Abeer Dayal,41,Male,Nadiad,Himachal Pradesh,Software Engineer,110868.0,2024-03-29
C03129,Yagnesh Karnik,47,Female,Kochi,Goa,Accountant,40564.0,2022-10-16
C03130,Laksh Srivastava,34,Male,Ahmednagar,Tamil Nadu,Farmer,80433.0,2022-04-29
C03131,Urmi Palan,40,Male,Howrah,West Bengal,Teacher,117619.0,2022-08-09
C03132,Maanas Palla,30,Male,Tenali,Karnataka,Doctor,135416.0,2025-06-02
C03133,Zansi Sankar,62,Female,Dhule,Rajasthan,Teacher,25580.0,2023-07-28
C03134,Nidra Chandra,52,Male,Adoni,Andhra Pradesh,Accountant,92867.0,2021-10-06
C03135,Aarnav Menon,58,Female,Bardhaman,Uttar Pradesh,Accountant,42149.0,2024-01-30
C03136,Janani Dhawan,24,Female,Sambalpur,Bihar,Other,120646.0,2025-07-24
C03137,Michael Deshmukh,52,Male,Ongole,Nagaland,Student,120837.0,2022-03-07
C03138,Dhruv Nadig,49,Male,Chinsurah,Uttar Pradesh,Doctor,73930.0,2021-09-20
C03139,Utkarsh Raman,45,Male,Ongole,Madhya Pradesh,Student,159589.0,2024-03-14
C03140,Nidhi Kara,24,Female,Warangal,Uttarakhand,Software Engineer,161963.0,2023-12-08
C03141,Ladli Jayaraman,43,Male,Katihar,Tripura,Other,108137.0,2022-01-03
C03142,Gagan Ben,37,Male,Ballia,Tamil Nadu,Software Engineer,109376.0,2022-07-18
C03143,Omkaar Bail,60,Female,Ramgarh,Madhya Pradesh,Student,34973.0,2026-08-28
C03144,Yatin Swaminathan,27,Female,Malegaon,Rajasthan,Accountant,160184.0,2026-06-03
C03145,Praneel Sabharwal,50,Female,Phagwara,Himachal Pradesh,Other,168977.0,2023-03-05
C03146,Varsha Narang,54,Female,Nashik,Kerala,Business Owner,119953.0,2023-05-11
C03147,Chaitaly Bobal,50,Male,Nellore,Maharashtra,Business Owner,23980.0,2024-04-03
C03148,Ekta Sarna,38,Female,Vasai-Virar,Mizoram,Teacher,85518.0,2024-10-23
C03149,Gopal Chowdhury,55,Female,Kalyan-Dombivli,Telangana,Government Employee,169705.0,2026-08-28
C03150,Shravya Divan,46,Male,Hapur,Nagaland,Other,91898.0,2025-04-07
C03151,Chandani Mammen,44,Female,Jalna,Tamil Nadu,Accountant,191188.0,2026-03-25
C03152,Dominic Mishra,59,Male,Gandhidham,Gujarat,Teacher,100450.0,2024-04-16
C03153,Yutika Mallick,57,Female,Bhiwandi,Uttar Pradesh,Accountant,66867.0,2023-05-17
C03154,Irya Aggarwal,49,Female,Ongole,Telangana,Software Engineer,135319.0,2025-08-22
C03155,Yasti Kara,21,Female,Nangloi Jat,Jharkhand,Software Engineer,114037.0,2026-01-07
C03156,Nilima Mitter,51,Male,Jabalpur,Gujarat,Student,35357.0,2024-01-10
C03157,Pallavi Nagi,58,Male,Bilaspur,Punjab,Accountant,179993.0,2025-09-20
C03158,Mitali Rout,56,Female,Vasai-Virar,Madhya Pradesh,Teacher,135458.0,2026-03-30
C03159,Manya Rajan,32,Female,Saharanpur,Bihar,Accountant,88037.0,2026-04-22
C03160,Chaaya Yohannan,52,Male,Nangloi Jat,Sikkim,Doctor,185239.0,2023-09-07
C03161,Darsh Sodhi,32,Male,Gulbarga,Madhya Pradesh,Other,191960.0,2026-01-21
C03162,Darpan Mukherjee,24,Male,Faridabad,Rajasthan,Teacher,191599.0,2025-10-18
C03163,Ojasvi Gill,23,Male,Adoni,Chhattisgarh,Farmer,135424.0,2025-04-08
C03164,Tripti Dara,58,Female,Kottayam,Jharkhand,Software Engineer,165072.0,2023-09-02
C03165,Yash Subramaniam,35,Male,Eluru,Chhattisgarh,Accountant,87487.0,2022-03-09
C03166,Atharv Krishna,22,Female,Alappuzha,Haryana,Farmer,31726.0,2023-11-25
C03167,Zashil Reddy,59,Male,Chandigarh,Chhattisgarh,Government Employee,48616.0,2021-09-29
C03168,Gayathri Chawla,25,Female,Bhind,Haryana,Teacher,153964.0,2023-01-11
C03169,Leena Sarin,25,Male,Amravati,West Bengal,Doctor,105403.0,2025-02-03
C03170,Widisha Dhaliwal,57,Female,Bhatpara,Andhra Pradesh,Student,38715.0,2024-07-14
C03171,Wridesh Sankaran,62,Female,Sikar,Assam,Accountant,57507.0,2023-09-12
C03172,Mitesh Buch,22,Female,Shivpuri,Gujarat,Other,114447.0,2026-02-08
C03173,Isha Choudhary,42,Female,Chapra,West Bengal,Government Employee,143387.0,2026-08-15
C03174,Simon Mahal,39,Male,Rajkot,Uttar Pradesh,Business Owner,116548.0,2023-11-15
C03175,Logan Peri,23,Female,Gurgaon,Nagaland,Business Owner,174986.0,2024-02-13
C03176,Ekapad Joshi,22,Male,Dhule,Assam,Other,75438.0,2022-08-31
C03177,Raagini Setty,41,Female,Sikar,Tamil Nadu,Doctor,119310.0,2024-10-27
C03178,Fiyaz Dalal,58,Male,Shimoga,Manipur,Business Owner,119900.0,2023-07-08
C03179,Jason Peri,62,Male,Tinsukia,Gujarat,Teacher,78872.0,2022-03-08
C03180,Chavvi Master,57,Female,Mathura,Manipur,Farmer,51782.0,2025-06-15
C03181,Kashvi Bhasin,54,Male,Malegaon,Nagaland,Other,143818.0,2022-03-10
C03182,Daksh Bahl,63,Female,Jalandhar,Manipur,Government Employee,90564.0,2021-11-18
C03183,Leena Zachariah,33,Female,Bokaro,Uttar Pradesh,Doctor,106162.0,2023-04-05
C03184,Triveni Prasad,36,Female,Gurgaon,Rajasthan,Doctor,139490.0,2022-07-15
C03185,Sneha Sibal,41,Male,Kottayam,Kerala,Doctor,136656.0,2023-08-14
C03186,Yashodhara Shroff,47,Female,Barasat,Himachal Pradesh,Teacher,112270.0,2024-08-27
C03187,Fariq Wable,56,Male,Jaipur,West Bengal,Government Employee,191266.0,2023-05-03
C03188,Harshil Sur,51,Male,Gurgaon,Tamil Nadu,Sales Executive,129799.0,2023-10-10
C03189,Gavin Srinivasan,35,Male,Pimpri-Chinchwad,Manipur,Farmer,84210.0,2026-01-05
C03190,Aashi Dugar,47,Male,Sri Ganganagar,Maharashtra,Other,88230.0,2022-01-26
C03191,Rachita Kala,39,Female,Bharatpur,Maharashtra,Government Employee,50923.0,2021-09-24
C03192,Balveer Dhar,26,Female,Naihati,Jharkhand,Student,152389.0,2022-07-03
C03193,Jagdish Sundaram,30,Female,Visakhapatnam,Sikkim,Doctor,67163.0,2022-10-25
C03194,Sathvik Natt,50,Male,Nagercoil,Telangana,Business Owner,51664.0,2023-12-16
C03195,Wahab Uppal,47,Female,Anantapuram,Punjab,Farmer,143171.0,2022-01-23
C03196,Ladli Chada,27,Male,Bahraich,Maharashtra,Software Engineer,133094.0,2022-09-30
C03197,Hema Dutt,22,Male,Ulhasnagar,Tripura,Teacher,54702.0,2022-07-15
C03198,Fitan Chatterjee,53,Female,Ujjain,Chhattisgarh,Student,112895.0,2025-03-28
C03199,Ekiya Keer,29,Female,Nashik,Madhya Pradesh,Farmer,83290.0,2024-09-23
C03200,Ati Cheema,39,Male,Chittoor,Madhya Pradesh,Government Employee,108248.0,2025-12-21
C03201,Darika Venkataraman,58,Male,Chinsurah,Haryana,Software Engineer,39333.0,2021-10-05
C03202,Nandini Anne,43,Female,Sikar,Arunachal Pradesh,Student,185368.0,2025-11-07
C03203,Vihaan Bansal,49,Female,Shahjahanpur,Tripura,Accountant,145070.0,2021-10-18
C03204,Bachittar Saraf,65,Male,Purnia,Punjab,Business Owner,174549.0,2022-03-28
C03205,Warjas Ganesan,53,Male,Kochi,Himachal Pradesh,Business Owner,22040.0,2024-12-20
C03206,Ikbal Boase,58,Female,Ghaziabad,Rajasthan,Sales Executive,119450.0,2025-07-17
C03207,Devansh Bandi,41,Female,Khora ,Manipur,Business Owner,153344.0,2024-02-10
C03208,Ekalinga Parmer,58,Female,Serampore,Bihar,Teacher,80886.0,2022-08-27
C03209,Farhan Lala,40,Female,Delhi,Uttar Pradesh,Government Employee,32658.0,2023-08-07
C03210,Jagdish Saran,57,Female,Sambhal,Arunachal Pradesh,Accountant,104620.0,2024-05-04
C03211,Yatan Kaul,45,Female,Sambalpur,Madhya Pradesh,Business Owner,57538.0,2023-05-09
C03212,Chanchal Murty,23,Male,Korba,Bihar,Student,156088.0,2024-02-12
C03213,Aadi Khosla,38,Female,Sri Ganganagar,Odisha,Teacher,111054.0,2022-05-11
C03214,Omisha Merchant,39,Male,Avadi,Assam,Teacher,95456.0,2025-01-07
C03215,Leena Nadig,38,Female,Kurnool,Jharkhand,Sales Executive,78624.0,2025-11-20
C03216,Timothy Lanka,31,Female,Faridabad,Telangana,Accountant,178903.0,2025-07-07
C03217,Kai Sridhar,27,Male,Miryalaguda,Sikkim,Accountant,56963.0,2024-09-14
C03218,Laban Kumer,27,Male,Vellore,Odisha,Farmer,153352.0,2025-10-22
C03219,Meera Rai,31,Male,Siwan,West Bengal,Other,30418.0,2025-08-31
C03220,Mahika Varty,55,Male,Pimpri-Chinchwad,Karnataka,Software Engineer,148022.0,2025-06-10
C03221,Harshil Ganesh,22,Female,Ulhasnagar,Himachal Pradesh,Doctor,93882.0,2022-10-02
C03222,Adya Mital,57,Female,Anantapuram,Arunachal Pradesh,Sales Executive,156549.0,2023-06-18
C03223,Omkaar Modi,29,Female,Rampur,Telangana,Accountant,48734.0,2023-06-06
C03224,Girindra Garg,28,Female,Meerut,Arunachal Pradesh,Student,149303.0,2025-11-17
C03225,Saumya Mallick,37,Male,Saharsa,Bihar,Business Owner,92994.0,2026-06-20
C03226,Chakrika Bhatti,63,Male,Orai,Goa,Government Employee,40726.0,2023-10-13
C03227,Anirudh Anne,35,Male,Imphal,Manipur,Government Employee,61085.0,2025-01-25
C03228,Dhruv Chawla,53,Female,Jalgaon,Kerala,Accountant,138872.0,2023-05-17
C03229,Hritik Devan,61,Male,Dharmavaram,Jharkhand,Government Employee,30055.0,2021-12-26
C03230,Girindra Kohli,48,Male,Uluberia,Uttarakhand,Farmer,103237.0,2026-01-03
C03231,Tarak Pandya,33,Male,Jehanabad,Arunachal Pradesh,Software Engineer,84464.0,2026-07-18
C03232,Anita Chakraborty,29,Female,Malda,Odisha,Doctor,196514.0,2024-04-20
C03233,Charan Mall,33,Female,Kozhikode,Mizoram,Sales Executive,59697.0,2025-03-06
C03234,Ladli Mahajan,52,Male,Srikakulam,Kerala,Sales Executive,94081.0,2023-06-10
C03235,Kevin Bansal,29,Male,Tadepalligudem,Uttarakhand,Teacher,155346.0,2025-07-22
C03236,Max Vaidya,34,Male,Siliguri,Manipur,Student,37632.0,2023-10-29
C03237,Kashish Srinivasan,52,Male,Tiruvottiyur,Uttarakhand,Business Owner,30174.0,2025-08-25
C03238,Darpan Kala,47,Female,Jabalpur,Haryana,Other,119690.0,2023-08-11
C03239,Bhanumati Ahluwalia,61,Male,Jamalpur,Uttarakhand,Government Employee,146938.0,2026-04-09
C03240,Anay Jain,54,Male,Bilaspur,Punjab,Accountant,80789.0,2023-05-24
C03241,Ranveer Sandhu,39,Female,Singrauli,Himachal Pradesh,Sales Executive,185157.0,2026-07-09
C03242,Chakradhar Nath,46,Female,Buxar,Nagaland,Farmer,146080.0,2025-03-06
C03243,Ridhi Anand,39,Male,Fatehpur,Sikkim,Doctor,49456.0,2025-08-11
C03244,Qabil Ravel,39,Female,Kochi,Meghalaya,Sales Executive,105300.0,2021-11-25
C03245,Lucky Soni,36,Female,Udupi,Manipur,Teacher,66188.0,2023-10-03
C03246,Dhruv Sharma,50,Female,Chandrapur,Rajasthan,Teacher,111115.0,2023-10-17
C03247,Harini Vora,65,Female,Bhusawal,Arunachal Pradesh,Business Owner,146809.0,2022-11-12
C03248,Varsha Dave,52,Female,Amritsar,Sikkim,Doctor,27592.0,2025-02-12
C03249,Damini Talwar,39,Female,Sikar,Meghalaya,Farmer,76388.0,2026-05-13
C03250,Gavin Sodhi,47,Male,Saharanpur,Manipur,Farmer,104722.0,2026-07-04
C03251,Manbir Sani,37,Female,Machilipatnam,Mizoram,Student,122597.0,2024-06-09
C03252,Teerth Prasad,49,Female,Ozhukarai,Andhra Pradesh,Student,88340.0,2024-10-21
C03253,Jeremiah Mall,24,Female,Ahmednagar,Haryana,Sales Executive,77395.0,2024-06-20
C03254,Nathan Baral,42,Male,Dindigul,Andhra Pradesh,Accountant,137345.0,2026-07-31
C03255,Reva Mangal,47,Male,Mangalore,Manipur,Other,63656.0,2025-12-07
C03256,Indrajit Nagarajan,55,Male,Ambala,Uttarakhand,Teacher,180773.0,2025-05-05
C03257,Sara Contractor,60,Female,Raichur,Karnataka,Business Owner,178586.0,2022-12-27
C03258,Yamini Jayaraman,55,Male,Shivpuri,Kerala,Software Engineer,119401.0,2025-12-07
C03259,Banjeet Butala,26,Female,Agartala,Arunachal Pradesh,Government Employee,164937.0,2026-08-29
C03260,Patrick Varty,25,Male,Machilipatnam,Maharashtra,Farmer,75171.0,2024-07-09
C03261,Ethan Venkataraman,44,Male,Kanpur,Tripura,Business Owner,160430.0,2026-07-01
C03262,Daksha Hayer,46,Male,Madurai,Arunachal Pradesh,Accountant,62311.0,2026-03-10
C03263,Chanchal Dugar,44,Female,Alappuzha,Uttarakhand,Student,76522.0,2023-12-27
C03264,Laban Rajan,56,Male,Unnao,Mizoram,Software Engineer,29456.0,2025-08-18
C03265,Jason Jhaveri,22,Male,Tadepalligudem,Assam,Farmer,124316.0,2022-08-04
C03266,Harini Ratti,52,Male,Raichur,Kerala,Business Owner,94210.0,2026-03-05
C03267,Yachana Keer,40,Male,Kumbakonam,Uttarakhand,Doctor,185558.0,2024-03-10
C03268,Andrew Vasa,65,Male,Gurgaon,Maharashtra,Software Engineer,91423.0,2023-02-10
C03269,Nikita Hegde,28,Female,Shimla,Madhya Pradesh,Student,54391.0,2023-11-28
C03270,Krisha Dugar,38,Male,Kolkata,Maharashtra,Teacher,39369.0,2023-05-08
C03271,Tejas Babu,53,Female,Hazaribagh,Sikkim,Software Engineer,23864.0,2024-11-18
C03272,Harsh Kapoor,55,Male,Giridih,Arunachal Pradesh,Teacher,174191.0,2026-07-13
C03273,Banjeet Iyengar,46,Male,Gopalpur,Tamil Nadu,Other,101838.0,2023-06-22
C03274,Jairaj Pradhan,41,Female,Tinsukia,Madhya Pradesh,Farmer,26142.0,2023-08-16
C03275,Ayushman Ganguly,40,Female,Bellary,Uttarakhand,Sales Executive,73127.0,2022-03-22
C03276,Kevin Lanka,27,Female,Varanasi,West Bengal,Other,143574.0,2022-01-13
C03277,Simon Mukherjee,45,Female,Karnal,Bihar,Student,44395.0,2023-12-07
C03278,Rohan Vasa,35,Female,Nandyal,Himachal Pradesh,Farmer,93022.0,2025-12-06
C03279,Keya Misra,51,Female,Chittoor,Andhra Pradesh,Farmer,152800.0,2024-03-17
C03280,Krishna Bhalla,36,Female,Hapur,Sikkim,Software Engineer,150294.0,2022-08-04
C03281,Nikita Chahal,46,Female,Darbhanga,Nagaland,Farmer,48391.0,2024-08-05
C03282,Madhav Krishnan,49,Male,Phagwara,Mizoram,Other,26525.0,2023-12-16
C03283,Osha Buch,46,Male,Hajipur,Sikkim,Sales Executive,116946.0,2023-02-08
C03284,Karan Gole,51,Male,Jhansi,Meghalaya,Accountant,107145.0,2022-01-19
C03285,Anamika Toor,30,Male,Gwalior,Jharkhand,Teacher,167032.0,2025-09-27
C03286,Krishna Karnik,31,Male,Ichalkaranji,Telangana,Sales Executive,175558.0,2024-09-25
C03287,Arunima Bhasin,36,Male,Rampur,Bihar,Business Owner,125695.0,2021-10-10
C03288,Ekaja Gokhale,60,Female,Ramgarh,Goa,Farmer,168541.0,2023-05-06
C03289,Siddharth Bains,35,Male,Jodhpur,Arunachal Pradesh,Sales Executive,86066.0,2022-12-02
C03290,Kalpit Varkey,47,Female,Surat,Arunachal Pradesh,Government Employee,59482.0,2024-01-31
C03291,Lakshit Jha,23,Female,Kurnool,West Bengal,Other,176953.0,2026-02-24
C03292,Oscar Virk,47,Male,Malda,Karnataka,Accountant,74846.0,2023-08-11
C03293,Harsh Thakkar,56,Female,Kolkata,Goa,Farmer,151023.0,2023-08-31
C03294,Champak Reddy,41,Male,Panchkula,Rajasthan,Government Employee,140945.0,2026-06-08
C03295,Zinal Palla,51,Male,Farrukhabad,Jharkhand,Teacher,131595.0,2022-08-08
C03296,Xavier Kuruvilla,65,Male,Raurkela Industrial Township,Maharashtra,Student,53366.0,2026-06-15
C03297,Vivaan Keer,21,Male,Madurai,Uttar Pradesh,Farmer,51844.0,2023-06-04
C03298,Vihaan Raval,31,Male,Mysore,Karnataka,Sales Executive,49796.0,2026-07-28
C03299,Abhiram Guha,23,Female,Sirsa,Manipur,Sales Executive,64753.0,2022-07-19
C03300,Upma Arora,61,Female,Buxar,Assam,Business Owner,163415.0,2025-10-29
C03301,Utkarsh Hayer,47,Female,Surendranagar Dudhrej,Haryana,Software Engineer,97791.0,2026-01-19
C03302,Irya Chad,28,Female,Kakinada,Kerala,Accountant,197388.0,2024-11-03
C03303,Aadhya Bal,38,Female,Ambattur,Maharashtra,Other,117421.0,2026-06-01
C03304,Panini Oza,57,Male,Naihati,Haryana,Business Owner,96073.0,2021-09-25
C03305,Vaishnavi Raja,54,Male,Suryapet,Punjab,Other,117321.0,2024-04-28
C03306,Baghyawati Nagi,54,Female,Yamunanagar,Odisha,Sales Executive,141341.0,2026-06-15
C03307,Ayush Krishnan,34,Female,Serampore,Goa,Business Owner,63054.0,2026-06-24
C03308,William Natarajan,54,Female,Morena,Assam,Software Engineer,103280.0,2024-08-22
C03309,Wridesh Kaul,47,Male,Dhanbad,Uttar Pradesh,Business Owner,143337.0,2024-06-19
C03310,Oni Nayak,25,Male,Bhilai,Haryana,Accountant,69197.0,2024-01-05
C03311,Kashvi Banerjee,33,Male,Jalgaon,Goa,Farmer,140217.0,2025-12-04
C03312,Ridhi Sridhar,42,Male,Orai,Maharashtra,Software Engineer,183832.0,2025-07-01
C03313,Liam Malhotra,50,Male,Hospet,Sikkim,Teacher,111869.0,2023-05-16
C03314,Devansh Pai,61,Male,Jalandhar,Punjab,Government Employee,184841.0,2024-02-07
C03315,Ridhi Chaudhary,21,Male,Bareilly,Tripura,Accountant,94498.0,2024-10-30
C03316,Shivansh Agarwal,48,Female,Haridwar,Maharashtra,Government Employee,183709.0,2025-03-22
C03317,Akshay Khatri,46,Female,Nagpur,Odisha,Farmer,161824.0,2024-12-30
C03318,Ishita Nayar,62,Male,Miryalaguda,Chhattisgarh,Teacher,175356.0,2023-06-22
C03319,Baghyawati Deshpande,30,Male,Gopalpur,Sikkim,Doctor,93396.0,2025-01-20
C03320,Ekaraj Datta,32,Female,Raurkela Industrial Township,Arunachal Pradesh,Other,46823.0,2025-12-13
C03321,Rajeshri Jhaveri,29,Female,Kozhikode,Odisha,Government Employee,170904.0,2023-09-01
C03322,Tanmayi Varghese,58,Female,Hosur,Arunachal Pradesh,Other,195242.0,2023-12-12
C03323,Yashasvi Krishna,51,Male,Chennai,Jharkhand,Business Owner,20700.0,2023-09-25
C03324,Damyanti Jain,35,Male,Raichur,Tripura,Teacher,181198.0,2025-08-17
C03325,Aarini Vora,30,Male,Tiruppur,Maharashtra,Business Owner,144640.0,2023-10-04
C03326,Liam Kanda,21,Female,Farrukhabad,Karnataka,Teacher,33681.0,2025-01-26
C03327,Varenya Barman,29,Female,Bhopal,Assam,Student,194284.0,2024-06-25
C03328,Rudra Goswami,51,Female,Haldia,Meghalaya,Accountant,151170.0,2023-09-23
C03329,Ekbal Palla,28,Male,Patna,Meghalaya,Farmer,123087.0,2025-12-30
C03330,Bhavani Virk,45,Female,Raichur,Assam,Sales Executive,113058.0,2026-01-09
C03331,Yauvani Kibe,40,Female,Bhalswa Jahangir Pur,Himachal Pradesh,Farmer,40499.0,2026-04-17
C03332,Sara Panchal,59,Male,Mangalore,Bihar,Business Owner,186138.0,2023-08-05
C03333,Vrishti Sehgal,38,Male,Surendranagar Dudhrej,Telangana,Student,166928.0,2025-12-11
C03334,Darsh Badal,49,Female,Dewas,Himachal Pradesh,Accountant,199665.0,2022-12-21
C03335,Unnati Iyengar,28,Female,Arrah,Nagaland,Government Employee,66664.0,2026-08-08
C03336,Advik Mani,22,Female,Bhusawal,Goa,Sales Executive,195646.0,2022-04-12
C03337,Samarth Batta,43,Female,Salem,Haryana,Doctor,181736.0,2022-12-17
C03338,Eiravati Hayer,56,Male,Udupi,Andhra Pradesh,Student,118095.0,2026-08-17
C03339,Vasudha Sura,32,Male,Bhiwani,Maharashtra,Doctor,135888.0,2024-08-01
C03340,Aahana Karan,44,Male,Jodhpur,Maharashtra,Software Engineer,173665.0,2022-08-08
C03341,Avi Batra,40,Female,Avadi,Nagaland,Teacher,116696.0,2023-09-03
C03342,Umang Pillay,37,Male,Bhagalpur,Kerala,Other,91572.0,2024-05-23
C03343,Rachita Yohannan,23,Female,Thane,Assam,Sales Executive,124410.0,2022-07-05
C03344,Ayush Som,23,Female,Jabalpur,Himachal Pradesh,Accountant,183910.0,2024-10-25
C03345,Turvi Pai,24,Male,South Dumdum,Manipur,Sales Executive,179264.0,2022-08-05
C03346,Chandran Mody,61,Female,Haridwar,Jharkhand,Sales Executive,65553.0,2025-04-05
C03347,Sanaya Edwin,51,Male,Bettiah,Haryana,Software Engineer,116871.0,2024-12-20
C03348,Ladli Kashyap,22,Male,Ambarnath,Meghalaya,Business Owner,54510.0,2023-12-10
C03349,Irya Hayre,26,Female,Loni,Gujarat,Teacher,34692.0,2026-04-29
C03350,Gavin Chaudry,49,Male,Gurgaon,Sikkim,Government Employee,45552.0,2024-07-28
C03351,Guneet Rajagopal,55,Female,Tiruvottiyur,Madhya Pradesh,Doctor,191731.0,2022-12-06
C03352,Samarth Behl,60,Male,Raichur,Karnataka,Government Employee,196158.0,2026-06-13
C03353,Yatin Batra,41,Male,Bongaigaon,Madhya Pradesh,Other,116011.0,2022-07-24
C03354,Chandresh Sem,54,Male,Aurangabad,Manipur,Student,129151.0,2026-03-15
C03355,Unni Vig,63,Male,Mango,Bihar,Teacher,70578.0,2023-08-27
C03356,Aadhya Morar,53,Male,Berhampur,Uttar Pradesh,Accountant,42011.0,2023-07-21
C03357,Tanmayi Mane,32,Female,Mathura,Haryana,Software Engineer,92227.0,2026-08-01
C03358,Ikbal Chad,59,Male,South Dumdum,Arunachal Pradesh,Farmer,127282.0,2025-12-01
C03359,Anya Sandhu,32,Male,Bharatpur,Rajasthan,Accountant,91765.0,2022-02-24
C03360,Lipika Venkatesh,56,Female,Singrauli,Madhya Pradesh,Teacher,109509.0,2022-08-30
C03361,Charita Keer,50,Male,Nagpur,Bihar,Other,141374.0,2022-09-23
C03362,Divya Bahri,26,Male,Jorhat,Andhra Pradesh,Teacher,67841.0,2024-11-04
C03363,Chaitaly Dara,26,Male,Jhansi,Goa,Government Employee,174966.0,2026-03-07
C03364,Champak Konda,61,Male,Suryapet,Punjab,Business Owner,22736.0,2024-06-11
C03365,Naksh Mahajan,34,Female,Kamarhati,Tamil Nadu,Sales Executive,41305.0,2025-11-26
C03366,Elijah Bedi,36,Female,Nashik,Meghalaya,Doctor,54795.0,2022-12-05
C03367,Gayathri Handa,40,Male,Purnia,Uttarakhand,Student,95255.0,2024-10-30
C03368,Tanveer Jaggi,32,Female,Udupi,Meghalaya,Business Owner,168121.0,2023-09-16
C03369,Daksh Vasa,41,Female,Loni,Manipur,Doctor,69347.0,2022-09-05
C03370,Aadi Ganguly,38,Male,New Delhi,Chhattisgarh,Business Owner,97314.0,2025-02-09
C03371,Manbir Shukla,37,Female,Rewa,West Bengal,Accountant,44225.0,2023-08-07
C03372,Quincy Natt,52,Female,Indore,Mizoram,Other,115319.0,2024-09-25
C03373,Inaya Bali,43,Female,Panipat,Assam,Business Owner,29628.0,2022-12-20
C03374,Jagvi Sampath,58,Female,Thrissur,Meghalaya,Business Owner,161020.0,2022-12-02
C03375,Saanvi Mann,57,Male,Rewa,Assam,Student,110943.0,2022-11-15
C03376,Kavya Khare,62,Female,Sambalpur,Goa,Doctor,109700.0,2026-09-07
C03377,Gaurika Kakar,65,Female,Agartala,Kerala,Teacher,154551.0,2025-01-14
C03378,Damyanti Saran,34,Female,Chennai,Assam,Doctor,142601.0,2023-08-10
C03379,Urvashi De,37,Male,Davanagere,Uttar Pradesh,Teacher,155536.0,2021-10-05
C03380,Ladli Seth,63,Male,Singrauli,Tripura,Sales Executive,56651.0,2024-04-17
C03381,Ishaan Ranganathan,50,Female,Eluru,Jharkhand,Government Employee,167788.0,2023-05-22
C03382,Samarth Zacharia,45,Male,Vasai-Virar,Tamil Nadu,Government Employee,47423.0,2022-02-08
C03383,Kalpit Hayre,61,Female,Gaya,Telangana,Software Engineer,61615.0,2022-10-24
C03384,Chaaya Savant,47,Female,Pimpri-Chinchwad,Assam,Government Employee,108256.0,2021-10-20
C03385,Yamini Vala,62,Male,Jehanabad,Punjab,Business Owner,113848.0,2022-11-27
C03386,Daksha Panchal,40,Male,Asansol,Bihar,Sales Executive,163334.0,2024-09-29
C03387,Ati Sandal,32,Male,Pimpri-Chinchwad,Madhya Pradesh,Sales Executive,181641.0,2024-08-02
C03388,Rehaan Wason,50,Female,Ramgarh,Meghalaya,Student,144144.0,2026-03-05
C03389,Janaki Chad,36,Female,Korba,Andhra Pradesh,Government Employee,177533.0,2023-10-20
C03390,Rachana Radhakrishnan,42,Female,Jamnagar,Maharashtra,Student,98688.0,2022-08-13
C03391,Madhavi Pau,23,Male,Bhiwandi,Mizoram,Farmer,48273.0,2025-11-07
C03392,Chaman Swamy,47,Female,Salem,Telangana,Accountant,171385.0,2026-02-18
C03393,Nirja Mallick,46,Male,Kamarhati,Mizoram,Business Owner,154271.0,2021-12-26
C03394,Tanmayi Chaudhari,31,Female,Jorhat,Jharkhand,Other,157385.0,2025-10-26
C03395,Odika Anand,33,Male,Kochi,Haryana,Business Owner,193908.0,2024-08-05
C03396,Naveen Madan,42,Male,Bellary,Uttar Pradesh,Teacher,101074.0,2025-02-01
C03397,Rohan Vora,30,Female,Ambarnath,Karnataka,Sales Executive,123807.0,2024-03-30
C03398,Hritik Dhillon,31,Female,Haldia,Arunachal Pradesh,Software Engineer,192650.0,2023-04-17
C03399,Chakradhar Merchant,30,Male,Tezpur,Haryana,Business Owner,98979.0,2025-07-21
C03400,Ekaraj Butala,40,Male,Bhiwani,Goa,Business Owner,81914.0,2026-09-10
C03401,Daniel Kanda,34,Female,Sultan Pur Majra,Tamil Nadu,Teacher,84155.0,2025-10-24
C03402,Nidhi Nagarajan,30,Female,Hosur,Chhattisgarh,Software Engineer,145132.0,2025-11-05
C03403,Pranav Samra,31,Female,Nagaon,Himachal Pradesh,Teacher,143417.0,2025-06-13
C03404,Pahal Oommen,56,Female,Sri Ganganagar,Mizoram,Doctor,143812.0,2023-03-31
C03405,Ati Gala,63,Female,Jamalpur,Telangana,Sales Executive,83633.0,2022-02-14
C03406,Naksh Kala,27,Female,Satara,Meghalaya,Business Owner,103455.0,2025-05-26
C03407,Janya Karpe,29,Female,Satara,Uttarakhand,Government Employee,94237.0,2022-10-31
C03408,Frederick Thaman,64,Female,Pallavaram,Sikkim,Other,123245.0,2022-08-13
C03409,Upasna Balakrishnan,55,Male,Durgapur,Manipur,Government Employee,148007.0,2022-07-22
C03410,Zaitra Kamdar,63,Male,Kulti,Odisha,Doctor,179520.0,2023-03-18
C03411,Warhi Deol,32,Male,Rohtak,Bihar,Government Employee,114969.0,2024-11-09
C03412,Yatin Jain,42,Male,Dhule,Maharashtra,Other,177068.0,2023-05-13
C03413,Waida Solanki,46,Male,Ratlam,Odisha,Doctor,56196.0,2022-04-14
C03414,Rachana Balan,52,Male,Ghaziabad,Maharashtra,Software Engineer,75373.0,2025-10-01
C03415,Rachana Mitra,40,Female,Panchkula,Kerala,Teacher,109020.0,2025-06-06
C03416,Vedhika Vora,45,Male,Chandigarh,Mizoram,Student,59517.0,2024-01-07
C03417,Dakshesh Chad,39,Female,Sagar,Karnataka,Student,197018.0,2022-02-04
C03418,Kavya Mahajan,51,Male,Asansol,Andhra Pradesh,Accountant,130555.0,2023-04-08
C03419,Patrick Kannan,32,Male,Maheshtala,Odisha,Student,198871.0,2025-11-13
C03420,Vrinda Grewal,54,Male,Aligarh,Telangana,Sales Executive,41663.0,2023-06-02
C03421,George Bahl,43,Male,Miryalaguda,Bihar,Student,23204.0,2024-09-09
C03422,Lavanya Mitter,31,Female,Anand,Telangana,Business Owner,170649.0,2022-01-11
C03423,Zinal Deshmukh,53,Female,Agartala,Karnataka,Sales Executive,23037.0,2025-09-30
C03424,Chasmum Ramakrishnan,52,Female,Allahabad,Sikkim,Student,34289.0,2026-02-23
C03425,Faris Deshmukh,40,Female,Ulhasnagar,Arunachal Pradesh,Accountant,186230.0,2022-11-05
C03426,Rehaan Saran,28,Female,Hindupur,Punjab,Farmer,117733.0,2026-06-19
C03427,Fiyaz Bhalla,51,Female,Raipur,Tamil Nadu,Farmer,115646.0,2026-01-15
C03428,Noah Sawhney,28,Male,Berhampore,Odisha,Student,159385.0,2023-11-07
C03429,Pratyush Shukla,45,Male,Kamarhati,Andhra Pradesh,Business Owner,21823.0,2022-01-16
C03430,Vritti Chada,42,Female,Faridabad,Goa,Doctor,154976.0,2021-09-30
C03431,Karan Samra,60,Female,Gangtok,Telangana,Student,32725.0,2022-08-07
C03432,Ekapad Sridhar,50,Female,Suryapet,Arunachal Pradesh,Software Engineer,51863.0,2024-11-01
C03433,Siddharth Parmar,52,Female,Singrauli,Mizoram,Government Employee,33126.0,2026-08-21
C03434,Netra Verma,59,Female,Pallavaram,Kerala,Accountant,131595.0,2025-01-09
C03435,Riya Bhakta,42,Female,Medininagar,Sikkim,Software Engineer,162278.0,2024-06-24
C03436,Wriddhish Dua,38,Male,Nangloi Jat,Kerala,Accountant,113555.0,2023-08-14
C03437,Pranit Bora,47,Male,Kota,West Bengal,Sales Executive,105100.0,2025-11-12
C03438,Fitan Yadav,40,Male,Bhatpara,Manipur,Other,49277.0,2025-10-07
C03439,Abhiram Bajwa,43,Male,Tiruchirappalli,Tamil Nadu,Farmer,123865.0,2024-04-17
C03440,Xavier Krishnan,36,Male,Nizamabad,Telangana,Teacher,160243.0,2021-10-07
C03441,Deepa Brahmbhatt,27,Male,Sikar,Punjab,Business Owner,185916.0,2024-09-12
C03442,Hritik Chokshi,52,Female,Hyderabad,Himachal Pradesh,Accountant,110540.0,2026-06-26
C03443,Praneel Bir,50,Male,Ghaziabad,Meghalaya,Farmer,169177.0,2023-05-23
C03444,Saumya Sahota,50,Male,Bokaro,Arunachal Pradesh,Teacher,105613.0,2023-07-08
C03445,Chameli Krishna,44,Male,Patna,Kerala,Business Owner,179738.0,2023-10-29
C03446,Jackson Bal,61,Male,Bulandshahr,Kerala,Student,154383.0,2024-11-25
C03447,Darika Soman,26,Female,Kamarhati,Goa,Accountant,130763.0,2026-05-17
C03448,Aarini Seshadri,46,Male,Jabalpur,Haryana,Business Owner,87333.0,2025-07-13
C03449,Vincent Narang,62,Male,Aurangabad,Madhya Pradesh,Student,50520.0,2022-02-22
C03450,Qarin Sawhney,33,Female,Tadipatri,Jharkhand,Accountant,181370.0,2022-06-12
C03451,Upadhriti Chahal,53,Male,Raipur,Gujarat,Software Engineer,118103.0,2024-10-15
C03452,Wishi Soman,57,Female,Medininagar,Tamil Nadu,Doctor,134542.0,2022-06-16
C03453,Eshana Radhakrishnan,38,Male,Kalyan-Dombivli,Bihar,Accountant,151481.0,2025-04-22
C03454,Chaitanya Goswami,63,Male,Sagar,Rajasthan,Other,124509.0,2025-06-15
C03455,Chaitaly Kakar,32,Female,Aizawl,Telangana,Accountant,21324.0,2023-01-26
C03456,Ekavir Gole,47,Male,Ujjain,Rajasthan,Software Engineer,128612.0,2022-03-04
C03457,Warda Kothari,63,Male,Satara,Bihar,Accountant,90006.0,2023-02-13
C03458,Aradhana Venkatesh,50,Female,Nangloi Jat,Manipur,Teacher,78018.0,2023-11-30
C03459,Sanaya Bhatia,35,Male,Gulbarga,Maharashtra,Government Employee,77948.0,2024-10-25
C03460,Ansh Datta,25,Female,Nagaon,Nagaland,Other,140755.0,2023-11-19
C03461,Wazir Narang,58,Female,Tumkur,Uttar Pradesh,Other,106180.0,2024-04-06
C03462,Zehaan Swaminathan,55,Female,Aligarh,Telangana,Sales Executive,166186.0,2025-10-07
C03463,Aradhana Shankar,21,Female,Medininagar,West Bengal,Government Employee,103792.0,2024-06-22
C03464,Vasudha Misra,43,Female,Vijayawada,Uttar Pradesh,Business Owner,141096.0,2022-05-25
C03465,Libni Mall,52,Male,Malda,Uttarakhand,Farmer,64567.0,2024-05-16
C03466,Abhiram Ganesh,64,Female,Malda,Assam,Accountant,125627.0,2025-08-07
C03467,Charita Trivedi,23,Male,Jalandhar,Maharashtra,Sales Executive,167148.0,2021-09-16
C03468,Imaran Oza,43,Male,Jamnagar,Rajasthan,Doctor,158829.0,2026-05-06
C03469,Oni Ghose,44,Female,Raipur,Goa,Accountant,102663.0,2025-11-20
C03470,Bhavya Keer,49,Female,Panchkula,Goa,Software Engineer,60868.0,2023-01-14
C03471,Finn Prabhakar,60,Male,Morbi,Haryana,Other,112176.0,2021-10-20
C03472,Adweta Seshadri,57,Female,Sagar,Chhattisgarh,Student,26136.0,2022-08-29
C03473,Urvashi Joshi,39,Female,Kadapa,Maharashtra,Doctor,118378.0,2025-03-16
C03474,Jagdish Banik,55,Male,Hindupur,Karnataka,Student,179153.0,2023-08-03
C03475,Indali Parmer,28,Male,Madhyamgram,Gujarat,Student,77227.0,2024-12-11
C03476,Bakhshi Sahota,34,Male,Thane,Kerala,Other,95851.0,2025-02-14
C03477,Jeevika Mishra,32,Male,Shimoga,Chhattisgarh,Student,164197.0,2023-09-11
C03478,Shivani Gala,47,Female,Raipur,Goa,Doctor,129623.0,2026-09-01
C03479,Gaurangi Kadakia,59,Female,Kalyan-Dombivli,Gujarat,Government Employee,115204.0,2025-09-15
C03480,Pushti Bhardwaj,61,Male,Amritsar,Tamil Nadu,Government Employee,151676.0,2023-01-04
C03481,Jasmit Chakrabarti,55,Female,Rewa,Jharkhand,Doctor,125897.0,2022-03-17
C03482,Ikbal Bala,52,Female,Sirsa,Gujarat,Accountant,137822.0,2026-03-25
C03483,Jalsa Sani,31,Male,Sonipat,Jharkhand,Student,95604.0,2022-05-19
C03484,Devika Gopal,21,Female,Dehri,Chhattisgarh,Sales Executive,192016.0,2026-06-02
C03485,Raghav Lal,32,Male,Korba,Karnataka,Student,172084.0,2022-05-02
C03486,Jyoti Shetty,62,Female,Mango,Sikkim,Student,127556.0,2021-11-01
C03487,Vyanjana Pradhan,33,Male,Amritsar,Goa,Other,78770.0,2023-03-15
C03488,Aadi Gulati,29,Male,Khandwa,Jharkhand,Other,169575.0,2026-07-18
C03489,Rajeshri Mani,47,Male,Berhampore,Mizoram,Government Employee,179858.0,2022-06-22
C03490,Faraj Singh,36,Male,Mangalore,Haryana,Other,183969.0,2026-09-05
C03491,Zaid Mangal,51,Male,Deoghar,Chhattisgarh,Government Employee,25955.0,2023-10-26
C03492,Finn Nazareth,59,Female,Bareilly,Mizoram,Farmer,154043.0,2023-08-27
C03493,Omisha Anne,33,Male,Gudivada,Nagaland,Sales Executive,116747.0,2026-03-27
C03494,Chasmum Pau,36,Male,Ratlam,Gujarat,Sales Executive,72372.0,2025-01-03
C03495,Zilmil Muni,41,Male,Meerut,Kerala,Accountant,36990.0,2025-05-01
C03496,Indali Golla,22,Male,Phusro,Andhra Pradesh,Other,140895.0,2026-05-21
C03497,Veda Parsa,50,Male,Bhiwani,Andhra Pradesh,Other,136301.0,2026-04-19
C03498,Aahana Dugal,36,Male,Anantapuram,Goa,Sales Executive,151128.0,2023-01-29
C03499,Wahab Mahajan,62,Male,Bhagalpur,Punjab,Other,106837.0,2023-01-28
C03500,Isha Narayanan,31,Male,Nanded,Rajasthan,Sales Executive,38308.0,2025-01-13
C03501,Charan Rana,21,Male,Karimnagar,Sikkim,Student,156253.0,2025-10-28
C03502,Rushil Dubey,51,Female,Raiganj,Karnataka,Teacher,129337.0,2024-03-18
C03503,Wriddhish Chaudhuri,37,Male,Junagadh,Tamil Nadu,Other,189630.0,2023-01-06
C03504,Turvi Lala,55,Male,Moradabad,Himachal Pradesh,Sales Executive,146040.0,2024-08-15
C03505,Udarsh Sinha,24,Female,Loni,Gujarat,Student,30461.0,2023-12-07
C03506,Raksha Jhaveri,44,Female,Hindupur,Odisha,Farmer,184958.0,2024-09-05
C03507,Januja Mann,62,Female,Bhusawal,Nagaland,Student,52520.0,2024-08-24
C03508,Advaith Ray,27,Male,Ozhukarai,Andhra Pradesh,Accountant,171994.0,2025-12-02
C03509,Mitesh Iyengar,28,Male,Kanpur,Tamil Nadu,Government Employee,128237.0,2025-11-05
C03510,Joshua Nayar,63,Female,Thoothukudi,Arunachal Pradesh,Business Owner,83718.0,2026-04-08
C03511,Udyati Prashad,51,Male,Ghaziabad,Madhya Pradesh,Accountant,45460.0,2025-07-01
C03512,Girindra Karan,42,Male,Ludhiana,Arunachal Pradesh,Sales Executive,148863.0,2023-05-29
C03513,Dominic Borra,36,Female,Erode,Tamil Nadu,Government Employee,97409.0,2026-05-01
C03514,Priya Kala,65,Female,Rohtak,Karnataka,Government Employee,138063.0,2022-06-30
C03515,Diya Kapoor,65,Female,Bhalswa Jahangir Pur,Madhya Pradesh,Other,92167.0,2025-07-20
C03516,Hemani Nath,59,Male,Mumbai,Nagaland,Business Owner,58803.0,2026-09-05
C03517,Lekha Kuruvilla,54,Female,Malegaon,Nagaland,Software Engineer,77939.0,2022-11-06
C03518,Yamini Palla,44,Female,Bilaspur,Tripura,Accountant,100389.0,2024-12-31
C03519,Harshil Narayanan,31,Female,Ballia,Nagaland,Sales Executive,135307.0,2025-07-24
C03520,Nilima Sandhu,64,Female,Katihar,Tamil Nadu,Business Owner,53699.0,2026-05-12
C03521,Eta Seth,30,Female,Varanasi,Manipur,Student,87451.0,2025-09-06
C03522,Laksh Walla,61,Male,Kota,Tripura,Software Engineer,75485.0,2026-02-27
C03523,Dev Luthra,58,Female,Bhusawal,Punjab,Business Owner,173153.0,2023-02-19
C03524,Lila Rana,21,Female,Erode,Arunachal Pradesh,Government Employee,153324.0,2022-03-08
C03525,Bimala Johal,54,Female,Akola,Uttarakhand,Sales Executive,182125.0,2026-06-20
C03526,Abdul Roy,31,Female,Mahbubnagar,Maharashtra,Business Owner,173914.0,2025-10-29
C03527,Indali Hayer,53,Female,Avadi,Himachal Pradesh,Farmer,118136.0,2024-12-16
C03528,Nachiket Saini,45,Female,Amritsar,Jharkhand,Business Owner,157687.0,2023-02-01
C03529,Ishani Ramanathan,51,Male,Raipur,Andhra Pradesh,Sales Executive,119581.0,2026-05-08
C03530,Reva Boase,21,Male,Buxar,Arunachal Pradesh,Government Employee,78936.0,2025-05-15
C03531,Ansh Loyal,40,Male,Malegaon,Jharkhand,Doctor,59344.0,2022-08-20
C03532,Yuvraj Pradhan,38,Male,Bhind,Uttar Pradesh,Doctor,113454.0,2025-07-20
C03533,Yash Nayar,52,Female,Panchkula,Andhra Pradesh,Other,187414.0,2026-05-04
C03534,Tanish Pathak,21,Male,Bhilai,Assam,Doctor,115305.0,2024-08-22
C03535,Widisha Shanker,63,Male,Phagwara,Chhattisgarh,Student,184207.0,2024-11-13
C03536,Veda Sahota,27,Female,Vijayanagaram,Tamil Nadu,Farmer,37615.0,2026-08-09
C03537,Jai Kakar,38,Male,Ludhiana,Himachal Pradesh,Software Engineer,137082.0,2021-11-05
C03538,Tanveer Buch,57,Male,Raipur,Assam,Doctor,87127.0,2021-09-27
C03539,Alexander Madan,32,Male,Secunderabad,Haryana,Doctor,139554.0,2022-04-18
C03540,Tripti Balay,32,Male,Eluru,Andhra Pradesh,Other,89668.0,2022-11-22
C03541,Falguni D’Alia,56,Female,Bharatpur,Manipur,Teacher,69811.0,2022-04-18
C03542,Upadhriti Sathe,25,Male,Ambala,Meghalaya,Farmer,99366.0,2025-09-23
C03543,Gautami Choudhary,24,Male,Dhanbad,Himachal Pradesh,Doctor,83947.0,2026-02-13
C03544,Daksha Sankar,58,Female,Ratlam,Nagaland,Sales Executive,45760.0,2025-07-09
C03545,Maanav Konda,55,Male,Ozhukarai,Tamil Nadu,Government Employee,186174.0,2026-02-24
C03546,Upkaar Bir,25,Male,Gudivada,Uttarakhand,Sales Executive,50515.0,2022-02-11
C03547,Dalaja Chowdhury,49,Male,Agartala,Sikkim,Sales Executive,71746.0,2024-06-10
C03548,Jagvi Sandhu,27,Male,Raichur,Tamil Nadu,Other,147724.0,2023-07-27
C03549,Mugdha Doshi,40,Male,Pali,Punjab,Other,132657.0,2022-12-29
C03550,Vedhika Majumdar,28,Female,Barasat,Telangana,Doctor,174386.0,2025-07-19
C03551,Charles Banik,61,Female,Bhimavaram,Kerala,Software Engineer,85994.0,2021-11-25
C03552,Rayaan Apte,47,Female,Jammu,Telangana,Sales Executive,185446.0,2026-01-09
C03553,Devansh Chakraborty,32,Female,Anantapur,Assam,Farmer,146688.0,2025-02-02
C03554,Unni Dewan,53,Female,Kochi,Nagaland,Accountant,89258.0,2025-06-05
C03555,Yachana Kapur,55,Male,Kochi,Bihar,Government Employee,92165.0,2025-10-21
C03556,Baghyawati Chadha,64,Female,Rewa,Maharashtra,Sales Executive,49221.0,2024-05-15
C03557,Jatin Tara,32,Female,Gaya,Madhya Pradesh,Software Engineer,103678.0,2026-06-06
C03558,Barkha Sridhar,53,Female,Suryapet,Maharashtra,Sales Executive,62763.0,2023-09-12
C03559,Keya Cheema,32,Male,Nangloi Jat,Tamil Nadu,Student,196416.0,2023-11-09
C03560,Oviya Nagi,40,Male,Dindigul,Gujarat,Sales Executive,109766.0,2026-05-06
C03561,Theodore Bhasin,61,Male,Silchar,Uttar Pradesh,Doctor,48498.0,2026-07-17
C03562,Noah Basu,35,Male,Agartala,Maharashtra,Accountant,151538.0,2022-05-27
C03563,Tara Parmar,40,Female,Khora ,Gujarat,Farmer,143699.0,2024-02-12
C03564,Ronith Palla,27,Female,Bongaigaon,Bihar,Other,75126.0,2026-01-30
C03565,Waida Dugar,57,Male,Kamarhati,Maharashtra,Government Employee,60996.0,2026-08-29
C03566,Viraj Bora,33,Female,Delhi,Mizoram,Business Owner,61403.0,2023-12-27
C03567,Ridhi Rege,60,Male,Khandwa,Nagaland,Government Employee,155388.0,2021-09-20
C03568,Chatura Brar,51,Female,Kakinada,Odisha,Accountant,79958.0,2021-12-13
C03569,Saanvi Choudhary,37,Female,Ongole,Rajasthan,Accountant,117200.0,2024-01-23
C03570,Balendra Gala,30,Female,Haridwar,Nagaland,Government Employee,112781.0,2021-12-13
C03571,Falguni Mangal,41,Female,Kurnool,Goa,Accountant,131489.0,2025-01-23
C03572,Yashoda Agate,57,Female,Kharagpur,Sikkim,Student,21487.0,2026-08-12
C03573,Balendra Bali,46,Male,Thoothukudi,Manipur,Student,112697.0,2024-08-08
C03574,Oni Lal,62,Male,Jaipur,Arunachal Pradesh,Sales Executive,91881.0,2022-03-15
C03575,Aarini Mani,22,Male,Faridabad,Haryana,Doctor,193553.0,2022-10-21
C03576,Zaitra Desai,37,Female,Bahraich,Bihar,Government Employee,26207.0,2023-11-19
C03577,Sarthak Bath,41,Female,Srinagar,Maharashtra,Student,105376.0,2024-01-14
C03578,Oeshi Vig,56,Male,Hajipur,Bihar,Doctor,181888.0,2021-11-15
C03579,Suhani Kaur,53,Female,Dibrugarh,Gujarat,Accountant,48006.0,2026-06-14
C03580,Hiral Kamdar,25,Male,Gwalior,Meghalaya,Business Owner,105323.0,2023-01-26
C03581,Udyati Bumb,51,Female,Ongole,Chhattisgarh,Software Engineer,192862.0,2023-07-22
C03582,Turvi Balay,45,Female,Buxar,Gujarat,Doctor,93437.0,2026-06-16
C03583,Ekansh Bahl,59,Female,Ramagundam,Jharkhand,Software Engineer,46591.0,2023-07-07
C03584,Azad Dugar,24,Female,Berhampore,Uttar Pradesh,Accountant,161006.0,2024-07-14
C03585,Jyoti Mitter,44,Female,Kumbakonam,Assam,Accountant,49106.0,2025-04-22
C03586,Meera Dewan,51,Male,Tinsukia,Gujarat,Teacher,105077.0,2025-12-09
C03587,Shivani Soni,47,Male,Tenali,Rajasthan,Business Owner,174614.0,2022-01-07
C03588,Ishanvi Bumb,40,Male,Chittoor,Jharkhand,Farmer,43070.0,2025-06-29
C03589,Yashodhara Kapoor,49,Male,Ambarnath,Telangana,Government Employee,170138.0,2024-07-20
C03590,Liam Bava,55,Female,Kochi,Tamil Nadu,Farmer,159205.0,2022-09-24
C03591,Barkha Khare,39,Male,Dhanbad,Bihar,Business Owner,37826.0,2023-03-20
C03592,Vansha Chauhan,65,Female,Bhiwandi,Mizoram,Government Employee,136874.0,2026-05-26
C03593,Yashvi Manda,34,Male,Dhanbad,Rajasthan,Government Employee,142768.0,2025-03-08
C03594,Atharv Yogi,35,Female,Bhavnagar,Nagaland,Government Employee,107297.0,2021-12-17
C03595,Lakshit Ganesan,33,Female,Bhubaneswar,Tamil Nadu,Accountant,178234.0,2023-12-08
C03596,Bhavika Varghese,22,Male,Udaipur,Goa,Teacher,188359.0,2025-02-12
C03597,Radhika Yogi,47,Female,Tumkur,Odisha,Student,147495.0,2024-07-14
C03598,Ayaan Chanda,24,Male,Chennai,Odisha,Farmer,117904.0,2024-05-31
C03599,Saanvi Rana,22,Female,Phagwara,Uttar Pradesh,Software Engineer,152176.0,2024-01-27
C03600,Chanakya Sarna,41,Female,Giridih,Meghalaya,Accountant,170684.0,2026-01-04
C03601,Viraj Deshpande,42,Male,Ulhasnagar,Gujarat,Teacher,168191.0,2024-07-15
C03602,Farhan Acharya,26,Male,Loni,Manipur,Farmer,61477.0,2022-05-04
C03603,Triya Natarajan,53,Male,Jaipur,Tripura,Other,142800.0,2026-06-08
C03604,Maya Srivastava,60,Male,Mehsana,Chhattisgarh,Teacher,199294.0,2022-11-04
C03605,Krish Yadav,48,Female,South Dumdum,West Bengal,Sales Executive,138302.0,2022-09-22
C03606,Sarthak Bir,30,Female,Guntakal,Tripura,Teacher,67624.0,2025-08-22
C03607,Frado Sule,62,Female,Sikar,Haryana,Sales Executive,158337.0,2024-03-02
C03608,Daksh Murty,65,Female,Sangli-Miraj & Kupwad,Chhattisgarh,Software Engineer,125241.0,2024-05-17
C03609,Vedika Bala,57,Female,Surat,Maharashtra,Software Engineer,183496.0,2023-09-10
C03610,Arunima Trivedi,45,Male,Vijayawada,Nagaland,Software Engineer,79042.0,2025-06-26
C03611,Anay Uppal,41,Female,Orai,Madhya Pradesh,Business Owner,87856.0,2026-02-04
C03612,Jason Goswami,35,Female,North Dumdum,Manipur,Farmer,139997.0,2023-09-04
C03613,Atharv Thakkar,62,Male,Karaikudi,Madhya Pradesh,Other,112968.0,2024-06-23
C03614,Parth Nayak,57,Male,Jabalpur,Andhra Pradesh,Doctor,58871.0,2026-02-01
C03615,Mugdha Sarkar,34,Female,Jabalpur,Assam,Business Owner,46449.0,2023-09-09
C03616,Harish Mitter,22,Male,Jammu,Tamil Nadu,Business Owner,161577.0,2025-04-25
C03617,Keya Wali,43,Male,Gwalior,Tripura,Government Employee,102663.0,2025-08-27
C03618,Benjamin Narasimhan,35,Male,Vadodara,Gujarat,Doctor,99411.0,2022-10-18
C03619,Isaiah Narang,31,Female,Darbhanga,Manipur,Accountant,81074.0,2024-06-14
C03620,Owen Patil,34,Female,Chapra,Telangana,Software Engineer,55995.0,2023-08-25
C03621,Ubika Goswami,49,Male,Rajkot,Punjab,Student,26664.0,2025-12-07
C03622,Ekantika Baria,49,Male,Srikakulam,Sikkim,Student,32901.0,2024-08-21
C03623,Aahana Pandya,49,Female,Barasat,Karnataka,Student,72071.0,2022-03-23
C03624,Krishna Raman,34,Female,Solapur,Odisha,Other,52676.0,2024-12-11
C03625,Rachit Hayre,26,Male,Alappuzha,Assam,Farmer,171598.0,2025-07-30
C03626,Daksh Chanda,54,Male,Chandigarh,Manipur,Business Owner,74955.0,2023-04-26
C03627,Megha Shah,28,Female,Dibrugarh,Mizoram,Other,113949.0,2025-09-25
C03628,David Menon,41,Female,Muzaffarpur,Uttar Pradesh,Doctor,75136.0,2026-03-15
C03629,Raksha Dayal,26,Female,Sangli-Miraj & Kupwad,Manipur,Sales Executive,86921.0,2022-05-02
C03630,Kevin Mohan,53,Male,Raebareli,Karnataka,Sales Executive,24232.0,2026-06-19
C03631,Hritik Magar,21,Female,Bally,Telangana,Student,124938.0,2022-11-26
C03632,Anay Mani,27,Female,Ludhiana,Tripura,Government Employee,101259.0,2026-05-11
C03633,Robert Banik,25,Female,Bhavnagar,Odisha,Accountant,80125.0,2026-01-28
C03634,Qadim Kumar,65,Male,Gurgaon,Karnataka,Student,143564.0,2024-08-11
C03635,Bakhshi Sarma,22,Female,Akola,Tamil Nadu,Government Employee,31893.0,2026-08-25
C03636,Sarthak Tara,30,Male,Gaya,Karnataka,Business Owner,168001.0,2022-01-02
C03637,Aashi Sheth,21,Male,Erode,Maharashtra,Farmer,60831.0,2021-10-28
C03638,Balvan Seth,29,Female,Pallavaram,Jharkhand,Software Engineer,36038.0,2022-11-05
C03639,Urmi Tiwari,59,Male,Bulandshahr,Madhya Pradesh,Accountant,117439.0,2022-11-12
C03640,Udant Sami,60,Female,Saharanpur,Maharashtra,Business Owner,129901.0,2025-10-03
C03641,Urishilla Hayre,32,Male,Rourkela,Manipur,Farmer,59683.0,2022-08-02
C03642,Harsh Munshi,63,Male,Jodhpur,Manipur,Government Employee,48676.0,2024-01-02
C03643,Bhavini Dutta,31,Male,Thiruvananthapuram,Nagaland,Sales Executive,73497.0,2023-03-27
C03644,Jasmit Sankaran,40,Female,Serampore,Uttar Pradesh,Government Employee,89515.0,2022-12-26
C03645,Gavin Modi,60,Female,Tiruvottiyur,Mizoram,Software Engineer,26771.0,2026-06-10
C03646,Lajita Batta,42,Male,Ghaziabad,Assam,Sales Executive,28971.0,2026-04-10
C03647,Sarthak Bawa,30,Female,Meerut,Nagaland,Software Engineer,161420.0,2025-01-23
C03648,Lopa Saraf,45,Male,Yamunanagar,Chhattisgarh,Business Owner,46244.0,2023-05-06
C03649,Tanay Dixit,21,Female,Sambhal,Nagaland,Doctor,44149.0,2023-04-15
C03650,Chanakya Atwal,47,Male,Ozhukarai,Maharashtra,Teacher,144699.0,2026-08-30
C03651,Zaitra Naidu,50,Female,Anand,Rajasthan,Farmer,135452.0,2021-10-17
C03652,Ryan Suri,29,Male,Pallavaram,Tamil Nadu,Accountant,144844.0,2025-01-16
C03653,Matthew Sani,51,Female,Noida,Tamil Nadu,Business Owner,104640.0,2022-01-29
C03654,Wahab Kaul,63,Female,Kanpur,Punjab,Other,195225.0,2023-12-18
C03655,Unnati Ravel,27,Female,Jodhpur,Tripura,Sales Executive,169747.0,2023-07-04
C03656,Reva Varty,33,Male,Farrukhabad,Tripura,Doctor,154934.0,2021-11-09
C03657,Omkaar Nath,29,Male,Dehradun,Nagaland,Doctor,192807.0,2021-11-25
C03658,Damyanti Desai,26,Male,Anantapuram,Maharashtra,Student,94003.0,2023-12-02
C03659,Pahal Golla,60,Male,Bharatpur,Arunachal Pradesh,Doctor,79303.0,2026-01-03
C03660,Alexander Bera,37,Male,Adoni,Uttar Pradesh,Accountant,106147.0,2025-05-02
C03661,Charan Biswas,50,Female,Bhavnagar,Tripura,Business Owner,105968.0,2024-03-24
C03662,Pallavi Kapoor,48,Female,Guna,Uttarakhand,Business Owner,171877.0,2023-08-27
C03663,Saanvi Raman,23,Female,Nagaon,Maharashtra,Software Engineer,71877.0,2024-09-14
C03664,Farhan Tripathi,32,Male,Hospet,West Bengal,Business Owner,186364.0,2024-04-07
C03665,Tanay Krish,23,Male,Sri Ganganagar,Goa,Business Owner,124009.0,2025-05-27
C03666,Panini Rajan,41,Male,Noida,Gujarat,Other,146032.0,2021-11-21
C03667,Chameli Bhasin,51,Female,Sambhal,Goa,Doctor,184813.0,2022-06-28
C03668,Ikshita Srivastava,57,Female,Hospet,Madhya Pradesh,Sales Executive,76318.0,2022-08-17
C03669,Diya Iyer,50,Female,Raiganj,Kerala,Farmer,135307.0,2025-07-19
C03670,Inaya Dugar,28,Female,Sambhal,Gujarat,Farmer,108434.0,2026-08-18
C03671,Raagini Butala,42,Male,Munger,Goa,Accountant,109386.0,2025-08-17
C03672,Chakradev Mittal,52,Female,Gwalior,Telangana,Teacher,195115.0,2022-04-08
C03673,Nidra Karnik,42,Female,Chinsurah,Andhra Pradesh,Teacher,115793.0,2023-11-12
C03674,Sai Mishra,48,Male,Baranagar,Arunachal Pradesh,Farmer,53089.0,2024-10-10
C03675,Gaurika Menon,27,Male,Nashik,Karnataka,Sales Executive,49133.0,2023-03-31
C03676,Tristan Manda,28,Female,Bettiah,Manipur,Business Owner,111127.0,2023-03-15
C03677,Tripti Kapur,40,Female,Bahraich,Jharkhand,Student,165043.0,2025-05-22
C03678,Yashoda Balan,26,Male,Amravati,Punjab,Student,153930.0,2023-11-28
C03679,Aadhya Mahajan,33,Male,Erode,Karnataka,Doctor,24382.0,2026-03-11
C03680,Maya Bains,33,Female,Visakhapatnam,Andhra Pradesh,Farmer,177531.0,2023-11-29
C03681,Fiyaz Pandya,30,Male,Bidhannagar,Punjab,Farmer,115068.0,2022-03-21
C03682,Yash Tank,55,Male,Jabalpur,Tripura,Farmer,63713.0,2025-03-12
C03683,Christopher Yogi,44,Male,Hazaribagh,Andhra Pradesh,Teacher,198361.0,2021-11-15
C03684,Waida Wali,31,Male,Korba,Odisha,Business Owner,161773.0,2024-02-22
C03685,Tristan Balan,60,Female,Ambattur,Haryana,Doctor,92986.0,2026-01-15
C03686,Vanya Amble,24,Female,Silchar,Chhattisgarh,Accountant,122176.0,2025-10-08
C03687,Abhiram Comar,54,Female,Kulti,Andhra Pradesh,Sales Executive,142684.0,2025-02-09
C03688,Yagnesh Garde,41,Male,Navi Mumbai,Tamil Nadu,Accountant,20092.0,2025-12-17
C03689,Gayathri Shah,25,Female,Meerut,Andhra Pradesh,Farmer,195143.0,2023-08-14
C03690,Amruta Agrawal,40,Male,Jammu,Kerala,Other,175709.0,2024-04-18
C03691,Zansi Chaudhari,25,Male,Gandhinagar,Uttarakhand,Student,56779.0,2022-08-22
C03692,Udarsh Parikh,30,Female,Kumbakonam,West Bengal,Business Owner,83560.0,2023-03-11
C03693,Theodore Wable,46,Male,Thanjavur,Uttarakhand,Student,122498.0,2025-08-04
C03694,Brinda Bahl,58,Male,Narasaraopet,West Bengal,Doctor,111857.0,2023-04-06
C03695,Dominic Sarkar,25,Male,Bidar,Jharkhand,Accountant,56815.0,2023-05-12
C03696,Janya Bal,46,Male,Jodhpur,Mizoram,Other,196243.0,2026-08-16
C03697,Kashvi Varty,30,Male,Gurgaon,Madhya Pradesh,Sales Executive,57331.0,2023-05-15
C03698,Lila Swaminathan,64,Female,Kadapa,Jharkhand,Government Employee,22823.0,2024-11-10
C03699,Nathaniel Karan,61,Male,Udupi,Chhattisgarh,Farmer,101568.0,2026-01-23
C03700,Theodore Chandran,54,Male,Arrah,Rajasthan,Other,143498.0,2025-03-13
C03701,Yuvraj Parsa,35,Female,Faridabad,Uttarakhand,Accountant,52732.0,2022-07-13
C03702,Bhavna Bath,55,Female,Pallavaram,West Bengal,Business Owner,38455.0,2022-12-21
C03703,Atharv Ahuja,42,Female,Phagwara,Maharashtra,Software Engineer,120008.0,2023-02-07
C03704,Mitali Verma,37,Male,Kalyan-Dombivli,Karnataka,Sales Executive,131649.0,2025-04-24
C03705,Lekha Kar,58,Male,Junagadh,Telangana,Sales Executive,96311.0,2023-10-18
C03706,Zansi Puri,35,Male,Bharatpur,Karnataka,Teacher,178155.0,2026-06-20
C03707,Leena Kothari,59,Female,Alappuzha,Bihar,Doctor,194302.0,2022-01-23
C03708,Tripti Deshmukh,52,Female,Morena,Bihar,Student,34851.0,2022-07-01
C03709,Samuel Sama,61,Male,Aizawl,Tamil Nadu,Accountant,92316.0,2025-06-28
C03710,Jasmit Varkey,37,Female,Sirsa,Kerala,Student,194844.0,2023-02-13
C03711,Zayan Gala,37,Female,Gangtok,Haryana,Teacher,23388.0,2025-02-24
C03712,Lopa Gulati,27,Female,Bardhaman,Telangana,Doctor,173559.0,2026-07-11
C03713,Agastya Raju,52,Male,Meerut,Kerala,Other,133709.0,2022-10-15
C03714,Rajata Anne,63,Female,Nellore,Karnataka,Teacher,147890.0,2024-09-14
C03715,Naveen Mallick,56,Female,Avadi,Gujarat,Other,156044.0,2022-02-02
C03716,Rachita Pandey,63,Female,Salem,Rajasthan,Software Engineer,177722.0,2025-08-06
C03717,Wyatt Taneja,27,Male,Avadi,Arunachal Pradesh,Other,44881.0,2022-08-04
C03718,Vansha Dugal,28,Male,Khammam,Haryana,Government Employee,172075.0,2024-09-21
C03719,Inaya Wadhwa,64,Female,Gulbarga,Assam,Student,30450.0,2022-07-21
C03720,Falak Chad,43,Female,Darbhanga,Madhya Pradesh,Sales Executive,170298.0,2026-08-11
C03721,Ganga Rao,54,Male,Imphal,Haryana,Student,184657.0,2023-12-03
C03722,Qabil Nayak,48,Male,Ahmednagar,Andhra Pradesh,Doctor,168617.0,2026-08-03
C03723,Madhavi Kala,32,Male,Shimla,Sikkim,Government Employee,45900.0,2022-10-02
C03724,Irya Narayanan,39,Female,Bhiwani,Goa,Software Engineer,139701.0,2025-09-09
C03725,Sanya Chaudhari,37,Female,Singrauli,Goa,Government Employee,112373.0,2024-11-10
C03726,Jagvi Kadakia,36,Female,Arrah,Manipur,Sales Executive,32530.0,2024-02-13
C03727,Wishi Jha,41,Female,Muzaffarnagar,Punjab,Accountant,62098.0,2024-07-10
C03728,Zaid Bal,34,Female,Ghaziabad,Andhra Pradesh,Student,111367.0,2023-04-12
C03729,Aadhya Doctor,32,Female,Bhiwandi,Manipur,Teacher,107494.0,2022-06-21
C03730,Naksh Nagarajan,43,Male,Hyderabad,Assam,Government Employee,100172.0,2023-08-08
C03731,Baljiwan Toor,27,Male,Ambattur,Manipur,Student,102031.0,2021-09-18
C03732,Ekaraj Chacko,60,Female,Anantapur,Maharashtra,Business Owner,120321.0,2025-11-15
C03733,Wazir Nadig,33,Female,Hajipur,Nagaland,Sales Executive,111906.0,2021-11-29
C03734,Indira Bhavsar,42,Female,Adoni,Tripura,Government Employee,61737.0,2023-01-10
C03735,Abha Karnik,31,Female,Khammam,West Bengal,Software Engineer,49223.0,2024-01-28
C03736,Dalaja Radhakrishnan,33,Female,Pallavaram,Haryana,Farmer,188377.0,2024-06-20
C03737,Vaishnavi Andra,56,Female,Darbhanga,Assam,Farmer,161100.0,2022-09-28
C03738,Abha Dash,32,Female,Uluberia,West Bengal,Other,39905.0,2026-02-22
C03739,Ganga D’Alia,33,Male,Mumbai,Telangana,Teacher,176754.0,2021-09-16
C03740,Ekansh Raghavan,63,Female,New Delhi,Manipur,Accountant,58211.0,2024-06-03
C03741,Pavani Chanda,42,Female,Delhi,Karnataka,Student,54873.0,2024-02-25
C03742,Arin Bhattacharyya,45,Male,Raurkela Industrial Township,Karnataka,Accountant,180804.0,2023-12-23
C03743,Mahika Sem,57,Male,Bhind,Odisha,Government Employee,78936.0,2022-10-27
C03744,Kavya Patil,49,Male,Mirzapur,Meghalaya,Doctor,163651.0,2024-06-06
C03745,Gagan Bahri,30,Female,Bhusawal,Assam,Software Engineer,149628.0,2021-11-25
C03746,Vedant Korpal,35,Male,Visakhapatnam,Telangana,Doctor,79200.0,2023-07-03
C03747,Maanas Dubey,49,Male,Rampur,Bihar,Business Owner,23255.0,2023-01-30
C03748,Omkaar Magar,39,Male,Chittoor,Telangana,Software Engineer,180489.0,2024-05-25
C03749,Warhi Gour,51,Female,Ratlam,Telangana,Student,165836.0,2023-10-03
C03750,Falan Varty,56,Male,Nellore,Goa,Student,68773.0,2022-09-16
C03751,Nirja Kadakia,54,Female,Arrah,Karnataka,Other,121476.0,2021-09-18
C03752,Bhavna Walla,37,Female,Gaya,Jharkhand,Accountant,133066.0,2023-03-16
C03753,Forum Bhakta,44,Female,Jaipur,Haryana,Doctor,103926.0,2023-10-11
C03754,William Bhat,55,Female,Tiruchirappalli,Andhra Pradesh,Teacher,55256.0,2025-08-23
C03755,Owen Borah,41,Male,Pallavaram,Karnataka,Farmer,171770.0,2024-10-21
C03756,Max Suri,29,Male,Gangtok,Tripura,Farmer,144711.0,2021-10-28
C03757,Arya Dua,55,Female,Bharatpur,Goa,Teacher,178358.0,2026-01-23
C03758,Gautami Bandi,35,Female,Ulhasnagar,Bihar,Farmer,78710.0,2022-04-04
C03759,Eiravati Sarin,50,Female,Jalgaon,Madhya Pradesh,Other,33946.0,2023-03-31
C03760,Jeet Bhargava,50,Female,Amritsar,Goa,Sales Executive,174943.0,2024-12-30
C03761,Alka Gade,48,Male,Mathura,Jharkhand,Business Owner,25797.0,2022-09-24
C03762,Wridesh Subramanian,56,Female,Bulandshahr,Chhattisgarh,Farmer,190466.0,2023-05-04
C03763,Samuel Varghese,24,Female,Hazaribagh,Tripura,Sales Executive,58765.0,2024-12-18
C03764,Raksha Munshi,25,Female,Mahbubnagar,Tripura,Teacher,92375.0,2023-02-18
C03765,Nimrat Devi,57,Female,Meerut,Nagaland,Software Engineer,176693.0,2026-06-22
C03766,Tristan Dhawan,52,Female,Kolkata,Uttar Pradesh,Business Owner,123873.0,2025-01-01
C03767,Warda Raju,34,Female,Satna,Bihar,Accountant,161137.0,2024-07-22
C03768,Harini Naidu,65,Female,Agra,Tripura,Government Employee,80965.0,2023-03-30
C03769,Arin Chhabra,57,Female,Kamarhati,Bihar,Business Owner,161456.0,2026-04-15
C03770,Hemani Saran,64,Female,Maheshtala,Jharkhand,Software Engineer,179801.0,2024-06-30
C03771,Warhi Dayal,24,Female,Hosur,Karnataka,Other,51374.0,2022-12-26
C03772,Theodore Murthy,25,Male,Orai,Kerala,Farmer,128451.0,2024-08-31
C03773,Jonathan D’Alia,31,Male,Buxar,Maharashtra,Doctor,177686.0,2025-11-01
C03774,Charles Narayan,32,Male,Ulhasnagar,Tamil Nadu,Software Engineer,190238.0,2023-08-15
C03775,Ekalinga Sunder,52,Male,Bidar,Andhra Pradesh,Government Employee,43358.0,2026-07-09
C03776,Leena Dalal,27,Female,Munger,Madhya Pradesh,Other,199661.0,2026-04-05
C03777,Ijaya Kunda,45,Female,Guna,Himachal Pradesh,Student,144363.0,2026-02-18
C03778,Avni Bhattacharyya,29,Female,Khora ,Uttarakhand,Business Owner,45129.0,2024-10-30
C03779,Ekta Bora,40,Female,Coimbatore,Madhya Pradesh,Business Owner,132816.0,2024-09-16
C03780,Kabir Garde,37,Female,Aligarh,Rajasthan,Teacher,68382.0,2025-05-04
C03781,Nihal Dani,37,Female,Danapur,Rajasthan,Doctor,79412.0,2022-05-25
C03782,Oliver Sani,43,Male,Katni,Karnataka,Government Employee,138417.0,2021-12-10
C03783,Zinal Murty,27,Female,Kadapa,Gujarat,Software Engineer,178901.0,2025-08-20
C03784,Reyansh Patil,24,Male,Yamunanagar,West Bengal,Government Employee,45032.0,2021-12-21
C03785,Utkarsh Edwin,31,Male,Gorakhpur,Sikkim,Farmer,23297.0,2026-06-01
C03786,Veda Doctor,21,Female,Bhusawal,Goa,Student,100285.0,2021-12-05
C03787,Dalbir Banik,22,Female,Bongaigaon,Telangana,Teacher,65191.0,2023-03-04
C03788,Unni Dara,33,Female,Orai,Manipur,Business Owner,160303.0,2025-10-07
C03789,Luke Badal,34,Female,Bangalore,Chhattisgarh,Teacher,199091.0,2023-07-05
C03790,Chaaya Krishnan,30,Female,Ambarnath,Karnataka,Other,66380.0,2025-10-07
C03791,Alka Chander,49,Male,Bhopal,Punjab,Farmer,59020.0,2023-07-16
C03792,Amol Nanda,49,Male,Ujjain,Himachal Pradesh,Other,30164.0,2023-03-25
C03793,Gaurav Agate,55,Male,Chapra,Kerala,Accountant,96396.0,2025-01-30
C03794,Isha Kulkarni,27,Female,New Delhi,Arunachal Pradesh,Business Owner,174692.0,2026-08-02
C03795,Thomas Sen,54,Male,Shimla,Chhattisgarh,Teacher,150456.0,2022-11-12
C03796,Jagdish Sane,33,Male,Srikakulam,Uttar Pradesh,Other,108446.0,2025-12-14
C03797,Oeshi Saini,50,Female,Kozhikode,Assam,Sales Executive,50508.0,2025-12-13
C03798,Agastya Ahuja,63,Male,Malegaon,Goa,Government Employee,84545.0,2022-04-04
C03799,Indali Hayer,44,Male,Raichur,Odisha,Doctor,148651.0,2023-03-12
C03800,Balendra Babu,33,Female,Ichalkaranji,Madhya Pradesh,Software Engineer,113931.0,2026-07-17
C03801,Upasna Chandra,24,Female,Raebareli,Haryana,Other,45894.0,2024-01-10
C03802,Theodore Majumdar,54,Male,Jamnagar,Chhattisgarh,Government Employee,158238.0,2024-11-15
C03803,Damyanti Gera,57,Female,Delhi,Jharkhand,Farmer,188610.0,2025-07-03
C03804,Aarna Choudhry,33,Female,Khandwa,Tripura,Government Employee,55514.0,2024-07-20
C03805,Noah Nadkarni,49,Male,Sonipat,Arunachal Pradesh,Accountant,184191.0,2023-06-19
C03806,Urishilla Dey,48,Female,Hapur,Himachal Pradesh,Student,118845.0,2024-04-07
C03807,Naveen Barad,26,Female,Karimnagar,Karnataka,Software Engineer,148775.0,2023-03-12
C03808,Maanav Kashyap,27,Female,Mirzapur,Jharkhand,Farmer,146905.0,2024-10-13
C03809,Eesha Lanka,60,Female,Amritsar,Maharashtra,Accountant,150446.0,2025-01-18
C03810,Janya Aggarwal,39,Male,Sagar,Mizoram,Farmer,30913.0,2025-04-06
C03811,Baghyawati Dara,33,Male,Karnal,Madhya Pradesh,Accountant,174001.0,2023-08-01
C03812,Wazir Sahota,57,Male,Rajpur Sonarpur,Madhya Pradesh,Government Employee,32571.0,2024-02-02
C03813,Zashil Bir,55,Male,Adoni,Andhra Pradesh,Software Engineer,99415.0,2022-05-14
C03814,Waida Rau,45,Male,Bihar Sharif,West Bengal,Government Employee,160971.0,2022-08-16
C03815,Vansha Pandey,24,Female,Deoghar,Uttarakhand,Farmer,157359.0,2024-02-15
C03816,Matthew Bhatt,32,Female,Dharmavaram,Tripura,Software Engineer,76228.0,2024-04-05
C03817,Jonathan Bala,27,Female,Ambarnath,Tripura,Business Owner,78082.0,2023-04-20
C03818,Vivaan Sibal,41,Male,Tiruchirappalli,Meghalaya,Doctor,149833.0,2023-09-18
C03819,Darsh Oza,34,Male,Agartala,Andhra Pradesh,Software Engineer,120004.0,2023-06-09
C03820,Kavya Das,34,Male,Bihar Sharif,Tripura,Accountant,21242.0,2025-06-06
C03821,Libni Rai,36,Female,Bikaner,Kerala,Business Owner,122214.0,2023-07-04
C03822,Eta Kanda,35,Female,Kurnool,Uttarakhand,Student,31732.0,2022-05-08
C03823,Zehaan Srinivasan,30,Male,Shimoga,Haryana,Other,84532.0,2022-10-05
C03824,Yashica Sarkar,60,Female,Burhanpur,Maharashtra,Student,198361.0,2024-05-15
C03825,Chatura Parikh,57,Female,Indore,Manipur,Doctor,191268.0,2026-03-06
C03826,Radhika Goel,38,Female,Panihati,Jharkhand,Software Engineer,129022.0,2024-08-31
C03827,Neel Mani,47,Female,Bardhaman,Punjab,Accountant,69675.0,2024-09-02
C03828,Dalaja Comar,52,Female,Mysore,Goa,Other,22734.0,2023-07-17
C03829,Praneel Kala,61,Female,Muzaffarpur,Punjab,Software Engineer,137736.0,2023-05-02
C03830,Nilima Sabharwal,29,Male,Karnal,Meghalaya,Teacher,187142.0,2023-06-25
C03831,Aarav Soni,28,Male,Ballia,Kerala,Business Owner,148066.0,2023-09-17
C03832,Wishi Buch,25,Male,Siwan,Punjab,Farmer,105820.0,2026-06-11
C03833,Madhav Mand,31,Female,New Delhi,Jharkhand,Student,94660.0,2023-04-18
C03834,Isha Solanki,55,Female,Uluberia,Meghalaya,Accountant,169450.0,2024-04-15
C03835,Mason Seshadri,37,Male,Guntur,Haryana,Teacher,123522.0,2026-03-08
C03836,Wriddhish Aggarwal,33,Male,Burhanpur,Goa,Farmer,150539.0,2023-06-14
C03837,Joshua Mangal,33,Male,Madurai,Manipur,Farmer,29357.0,2022-12-14
C03838,Laksh Varghese,51,Female,Mathura,Uttarakhand,Teacher,49204.0,2023-11-30
C03839,Chaitanya Menon,35,Male,Anand,Assam,Student,68359.0,2023-10-27
C03840,Netra Narayan,26,Male,Naihati,Gujarat,Doctor,134281.0,2026-05-08
C03841,Pushti Gulati,60,Female,Ludhiana,Maharashtra,Sales Executive,57423.0,2024-01-07
C03842,Banjeet Lala,49,Male,Noida,Gujarat,Farmer,69537.0,2025-03-15
C03843,Joshua Sarkar,34,Female,Burhanpur,Manipur,Software Engineer,169107.0,2024-04-29
C03844,Ati Sekhon,21,Male,Bidar,Sikkim,Government Employee,85746.0,2026-02-06
C03845,Ranbir Merchant,32,Female,Giridih,Maharashtra,Sales Executive,72599.0,2026-03-17
C03846,Lucky Magar,62,Male,Gwalior,Assam,Student,119623.0,2022-04-06
C03847,Zayyan Kulkarni,30,Female,Siliguri,Manipur,Farmer,36685.0,2022-07-18
C03848,Daksh Sidhu,35,Male,Bilaspur,Andhra Pradesh,Doctor,108051.0,2025-08-26
C03849,Theodore Andra,63,Female,Jalna,Himachal Pradesh,Software Engineer,135482.0,2024-05-06
C03850,Alka Balay,25,Male,Guntur,Karnataka,Other,158557.0,2023-10-27
C03851,Sachi Lalla,39,Male,Pune,Telangana,Business Owner,163425.0,2025-03-15
C03852,Kritika Peri,41,Male,Guntakal,Assam,Teacher,199506.0,2025-01-16
C03853,Yash Zachariah,25,Female,Dharmavaram,Himachal Pradesh,Farmer,160056.0,2022-09-13
C03854,Hemani Banerjee,22,Male,Kavali,Maharashtra,Government Employee,117090.0,2025-05-25
C03855,Nirja Iyengar,23,Male,Sambalpur,Tamil Nadu,Teacher,199389.0,2026-08-10
C03856,Pooja Rai,35,Male,Kurnool,Sikkim,Student,20896.0,2023-08-10
C03857,Dalaja Krishna,57,Male,Darbhanga,Telangana,Student,168623.0,2022-01-30
C03858,Odika Gara,28,Male,Bathinda,Uttar Pradesh,Software Engineer,167754.0,2022-06-14
C03859,Amaira Dhaliwal,55,Male,Vijayawada,Punjab,Software Engineer,190095.0,2023-10-12
C03860,Anjali Char,51,Female,Thane,Nagaland,Accountant,199728.0,2024-04-29
C03861,Balvan Pandya,60,Female,New Delhi,West Bengal,Sales Executive,82303.0,2023-10-28
C03862,David Sood,64,Female,Ratlam,Arunachal Pradesh,Other,85547.0,2022-08-12
C03863,Warinder Bera,43,Female,Ozhukarai,Kerala,Sales Executive,60144.0,2022-08-11
C03864,Neelima Rastogi,50,Female,Mathura,Nagaland,Doctor,57855.0,2022-08-25
C03865,Mason Vora,39,Male,Serampore,Tripura,Student,87426.0,2026-03-12
C03866,Yashodhara Shetty,31,Female,Gandhidham,Kerala,Software Engineer,133177.0,2022-05-29
C03867,Upadhriti Mammen,40,Male,Dharmavaram,Tripura,Software Engineer,140568.0,2024-09-04
C03868,Kashish Randhawa,47,Male,Uluberia,Odisha,Student,52774.0,2022-05-03
C03869,Tanvi Chaudhry,61,Female,Udupi,Uttarakhand,Doctor,126376.0,2022-02-26
C03870,Ati Murthy,47,Female,Navi Mumbai,Sikkim,Sales Executive,138570.0,2021-10-02
C03871,Maanav Bhardwaj,49,Female,Satna,Chhattisgarh,Sales Executive,115305.0,2023-01-07
C03872,Jonathan Bahri,42,Female,Aurangabad,Tamil Nadu,Student,54895.0,2024-01-15
C03873,Charvi Kakar,54,Male,Tadepalligudem,Goa,Doctor,76874.0,2021-12-29
C03874,Daksh Kar,33,Male,Bhalswa Jahangir Pur,West Bengal,Other,115267.0,2022-12-20
C03875,Madhav Bahl,50,Female,Ahmednagar,Rajasthan,Government Employee,188820.0,2022-06-22
C03876,Udant Chahal,40,Male,Avadi,Gujarat,Student,57049.0,2023-11-16
C03877,Advaith Varkey,51,Male,Lucknow,Himachal Pradesh,Farmer,190980.0,2026-03-25
C03878,Girindra Chakrabarti,49,Female,Gandhinagar,Goa,Other,128034.0,2024-04-22
C03879,Inaya Chowdhury,24,Male,Vellore,Maharashtra,Doctor,108521.0,2024-06-12
C03880,Jairaj Majumdar,56,Male,Khammam,Uttar Pradesh,Student,155659.0,2023-10-28
C03881,Rachita Dora,48,Male,Durg,Nagaland,Sales Executive,26248.0,2025-04-19
C03882,Kamya Dube,65,Male,Baranagar,Bihar,Student,168738.0,2022-11-16
C03883,Harsh Chaudhuri,63,Male,Panchkula,Kerala,Accountant,198423.0,2024-10-23
C03884,Devika Manne,57,Male,Yamunanagar,Himachal Pradesh,Student,170750.0,2025-03-01
C03885,Yashawini Gulati,33,Male,Mumbai,Madhya Pradesh,Student,102966.0,2022-11-19
C03886,Lohit Patil,50,Male,Navi Mumbai,Manipur,Business Owner,147581.0,2022-11-03
C03887,Aradhana Ganguly,41,Male,Hajipur,Tripura,Teacher,37133.0,2023-08-29
C03888,Avni Nagi,26,Male,Howrah,Telangana,Software Engineer,33828.0,2021-10-03
C03889,Chaitanya Dugar,42,Male,Chapra,Telangana,Government Employee,113505.0,2026-01-14
C03890,Libni Savant,33,Male,Agra,Maharashtra,Doctor,100625.0,2022-12-17
C03891,Simon Keer,25,Female,Pondicherry,Odisha,Other,102706.0,2025-03-18
C03892,Mason Konda,58,Female,Miryalaguda,Uttarakhand,Sales Executive,108767.0,2022-05-05
C03893,Netra Brahmbhatt,32,Female,Giridih,Manipur,Accountant,46607.0,2023-01-07
C03894,Pavani Sridhar,56,Male,Berhampore,Uttarakhand,Business Owner,62796.0,2022-06-12
C03895,Om Balay,47,Male,Bhiwani,Karnataka,Farmer,182080.0,2025-06-09
C03896,Lakshit Singhal,47,Male,Indore,Nagaland,Farmer,164787.0,2022-03-25
C03897,Darika Lanka,61,Female,Varanasi,Himachal Pradesh,Accountant,85376.0,2024-03-11
C03898,Tanveer Krishnamurthy,28,Male,Proddatur,Assam,Sales Executive,45446.0,2022-07-03
C03899,Osha Tak,23,Male,Kochi,Nagaland,Student,143945.0,2021-10-09
C03900,Tristan Mutti,45,Female,Raichur,West Bengal,Business Owner,25230.0,2023-06-06
C03901,Arjun Randhawa,58,Female,Jaipur,West Bengal,Sales Executive,173325.0,2023-05-13
C03902,Ayush Nagar,57,Male,Jehanabad,Punjab,Sales Executive,25205.0,2022-03-20
C03903,Falguni Ranganathan,52,Female,Arrah,Arunachal Pradesh,Government Employee,42284.0,2024-02-15
C03904,Wriddhish Chana,44,Male,Baranagar,Haryana,Business Owner,55374.0,2024-04-11
C03905,Yochana Bhatnagar,60,Female,Surendranagar Dudhrej,Haryana,Student,59186.0,2026-07-02
C03906,Advaith Sehgal,28,Male,Shimla,Manipur,Government Employee,96637.0,2024-04-10
C03907,Januja Bumb,26,Female,Karawal Nagar,Punjab,Other,149695.0,2022-03-10
C03908,Arunima Jha,22,Female,Anand,Kerala,Business Owner,115739.0,2024-06-22
C03909,Samesh Mall,37,Male,Tadipatri,Haryana,Farmer,93464.0,2025-01-31
C03910,Lajita Ben,54,Male,Kamarhati,Assam,Sales Executive,103510.0,2024-04-21
C03911,Ganga Rana,31,Male,Vellore,Maharashtra,Doctor,100382.0,2024-09-01
C03912,Samar Swamy,37,Female,Delhi,Chhattisgarh,Student,108478.0,2022-12-05
C03913,Vansha Sunder,23,Female,Dharmavaram,Himachal Pradesh,Sales Executive,192860.0,2022-10-20
C03914,Chandani Bala,26,Female,South Dumdum,Andhra Pradesh,Farmer,28224.0,2022-08-09
C03915,Ekanta Bansal,29,Male,Nandyal,Andhra Pradesh,Other,25036.0,2023-11-23
C03916,Dhriti Palla,40,Female,Mehsana,Nagaland,Doctor,143239.0,2024-10-06
C03917,Vaishnavi Kapoor,45,Female,Ghaziabad,Uttarakhand,Software Engineer,196135.0,2024-08-07
C03918,Unnati Kurian,38,Female,Nadiad,Meghalaya,Government Employee,116152.0,2022-01-14
C03919,Ati Bhalla,53,Female,Bally,Manipur,Student,109686.0,2025-04-19
C03920,Lohit Gala,29,Female,Saharsa,Tripura,Accountant,164803.0,2024-02-22
C03921,Ekantika Bera,33,Female,Bangalore,Meghalaya,Accountant,89906.0,2023-06-15
C03922,Farhan Chauhan,26,Female,Pune,Karnataka,Teacher,194646.0,2022-03-12
C03923,Neelima Chawla,41,Male,Noida,Mizoram,Software Engineer,53692.0,2023-03-31
C03924,Warhi Padmanabhan,27,Male,Sagar,Uttarakhand,Teacher,66427.0,2025-11-19
C03925,Faris Baral,44,Male,Siwan,Madhya Pradesh,Business Owner,169922.0,2023-07-18
C03926,Forum Narain,36,Male,Jamalpur,Odisha,Teacher,22528.0,2026-04-09
C03927,Oeshi Shanker,21,Female,Bathinda,Jharkhand,Other,38450.0,2024-01-21
C03928,Ojas Vyas,30,Female,Thiruvananthapuram,Odisha,Government Employee,194309.0,2021-12-19
C03929,Advik Brar,27,Male,Tiruvottiyur,Madhya Pradesh,Software Engineer,56363.0,2022-04-29
C03930,Benjamin Keer,33,Male,Imphal,Gujarat,Business Owner,44039.0,2025-02-07
C03931,Azaan Dhillon,26,Male,Belgaum,Uttarakhand,Student,199726.0,2025-11-24
C03932,Nathan Shetty,35,Male,Nanded,Mizoram,Software Engineer,40817.0,2021-10-12
C03933,Neelima Suresh,45,Female,Vadodara,Manipur,Farmer,70499.0,2026-01-25
C03934,Tarak Bhardwaj,51,Male,Jaunpur,Jharkhand,Sales Executive,178717.0,2022-05-23
C03935,Omisha Murthy,32,Female,Jaunpur,Tripura,Accountant,197251.0,2023-12-02
C03936,Abeer Thakkar,58,Male,Anand,Andhra Pradesh,Sales Executive,68477.0,2023-06-04
C03937,Wriddhish Chawla,53,Male,Deoghar,Andhra Pradesh,Teacher,66098.0,2023-12-25
C03938,Saanvi Tata,33,Female,Surat,Tripura,Business Owner,162081.0,2024-10-23
C03939,Victor Oza,57,Male,Satara,Maharashtra,Teacher,39865.0,2023-01-31
C03940,Januja Patla,33,Male,Singrauli,Maharashtra,Government Employee,79694.0,2023-07-13
C03941,Ranbir Dutta,31,Female,South Dumdum,Nagaland,Other,97783.0,2024-03-20
C03942,Chasmum Viswanathan,59,Female,Jabalpur,Madhya Pradesh,Farmer,187928.0,2024-01-27
C03943,Harshil Walia,39,Male,Alappuzha,Uttar Pradesh,Student,85784.0,2022-10-05
C03944,Faras Dube,43,Male,Rewa,Sikkim,Farmer,21830.0,2023-07-18
C03945,Rushil Ghose,62,Female,Bhiwandi,Andhra Pradesh,Accountant,62274.0,2025-09-11
C03946,Nidhi Golla,25,Male,Tenali,Andhra Pradesh,Teacher,149478.0,2023-05-29
C03947,Quincy Dhillon,43,Male,Bidar,Mizoram,Other,132746.0,2023-02-09
C03948,Samar Nath,26,Female,Kamarhati,Rajasthan,Software Engineer,196816.0,2022-11-22
C03949,Harini Venkataraman,26,Female,Mumbai,Mizoram,Other,114759.0,2026-04-12
C03950,Devika Gaba,65,Male,Etawah,Gujarat,Other,88796.0,2022-03-08
C03951,Eta Garg,41,Female,Kamarhati,Mizoram,Government Employee,145946.0,2023-01-03
C03952,Charan Mahajan,44,Female,Dehradun,Manipur,Accountant,148211.0,2025-03-27
C03953,Veda Shanker,41,Male,Panipat,Punjab,Doctor,173938.0,2022-06-11
C03954,Vanya Chana,31,Male,Bhatpara,Uttar Pradesh,Government Employee,127408.0,2021-12-13
C03955,Peter Kohli,50,Female,Jammu,Odisha,Government Employee,125707.0,2026-05-30
C03956,Max Kant,50,Female,Phagwara,Meghalaya,Sales Executive,60025.0,2022-02-25
C03957,Chanchal Balasubramanian,30,Female,Hapur,Rajasthan,Student,26417.0,2024-01-14
C03958,Pallavi Agate,29,Female,Khora ,Tripura,Student,185725.0,2025-09-28
C03959,Chandani Anand,30,Female,Jaipur,Chhattisgarh,Government Employee,23656.0,2024-08-25
C03960,Advik Mohan,48,Male,Bhiwani,Assam,Business Owner,175434.0,2026-07-08
C03961,Darsh Mitra,32,Male,Haldia,Punjab,Teacher,24296.0,2022-03-24
C03962,Azaan Mody,46,Female,Udupi,Haryana,Business Owner,91012.0,2026-07-17
C03963,Abeer Raman,42,Male,Junagadh,Karnataka,Software Engineer,150370.0,2024-08-18
C03964,Anya Banik,46,Male,Silchar,Chhattisgarh,Accountant,164003.0,2026-02-17
C03965,Lakshit Bhatti,38,Male,Yamunanagar,Meghalaya,Doctor,147542.0,2022-03-04
C03966,Laban Om,59,Female,Hazaribagh,Bihar,Student,134060.0,2022-02-12
C03967,Baghyawati Trivedi,31,Female,Jodhpur,Haryana,Software Engineer,112633.0,2023-12-01
C03968,Yatan Palla,27,Male,Ratlam,Haryana,Government Employee,144964.0,2024-09-14
C03969,Maanav Borde,59,Female,Durgapur,Karnataka,Business Owner,81643.0,2021-12-25
C03970,Amol Bali,54,Female,Sultan Pur Majra,Nagaland,Doctor,129142.0,2022-03-05
C03971,Dipta Loke,52,Male,Coimbatore,Tripura,Accountant,185546.0,2024-06-09
C03972,Ishani Soni,31,Female,Gudivada,Mizoram,Accountant,199321.0,2025-08-15
C03973,Januja Pant,60,Female,Coimbatore,Goa,Other,51941.0,2026-07-29
C03974,Viraj Bhagat,59,Male,Karaikudi,Jharkhand,Farmer,93897.0,2022-10-10
C03975,Manthan Sachar,42,Female,Jamshedpur,West Bengal,Business Owner,116879.0,2025-01-19
C03976,Abdul Yadav,57,Female,Berhampore,Kerala,Teacher,24642.0,2026-02-04
C03977,Rajeshri Choudhry,49,Female,Surendranagar Dudhrej,Karnataka,Student,84516.0,2025-02-06
C03978,Charles Char,34,Female,Bhimavaram,Maharashtra,Doctor,101929.0,2025-09-01
C03979,Neel Sachar,61,Female,Giridih,Sikkim,Accountant,165488.0,2022-05-17
C03980,Vasudha Patla,42,Female,Chapra,Uttarakhand,Doctor,53327.0,2021-10-29
C03981,Naveen Kapoor,41,Male,Aurangabad,Nagaland,Other,179747.0,2025-05-21
C03982,Warjas Vig,36,Male,Tadepalligudem,Odisha,Sales Executive,167665.0,2025-08-05
C03983,Advaith Shetty,51,Male,Mau,Uttar Pradesh,Government Employee,153945.0,2025-07-20
C03984,Vinaya Sinha,27,Female,Firozabad,Andhra Pradesh,Business Owner,183474.0,2022-10-04
C03985,Yochana Gulati,41,Male,Kharagpur,Andhra Pradesh,Farmer,148697.0,2024-12-08
C03986,Rishi Bera,50,Female,Pudukkottai,Mizoram,Teacher,137829.0,2024-11-01
C03987,Zehaan Baral,45,Male,Satna,Tamil Nadu,Accountant,57508.0,2023-02-09
C03988,Gunbir Sanghvi,44,Male,Bhubaneswar,West Bengal,Sales Executive,84640.0,2024-10-19
C03989,Jai Kapadia,35,Male,Hyderabad,Rajasthan,Government Employee,113367.0,2024-10-10
C03990,Bimala Sarkar,60,Female,Thoothukudi,Goa,Farmer,58304.0,2023-01-22
C03991,Yug Bhasin,38,Female,Panchkula,Chhattisgarh,Sales Executive,102357.0,2023-04-11
C03992,Vasudha Dixit,59,Male,Pallavaram,Punjab,Doctor,176653.0,2024-07-15
C03993,Bina Rao,59,Male,Khammam,Madhya Pradesh,Accountant,35876.0,2021-11-22
C03994,Harsh Sabharwal,33,Female,Karaikudi,Meghalaya,Doctor,118568.0,2025-11-08
C03995,Lila Kar,48,Male,Buxar,Haryana,Accountant,88416.0,2026-07-17
C03996,Jagrati Roy,34,Male,Amritsar,Himachal Pradesh,Accountant,26627.0,2023-06-23
C03997,Chakrika Rau,22,Female,Agartala,Goa,Teacher,116634.0,2024-04-29
C03998,Ekta Rama,50,Male,Jalgaon,Manipur,Sales Executive,184073.0,2023-09-03
C03999,Gayathri Sama,45,Male,Nangloi Jat,Chhattisgarh,Other,136428.0,2022-11-09
C04000,Tejas Bhakta,41,Male,Jalgaon,Rajasthan,Accountant,139522.0,2024-06-23
C04001,Tara Wable,38,Male,Sambalpur,Madhya Pradesh,Other,138838.0,2022-12-20
C04002,Yashodhara Menon,39,Male,Bathinda,Tripura,Other,53694.0,2024-04-03
C04003,Chakradev Agate,41,Male,Panihati,Goa,Teacher,33742.0,2025-10-23
C04004,Girindra Bhasin,41,Female,Amravati,Manipur,Government Employee,57159.0,2025-01-23
C04005,Tanay Bhargava,41,Female,Chandrapur,Assam,Farmer,26675.0,2024-02-07
C04006,Kabir Mohanty,61,Female,Jaunpur,Punjab,Government Employee,123687.0,2025-02-17
C04007,Watika Kata,32,Female,Karnal,Gujarat,Other,29052.0,2021-09-17
C04008,Avni Vohra,62,Female,Tumkur,Himachal Pradesh,Government Employee,168273.0,2022-03-13
C04009,Ekta Grewal,57,Male,Rampur,Kerala,Farmer,34643.0,2026-05-28
C04010,Tara Bava,29,Female,Tenali,Sikkim,Teacher,37798.0,2023-01-28
C04011,Krishna Agate,29,Male,Surat,Punjab,Teacher,157043.0,2023-11-10
C04012,Daksh Garde,31,Male,Chandrapur,Karnataka,Teacher,114454.0,2023-11-14
C04013,Omaja Choudhury,43,Female,Bhagalpur,Mizoram,Teacher,128171.0,2022-08-01
C04014,Elijah Thaman,42,Male,Chittoor,Punjab,Sales Executive,125004.0,2025-09-20
C04015,Dhruv Acharya,55,Male,Erode,Himachal Pradesh,Farmer,129144.0,2025-06-15
C04016,Champak Banerjee,62,Female,Solapur,Andhra Pradesh,Business Owner,163680.0,2026-09-05
C04017,Gabriel Din,26,Male,Davanagere,Arunachal Pradesh,Sales Executive,61696.0,2026-08-11
C04018,Ekapad Vora,28,Female,Jabalpur,Odisha,Doctor,82721.0,2024-02-14
C04019,Jagdish Batta,24,Male,Aurangabad,Meghalaya,Software Engineer,188533.0,2021-10-05
C04020,Farhan Kale,65,Male,Rajpur Sonarpur,West Bengal,Sales Executive,31113.0,2025-05-26
C04021,Yauvani Goswami,23,Male,Aligarh,Chhattisgarh,Doctor,60011.0,2024-07-31
C04022,Faqid Ranganathan,29,Female,Berhampore,Telangana,Government Employee,121587.0,2025-08-30
C04023,Tara Raman,61,Female,Rohtak,Arunachal Pradesh,Software Engineer,153758.0,2025-10-26
C04024,Idika Wali,39,Female,Patna,Meghalaya,Software Engineer,195542.0,2024-05-09
C04025,Indira Jha,65,Female,Bulandshahr,Meghalaya,Farmer,37815.0,2022-10-27
C04026,Ira Bhattacharyya,23,Male,Latur,Assam,Other,29438.0,2023-07-21
C04027,Yash Bhatt,34,Male,Jammu,Uttar Pradesh,Other,148834.0,2022-09-03
C04028,Vrinda Thakkar,21,Female,Kurnool,Kerala,Teacher,172458.0,2022-09-10
C04029,Barkha Chacko,44,Male,Amritsar,Punjab,Student,75778.0,2026-07-16
C04030,Ekani Balakrishnan,30,Male,Siliguri,Goa,Other,93771.0,2023-08-26
C04031,Tejas Dass,38,Female,Barasat,Goa,Farmer,121821.0,2024-04-19
C04032,Pratyush Ranganathan,31,Male,Mangalore,Uttar Pradesh,Other,87181.0,2025-08-07
C04033,Akshay Divan,42,Male,Ujjain,Bihar,Government Employee,88247.0,2021-11-09
C04034,Chavvi Dewan,46,Male,Mau,Odisha,Accountant,138397.0,2024-07-12
C04035,Aachal Parmar,22,Female,Malegaon,Odisha,Other,190762.0,2026-08-27
C04036,Oeshi Buch,63,Female,Baranagar,Nagaland,Doctor,68452.0,2025-02-20
C04037,Lucky Shroff,28,Male,Nagercoil,Manipur,Student,47978.0,2022-06-15
C04038,Anika Rajagopalan,34,Male,Avadi,Assam,Other,98278.0,2022-12-08
C04039,Jason Jayaraman,65,Male,Bhatpara,Jharkhand,Other,99526.0,2026-01-22
C04040,Omisha Dhaliwal,44,Female,Vijayanagaram,Rajasthan,Software Engineer,189824.0,2023-01-10
C04041,Udarsh Keer,61,Male,Bhiwandi,Haryana,Other,86147.0,2023-07-27
C04042,Panini Pandey,34,Male,Dehri,Mizoram,Accountant,23240.0,2022-03-21
C04043,Sneha Cheema,34,Male,Hindupur,Sikkim,Government Employee,74094.0,2024-10-08
C04044,Pratyush Kannan,52,Female,Giridih,Mizoram,Government Employee,140031.0,2023-05-09
C04045,Thomas Chad,46,Male,Bikaner,Sikkim,Sales Executive,145875.0,2025-04-28
C04046,Irya Merchant,56,Female,Thiruvananthapuram,Bihar,Doctor,40361.0,2023-06-13
C04047,Advika Konda,60,Male,Shimla,Rajasthan,Software Engineer,28178.0,2026-02-03
C04048,Christopher Lala,60,Male,Farrukhabad,West Bengal,Software Engineer,91888.0,2023-01-24
C04049,Advay Buch,21,Female,Bellary,Meghalaya,Sales Executive,119987.0,2023-08-16
C04050,Tanish Dani,57,Male,Ranchi,Tripura,Teacher,34034.0,2024-04-14
C04051,Peter Sule,44,Male,Bellary,Sikkim,Doctor,130930.0,2023-06-08
C04052,Jasmit Bhardwaj,44,Male,Bhiwandi,Rajasthan,Accountant,129441.0,2023-03-08
C04053,Amara Dalal,62,Male,Bangalore,Tamil Nadu,Accountant,29173.0,2023-12-12
C04054,Ryan Borra,28,Female,Mango,Mizoram,Business Owner,88871.0,2026-08-12
C04055,Urmi Kala,50,Male,Dhule,Gujarat,Teacher,186909.0,2022-08-14
C04056,Yuvraj Memon,64,Male,Thiruvananthapuram,Jharkhand,Sales Executive,65765.0,2023-11-07
C04057,Krishna Sharaf,21,Male,Varanasi,Uttar Pradesh,Teacher,81552.0,2024-08-22
C04058,Hema Raja,50,Female,Sambhal,Meghalaya,Accountant,25913.0,2023-08-13
C04059,Ranbir Gulati,65,Female,Thanjavur,Gujarat,Teacher,60185.0,2023-05-12
C04060,Caleb Subramanian,34,Male,Meerut,Jharkhand,Student,197738.0,2022-04-20
C04061,Ishwar Choudhry,45,Male,Bathinda,Sikkim,Software Engineer,150396.0,2026-03-17
C04062,Harita Sanghvi,48,Female,Tadipatri,Tripura,Student,65881.0,2022-04-25
C04063,Kevin Ratta,21,Male,Saharanpur,Gujarat,Teacher,93616.0,2024-04-17
C04064,Tejas Gade,39,Female,Mangalore,Chhattisgarh,Doctor,90067.0,2025-04-09
C04065,Sara Dara,22,Female,Aurangabad,Uttarakhand,Doctor,81556.0,2025-08-31
C04066,Gaurika Patil,65,Female,New Delhi,Goa,Software Engineer,190441.0,2021-12-01
C04067,Pahal Viswanathan,23,Female,Ahmedabad,Manipur,Farmer,148064.0,2026-04-12
C04068,Jeremiah Nadkarni,35,Male,Bhatpara,Himachal Pradesh,Accountant,115429.0,2024-02-09
C04069,Imaran Nath,26,Female,Ramagundam,Odisha,Sales Executive,143856.0,2025-06-17
C04070,Daksha Chandra,55,Male,Machilipatnam,Mizoram,Government Employee,192648.0,2025-09-19
C04071,Yashica Rai,44,Male,Davanagere,Tamil Nadu,Government Employee,187592.0,2025-08-15
C04072,Ishanvi Bali,43,Female,Dehri,Jharkhand,Business Owner,172099.0,2025-08-08
C04073,Charan Saxena,46,Female,Tinsukia,Punjab,Sales Executive,111078.0,2024-01-01
C04074,Amaira Barman,39,Male,Ramagundam,Bihar,Sales Executive,197133.0,2025-04-26
C04075,Ranveer Sampath,55,Female,Madurai,Gujarat,Government Employee,133170.0,2026-04-12
C04076,Matthew Mody,26,Female,Bulandshahr,West Bengal,Business Owner,107242.0,2026-08-12
C04077,Chakradev Halder,43,Female,Asansol,Haryana,Sales Executive,161351.0,2026-03-27
C04078,Robert Johal,64,Male,Bhiwandi,Madhya Pradesh,Software Engineer,110034.0,2025-10-02
C04079,Tarak Kurian,53,Male,Sikar,Assam,Other,109561.0,2025-12-10
C04080,Oeshi Doctor,55,Male,Ludhiana,West Bengal,Other,56574.0,2023-06-08
C04081,Jeremiah Prashad,34,Female,Sikar,Assam,Teacher,129832.0,2023-10-07
C04082,Dalbir Bal,28,Male,Sagar,West Bengal,Farmer,47214.0,2026-03-30
C04083,Oliver Pandit,57,Male,Agra,Jharkhand,Accountant,164296.0,2025-11-09
C04084,Anmol Ramakrishnan,63,Male,Bokaro,Karnataka,Doctor,199309.0,2024-11-18
C04085,Garima Kumer,42,Female,Ozhukarai,Odisha,Teacher,105324.0,2024-01-22
C04086,Amaira Rout,44,Female,Jammu,Nagaland,Farmer,192200.0,2023-01-26
C04087,Mason Virk,46,Male,Dibrugarh,Maharashtra,Other,112047.0,2024-02-05
C04088,Bhavini Palla,47,Male,Khammam,Andhra Pradesh,Doctor,187895.0,2023-04-15
C04089,Wridesh Saran,62,Female,Indore,Punjab,Business Owner,69369.0,2023-04-04
C04090,Avni Acharya,21,Male,Solapur,Odisha,Sales Executive,57841.0,2021-11-04
C04091,Barkha Bajwa,25,Female,Surendranagar Dudhrej,Andhra Pradesh,Doctor,126461.0,2022-07-04
C04092,Daksh Lalla,40,Male,Machilipatnam,Sikkim,Farmer,187313.0,2022-12-27
C04093,Aarini Pau,27,Male,Muzaffarpur,Assam,Software Engineer,24251.0,2024-01-17
C04094,Balvan Dara,22,Female,Asansol,Jharkhand,Teacher,74286.0,2026-06-26
C04095,Michael Andra,32,Male,Surendranagar Dudhrej,Karnataka,Teacher,86436.0,2023-11-15
C04096,Farhan Sodhi,49,Male,Tirunelveli,Karnataka,Student,113720.0,2025-05-28
C04097,Mohammed Chauhan,63,Female,Chandrapur,Himachal Pradesh,Software Engineer,176646.0,2022-05-14
C04098,Urishilla Bora,40,Female,Chandigarh,Andhra Pradesh,Student,118281.0,2025-03-26
C04099,Lakshit Suresh,34,Female,Bijapur,Uttarakhand,Student,182334.0,2023-09-03
C04100,Bimala Baral,58,Female,Alappuzha,Karnataka,Other,175539.0,2023-12-31
C04101,Qabil Chaudhuri,23,Female,Aligarh,Meghalaya,Software Engineer,151070.0,2022-03-01
C04102,Gaurang Pai,41,Female,Dhule,Assam,Software Engineer,87051.0,2025-09-07
C04103,Januja Walla,65,Female,Tumkur,Chhattisgarh,Student,161300.0,2023-05-18
C04104,Liam Rege,27,Female,Satara,Uttar Pradesh,Other,182590.0,2025-02-01
C04105,Chandani Batta,43,Female,Panipat,Haryana,Software Engineer,119606.0,2024-12-22
C04106,Dayita Contractor,23,Female,Dhule,Odisha,Teacher,144484.0,2024-12-14
C04107,Krishna Padmanabhan,37,Male,Chapra,West Bengal,Teacher,84327.0,2025-09-01
C04108,Bhavna Dhar,61,Male,Chinsurah,Punjab,Sales Executive,119575.0,2024-09-18
C04109,Qasim Mitra,42,Male,Amaravati,Bihar,Other,143018.0,2024-06-02
C04110,Girindra Thaker,23,Female,Udaipur,Himachal Pradesh,Accountant,164867.0,2022-04-13
C04111,Naveen Raj,49,Male,Panchkula,Uttarakhand,Other,127638.0,2025-03-10
C04112,Gunbir Rai,27,Male,Rewa,Assam,Business Owner,175563.0,2023-06-04
C04113,Jeet Sahota,64,Male,Bijapur,Maharashtra,Farmer,136504.0,2022-06-02
C04114,Deepa Prasad,25,Male,Vijayawada,Telangana,Sales Executive,92021.0,2025-05-05
C04115,Ucchal Kanda,65,Female,Danapur,Madhya Pradesh,Farmer,191364.0,2024-04-09
C04116,Advaith Chanda,24,Female,Udaipur,Odisha,Other,50846.0,2022-08-02
C04117,Pranit Agate,65,Female,Begusarai,Odisha,Business Owner,138417.0,2026-06-06
C04118,Girish Nazareth,39,Male,Mathura,Uttarakhand,Software Engineer,96096.0,2026-03-18
C04119,Hema Wali,59,Female,Uluberia,Mizoram,Student,48750.0,2024-06-23
C04120,Harrison Rajagopalan,64,Male,Tiruchirappalli,Jharkhand,Teacher,72198.0,2022-01-25
C04121,Yashvi Kothari,51,Female,Bhopal,Gujarat,Doctor,21492.0,2024-08-22
C04122,Manan Bath,45,Male,Loni,Manipur,Student,31501.0,2021-12-06
C04123,Tanay Jayaraman,40,Male,Gorakhpur,Gujarat,Doctor,109147.0,2024-03-27
C04124,Nakul Ramaswamy,64,Female,Hospet,Chhattisgarh,Doctor,136566.0,2026-07-12
C04125,Harsh Nagy,65,Male,Vasai-Virar,Goa,Teacher,63105.0,2025-09-29
C04126,Yuvraj Basak,29,Male,Pali,Madhya Pradesh,Other,167526.0,2026-08-06
C04127,Waida Bansal,22,Female,Gandhinagar,Madhya Pradesh,Sales Executive,116121.0,2025-02-23
C04128,Charita Dass,65,Female,Yamunanagar,West Bengal,Software Engineer,157671.0,2023-11-08
C04129,Gopal Bawa,65,Female,Singrauli,Meghalaya,Farmer,47873.0,2024-04-21
C04130,Girish Garde,47,Female,Nagaon,Meghalaya,Software Engineer,93112.0,2022-05-15
C04131,Chatura Char,48,Female,Kottayam,Assam,Teacher,37085.0,2022-07-27
C04132,Omaja Batta,26,Female,Bhubaneswar,Uttar Pradesh,Government Employee,144420.0,2022-01-28
C04133,Udant Sule,46,Male,Jalna,Uttar Pradesh,Business Owner,51722.0,2023-12-16
C04134,Aahana Saini,22,Male,Kollam,West Bengal,Teacher,169532.0,2022-08-01
C04135,Leena Pingle,32,Male,Jamshedpur,Chhattisgarh,Sales Executive,192978.0,2022-07-06
C04136,Pratyush Bhagat,55,Female,Giridih,Chhattisgarh,Farmer,88945.0,2022-09-27
C04137,Daksh Singhal,51,Male,Bulandshahr,Nagaland,Business Owner,172599.0,2025-02-15
C04138,Qarin Lad,47,Male,Darbhanga,Meghalaya,Farmer,30421.0,2026-03-17
C04139,Kalpit Pall,35,Male,North Dumdum,Tripura,Business Owner,98733.0,2022-07-03
C04140,Bimala Vora,29,Female,Patna,Arunachal Pradesh,Software Engineer,117480.0,2023-11-07
C04141,Oeshi Nadkarni,24,Male,Sirsa,Gujarat,Teacher,157511.0,2022-06-03
C04142,Ayush Hayer,63,Female,Giridih,Assam,Other,159072.0,2025-01-08
C04143,Upkaar Sharaf,21,Female,Bhalswa Jahangir Pur,Tamil Nadu,Business Owner,103762.0,2022-10-09
C04144,Leela Narayan,36,Female,Jaipur,Mizoram,Doctor,69457.0,2025-01-11
C04145,Yamini Garde,63,Female,Raebareli,Punjab,Sales Executive,145497.0,2026-06-25
C04146,Kashish Sanghvi,34,Male,Warangal,Gujarat,Business Owner,121674.0,2025-09-15
C04147,Zashil Keer,56,Male,Tezpur,Goa,Business Owner,194871.0,2025-07-23
C04148,Utkarsh Hora,29,Male,Hyderabad,West Bengal,Teacher,145223.0,2023-04-23
C04149,Wriddhish Pant,53,Male,Saharanpur,Uttar Pradesh,Other,63183.0,2023-12-27
C04150,Dipta Chaudhry,36,Female,Satara,Nagaland,Government Employee,79072.0,2023-11-15
C04151,Wahab Karan,37,Female,Panchkula,Bihar,Software Engineer,133212.0,2022-03-06
C04152,Zashil Radhakrishnan,23,Female,Ratlam,West Bengal,Student,27252.0,2026-05-05
C04153,Harsh Rege,33,Female,Ludhiana,Gujarat,Student,137919.0,2022-09-04
C04154,Harinakshi Bawa,59,Male,Tinsukia,Goa,Business Owner,145662.0,2022-02-10
C04155,Upkaar Krishna,60,Female,Sagar,Nagaland,Business Owner,83265.0,2022-09-25
C04156,Sudiksha Jha,59,Female,Morena,Arunachal Pradesh,Sales Executive,39675.0,2025-04-12
C04157,Vyanjana Savant,48,Male,Orai,Punjab,Student,37389.0,2021-11-16
C04158,Ati Peri,56,Male,Satna,West Bengal,Business Owner,188139.0,2022-07-23
C04159,Lakshmi Raju,23,Female,Nashik,Punjab,Accountant,123092.0,2023-05-03
C04160,Varenya Gopal,38,Female,Srikakulam,Himachal Pradesh,Government Employee,99559.0,2026-09-06
C04161,Peter Dutt,55,Female,Panchkula,Rajasthan,Accountant,143184.0,2025-04-25
C04162,Bhavini Balay,53,Female,Kulti,Haryana,Student,174549.0,2025-06-12
C04163,Ekansh Gaba,65,Male,Jamalpur,Tripura,Sales Executive,108362.0,2021-10-08
C04164,Aahana Kaur,26,Female,Tirupati,Manipur,Government Employee,159654.0,2026-02-07
C04165,Arunima Dora,54,Male,Imphal,Odisha,Accountant,184920.0,2023-03-03
C04166,Meera Suresh,38,Female,Alwar,Arunachal Pradesh,Accountant,175827.0,2025-10-26
C04167,Madhavi Palla,53,Male,Fatehpur,Mizoram,Government Employee,104977.0,2022-06-25
C04168,Watika Sha,36,Male,Suryapet,Assam,Government Employee,100307.0,2025-02-01
C04169,Daksh Rana,33,Female,Bareilly,Assam,Farmer,197235.0,2026-04-26
C04170,Harita Deshmukh,47,Female,Pali,Maharashtra,Accountant,176699.0,2026-02-22
C04171,Zehaan Dora,48,Male,Berhampore,Himachal Pradesh,Other,56510.0,2025-07-12
C04172,Dayita Gulati,65,Female,Kalyan-Dombivli,Sikkim,Doctor,199825.0,2023-04-29
C04173,Pahal Bala,44,Female,Etawah,Madhya Pradesh,Doctor,141291.0,2026-06-12
C04174,Bahadurjit Dayal,58,Male,Muzaffarnagar,Karnataka,Teacher,96404.0,2024-12-11
C04175,Qarin Sarma,61,Male,Hajipur,Sikkim,Doctor,176796.0,2022-02-02
C04176,Baghyawati Lala,61,Female,Parbhani,Rajasthan,Business Owner,189732.0,2023-01-14
C04177,Daksha Desai,52,Female,Hapur,Sikkim,Doctor,122663.0,2026-07-31
C04178,Ira Parmar,51,Female,Arrah,Jharkhand,Other,140344.0,2022-01-23
C04179,Aachal Arya,55,Female,Ambarnath,Karnataka,Business Owner,86774.0,2021-12-04
C04180,Nitara Acharya,59,Male,Bardhaman,Meghalaya,Accountant,52618.0,2024-09-14
C04181,Gaurang Pradhan,45,Female,Mira-Bhayandar,Himachal Pradesh,Software Engineer,37444.0,2023-06-14
C04182,Abha Aggarwal,33,Female,Satna,Andhra Pradesh,Sales Executive,139212.0,2023-06-25
C04183,Aashi Madan,56,Female,Ramagundam,Nagaland,Farmer,168754.0,2025-03-14
C04184,Bhavika Raman,47,Male,Panihati,Punjab,Accountant,33367.0,2026-03-18
C04185,Jack Narain,48,Female,Gandhidham,Karnataka,Other,48332.0,2022-01-07
C04186,Chandresh Sami,51,Female,Anantapuram,Mizoram,Student,102088.0,2026-08-31
C04187,Sai Khatri,28,Male,Burhanpur,Maharashtra,Business Owner,52221.0,2025-07-08
C04188,Inaya Dhawan,44,Male,Naihati,Jharkhand,Software Engineer,38423.0,2021-12-12
C04189,Eshana Yohannan,38,Male,Agartala,Andhra Pradesh,Farmer,160305.0,2024-03-29
C04190,Kevin Master,38,Male,Morena,Bihar,Teacher,130956.0,2026-01-09
C04191,Vritti Chatterjee,34,Male,Hyderabad,West Bengal,Other,35697.0,2024-02-05
C04192,Vedika Chacko,21,Male,Fatehpur,Bihar,Government Employee,183672.0,2021-12-14
C04193,Finn Acharya,38,Female,South Dumdum,Tripura,Student,83092.0,2022-10-03
C04194,Indrajit Basu,35,Male,Satara,Gujarat,Other,178246.0,2024-05-07
C04195,Harinakshi Raja,57,Female,Burhanpur,Uttar Pradesh,Farmer,112681.0,2023-06-27
C04196,Hema Lala,36,Male,Vijayawada,Arunachal Pradesh,Software Engineer,165151.0,2023-03-05
C04197,Wahab Arya,58,Female,Raurkela Industrial Township,Tamil Nadu,Doctor,65047.0,2022-02-07
C04198,Siddharth Gulati,45,Male,Cuttack,Uttarakhand,Farmer,181558.0,2026-05-25
C04199,Nakul Soni,22,Male,Dehradun,Haryana,Teacher,169747.0,2023-09-07
C04200,Harini Chopra,60,Female,Vijayanagaram,Mizoram,Sales Executive,52653.0,2024-03-08
C04201,Idika Goswami,27,Male,Chapra,Karnataka,Student,77926.0,2025-12-06
C04202,Zansi Sami,36,Female,Vadodara,West Bengal,Other,63422.0,2021-11-19
C04203,Mitali Bhardwaj,32,Male,Tadipatri,Sikkim,Accountant,48150.0,2023-06-14
C04204,Varenya Peri,21,Male,Thane,Uttar Pradesh,Accountant,134083.0,2025-07-12
C04205,Zansi Konda,58,Female,Jammu,Himachal Pradesh,Sales Executive,75938.0,2024-11-28
C04206,Yamini Chopra,35,Male,Erode,Assam,Teacher,127094.0,2022-11-23
C04207,Lekha Ramanathan,49,Female,Bhilwara,Tamil Nadu,Business Owner,120787.0,2025-01-16
C04208,Bimala Lall,60,Female,Sonipat,Chhattisgarh,Software Engineer,161889.0,2026-06-21
C04209,Frederick Subramanian,38,Male,Noida,Tripura,Sales Executive,134465.0,2022-10-15
C04210,Onkar Sha,54,Female,Amroha,Maharashtra,Government Employee,25430.0,2024-04-25
C04211,Ishaan Bhatia,52,Female,Tiruvottiyur,Madhya Pradesh,Sales Executive,179004.0,2025-09-21
C04212,Yash Mangat,34,Female,Hazaribagh,West Bengal,Business Owner,40278.0,2025-07-09
C04213,Radha Kant,59,Female,Proddatur,Kerala,Business Owner,125907.0,2025-04-19
C04214,Girik Morar,34,Male,Ghaziabad,Meghalaya,Government Employee,112606.0,2024-06-15
C04215,Raagini Pradhan,46,Female,Singrauli,Rajasthan,Doctor,96199.0,2025-05-29
C04216,Tamanna Bhasin,35,Female,Bangalore,Chhattisgarh,Other,143132.0,2023-11-09
C04217,Udant Brahmbhatt,22,Male,Yamunanagar,Bihar,Teacher,138553.0,2022-10-10
C04218,Mahika Dora,22,Female,Kishanganj,Rajasthan,Other,110487.0,2026-07-14
C04219,Niharika Raghavan,44,Female,Kozhikode,Bihar,Software Engineer,148701.0,2025-06-18
C04220,Yamini Pai,48,Female,Mira-Bhayandar,Assam,Student,43451.0,2026-01-02
C04221,Gopal Kurian,48,Female,Narasaraopet,Jharkhand,Government Employee,79914.0,2026-02-09
C04222,Pallavi Chaudhary,38,Female,Jalandhar,Gujarat,Accountant,145443.0,2024-01-27
C04223,Utkarsh Rao,31,Male,Bhind,Jharkhand,Doctor,173483.0,2023-05-09
C04224,Robert Master,62,Male,Ongole,Meghalaya,Software Engineer,119993.0,2025-08-12
C04225,Dayita Kapur,44,Male,Ahmednagar,Tamil Nadu,Doctor,43585.0,2021-11-25
C04226,Pallavi Narang,31,Male,Giridih,Uttarakhand,Other,164919.0,2025-04-29
C04227,Mahika Badami,24,Female,Jaunpur,Gujarat,Teacher,157692.0,2023-01-04
C04228,Adweta Sengupta,37,Female,Motihari,Uttarakhand,Business Owner,96848.0,2021-09-24
C04229,Falan Narang,30,Female,Nellore,Himachal Pradesh,Accountant,68764.0,2023-10-27
C04230,Onveer Walia,35,Female,Guwahati,West Bengal,Accountant,63680.0,2026-05-12
C04231,Jackson Sarraf,54,Male,Tadepalligudem,Haryana,Doctor,44188.0,2025-08-30
C04232,Raghav Ravi,60,Male,Surendranagar Dudhrej,Karnataka,Other,191605.0,2022-10-10
C04233,Balvan Tiwari,32,Female,Madurai,Haryana,Farmer,143272.0,2022-10-01
C04234,Logan Suresh,48,Male,Sikar,Telangana,Doctor,24504.0,2025-07-02
C04235,Ethan Chopra,33,Male,Sri Ganganagar,Manipur,Teacher,46610.0,2024-10-13
C04236,Abeer Kar,38,Male,Khammam,Odisha,Farmer,52541.0,2023-06-24
C04237,Lopa Sodhi,50,Female,Uluberia,Karnataka,Business Owner,60034.0,2022-12-06
C04238,Arunima Tripathi,55,Male,Hosur,Punjab,Doctor,22292.0,2024-09-04
C04239,Bahadurjit Mall,41,Male,Ghaziabad,Goa,Accountant,154544.0,2022-01-17
C04240,Pahal Chaudhuri,22,Male,Delhi,Tripura,Student,55376.0,2023-10-12
C04241,Dev Keer,31,Male,Guwahati,Bihar,Sales Executive,60870.0,2023-05-08
C04242,Ekalinga Chaudhuri,29,Male,Durg,Uttar Pradesh,Other,116256.0,2025-11-10
C04243,Peter Kapur,57,Female,Sri Ganganagar,Kerala,Sales Executive,84432.0,2022-09-19
C04244,Kashvi Purohit,50,Male,Allahabad,Haryana,Teacher,85068.0,2021-11-02
C04245,Vyanjana Mandal,31,Male,Unnao,Maharashtra,Teacher,118939.0,2022-03-01
C04246,Upadhriti Arya,29,Male,Tirunelveli,Arunachal Pradesh,Accountant,140788.0,2024-08-09
C04247,Benjamin Sagar,54,Female,Saharsa,Sikkim,Student,164261.0,2026-07-11
C04248,Teerth Bandi,55,Female,Ramgarh,West Bengal,Farmer,142321.0,2026-02-13
C04249,Diya Sastry,62,Female,Ongole,Assam,Other,171380.0,2022-06-08
C04250,Mason Amble,46,Female,Morbi,Kerala,Farmer,126870.0,2025-09-12
C04251,Ria Deep,31,Female,Katni,Tamil Nadu,Business Owner,29546.0,2023-06-26
C04252,Charles Gaba,34,Male,Mumbai,Jharkhand,Other,116338.0,2024-01-15
C04253,Ikshita Iyer,40,Male,Morbi,Tripura,Other,128111.0,2025-10-12
C04254,Pahal Sami,45,Female,Ranchi,Sikkim,Accountant,117943.0,2024-08-03
C04255,Baljiwan Borde,22,Female,Ambala,Bihar,Sales Executive,72088.0,2025-01-03
C04256,Maanas Bhavsar,22,Male,Katni,Mizoram,Student,187366.0,2024-03-14
C04257,Nidra Majumdar,30,Female,Jodhpur,Tripura,Other,56659.0,2021-10-14
C04258,Caleb Thaman,62,Female,Panvel,Odisha,Student,84092.0,2023-04-02
C04259,Prisha Mane,30,Male,Pimpri-Chinchwad,Haryana,Doctor,135088.0,2026-03-14
C04260,Aarini Choudhry,37,Female,Warangal,Karnataka,Student,142250.0,2023-12-18
C04261,Finn Rai,50,Female,Bidar,Mizoram,Doctor,141451.0,2025-10-26
C04262,Vamakshi Thakkar,29,Female,Thrissur,Uttar Pradesh,Software Engineer,84321.0,2025-11-04
C04263,Reyansh Divan,30,Male,Bettiah,Arunachal Pradesh,Accountant,118051.0,2025-01-20
C04264,Gabriel Kamdar,24,Female,Akola,Maharashtra,Sales Executive,121333.0,2025-12-18
C04265,Naksh Kalita,62,Female,Pondicherry,Jharkhand,Teacher,176824.0,2022-04-13
C04266,Shivani Butala,39,Female,Bulandshahr,Assam,Farmer,164600.0,2025-10-27
C04267,Sathvik Radhakrishnan,51,Male,Varanasi,Uttar Pradesh,Sales Executive,37761.0,2022-04-11
C04268,Yachana Soman,43,Female,Farrukhabad,Telangana,Doctor,101354.0,2024-11-29
C04269,Michael Nayar,53,Male,Mangalore,Andhra Pradesh,Software Engineer,46555.0,2021-12-26
C04270,Gaurav Sarraf,30,Female,Muzaffarpur,Uttarakhand,Software Engineer,26470.0,2025-06-30
C04271,Gauri Raghavan,53,Male,Bidhannagar,Assam,Farmer,117325.0,2023-05-09
C04272,Adya Lata,22,Female,Junagadh,Tamil Nadu,Student,107566.0,2024-05-23
C04273,Gaurang Garde,60,Female,Mathura,Tamil Nadu,Government Employee,182993.0,2026-07-26
C04274,Ishanvi Raja,41,Female,Faridabad,Manipur,Government Employee,33347.0,2024-04-29
C04275,Veda Bhandari,54,Male,Gangtok,Assam,Sales Executive,147799.0,2024-04-02
C04276,Eiravati Venkataraman,48,Male,Gopalpur,Manipur,Farmer,168465.0,2023-11-05
C04277,Ekalinga Edwin,53,Male,Berhampur,Odisha,Business Owner,119070.0,2026-07-22
C04278,Wyatt Chaudhuri,42,Female,Ludhiana,Punjab,Accountant,57736.0,2022-11-01
C04279,Isaiah Bala,30,Male,Giridih,Uttarakhand,Teacher,181709.0,2022-03-24
C04280,Nathan Dey,45,Female,Malegaon,Arunachal Pradesh,Student,77733.0,2023-02-07
C04281,Krisha Kapoor,23,Male,Nanded,Karnataka,Accountant,23175.0,2026-02-19
C04282,Quincy Balan,29,Male,Hosur,Punjab,Student,169237.0,2022-05-08
C04283,Wyatt Sarin,33,Female,Aligarh,Goa,Business Owner,131912.0,2024-01-08
C04284,Mohini Sha,56,Female,Katni,Manipur,Doctor,20148.0,2023-05-26
C04285,Damini Panchal,25,Male,Udaipur,West Bengal,Software Engineer,89601.0,2023-07-01
C04286,Sara Sha,51,Male,Vasai-Virar,Odisha,Doctor,142763.0,2026-06-09
C04287,Max Manne,31,Female,Purnia,Karnataka,Teacher,40963.0,2024-01-09
C04288,Bhavna Kumer,63,Female,Thanjavur,Haryana,Government Employee,181689.0,2026-06-28
C04289,Qabil Balakrishnan,44,Female,Gudivada,Kerala,Accountant,171268.0,2021-10-30
C04290,Eesha Balakrishnan,56,Female,Bahraich,Nagaland,Government Employee,158073.0,2023-11-24
C04291,Tara Krish,30,Female,Maheshtala,Maharashtra,Other,84303.0,2025-04-13
C04292,Brijesh Wason,35,Male,Chittoor,Madhya Pradesh,Student,146719.0,2022-09-21
C04293,Eiravati Garde,38,Female,Jalandhar,Assam,Farmer,98792.0,2021-11-26
C04294,Aashi Shah,52,Female,Berhampur,Mizoram,Software Engineer,175108.0,2024-07-23
C04295,Aarav Chaudhari,40,Female,Amroha,Manipur,Teacher,58789.0,2025-10-14
C04296,Odika Chada,56,Male,Dewas,Telangana,Doctor,85205.0,2022-04-06
C04297,Maanas Thaker,50,Male,Ahmedabad,Uttarakhand,Teacher,162136.0,2023-01-22
C04298,Aradhana Sinha,53,Female,Amroha,Meghalaya,Student,124818.0,2025-09-14
C04299,Turvi Buch,47,Female,Barasat,Jharkhand,Accountant,41267.0,2024-06-22
C04300,Alexander Borde,36,Male,Tirupati,Rajasthan,Other,146136.0,2024-12-13
C04301,Prisha Prabhakar,63,Male,Adoni,Manipur,Government Employee,34916.0,2024-11-27
C04302,Avni Parmar,48,Female,Kharagpur,Assam,Student,60382.0,2022-06-05
C04303,Warinder Chacko,47,Female,Thiruvananthapuram,Assam,Software Engineer,107499.0,2026-05-10
C04304,Henry Shanker,44,Male,Bally,Maharashtra,Accountant,81782.0,2024-10-27
C04305,Hitesh Sankaran,52,Female,Firozabad,Goa,Student,174251.0,2023-10-13
C04306,Mekhala Thakkar,34,Female,Aurangabad,Chhattisgarh,Student,81633.0,2023-11-13
C04307,Maya Manda,39,Male,Farrukhabad,Odisha,Other,63226.0,2023-06-04
C04308,Advika Savant,42,Male,Etawah,Manipur,Other,105758.0,2022-07-22
C04309,Dayamai Boase,58,Female,Bhiwani,Maharashtra,Teacher,46387.0,2024-02-15
C04310,Jai Mani,26,Male,Begusarai,West Bengal,Software Engineer,59333.0,2024-08-07
C04311,Chavvi Patil,55,Female,Miryalaguda,Arunachal Pradesh,Sales Executive,44199.0,2026-08-25
C04312,Faras Venkataraman,65,Male,Kozhikode,Madhya Pradesh,Software Engineer,20547.0,2025-05-26
C04313,Bhavini Sharma,51,Male,Jaipur,Jharkhand,Software Engineer,54991.0,2022-01-21
C04314,Ekbal Dara,39,Female,Bulandshahr,Jharkhand,Government Employee,194603.0,2025-03-11
C04315,Idika Kaur,57,Male,Moradabad,Nagaland,Software Engineer,63311.0,2021-12-29
C04316,Widisha Baria,40,Female,Chittoor,Manipur,Teacher,30208.0,2026-01-16
C04317,Vedhika Lal,58,Male,Agra,Gujarat,Software Engineer,181051.0,2022-01-03
C04318,Kevin Agate,21,Male,Belgaum,Karnataka,Business Owner,122462.0,2026-02-28
C04319,Vivaan Choudhary,52,Male,Bijapur,Karnataka,Accountant,175548.0,2025-06-19
C04320,Bhavika D’Alia,39,Male,Rohtak,West Bengal,Other,94565.0,2021-10-05
C04321,Ansh Boase,29,Male,Bellary,Uttar Pradesh,Sales Executive,178903.0,2025-03-23
C04322,Logan Grewal,37,Male,Rewa,West Bengal,Farmer,45197.0,2026-09-03
C04323,Qasim Merchant,52,Male,Gwalior,Telangana,Accountant,28397.0,2023-01-10
C04324,Guneet Mukhopadhyay,46,Female,Ozhukarai,Maharashtra,Business Owner,143905.0,2025-02-19
C04325,Raksha Kohli,49,Female,Thoothukudi,Telangana,Farmer,100320.0,2024-01-03
C04326,Bimala Rana,39,Female,Hajipur,Haryana,Student,81636.0,2024-06-15
C04327,Bina Kara,40,Female,Bharatpur,Assam,Doctor,83093.0,2023-07-02
C04328,Shravya Rattan,50,Male,Navi Mumbai,Assam,Business Owner,29646.0,2024-03-04
C04329,Abhimanyu Dhar,26,Male,Agra,Uttarakhand,Other,50859.0,2023-11-02
C04330,Ishwar Khanna,30,Male,Patiala,Uttar Pradesh,Sales Executive,53058.0,2022-07-28
C04331,Falguni Ramesh,30,Male,Sri Ganganagar,Mizoram,Accountant,107222.0,2024-03-22
C04332,Ronith Rajagopal,65,Female,Bhilai,Jharkhand,Other,82719.0,2026-09-11
C04333,Saanvi Raju,51,Female,Kumbakonam,Sikkim,Student,52143.0,2024-12-13
C04334,Upma Randhawa,62,Female,Silchar,Goa,Doctor,144053.0,2024-05-06
C04335,Sachi Garg,62,Male,Ranchi,Nagaland,Government Employee,61033.0,2025-05-24
C04336,Nirja Purohit,46,Male,Mirzapur,Madhya Pradesh,Government Employee,37316.0,2022-04-27
C04337,Laksh Ramesh,24,Male,Bardhaman,Arunachal Pradesh,Accountant,122120.0,2025-12-14
C04338,Neha Nadkarni,32,Female,Kollam,Sikkim,Sales Executive,192577.0,2023-02-21
C04339,Deepa Bawa,46,Female,Khammam,Gujarat,Sales Executive,54839.0,2024-01-08
C04340,Warhi Joshi,41,Female,Ballia,Sikkim,Government Employee,168522.0,2025-10-22
C04341,Ekavir Korpal,65,Male,Chittoor,Goa,Software Engineer,63038.0,2023-05-13
C04342,Chasmum Tata,37,Female,Mangalore,Tamil Nadu,Teacher,147636.0,2026-06-09
C04343,Kritika Nagy,42,Male,Amravati,Bihar,Software Engineer,56789.0,2026-06-09
C04344,Faraj Bera,36,Female,Bhimavaram,Madhya Pradesh,Accountant,73020.0,2022-12-24
C04345,Rayaan Halder,32,Female,Gwalior,Tripura,Software Engineer,22418.0,2024-08-16
C04346,Manan Doshi,61,Female,Gwalior,Tamil Nadu,Government Employee,181186.0,2022-11-24
C04347,Gabriel Acharya,44,Female,Ichalkaranji,Telangana,Software Engineer,47419.0,2026-01-25
C04348,Girish Shanker,51,Male,Amaravati,Mizoram,Doctor,58746.0,2021-12-11
C04349,Umang Padmanabhan,42,Female,Karimnagar,Arunachal Pradesh,Farmer,122417.0,2023-09-25
C04350,Vivaan Sekhon,54,Male,Orai,Chhattisgarh,Student,30335.0,2022-12-13
C04351,Gavin Chahal,50,Female,Bhilwara,Karnataka,Farmer,139652.0,2026-01-16
C04352,Reyansh Seshadri,23,Female,Ajmer,Goa,Government Employee,24696.0,2024-06-05
C04353,Maya Panchal,47,Male,Solapur,Andhra Pradesh,Sales Executive,129378.0,2023-09-17
C04354,Jairaj Solanki,50,Male,Ozhukarai,Andhra Pradesh,Government Employee,174899.0,2023-08-21
C04355,Noah Rana,35,Female,Sikar,Madhya Pradesh,Accountant,98717.0,2024-07-10
C04356,Aishani Patla,62,Male,Orai,Manipur,Doctor,195225.0,2022-05-04
C04357,Jagat Mittal,58,Female,Madurai,Mizoram,Student,89564.0,2022-11-19
C04358,Hemani Iyer,21,Male,Bongaigaon,Goa,Software Engineer,78143.0,2023-01-22
C04359,Rushil Handa,49,Male,Satna,Gujarat,Student,20589.0,2022-06-08
C04360,Zayan Pant,48,Male,Tezpur,Manipur,Teacher,91731.0,2021-12-26
C04361,Meera Manne,55,Female,Pali,Odisha,Software Engineer,151531.0,2021-09-27
C04362,Jagrati Kunda,61,Female,Firozabad,Sikkim,Other,193883.0,2026-05-09
C04363,Vincent Khare,24,Female,Jehanabad,Jharkhand,Other,75945.0,2024-11-06
C04364,Gabriel Puri,55,Female,Jalna,Jharkhand,Teacher,81560.0,2025-09-17
C04365,Manan Agrawal,45,Female,Rewa,Andhra Pradesh,Business Owner,162885.0,2023-08-08
C04366,Vasatika Pillay,62,Male,Hapur,Andhra Pradesh,Software Engineer,199590.0,2024-02-13
C04367,Diya Garg,48,Male,Loni,Uttarakhand,Government Employee,189566.0,2024-09-05
C04368,Rachana Koshy,36,Female,Dhule,Kerala,Software Engineer,46072.0,2023-09-30
C04369,Vrinda Vala,29,Female,Vijayawada,Madhya Pradesh,Business Owner,192348.0,2021-10-28
C04370,Ojasvi Ganesh,39,Female,Jaunpur,Punjab,Student,62431.0,2022-05-06
C04371,Gauri Saxena,48,Male,Darbhanga,Meghalaya,Business Owner,114746.0,2021-11-26
C04372,Mahika Handa,27,Female,Jamalpur,Uttarakhand,Accountant,162165.0,2023-05-25
C04373,Onveer Bir,65,Male,Rourkela,Tamil Nadu,Teacher,60781.0,2026-02-04
C04374,Tamanna Bhattacharyya,28,Male,Thiruvananthapuram,Telangana,Doctor,37296.0,2025-11-11
C04375,Faqid Bora,38,Male,Kolkata,Himachal Pradesh,Teacher,138303.0,2023-09-18
C04376,Ganga Bajwa,42,Male,Thiruvananthapuram,Tamil Nadu,Farmer,160140.0,2023-09-27
C04377,Bhavani Iyengar,50,Male,Jalandhar,Meghalaya,Sales Executive,195111.0,2025-02-11
C04378,Chaitaly Murty,60,Female,Raipur,Uttarakhand,Teacher,113391.0,2025-05-04
C04379,Turvi Nayak,26,Female,Phagwara,Kerala,Business Owner,121680.0,2022-12-30
C04380,Guneet Bhatnagar,33,Female,Guna,Rajasthan,Software Engineer,182618.0,2021-12-09
C04381,Zarna Tella,26,Male,Guntakal,Odisha,Business Owner,58223.0,2025-01-06
C04382,Chakrika Patil,42,Male,Ludhiana,Kerala,Farmer,160197.0,2025-04-07
C04383,Adweta Agate,33,Female,Buxar,Goa,Government Employee,27809.0,2026-07-06
C04384,Udant Patel,42,Female,Tezpur,Uttarakhand,Student,47150.0,2022-06-23
C04385,Gauri Hora,53,Female,Kalyan-Dombivli,Gujarat,Doctor,63915.0,2022-04-29
C04386,Abeer Lata,33,Female,Anand,Nagaland,Other,37537.0,2023-05-23
C04387,Niharika De,35,Female,Bhilai,Assam,Farmer,140023.0,2022-05-12
C04388,Krisha Dutta,45,Female,Pune,Mizoram,Government Employee,72196.0,2025-09-01
C04389,Qabil Jaggi,23,Male,Loni,West Bengal,Sales Executive,69304.0,2024-07-29
C04390,Samuel Pillai,21,Female,Dharmavaram,Haryana,Software Engineer,194215.0,2024-05-16
C04391,Kavya Mitter,44,Female,Arrah,Arunachal Pradesh,Student,21949.0,2023-06-08
C04392,Tara Prashad,41,Female,Ahmednagar,Bihar,Teacher,55148.0,2025-06-12
C04393,Thomas Dugal,27,Male,Pimpri-Chinchwad,Maharashtra,Other,55591.0,2024-10-30
C04394,Wazir Ramanathan,51,Female,Kulti,Sikkim,Farmer,164599.0,2021-11-07
C04395,Tanveer Sani,42,Male,Udaipur,Telangana,Other,28514.0,2024-06-09
C04396,Kiaan Suri,61,Female,Ramgarh,Himachal Pradesh,Doctor,101804.0,2022-11-07
C04397,Dalaja Yadav,55,Female,Kota,Madhya Pradesh,Accountant,30207.0,2023-07-21
C04398,Matthew Sehgal,27,Male,Mathura,Andhra Pradesh,Accountant,194279.0,2022-04-04
C04399,Laban Bawa,29,Female,Kakinada,Uttar Pradesh,Student,60117.0,2025-09-01
C04400,Nidra Aggarwal,38,Female,Kishanganj,Kerala,Student,39502.0,2023-06-15
C04401,Fariq Panchal,54,Female,Kadapa,Bihar,Teacher,150622.0,2022-10-28
C04402,Wridesh Modi,40,Female,South Dumdum,Sikkim,Student,25959.0,2025-10-13
C04403,Tristan Mistry,22,Female,Muzaffarpur,West Bengal,Government Employee,68437.0,2026-08-07
C04404,Oeshi Chauhan,26,Male,Berhampore,Gujarat,Farmer,178048.0,2022-07-01
C04405,Veda Char,59,Male,Asansol,Kerala,Government Employee,49720.0,2022-10-02
C04406,Aarini Swaminathan,27,Female,Asansol,Rajasthan,Government Employee,103443.0,2023-04-16
C04407,Turvi Kashyap,28,Male,Pallavaram,Madhya Pradesh,Other,75655.0,2025-05-16
C04408,Henry Ramaswamy,58,Male,Dehradun,Uttarakhand,Doctor,32865.0,2021-11-28
C04409,Indali Mannan,38,Female,Chandrapur,Telangana,Farmer,161900.0,2026-09-08
C04410,Caleb Divan,26,Female,Shahjahanpur,Tripura,Farmer,192464.0,2026-05-25
C04411,Nakul Goel,40,Male,Ozhukarai,Gujarat,Student,30679.0,2025-01-01
C04412,Rayaan Bhardwaj,40,Female,Gwalior,Andhra Pradesh,Teacher,192463.0,2021-12-12
C04413,Widisha Nagi,42,Female,Warangal,Odisha,Software Engineer,55885.0,2024-02-16
C04414,Advaith Bhatti,25,Male,Mathura,Karnataka,Other,21051.0,2026-07-04
C04415,Abha Dube,27,Female,Buxar,Assam,Software Engineer,143004.0,2026-03-15
C04416,Yadavi Narayanan,44,Female,Rewa,Assam,Farmer,48020.0,2026-09-08
C04417,Yasti Malhotra,37,Male,Eluru,Himachal Pradesh,Other,167112.0,2024-07-09
C04418,Anvi Suri,36,Male,Darbhanga,Karnataka,Government Employee,64139.0,2026-08-06
C04419,Hitesh Sengupta,32,Male,Katihar,Himachal Pradesh,Software Engineer,143290.0,2026-04-22
C04420,Wishi Tripathi,34,Male,Baranagar,Uttarakhand,Business Owner,198899.0,2025-12-07
C04421,Vritti Rattan,53,Male,Jamshedpur,Tamil Nadu,Student,21385.0,2023-01-03
C04422,Devika Vaidya,64,Female,Shimla,Arunachal Pradesh,Other,69165.0,2023-10-14
C04423,Zilmil Sabharwal,52,Male,Tumkur,Jharkhand,Software Engineer,132649.0,2023-02-27
C04424,Lohit D’Alia,34,Female,Aligarh,Assam,Doctor,158354.0,2026-06-25
C04425,Siddharth Lad,39,Female,Ulhasnagar,Haryana,Business Owner,126042.0,2022-08-30
C04426,Niharika Divan,58,Female,Saharanpur,Telangana,Other,95409.0,2024-10-07
C04427,Jagvi Panchal,38,Male,Kavali,Rajasthan,Other,52675.0,2026-06-17
C04428,Elijah Ratti,47,Female,Nagaon,Uttar Pradesh,Other,150463.0,2026-02-22
C04429,Bhavya Bajaj,21,Male,Phusro,Nagaland,Student,174858.0,2024-07-05
C04430,Chanchal Lad,33,Female,Begusarai,Maharashtra,Business Owner,171156.0,2025-12-21
C04431,Charles Upadhyay,32,Male,Kolhapur,Nagaland,Doctor,54720.0,2025-10-11
C04432,Ekta Mohanty,23,Male,Rajahmundry,Punjab,Doctor,32206.0,2022-07-31
C04433,Anvi Hayer,25,Female,Panchkula,Sikkim,Business Owner,77182.0,2022-07-22
C04434,Reyansh Patil,38,Male,Amritsar,Meghalaya,Other,20738.0,2024-12-26
C04435,Anthony Deshmukh,62,Male,Chinsurah,Andhra Pradesh,Teacher,23607.0,2026-07-26
C04436,Om Karan,47,Male,Raiganj,Uttarakhand,Government Employee,74089.0,2025-08-26
C04437,Yachana Sibal,49,Male,Vadodara,Mizoram,Business Owner,189859.0,2023-04-03
C04438,Vyanjana Balasubramanian,28,Female,Jaunpur,Tripura,Government Employee,127774.0,2022-09-07
C04439,Deepa Chahal,45,Female,Thoothukudi,Tripura,Sales Executive,193832.0,2022-06-14
C04440,Gaurav Char,33,Male,Kakinada,Mizoram,Doctor,122029.0,2024-03-08
C04441,Henry Suresh,43,Male,Bhopal,Mizoram,Doctor,148427.0,2022-10-23
C04442,Kevin Thaman,52,Female,Tiruchirappalli,West Bengal,Student,32827.0,2023-01-18
C04443,Nihal Roy,37,Male,Jabalpur,Meghalaya,Student,141525.0,2022-09-27
C04444,Jason Krish,31,Male,Ajmer,Arunachal Pradesh,Software Engineer,140257.0,2022-09-18
C04445,Faqid Dalal,54,Female,Bihar Sharif,Andhra Pradesh,Doctor,128371.0,2024-06-23
C04446,Arunima Dada,28,Female,Nizamabad,Tripura,Business Owner,94303.0,2026-04-11
C04447,Barkha Vala,38,Male,Jalgaon,Punjab,Student,23609.0,2022-08-30
C04448,Yatan Setty,51,Male,Latur,Uttarakhand,Other,139125.0,2024-03-08
C04449,Raksha Devi,43,Female,Bikaner,Jharkhand,Doctor,137792.0,2024-02-15
C04450,Akshay Keer,33,Female,Bikaner,Odisha,Sales Executive,122392.0,2021-10-22
C04451,Saumya Shah,38,Male,Vadodara,Mizoram,Sales Executive,77819.0,2025-08-08
C04452,Balhaar Sheth,49,Male,Madhyamgram,Goa,Software Engineer,81452.0,2022-08-19
C04453,Brinda Varma,62,Female,Tadepalligudem,Haryana,Student,77376.0,2024-02-21
C04454,Arunima Chad,56,Male,Panipat,Manipur,Teacher,90169.0,2025-06-25
C04455,Urvi Chandra,44,Female,Proddatur,West Bengal,Teacher,91253.0,2026-04-20
C04456,Girish Babu,63,Female,Nashik,Goa,Student,25321.0,2025-05-12
C04457,Ikbal Bhavsar,25,Male,Noida,Odisha,Doctor,94137.0,2026-05-24
C04458,Jhalak Venkatesh,37,Male,Bhopal,West Bengal,Farmer,180850.0,2024-08-03
C04459,Oliver Deep,57,Male,Sonipat,Tripura,Sales Executive,158497.0,2022-10-31
C04460,Manan Talwar,21,Male,Kolhapur,Jharkhand,Software Engineer,105819.0,2025-01-27
C04461,Indali Bajaj,65,Female,Raiganj,Manipur,Other,109468.0,2024-01-06
C04462,Robert Chad,21,Female,Malda,Goa,Doctor,69118.0,2026-02-20
C04463,Sai Nayar,27,Female,Aligarh,Jharkhand,Student,85842.0,2022-01-14
C04464,Ekansh Kapoor,65,Female,Ghaziabad,Jharkhand,Other,72289.0,2023-12-13
C04465,Pooja Ganesan,61,Female,Thoothukudi,Gujarat,Other,168167.0,2022-11-18
C04466,Charles Gaba,57,Female,Guntur,Goa,Teacher,119594.0,2026-01-10
C04467,Devika Murthy,51,Male,Patna,Bihar,Doctor,105122.0,2023-01-23
C04468,Sara Vala,23,Female,Khora ,Kerala,Government Employee,143570.0,2025-04-06
C04469,Jasmit Patla,36,Female,Shahjahanpur,Punjab,Sales Executive,79658.0,2023-09-06
C04470,Bimala Sastry,48,Male,Erode,Haryana,Teacher,47051.0,2025-08-13
C04471,Xiti Kant,57,Male,New Delhi,Tamil Nadu,Doctor,127671.0,2025-04-15
C04472,Warjas Batra,23,Male,Thoothukudi,Telangana,Sales Executive,128097.0,2023-07-21
C04473,Ishanvi Khurana,55,Male,Moradabad,Assam,Teacher,198509.0,2022-11-23
C04474,Tejas Dutt,56,Female,Serampore,Kerala,Business Owner,77863.0,2022-04-07
C04475,Maya Krishnan,34,Male,Bhusawal,Uttar Pradesh,Government Employee,45390.0,2024-03-06
C04476,Kabir Dash,23,Female,Vadodara,Chhattisgarh,Software Engineer,174009.0,2022-04-23
C04477,Devansh Mane,47,Male,Malda,West Bengal,Accountant,188563.0,2024-10-01
C04478,Vaishnavi Kadakia,58,Female,Fatehpur,Bihar,Doctor,44505.0,2022-09-08
C04479,Samarth Karpe,42,Male,Sasaram,Tripura,Other,51137.0,2022-07-20
C04480,Hemal Subramanian,26,Female,Warangal,Andhra Pradesh,Other,160742.0,2023-09-22
C04481,Anika Kashyap,61,Male,Warangal,Andhra Pradesh,Software Engineer,144783.0,2025-12-01
C04482,Girindra Bora,65,Female,Surendranagar Dudhrej,Himachal Pradesh,Farmer,63787.0,2025-01-21
C04483,Sanya Khatri,63,Male,Akola,Rajasthan,Sales Executive,76717.0,2025-01-15
C04484,Yahvi Mitra,47,Female,Ongole,Sikkim,Teacher,43254.0,2022-08-16
C04485,Yasti Mitra,53,Male,Ahmednagar,Nagaland,Other,92789.0,2023-01-29
C04486,Jackson Kulkarni,21,Female,Machilipatnam,Sikkim,Government Employee,113559.0,2024-08-17
C04487,Zayan Barad,49,Male,Nanded,Goa,Software Engineer,45561.0,2025-02-03
C04488,Vedant Gopal,61,Male,Hajipur,Punjab,Accountant,70474.0,2022-08-06
C04489,Rachita Som,32,Male,Chennai,Tamil Nadu,Doctor,31850.0,2026-09-01
C04490,Baghyawati Modi,32,Male,Machilipatnam,Kerala,Doctor,71811.0,2022-05-04
C04491,Hemal Choudhury,29,Female,Vasai-Virar,Tamil Nadu,Sales Executive,36062.0,2023-06-05
C04492,Chanchal Chakrabarti,63,Female,Agra,Uttar Pradesh,Doctor,182174.0,2021-12-02
C04493,Amrita Varma,29,Male,Bharatpur,Uttarakhand,Teacher,73520.0,2024-10-14
C04494,Bahadurjit Lall,44,Female,Kharagpur,Andhra Pradesh,Student,60351.0,2023-08-06
C04495,Balveer Gaba,65,Male,Bikaner,Mizoram,Business Owner,144185.0,2024-11-17
C04496,Mohammed Chauhan,45,Male,Hajipur,Telangana,Business Owner,118182.0,2025-03-08
C04497,Onkar Shroff,23,Male,Dharmavaram,Mizoram,Student,48449.0,2023-11-30
C04498,Om Gara,26,Male,Raipur,Uttar Pradesh,Doctor,39192.0,2024-02-18
C04499,Varsha Sarna,30,Female,Gwalior,Meghalaya,Teacher,133932.0,2023-10-15
C04500,Jeevika Bansal,35,Male,Begusarai,Arunachal Pradesh,Accountant,156383.0,2026-02-20
C04501,Arjun Guha,56,Female,Mysore,Maharashtra,Sales Executive,61260.0,2025-11-05
C04502,Warda Radhakrishnan,59,Male,Danapur,Nagaland,Sales Executive,131381.0,2025-05-25
C04503,George Sani,32,Female,Pondicherry,Jharkhand,Accountant,102766.0,2026-06-04
C04504,Meera Seshadri,37,Male,Dehradun,Gujarat,Software Engineer,71450.0,2026-04-13
C04505,Nicholas Mander,46,Female,Junagadh,Odisha,Student,160364.0,2023-08-28
C04506,Yahvi Pingle,50,Male,Kishanganj,West Bengal,Other,50237.0,2025-05-30
C04507,Aarnav Chahal,65,Male,Shimla,Bihar,Software Engineer,80224.0,2025-03-06
C04508,Keya Buch,65,Male,Narasaraopet,Uttarakhand,Farmer,145651.0,2023-11-24
C04509,Harsh Gandhi,46,Male,Kanpur,Arunachal Pradesh,Software Engineer,155778.0,2024-05-14
C04510,Faris Bhargava,32,Male,Gopalpur,Tamil Nadu,Business Owner,83041.0,2022-07-20
C04511,William Mohanty,24,Male,Bettiah,Maharashtra,Doctor,161296.0,2025-11-18
C04512,Aahana Bal,56,Male,Naihati,Uttarakhand,Government Employee,157645.0,2023-10-15
C04513,Rajata Lala,55,Male,Visakhapatnam,Maharashtra,Accountant,88456.0,2024-01-28
C04514,Eshana Bir,42,Male,Ambattur,Meghalaya,Business Owner,31539.0,2024-05-19
C04515,Ekansh Narang,48,Female,Mehsana,Kerala,Doctor,56624.0,2023-12-10
C04516,Xiti Mall,35,Male,Durg,Punjab,Farmer,58750.0,2025-04-07
C04517,Kashvi Pai,60,Female,Gulbarga,Maharashtra,Teacher,130656.0,2022-12-19
C04518,Aashi Patla,61,Male,Gandhidham,Chhattisgarh,Government Employee,140821.0,2025-04-10
C04519,Pranav Tiwari,31,Female,Ambala,Telangana,Government Employee,27853.0,2025-12-12
C04520,Fariq Char,23,Male,Thane,Tripura,Software Engineer,194294.0,2022-12-22
C04521,Chandresh Palla,65,Male,Lucknow,West Bengal,Software Engineer,41924.0,2022-12-30
C04522,Darika Nair,41,Male,Mira-Bhayandar,Chhattisgarh,Other,41250.0,2023-08-18
C04523,Eiravati Shanker,26,Male,Mahbubnagar,Nagaland,Sales Executive,45758.0,2022-10-19
C04524,Ekta Contractor,49,Female,Srikakulam,Tripura,Software Engineer,185372.0,2024-04-16
C04525,Joshua Shetty,59,Male,Jaunpur,Maharashtra,Business Owner,112625.0,2025-02-22
C04526,Urishilla Agarwal,41,Female,Jaunpur,Tamil Nadu,Teacher,152125.0,2024-02-24
C04527,Arin Buch,62,Female,Alwar,Bihar,Accountant,88368.0,2021-11-14
C04528,Lavanya Jaggi,31,Male,Solapur,Tripura,Farmer,58782.0,2022-07-15
C04529,Bhavini Vohra,59,Female,North Dumdum,Tripura,Accountant,148749.0,2024-10-06
C04530,Kritika Dasgupta,54,Male,Aizawl,Tamil Nadu,Business Owner,66065.0,2026-03-10
C04531,Jhalak Sahota,39,Male,Nangloi Jat,Manipur,Government Employee,119469.0,2025-06-24
C04532,Owen Virk,51,Male,Udupi,Goa,Farmer,133951.0,2025-02-03
C04533,Reva Tiwari,50,Male,Kumbakonam,Mizoram,Software Engineer,177079.0,2022-08-04
C04534,Gopal Loke,24,Male,Nagercoil,Arunachal Pradesh,Accountant,84385.0,2025-01-12
C04535,Nilima Barman,45,Female,Bellary,Rajasthan,Government Employee,43249.0,2025-05-21
C04536,Samaksh Gola,44,Female,Naihati,Rajasthan,Farmer,59310.0,2025-11-25
C04537,Ayushman Kalla,46,Female,Ludhiana,Maharashtra,Other,52228.0,2022-12-18
C04538,Tejas Anne,36,Female,Indore,Gujarat,Business Owner,90624.0,2022-08-25
C04539,Yashoda Chana,53,Male,Tinsukia,Telangana,Government Employee,116879.0,2023-12-27
C04540,Azad Nagy,63,Male,Kozhikode,Manipur,Government Employee,101297.0,2024-11-04
C04541,Nathaniel Pal,31,Female,Surat,Maharashtra,Software Engineer,164845.0,2025-08-09
C04542,Vedika Badal,23,Female,Alwar,Kerala,Software Engineer,126622.0,2026-06-08
C04543,Nandini Ganguly,34,Male,Thrissur,Andhra Pradesh,Student,177837.0,2022-05-14
C04544,Abhimanyu Pandya,60,Female,North Dumdum,Rajasthan,Other,113081.0,2024-05-06
C04545,Prisha Kala,22,Male,Kolhapur,Jharkhand,Business Owner,36912.0,2025-04-09
C04546,Rachana Sem,24,Female,Morbi,Mizoram,Software Engineer,52089.0,2022-12-09
C04547,Chanakya Shroff,46,Female,Rajpur Sonarpur,Andhra Pradesh,Farmer,52575.0,2021-12-25
C04548,Neel Dhingra,56,Male,Katihar,Gujarat,Accountant,183991.0,2024-01-04
C04549,Janani Gera,37,Male,Sirsa,Nagaland,Farmer,144162.0,2025-03-04
C04550,Ucchal Nanda,52,Male,Bidhannagar,Nagaland,Farmer,70818.0,2021-09-19
C04551,Vihaan Jaggi,45,Male,Phusro,Assam,Farmer,189801.0,2022-10-31
C04552,Madhavi Pingle,25,Female,Surendranagar Dudhrej,Arunachal Pradesh,Accountant,83498.0,2023-06-27
C04553,Inaya Jayaraman,30,Male,Rewa,Haryana,Business Owner,124879.0,2023-10-24
C04554,Damyanti Chand,60,Female,Bhagalpur,Tamil Nadu,Business Owner,156766.0,2026-03-15
C04555,William Rajagopal,57,Female,Secunderabad,Manipur,Student,98010.0,2024-06-16
C04556,Yashoda Dasgupta,31,Male,Siliguri,Chhattisgarh,Doctor,130047.0,2023-08-15
C04557,Rajeshri More,29,Female,Gandhidham,Gujarat,Farmer,132954.0,2023-06-10
C04558,Agastya Balakrishnan,34,Male,Mango,Sikkim,Accountant,86020.0,2023-02-17
C04559,Yatin Kara,26,Female,Mysore,Arunachal Pradesh,Software Engineer,122284.0,2025-12-10
C04560,Parth Borde,39,Female,Nandyal,Karnataka,Business Owner,112976.0,2025-06-30
C04561,Rudra Bath,44,Female,Shahjahanpur,Chhattisgarh,Software Engineer,68913.0,2021-10-27
C04562,Avni Chauhan,46,Male,Bettiah,Gujarat,Government Employee,109110.0,2021-09-23
C04563,Aarini Thakkar,55,Male,Shivpuri,Tamil Nadu,Accountant,70245.0,2023-06-29
C04564,Henry Jani,22,Male,Srikakulam,Uttar Pradesh,Sales Executive,118899.0,2021-10-14
C04565,Aarini Kala,40,Female,Amroha,Karnataka,Accountant,96179.0,2024-11-12
C04566,Peter Handa,53,Male,Amaravati,Rajasthan,Doctor,48564.0,2024-07-12
C04567,Urvi Muni,44,Male,Coimbatore,Jharkhand,Farmer,151326.0,2024-05-06
C04568,Barkha Sundaram,54,Male,Hubli–Dharwad,Rajasthan,Accountant,106914.0,2021-10-08
C04569,Quincy Bhandari,29,Female,Ujjain,Uttar Pradesh,Other,36129.0,2025-02-19
C04570,Guneet Salvi,64,Female,Ahmednagar,Madhya Pradesh,Software Engineer,95942.0,2023-04-26
C04571,Varenya Ranganathan,64,Male,Hindupur,Uttarakhand,Accountant,82604.0,2026-09-01
C04572,Anthony Lalla,34,Male,Tiruvottiyur,West Bengal,Doctor,113077.0,2024-11-03
C04573,Aachal Venkataraman,33,Female,Kolhapur,Tamil Nadu,Other,102594.0,2025-01-09
C04574,Laban Reddy,28,Female,Thrissur,Chhattisgarh,Doctor,57071.0,2026-03-28
C04575,Yachana Oak,27,Male,Kolhapur,Telangana,Teacher,177248.0,2021-10-09
C04576,Brinda Magar,50,Female,Bongaigaon,Manipur,Teacher,162705.0,2025-11-12
C04577,Oviya Wable,24,Male,Bilaspur,Maharashtra,Doctor,175534.0,2023-10-20
C04578,Vedant Bhavsar,26,Male,Machilipatnam,Karnataka,Sales Executive,76828.0,2022-04-21
C04579,Jeet Dayal,29,Female,Hajipur,Haryana,Government Employee,79170.0,2024-08-22
C04580,Ekta Arya,23,Female,Alappuzha,Telangana,Software Engineer,40143.0,2024-01-24
C04581,Vasana Trivedi,26,Female,Faridabad,Chhattisgarh,Government Employee,122063.0,2022-10-04
C04582,Jeevika Merchant,27,Female,Bijapur,Rajasthan,Farmer,126744.0,2023-05-20
C04583,Ekantika Date,56,Male,Deoghar,Telangana,Software Engineer,68451.0,2022-01-05
C04584,Isaac Varkey,34,Male,Bettiah,Jharkhand,Software Engineer,173640.0,2024-03-10
C04585,Madhavi Rajagopalan,27,Female,Allahabad,Kerala,Student,49363.0,2023-10-20
C04586,Garima Bose,56,Male,Saharanpur,Nagaland,Other,157329.0,2026-05-05
C04587,Riya Nayak,21,Male,Aligarh,Nagaland,Student,107517.0,2026-01-26
C04588,Advika Wagle,51,Female,Kharagpur,Punjab,Accountant,94356.0,2022-07-02
C04589,Chameli Mohanty,59,Male,Kirari Suleman Nagar,Tripura,Student,20805.0,2023-04-12
C04590,Kala Bhagat,60,Male,Raebareli,Bihar,Student,116444.0,2023-10-06
C04591,Veer Mohanty,60,Female,Mau,Bihar,Business Owner,35189.0,2023-07-04
C04592,Zarna Bahri,25,Female,Berhampur,Nagaland,Other,38589.0,2025-02-19
C04593,Waida Solanki,28,Female,Kakinada,Uttar Pradesh,Teacher,161355.0,2024-11-10
C04594,Aachal Sen,39,Male,Vasai-Virar,Chhattisgarh,Doctor,124071.0,2021-12-08
C04595,Thomas Sengupta,54,Female,Pudukkottai,Odisha,Government Employee,26914.0,2021-10-14
C04596,Ranbir Kari,58,Male,Khora ,Goa,Student,71040.0,2026-06-25
C04597,Sarthak Krishnamurthy,31,Male,Nellore,Jharkhand,Doctor,179008.0,2022-01-19
C04598,Dalaja Prabhakar,59,Male,Unnao,Odisha,Teacher,82951.0,2026-08-24
C04599,Tamanna Narain,49,Female,Hajipur,Assam,Government Employee,108524.0,2025-06-12
C04600,Hemani Sule,47,Male,Bidar,Mizoram,Teacher,86885.0,2023-12-23
C04601,Jagdish Dasgupta,23,Female,Nagercoil,Meghalaya,Business Owner,156231.0,2021-12-31
C04602,Balveer Sura,55,Female,Navi Mumbai,Maharashtra,Software Engineer,116163.0,2021-12-01
C04603,Amruta Pandit,61,Male,Visakhapatnam,West Bengal,Government Employee,82298.0,2025-06-28
C04604,Champak Chowdhury,52,Female,Phusro,Telangana,Student,134129.0,2025-03-05
C04605,Mitesh Murty,23,Male,Maheshtala,Jharkhand,Teacher,53760.0,2023-02-28
C04606,Zehaan Sharaf,48,Male,Loni,Nagaland,Software Engineer,70577.0,2025-03-24
C04607,Tanveer Chauhan,24,Male,Delhi,West Bengal,Government Employee,122390.0,2026-04-16
C04608,Pahal Banik,46,Male,Aurangabad,Uttarakhand,Software Engineer,121262.0,2023-08-16
C04609,Theodore Kibe,30,Female,Kota,West Bengal,Teacher,103985.0,2022-05-11
C04610,Turvi Gaba,34,Male,Narasaraopet,Odisha,Business Owner,77305.0,2026-08-03
C04611,Chaitaly Pal,37,Female,Rajahmundry,Uttar Pradesh,Government Employee,33645.0,2025-11-09
C04612,Xalak Narasimhan,48,Male,Madhyamgram,Meghalaya,Student,169957.0,2025-01-14
C04613,Sanaya Hayre,27,Female,New Delhi,Uttarakhand,Sales Executive,131273.0,2021-10-11
C04614,Zansi Bhagat,56,Male,Delhi,Meghalaya,Other,75275.0,2022-11-12
C04615,Ekaja Upadhyay,54,Female,Rohtak,Himachal Pradesh,Accountant,30575.0,2026-04-06
C04616,Atharv Setty,28,Male,Pondicherry,Bihar,Accountant,165366.0,2025-01-31
C04617,Pallavi Parmar,21,Female,Morena,Kerala,Doctor,109812.0,2025-11-15
C04618,Wriddhish Acharya,40,Male,Ujjain,Manipur,Sales Executive,194878.0,2022-05-09
C04619,Gautami Pandit,56,Male,Morbi,Gujarat,Student,32090.0,2022-11-16
C04620,Vinaya Batta,34,Male,Aurangabad,Gujarat,Government Employee,181089.0,2025-02-24
C04621,Ranveer Oak,28,Male,Coimbatore,Kerala,Teacher,194856.0,2024-10-27
C04622,Ekavir Nair,44,Female,Berhampore,Tamil Nadu,Software Engineer,178775.0,2023-07-13
C04623,Chakrika Grewal,24,Female,Ujjain,Uttarakhand,Other,172264.0,2024-06-01
C04624,Jacob Sampath,25,Female,Ranchi,Assam,Accountant,170493.0,2023-11-23
C04625,Urishilla Ratti,32,Male,Jalna,Mizoram,Sales Executive,86910.0,2025-03-12
C04626,Anirudh Sinha,58,Male,Ambattur,Tripura,Student,176722.0,2022-05-25
C04627,Jacob Naik,57,Female,Bareilly,Uttar Pradesh,Other,170133.0,2022-02-12
C04628,Daniel Karan,45,Female,Amroha,West Bengal,Farmer,188230.0,2021-12-17
C04629,Lakshmi Vohra,59,Female,Bardhaman,Tamil Nadu,Teacher,156894.0,2026-04-14
C04630,William Dalal,39,Male,Jabalpur,Assam,Farmer,115992.0,2022-04-06
C04631,Samesh Pandey,58,Female,Jhansi,Gujarat,Other,85064.0,2024-03-22
C04632,Yashodhara Mammen,30,Female,Phagwara,Madhya Pradesh,Other,46986.0,2023-01-25
C04633,Zaid Nath,39,Male,Dibrugarh,Mizoram,Farmer,101158.0,2023-01-12
C04634,Hritik Mani,57,Male,Ajmer,Telangana,Business Owner,69905.0,2024-11-02
C04635,Sai Chokshi,27,Male,Bidhannagar,Tripura,Doctor,97183.0,2024-06-24
C04636,Amol Reddy,30,Female,Patiala,Assam,Student,167826.0,2022-10-05
C04637,Onkar Jaggi,56,Male,Noida,Madhya Pradesh,Student,183110.0,2024-12-15
C04638,Joshua Bhandari,65,Male,Chennai,Uttarakhand,Farmer,143988.0,2022-09-03
C04639,Laban Raghavan,30,Female,Mango,Tripura,Teacher,139847.0,2025-01-17
C04640,Hitesh Malhotra,47,Male,Morbi,Uttar Pradesh,Sales Executive,65590.0,2022-07-27
C04641,Krishna Raman,34,Female,Kumbakonam,Gujarat,Farmer,79797.0,2022-02-20
C04642,Vidhi Bhatnagar,54,Male,Ghaziabad,Jharkhand,Government Employee,195674.0,2025-03-17
C04643,Tejas Kapadia,63,Female,Srikakulam,Kerala,Doctor,156369.0,2022-09-20
C04644,Aahana Kannan,29,Male,Davanagere,Tripura,Accountant,20805.0,2023-12-03
C04645,Chatura Datta,43,Female,Moradabad,Manipur,Teacher,57344.0,2026-08-20
C04646,Arya Palla,65,Female,Mangalore,Nagaland,Government Employee,27848.0,2025-10-05
C04647,Kritika Krishnamurthy,56,Male,Pimpri-Chinchwad,Assam,Student,174799.0,2025-11-12
C04648,Jhalak Badal,43,Male,Panvel,Kerala,Student,193255.0,2024-06-14
C04649,Ojasvi Kulkarni,38,Male,Rampur,Kerala,Farmer,120252.0,2024-10-02
C04650,Rushil Kalla,57,Female,Guntakal,Gujarat,Government Employee,126672.0,2022-07-09
C04651,Manbir Bumb,61,Male,New Delhi,Arunachal Pradesh,Doctor,23914.0,2025-11-17
C04652,Rayaan Dutt,56,Female,Vellore,Kerala,Student,45756.0,2023-02-04
C04653,Vyanjana Din,64,Male,Tenali,Jharkhand,Doctor,158544.0,2022-03-21
C04654,Chatura Suri,41,Female,Vadodara,Haryana,Teacher,86042.0,2023-04-19
C04655,Yashoda Dubey,33,Female,Jalgaon,Kerala,Student,161942.0,2025-09-26
C04656,Ojasvi Arora,30,Male,Bhatpara,West Bengal,Other,101459.0,2023-03-25
C04657,Hemal Sarraf,53,Female,Patiala,Tamil Nadu,Software Engineer,27721.0,2023-12-25
C04658,Mohammed Sama,31,Female,Khammam,Meghalaya,Doctor,20256.0,2025-11-10
C04659,Tamanna Rastogi,21,Female,Cuttack,Jharkhand,Other,122412.0,2025-11-01
C04660,Rohan Saran,45,Male,Panchkula,Arunachal Pradesh,Software Engineer,50614.0,2021-09-22
C04661,Harrison Chana,45,Male,Surat,Uttarakhand,Teacher,41289.0,2024-11-24
C04662,Wriddhish Mani,63,Male,Satna,Arunachal Pradesh,Other,107776.0,2024-04-21
C04663,Jagdish Nagarajan,22,Male,Varanasi,Goa,Teacher,118354.0,2022-05-23
C04664,Kashvi Ravi,54,Male,Cuttack,Tripura,Other,189944.0,2024-08-10
C04665,Benjamin Varma,38,Male,Vijayawada,Sikkim,Accountant,185114.0,2023-09-11
C04666,Mitesh Buch,59,Male,Tiruvottiyur,Meghalaya,Government Employee,34240.0,2022-11-13
C04667,Advik Rastogi,50,Female,Pallavaram,Maharashtra,Business Owner,185029.0,2022-08-22
C04668,Anusha Ahuja,54,Male,Ulhasnagar,Kerala,Other,136212.0,2024-12-10
C04669,Eiravati Mohanty,62,Female,Hubli–Dharwad,Mizoram,Business Owner,33185.0,2021-12-30
C04670,Jackson Sule,44,Male,Adoni,Arunachal Pradesh,Accountant,90810.0,2024-09-29
C04671,Aashi Srivastava,22,Female,Raipur,Maharashtra,Sales Executive,136049.0,2023-02-20
C04672,Yuvraj Sathe,59,Female,Faridabad,Arunachal Pradesh,Student,62549.0,2024-07-18
C04673,Tarak Iyer,24,Female,Dehradun,Tamil Nadu,Business Owner,125701.0,2025-05-12
C04674,Bhavya Cherian,47,Male,Sri Ganganagar,Punjab,Other,55964.0,2024-05-20
C04675,Urishilla Peri,43,Male,Gulbarga,Chhattisgarh,Farmer,44135.0,2026-02-25
C04676,Meera Madan,52,Female,Bhusawal,Meghalaya,Student,32502.0,2023-01-19
C04677,Onveer Shetty,31,Male,Mira-Bhayandar,Kerala,Accountant,25959.0,2026-05-17
C04678,Vedhika Datta,46,Female,Surat,West Bengal,Teacher,71188.0,2025-06-30
C04679,Daksha Ramesh,33,Male,Bijapur,Andhra Pradesh,Sales Executive,80847.0,2026-02-28
C04680,Jalsa Kothari,26,Male,Agra,Bihar,Government Employee,113815.0,2023-04-18
C04681,Ubika Issac,31,Male,Pudukkottai,Sikkim,Government Employee,125201.0,2024-07-25
C04682,Gaurangi Gole,27,Female,Bilaspur,Madhya Pradesh,Farmer,40748.0,2026-02-22
C04683,Laban Brar,50,Male,Ulhasnagar,Assam,Doctor,63063.0,2023-02-27
C04684,Idika Soman,64,Male,Bikaner,Nagaland,Teacher,178053.0,2022-07-24
C04685,Praneel Doctor,31,Male,Ambattur,Madhya Pradesh,Student,49522.0,2024-11-23
C04686,Hitesh Pathak,35,Female,Durg,Gujarat,Doctor,154557.0,2023-02-19
C04687,Ethan Sahota,63,Female,Mango,Himachal Pradesh,Business Owner,142612.0,2024-06-07
C04688,Yauvani Sarraf,52,Female,Shimla,Uttarakhand,Student,51788.0,2022-08-23
C04689,Chakrika Goyal,33,Male,Bulandshahr,Tripura,Sales Executive,39486.0,2026-04-21
C04690,Shravya Cherian,63,Female,Agra,Manipur,Accountant,89362.0,2022-05-27
C04691,Triya Bhakta,58,Male,Karaikudi,Maharashtra,Business Owner,171730.0,2025-10-25
C04692,Januja Arora,41,Male,Kollam,Manipur,Business Owner,123701.0,2025-01-26
C04693,Panini Saran,39,Male,Bhubaneswar,Rajasthan,Teacher,133025.0,2021-11-17
C04694,Xavier Bajwa,38,Female,Ghaziabad,Punjab,Software Engineer,81999.0,2024-07-24
C04695,Pahal Mishra,49,Male,Ambarnath,Mizoram,Accountant,46637.0,2022-03-21
C04696,Yahvi Nagar,46,Female,Erode,Manipur,Farmer,48385.0,2022-02-19
C04697,Devika Kakar,30,Female,Jehanabad,Chhattisgarh,Sales Executive,194922.0,2025-11-11
C04698,Zaid Acharya,53,Male,Tiruvottiyur,Maharashtra,Business Owner,39707.0,2026-06-01
C04699,Zayyan Suresh,21,Male,Coimbatore,Nagaland,Teacher,148863.0,2021-10-25
C04700,Vidhi Hegde,58,Male,Darbhanga,Chhattisgarh,Teacher,184696.0,2024-12-26
C04701,Qushi Behl,33,Female,Imphal,Uttar Pradesh,Farmer,130065.0,2023-12-27
C04702,Anya Rastogi,31,Female,Gandhidham,Gujarat,Sales Executive,178988.0,2025-07-10
C04703,Kavya Dora,49,Male,Navi Mumbai,West Bengal,Student,80720.0,2021-12-24
C04704,Anmol Bhargava,55,Male,Alwar,Manipur,Teacher,155082.0,2025-07-23
C04705,Wridesh Pandya,32,Female,Burhanpur,Haryana,Student,27643.0,2022-11-07
C04706,Nachiket Yohannan,42,Male,Phusro,Nagaland,Other,137871.0,2024-05-21
C04707,Timothy Kuruvilla,22,Female,Raichur,Maharashtra,Other,162763.0,2026-06-12
C04708,Ikbal Dada,61,Female,Bangalore,Mizoram,Student,198453.0,2022-07-25
C04709,Rajeshri Sengupta,28,Female,Uluberia,West Bengal,Sales Executive,36014.0,2022-11-24
C04710,Falak Badami,46,Female,Yamunanagar,Jharkhand,Doctor,126190.0,2024-03-18
C04711,Ishanvi Merchant,54,Male,Mahbubnagar,Madhya Pradesh,Software Engineer,115705.0,2026-07-30
C04712,Zilmil Narayan,21,Female,Shimoga,West Bengal,Farmer,57651.0,2025-02-02
C04713,Praneel Doctor,26,Male,Tezpur,Haryana,Business Owner,78696.0,2025-03-08
C04714,Unnati Nagar,61,Female,Pimpri-Chinchwad,Odisha,Government Employee,196654.0,2024-04-21
C04715,Oviya Setty,31,Male,Allahabad,Maharashtra,Student,197929.0,2026-06-09
C04716,Kavya Narayanan,63,Female,Raurkela Industrial Township,Meghalaya,Software Engineer,107831.0,2023-08-01
C04717,Amara Mannan,55,Female,Bhopal,Tamil Nadu,Teacher,89444.0,2025-05-13
C04718,Chaitanya Chander,46,Male,Chennai,Chhattisgarh,Teacher,157058.0,2023-07-17
C04719,Yahvi Sood,62,Male,Patna,Andhra Pradesh,Teacher,169584.0,2022-08-13
C04720,Manbir Karnik,29,Female,Raebareli,Gujarat,Other,124315.0,2024-10-14
C04721,Girindra Nagar,50,Male,Miryalaguda,Karnataka,Farmer,174830.0,2023-11-12
C04722,Jalsa Babu,55,Female,Nagpur,Uttar Pradesh,Doctor,132711.0,2023-04-22
C04723,Chaaya Mishra,60,Female,Guntakal,Tripura,Farmer,24237.0,2026-07-12
C04724,Isaiah Hegde,31,Male,Sangli-Miraj & Kupwad,Manipur,Software Engineer,106738.0,2023-09-26
C04725,Reva Khare,23,Male,Faridabad,Jharkhand,Farmer,133547.0,2022-09-25
C04726,Abeer Wason,59,Female,Gandhinagar,Rajasthan,Farmer,96511.0,2023-04-28
C04727,Damini Thakkar,62,Male,Muzaffarnagar,Himachal Pradesh,Accountant,178753.0,2024-06-12
C04728,Jagvi Devan,42,Male,Malda,Madhya Pradesh,Teacher,94335.0,2024-11-26
C04729,Ranveer Baria,43,Female,Bhavnagar,Meghalaya,Farmer,153047.0,2022-02-21
C04730,Jonathan Rama,50,Male,Yamunanagar,Bihar,Sales Executive,44029.0,2023-04-13
C04731,Kabir Sarna,43,Male,Ludhiana,Haryana,Doctor,162598.0,2024-05-16
C04732,Faras Wable,46,Female,Mumbai,Madhya Pradesh,Student,145200.0,2023-08-22
C04733,Sanaya Talwar,33,Male,Hubli–Dharwad,Chhattisgarh,Software Engineer,181371.0,2024-09-19
C04734,Jasmit Kothari,49,Female,Bhatpara,Bihar,Student,40445.0,2024-10-16
C04735,Alexander Balan,60,Male,New Delhi,Himachal Pradesh,Sales Executive,149734.0,2024-04-30
C04736,Ria Srinivas,60,Female,Nagercoil,Meghalaya,Student,162075.0,2026-03-08
C04737,Madhavi Tailor,30,Female,Kottayam,Assam,Farmer,150344.0,2023-09-10
C04738,Robert Datta,30,Male,Akola,West Bengal,Government Employee,155296.0,2023-01-20
C04739,Hemangini Dhingra,57,Male,Patiala,Andhra Pradesh,Sales Executive,30008.0,2024-12-12
C04740,Isaac Parikh,62,Female,Sirsa,Arunachal Pradesh,Farmer,20171.0,2024-01-04
C04741,Siddharth Venkataraman,46,Male,Kishanganj,Bihar,Doctor,116647.0,2022-01-18
C04742,Anay Chander,24,Female,Giridih,Telangana,Software Engineer,193950.0,2023-12-11
C04743,Krishna Singhal,44,Female,Hosur,Telangana,Student,182408.0,2024-06-11
C04744,Banjeet Chaudhuri,42,Female,Munger,Punjab,Other,30044.0,2022-04-10
C04745,Michael Ahluwalia,22,Male,Mathura,Maharashtra,Business Owner,93294.0,2024-01-21
C04746,Ekansh Khurana,55,Male,Coimbatore,Odisha,Government Employee,118180.0,2022-12-15
C04747,Anya Oommen,38,Female,Narasaraopet,Tamil Nadu,Business Owner,157254.0,2026-06-19
C04748,Raagini Gokhale,46,Female,Bareilly,Madhya Pradesh,Other,123302.0,2024-04-01
C04749,Pallavi Dutt,33,Male,Howrah,Karnataka,Government Employee,180271.0,2023-04-15
C04750,Krish Mody,39,Male,Jalgaon,Karnataka,Doctor,186185.0,2023-06-30
C04751,Bahadurjit Kale,29,Female,Kottayam,Assam,Student,78247.0,2026-02-16
C04752,Manan Pillay,33,Male,Patna,Punjab,Government Employee,126142.0,2026-08-22
C04753,Jyoti Bhatti,31,Female,Malegaon,Karnataka,Teacher,199429.0,2024-05-16
C04754,Bhavna Agate,64,Female,Aizawl,Karnataka,Business Owner,159733.0,2022-04-14
C04755,Saanvi Baria,42,Female,Jorhat,Odisha,Business Owner,110007.0,2023-07-31
C04756,Nihal Wason,45,Male,Parbhani,Chhattisgarh,Other,65051.0,2026-06-23
C04757,Baghyawati Aggarwal,46,Male,Amroha,Goa,Doctor,110000.0,2024-05-27
C04758,Adya Prasad,54,Female,Udupi,Arunachal Pradesh,Teacher,78603.0,2024-12-05
C04759,Janani Ramaswamy,53,Male,Loni,Gujarat,Farmer,122555.0,2026-02-07
C04760,Deepa Kohli,44,Female,Mirzapur,Maharashtra,Software Engineer,189298.0,2022-10-21
C04761,Yutika De,52,Female,Amroha,Himachal Pradesh,Student,166455.0,2025-10-05
C04762,George Bajaj,41,Male,Bharatpur,Meghalaya,Other,104001.0,2023-11-23
C04763,Raksha Rout,52,Female,Udupi,Tripura,Accountant,78774.0,2024-10-01
C04764,Jeevika Dash,21,Male,Bilaspur,Sikkim,Accountant,184659.0,2025-09-08
C04765,Yachana Chandran,60,Male,Kolhapur,Uttar Pradesh,Farmer,171247.0,2022-07-10
C04766,Tanish Pall,25,Male,Sambhal,Uttar Pradesh,Sales Executive,177024.0,2023-05-16
C04767,Abhimanyu Srinivasan,51,Male,Kharagpur,Odisha,Software Engineer,72205.0,2023-05-24
C04768,Irya Sodhi,54,Female,Kamarhati,Jharkhand,Other,81870.0,2025-01-04
C04769,David Karnik,38,Male,Dehradun,Uttarakhand,Teacher,115479.0,2025-01-11
C04770,Lucky Bawa,34,Female,Faridabad,Sikkim,Accountant,43123.0,2024-05-02
C04771,Akshay Bedi,41,Female,Phagwara,Telangana,Sales Executive,48186.0,2024-02-13
C04772,Pranit Acharya,41,Female,Sangli-Miraj & Kupwad,Tamil Nadu,Doctor,48107.0,2025-11-29
C04773,Tristan Sinha,34,Male,Srikakulam,Andhra Pradesh,Government Employee,182366.0,2023-03-25
C04774,Udarsh Narayanan,34,Female,Tirupati,Bihar,Sales Executive,157501.0,2023-03-23
C04775,Leela Raj,27,Male,Dehradun,Jharkhand,Student,137264.0,2023-05-09
C04776,Rajata Balay,41,Male,Ozhukarai,Andhra Pradesh,Software Engineer,182731.0,2022-04-16
C04777,Janya Ratta,38,Male,Bhusawal,Chhattisgarh,Teacher,94312.0,2022-01-31
C04778,Kritika Arya,26,Male,Srinagar,West Bengal,Government Employee,66484.0,2023-11-30
C04779,Om Padmanabhan,50,Female,Jalgaon,Meghalaya,Other,158729.0,2026-07-26
C04780,Harrison Sem,28,Female,Tumkur,Karnataka,Farmer,35765.0,2024-06-05
C04781,Sneha Patil,59,Male,Chennai,Kerala,Sales Executive,21763.0,2023-09-28
C04782,Harsh Mann,38,Female,Bhalswa Jahangir Pur,Gujarat,Business Owner,81606.0,2023-02-26
C04783,Bhavya Wason,53,Female,Mango,Telangana,Student,62674.0,2023-09-07
C04784,Isaiah Setty,29,Female,Davanagere,Tripura,Farmer,132237.0,2023-08-05
C04785,Aarnav Sengupta,47,Male,Amaravati,Meghalaya,Government Employee,172978.0,2023-08-30
C04786,Krish Agarwal,53,Female,Phusro,Assam,Sales Executive,161273.0,2024-07-29
C04787,Nicholas Balakrishnan,49,Female,Sasaram,Telangana,Accountant,63932.0,2023-03-31
C04788,Lopa Memon,29,Female,Patna,Himachal Pradesh,Government Employee,153748.0,2025-07-10
C04789,Bhavika Buch,42,Female,Udupi,Nagaland,Farmer,185720.0,2025-12-24
C04790,Amara Uppal,42,Female,Gandhidham,Manipur,Government Employee,103185.0,2024-09-08
C04791,Adweta Bhatnagar,60,Female,Panipat,Madhya Pradesh,Business Owner,151604.0,2026-05-03
C04792,Triveni Krishna,29,Female,Bhind,Assam,Other,51105.0,2026-05-08
C04793,Nilima Sha,26,Female,Nadiad,Sikkim,Government Employee,26657.0,2025-09-06
C04794,Tanmayi Samra,29,Male,Bellary,Kerala,Software Engineer,31239.0,2024-09-26
C04795,Priya Karnik,30,Female,Ambala,Andhra Pradesh,Government Employee,187553.0,2025-08-15
C04796,Yashawini Bhatnagar,35,Male,Bijapur,Meghalaya,Teacher,81976.0,2025-12-01
C04797,Wazir Srivastava,29,Male,Jorhat,Manipur,Government Employee,103198.0,2025-08-24
C04798,Ayaan Varkey,25,Male,Satara,Punjab,Software Engineer,104928.0,2022-09-22
C04799,Chaman Zacharia,42,Female,Kolkata,Manipur,Software Engineer,156783.0,2024-12-18
C04800,Bhanumati Baria,34,Female,Latur,Haryana,Farmer,67749.0,2023-06-08
C04801,Baljiwan Padmanabhan,64,Male,Ambala,Nagaland,Accountant,99498.0,2022-01-07
C04802,Gauri Sant,39,Female,Buxar,Kerala,Student,173730.0,2021-11-27
C04803,Kai Swaminathan,60,Female,Patiala,Odisha,Business Owner,150963.0,2026-07-06
C04804,Nidhi Kohli,65,Male,Guntakal,Rajasthan,Student,137703.0,2024-02-05
C04805,Balveer Wason,61,Female,Gandhidham,Arunachal Pradesh,Accountant,188596.0,2025-10-31
C04806,Pranit Krish,47,Male,Morena,Uttarakhand,Software Engineer,54009.0,2025-08-02
C04807,Reyansh Deshmukh,44,Male,Hindupur,Andhra Pradesh,Government Employee,95474.0,2022-11-15
C04808,Raghav Iyer,34,Male,Uluberia,Karnataka,Farmer,77262.0,2023-10-14
C04809,Arin Chanda,32,Male,Bhusawal,Manipur,Business Owner,69918.0,2026-05-15
C04810,Advik Shah,25,Male,Sikar,Haryana,Doctor,179011.0,2024-06-05
C04811,Ekta Lata,30,Male,Nellore,Haryana,Accountant,183595.0,2023-06-15
C04812,Logan Kalita,26,Male,Narasaraopet,Odisha,Student,22127.0,2024-12-23
C04813,Amrita Dalal,26,Male,Bhind,Andhra Pradesh,Student,88784.0,2024-02-24
C04814,Dipta Prakash,52,Male,Chandigarh,Punjab,Doctor,164899.0,2024-08-23
C04815,Idika Shanker,50,Female,Tadepalligudem,Karnataka,Software Engineer,159595.0,2025-03-16
C04816,Adya Joshi,31,Female,Agartala,Arunachal Pradesh,Student,155969.0,2022-01-20
C04817,Faraj Setty,26,Female,Panihati,Manipur,Business Owner,67360.0,2024-11-30
C04818,Nirja Atwal,43,Female,Belgaum,Nagaland,Sales Executive,104108.0,2023-07-06
C04819,Vrishti Sarraf,37,Female,Bhatpara,Kerala,Farmer,184556.0,2023-09-05
C04820,Sudiksha Banik,38,Female,Bhagalpur,Mizoram,Business Owner,119328.0,2024-02-13
C04821,Theodore Kara,30,Male,Darbhanga,Assam,Government Employee,57341.0,2023-04-23
C04822,Yashodhara Kurian,60,Male,Haldia,Goa,Farmer,195579.0,2025-08-27
C04823,Warinder Solanki,50,Female,Nizamabad,Manipur,Farmer,83200.0,2024-03-30
C04824,Anjali Vora,27,Female,Orai,Telangana,Software Engineer,164015.0,2024-09-09
C04825,Reva Tata,32,Female,Tadipatri,Andhra Pradesh,Teacher,189193.0,2024-08-06
C04826,Ijaya Bhavsar,51,Male,Satna,Kerala,Teacher,139843.0,2022-12-07
C04827,Ekani Narasimhan,64,Male,Ambala,Bihar,Doctor,136103.0,2025-06-10
C04828,Ucchal Munshi,34,Male,Junagadh,Uttarakhand,Software Engineer,105412.0,2023-05-30
C04829,Tejas Wable,32,Male,Thoothukudi,Gujarat,Business Owner,171164.0,2023-07-14
C04830,Xalak Kala,57,Male,Haldia,Jharkhand,Student,64877.0,2023-03-19
C04831,Lohit Tak,27,Female,Adoni,Madhya Pradesh,Government Employee,192293.0,2023-04-06
C04832,Eshana Patil,58,Male,Panipat,Mizoram,Accountant,81937.0,2026-07-05
C04833,Jatin Mohanty,56,Male,Nizamabad,Tripura,Doctor,63663.0,2026-03-30
C04834,Zarna Mitra,41,Female,Tiruchirappalli,Manipur,Doctor,171415.0,2023-01-20
C04835,Qarin Bumb,55,Male,Adoni,Maharashtra,Government Employee,165737.0,2026-06-27
C04836,Vedant Sandhu,40,Female,Nandyal,Sikkim,Student,52022.0,2026-08-03
C04837,Vasudha Prabhakar,52,Female,Malda,Himachal Pradesh,Sales Executive,77374.0,2023-12-18
C04838,Maanas Padmanabhan,31,Female,Patna,Tamil Nadu,Accountant,84785.0,2021-11-21
C04839,Amaira Chanda,22,Female,Uluberia,Bihar,Accountant,86557.0,2026-04-12
C04840,Yatan Thaker,57,Female,Nagaon,Assam,Other,50534.0,2026-04-09
C04841,Krishna Ratti,32,Female,Patna,Odisha,Other,172637.0,2026-08-13
C04842,Vaishnavi Mohan,49,Male,Ichalkaranji,Madhya Pradesh,Business Owner,169695.0,2026-03-11
C04843,Tristan Toor,32,Female,Panchkula,Telangana,Teacher,62490.0,2023-08-17
C04844,Hritik Thakur,24,Female,Hapur,Uttarakhand,Doctor,194776.0,2022-01-30
C04845,Dominic Prashad,59,Female,Sasaram,Jharkhand,Farmer,150469.0,2025-01-13
C04846,Timothy Narang,28,Male,Nangloi Jat,Karnataka,Sales Executive,105688.0,2025-05-31
C04847,Dalbir Tailor,29,Male,Panihati,West Bengal,Business Owner,59122.0,2026-07-15
C04848,Libni Sangha,22,Male,Bidhannagar,Himachal Pradesh,Business Owner,115500.0,2025-01-10
C04849,Libni Pradhan,46,Male,Aligarh,Telangana,Farmer,69398.0,2022-09-09
C04850,Matthew Karpe,32,Male,Madanapalle,Tamil Nadu,Software Engineer,89549.0,2024-09-01
C04851,Jacob Swamy,56,Female,Jamnagar,Punjab,Other,199834.0,2024-11-23
C04852,Bhanumati Zacharia,50,Female,Kollam,Goa,Government Employee,199200.0,2024-05-23
C04853,Ojas Cheema,34,Female,Asansol,Tamil Nadu,Farmer,113680.0,2026-05-05
C04854,Tejas Swamy,32,Male,Meerut,Haryana,Farmer,123375.0,2024-04-09
C04855,Viraj Vig,24,Male,Hosur,Goa,Doctor,24544.0,2026-02-04
C04856,Vedant Wali,38,Female,Arrah,Bihar,Doctor,121672.0,2026-08-01
C04857,Sai Bose,62,Male,Gwalior,Sikkim,Other,170431.0,2024-07-07
C04858,Girish Raju,41,Male,Kakinada,Uttar Pradesh,Sales Executive,37408.0,2021-11-11
C04859,Devansh Loyal,43,Male,Purnia,Meghalaya,Doctor,169557.0,2023-10-03
C04860,Kavya Lad,26,Male,Delhi,Goa,Business Owner,188535.0,2022-07-22
C04861,Mekhala Sama,57,Male,Ambala,Sikkim,Other,111291.0,2023-01-12
C04862,Isaiah Sant,63,Male,Chennai,Gujarat,Teacher,99374.0,2025-07-23
C04863,Vedhika Kapoor,33,Female,Kavali,Assam,Accountant,191377.0,2024-01-28
C04864,Rachita Dhaliwal,53,Male,Amritsar,Gujarat,Software Engineer,180453.0,2022-03-21
C04865,Ranveer Kara,33,Male,Pimpri-Chinchwad,Haryana,Other,128942.0,2026-06-09
C04866,Robert Banerjee,51,Male,Machilipatnam,Nagaland,Doctor,175578.0,2024-05-23
C04867,Warda Varty,52,Male,Aizawl,Kerala,Other,50191.0,2026-07-28
C04868,Veer Mander,30,Female,Hindupur,Madhya Pradesh,Software Engineer,186013.0,2023-09-30
C04869,Zilmil Maharaj,30,Male,Ghaziabad,Maharashtra,Teacher,74328.0,2023-12-28
C04870,Anmol Kala,31,Male,Nizamabad,Assam,Sales Executive,127508.0,2023-08-08
C04871,Pavani Gara,50,Male,Silchar,Arunachal Pradesh,Software Engineer,50190.0,2024-07-15
C04872,Nilima Garg,59,Male,Bhiwandi,West Bengal,Teacher,49546.0,2023-12-18
C04873,Pratyush Deol,45,Female,Kulti,Telangana,Teacher,53948.0,2026-05-25
C04874,Nihal Chakrabarti,32,Male,Coimbatore,Tripura,Teacher,181876.0,2023-09-19
C04875,Harini Dewan,23,Female,Moradabad,Bihar,Business Owner,109899.0,2022-11-07
C04876,Harrison Randhawa,63,Female,Kollam,Odisha,Doctor,71891.0,2025-07-02
C04877,Indira Thaman,60,Male,Aurangabad,Uttarakhand,Software Engineer,96968.0,2025-03-17
C04878,Gauri Dugal,57,Male,Danapur,Bihar,Student,119689.0,2024-08-07
C04879,Udarsh Lanka,42,Male,Bhalswa Jahangir Pur,Tripura,Farmer,23515.0,2024-05-25
C04880,Ranveer Wali,63,Male,Hosur,Karnataka,Sales Executive,190557.0,2024-03-06
C04881,Wriddhish Iyer,63,Female,Kurnool,Andhra Pradesh,Farmer,47165.0,2024-03-31
C04882,Gaurav Goyal,30,Female,Saharsa,Odisha,Business Owner,46334.0,2025-05-05
C04883,Atharv Chaudhari,26,Female,Munger,Odisha,Software Engineer,166377.0,2026-09-06
C04884,Tamanna Lad,64,Female,Malda,Madhya Pradesh,Farmer,56860.0,2025-12-21
C04885,Barkha Tandon,42,Male,Bhilwara,Assam,Other,194305.0,2023-10-03
C04886,Luke Dugal,41,Male,Phusro,Uttar Pradesh,Business Owner,176322.0,2026-08-27
C04887,Keya Contractor,39,Female,Bhavnagar,Jharkhand,Business Owner,24486.0,2026-01-31
C04888,Anika Nair,58,Male,Chinsurah,Haryana,Government Employee,111743.0,2025-09-17
C04889,Ekta Korpal,45,Male,Karaikudi,Kerala,Software Engineer,76260.0,2025-11-17
C04890,Meera Cherian,63,Female,Parbhani,Kerala,Business Owner,172950.0,2023-08-16
C04891,Yahvi Ray,52,Male,Howrah,Goa,Teacher,79995.0,2025-10-25
C04892,Nitesh Chakrabarti,50,Male,Dhanbad,Karnataka,Business Owner,92210.0,2023-09-26
C04893,Michael Shere,33,Female,Giridih,Assam,Government Employee,164099.0,2024-03-01
C04894,Arin Brahmbhatt,41,Female,Aizawl,Goa,Student,100463.0,2024-02-03
C04895,Devansh Dasgupta,29,Male,Gudivada,Manipur,Software Engineer,87988.0,2024-08-29
C04896,Bishakha Yogi,25,Male,Nagpur,Chhattisgarh,Software Engineer,56921.0,2024-06-28
C04897,Girish Chauhan,51,Male,Bhusawal,Gujarat,Student,52273.0,2022-10-08
C04898,Abhimanyu Madan,44,Male,Sangli-Miraj & Kupwad,Sikkim,Sales Executive,80504.0,2023-08-21
C04899,Mugdha Wagle,56,Female,Giridih,Nagaland,Accountant,35809.0,2025-01-17
C04900,Garima Prabhakar,31,Male,Rajahmundry,Sikkim,Sales Executive,42380.0,2026-04-02
C04901,Fariq Nayak,48,Female,Srinagar,Meghalaya,Other,25866.0,2022-05-02
C04902,Brijesh Shah,47,Male,Surendranagar Dudhrej,Meghalaya,Business Owner,53156.0,2026-08-04
C04903,Aadi Kalita,39,Male,Bahraich,Maharashtra,Government Employee,103738.0,2024-09-22
C04904,Maanas Bajaj,37,Male,Moradabad,Jharkhand,Software Engineer,78153.0,2022-08-31
C04905,Gaurang Dhar,65,Female,Giridih,Meghalaya,Software Engineer,85456.0,2022-04-02
C04906,Bhanumati Jain,24,Male,Aurangabad,Haryana,Software Engineer,181516.0,2022-04-08
C04907,Jeet Mallick,44,Female,Dewas,Assam,Sales Executive,167961.0,2025-12-16
C04908,Veer Narain,61,Female,Patna,Arunachal Pradesh,Government Employee,130936.0,2025-12-16
C04909,Upadhriti Bakshi,40,Male,Mirzapur,Meghalaya,Government Employee,136080.0,2022-11-09
C04910,Quincy Dua,58,Female,Davanagere,Kerala,Government Employee,94722.0,2023-10-20
C04911,Finn Barad,48,Male,Mangalore,Goa,Doctor,85871.0,2026-06-02
C04912,Sara Chakrabarti,51,Male,Rourkela,Goa,Business Owner,85824.0,2024-06-04
C04913,Kiaan Sharma,50,Female,Narasaraopet,Jharkhand,Software Engineer,48982.0,2025-04-26
C04914,Om Chokshi,23,Male,Surat,Mizoram,Teacher,154789.0,2023-01-09
C04915,Chanakya Oza,28,Male,Haridwar,Sikkim,Doctor,26984.0,2024-05-18
C04916,Ekaraj Garde,47,Male,Sambalpur,Tripura,Teacher,137788.0,2025-08-03
C04917,Sathvik Grover,46,Female,Sambhal,Bihar,Teacher,148184.0,2025-08-08
C04918,Meghana Zachariah,31,Female,Chandigarh,Arunachal Pradesh,Farmer,31173.0,2024-09-05
C04919,Pratyush Karpe,55,Male,Darbhanga,Odisha,Farmer,45540.0,2023-11-17
C04920,Lopa Mitter,63,Female,Bardhaman,Himachal Pradesh,Sales Executive,48154.0,2022-04-18
C04921,Balveer Chahal,30,Male,Tenali,Andhra Pradesh,Teacher,109841.0,2022-03-29
C04922,Turvi Shah,24,Female,Bhatpara,Sikkim,Teacher,71245.0,2023-12-26
C04923,Rajata Jani,53,Male,Kalyan-Dombivli,Jharkhand,Student,138741.0,2024-06-26
C04924,Liam Kadakia,27,Male,Nizamabad,Nagaland,Software Engineer,141096.0,2024-06-03
C04925,Jasmit Kuruvilla,35,Female,Kurnool,Meghalaya,Teacher,32530.0,2025-12-27
C04926,Divya Merchant,39,Female,Berhampore,Gujarat,Farmer,92233.0,2024-11-19
C04927,Lopa Halder,52,Female,Mysore,Tamil Nadu,Doctor,125019.0,2025-09-24
C04928,Garima Chaudhry,32,Male,Tadipatri,Telangana,Doctor,26498.0,2025-12-25
C04929,Saanvi Bandi,22,Female,Rewa,Manipur,Business Owner,111470.0,2022-04-06
C04930,Ekapad Walla,55,Female,Jhansi,Nagaland,Sales Executive,131649.0,2021-09-14
C04931,Diya Bahl,48,Female,Vijayawada,Manipur,Sales Executive,27781.0,2022-08-06
C04932,Lipika Yogi,34,Male,Phagwara,Goa,Farmer,21433.0,2022-02-10
C04933,Nidhi Gandhi,42,Male,South Dumdum,Haryana,Doctor,179111.0,2025-08-23
C04934,Ekavir Bains,46,Male,Nadiad,Goa,Sales Executive,86642.0,2023-11-04
C04935,Harshil Kala,48,Female,Bidhannagar,Tamil Nadu,Student,59036.0,2024-01-27
C04936,Aditya Hayre,26,Female,Alappuzha,Gujarat,Other,36796.0,2024-10-15
C04937,Anay Bedi,54,Male,Amritsar,Sikkim,Business Owner,144519.0,2024-09-15
C04938,Jackson Sathe,22,Male,Bhind,Arunachal Pradesh,Software Engineer,89731.0,2025-06-01
C04939,Nakul Seshadri,46,Female,Gudivada,Manipur,Student,46258.0,2022-04-21
C04940,Logan Rana,40,Female,Kharagpur,Punjab,Other,26536.0,2023-04-06
C04941,Jason Lala,25,Male,Vasai-Virar,Chhattisgarh,Software Engineer,137160.0,2025-09-04
C04942,Fiyaz Roy,58,Female,Sambalpur,Goa,Sales Executive,52590.0,2025-03-29
C04943,Warda Narayanan,37,Male,Thoothukudi,Goa,Software Engineer,191731.0,2023-12-05
C04944,Gauri Kade,37,Male,Imphal,West Bengal,Farmer,164712.0,2023-06-10
C04945,Ekapad Kohli,25,Female,Srikakulam,Uttar Pradesh,Other,20793.0,2024-05-19
C04946,Yadavi Bali,41,Male,Ahmednagar,Gujarat,Teacher,103012.0,2023-12-26
C04947,Turvi Raval,32,Male,Khandwa,Bihar,Accountant,180054.0,2025-03-06
C04948,Ishita Sankaran,59,Male,Kottayam,Tamil Nadu,Other,98021.0,2023-06-29
C04949,Ojas Narula,62,Female,Katihar,Tamil Nadu,Student,178887.0,2024-07-13
C04950,Jacob Gandhi,54,Female,Nagercoil,Uttarakhand,Doctor,189876.0,2022-02-22
C04951,Nitesh Samra,25,Male,Aizawl,Jharkhand,Sales Executive,174748.0,2023-05-14
C04952,Ladli Goda,49,Male,Kozhikode,Bihar,Student,120197.0,2023-09-06
C04953,Pahal Dhaliwal,59,Female,Hajipur,Madhya Pradesh,Teacher,127711.0,2023-10-12
C04954,Forum Master,45,Male,Mau,Haryana,Business Owner,76697.0,2024-05-17
C04955,Charita Kurian,52,Female,Begusarai,Kerala,Software Engineer,147145.0,2022-07-24
C04956,Lakshit Mannan,51,Female,Faridabad,Manipur,Doctor,81157.0,2023-10-07
C04957,Ekanta Kalita,32,Female,Vellore,Nagaland,Student,67976.0,2023-06-10
C04958,Jagvi Goel,34,Female,Kozhikode,Punjab,Other,169019.0,2022-07-19
C04959,Amol Kar,28,Female,Shahjahanpur,Haryana,Software Engineer,37562.0,2024-01-21
C04960,Sara Varkey,37,Male,Haridwar,Haryana,Student,193099.0,2023-12-01
C04961,Varenya Magar,29,Male,Bhagalpur,Arunachal Pradesh,Doctor,142491.0,2025-06-14
C04962,Victor Chand,24,Female,Mirzapur,Maharashtra,Farmer,64965.0,2024-06-24
C04963,Vanya Dass,27,Male,Dibrugarh,Karnataka,Student,34397.0,2023-03-01
C04964,Amrita Shankar,31,Male,Bhatpara,Karnataka,Accountant,44924.0,2026-09-12
C04965,Dhriti Kothari,55,Male,Jodhpur,Andhra Pradesh,Doctor,116829.0,2022-09-21
C04966,Banjeet Bava,64,Female,Bangalore,Maharashtra,Business Owner,49348.0,2022-02-08
C04967,Orinder Chaudhry,26,Female,Nagpur,Odisha,Software Engineer,160902.0,2023-01-31
C04968,Onveer Bhattacharyya,53,Female,Anantapuram,West Bengal,Farmer,28004.0,2021-11-30
C04969,Faris Lata,25,Female,Jaipur,Punjab,Accountant,99721.0,2025-06-20
C04970,Devansh Sarna,55,Male,Loni,Maharashtra,Business Owner,51520.0,2025-01-10
C04971,Nandini Kulkarni,49,Female,Ratlam,Goa,Farmer,154517.0,2026-01-25
C04972,Devansh Gulati,35,Female,Karawal Nagar,Meghalaya,Farmer,117989.0,2023-08-25
C04973,Divya Borde,49,Male,Aurangabad,Goa,Farmer,65239.0,2026-02-21
C04974,Arjun Sarna,24,Male,Jaunpur,Mizoram,Accountant,161582.0,2025-06-01
C04975,Shaurya Bhatti,23,Female,Kolkata,Haryana,Sales Executive,103938.0,2022-10-28
C04976,Dakshesh Datta,51,Male,Pimpri-Chinchwad,Manipur,Business Owner,69522.0,2024-05-14
C04977,Samarth Agate,45,Male,Ongole,Tripura,Accountant,176154.0,2023-09-16
C04978,Sarthak Ramesh,46,Male,Jalna,Himachal Pradesh,Teacher,61374.0,2021-10-05
C04979,Pavani Magar,53,Female,Mirzapur,Rajasthan,Other,90887.0,2023-12-15
C04980,Praneel Dora,31,Female,Katihar,Goa,Farmer,152300.0,2023-04-12
C04981,Elijah Lal,30,Female,Pondicherry,Chhattisgarh,Student,171675.0,2025-01-02
C04982,Sneha Ray,63,Female,Jaunpur,Sikkim,Software Engineer,90027.0,2025-10-12
C04983,Peter Joshi,23,Female,Jamshedpur,Tamil Nadu,Doctor,50910.0,2025-06-27
C04984,Chasmum Shenoy,37,Male,Kolkata,Assam,Other,131023.0,2025-04-18
C04985,Bhavya Desai,28,Female,Kolhapur,Sikkim,Student,31539.0,2026-01-30
C04986,Timothy Doshi,52,Male,Faridabad,Nagaland,Business Owner,147796.0,2025-10-05
C04987,Ethan Sarraf,39,Male,Singrauli,Uttar Pradesh,Government Employee,118929.0,2023-10-27
C04988,Jonathan Patil,43,Male,Bhiwani,Manipur,Sales Executive,172314.0,2022-08-12
C04989,Yoshita Kala,63,Female,Satara,Goa,Business Owner,96768.0,2026-01-14
C04990,Vasatika Rattan,61,Male,Khora ,Jharkhand,Other,130528.0,2026-05-29
C04991,Aishani Desai,65,Female,Kolhapur,Assam,Other,118648.0,2022-04-30
C04992,Xiti Wali,45,Male,Kadapa,Tamil Nadu,Accountant,180380.0,2023-01-01
C04993,Yasti Konda,48,Male,Alappuzha,Meghalaya,Accountant,138766.0,2024-08-25
C04994,Yashvi D’Alia,53,Female,Allahabad,West Bengal,Business Owner,36976.0,2021-12-13
C04995,Matthew Tailor,49,Male,Srikakulam,Jharkhand,Business Owner,167019.0,2025-02-25
C04996,Dayamai Pillai,42,Male,Jalgaon,Himachal Pradesh,Student,57313.0,2023-06-24
C04997,Aishani Raju,31,Female,Kumbakonam,Manipur,Other,83742.0,2022-06-29
C04998,Maya Raghavan,61,Female,Parbhani,Manipur,Accountant,162244.0,2026-02-27
C04999,Vaishnavi Devan,55,Male,Ambattur,Tripura,Software Engineer,151735.0,2022-12-13
C05000,Leena Chanda,57,Male,Guna,Uttar Pradesh,Accountant,160147.0,2023-07-04
