customer_id,name,age,gender,occupation,income,transaction_count,total_transaction_amount,average_transaction_amount,median_transaction_amount,activity_segment,spending_segment
C00001,Garima Gulati,61,Male,Software Engineer,92097.0,6,275824.36,45970.73,40535.84,Low Activity,Low Spender
C00002,Lucky Krishna,36,Male,Business Owner,46868.0,8,486051.3,60756.41,73031.1,Low Activity,Medium Spender
C00003,Ayush Bal,64,Male,Other,130604.0,14,648737.87,46338.42,34598.27,Medium Activity,High Spender
C00004,Waida Sundaram,23,Male,Teacher,77314.0,11,571029.19,51911.74,39688.82,Medium Activity,High Spender
C00005,Daksha Ahluwalia,35,Male,Farmer,72124.0,5,269584.57,53916.91,66717.06,Low Activity,Low Spender
C00006,Niharika Bir,62,Female,Doctor,137757.0,11,565128.41,51375.31,41401.71,Medium Activity,Medium Spender
C00007,Sathvik Parmer,58,Female,Software Engineer,61853.0,11,651077.46,59188.86,78284.74,Medium Activity,High Spender
C00008,Urvi Shere,65,Female,Government Employee,92842.0,15,729053.0,48603.53,47604.13,Medium Activity,High Spender
C00009,Praneel Desai,30,Male,Government Employee,46793.0,9,442820.14,49202.24,37345.9,Medium Activity,Medium Spender
C00010,Naveen Pillay,26,Female,Teacher,114104.0,7,291887.45,41698.21,21154.69,Low Activity,Low Spender
C00011,Ishani Chada,43,Female,unknown,140435.0,11,455682.03,41425.64,34389.85,Medium Activity,Medium Spender
C00012,Krish Mand,55,Male,unknown,40656.0,11,716311.15,65119.2,77933.73,Medium Activity,High Spender
C00013,Lakshmi Sunder,56,Female,unknown,114800.0,6,288681.4,48113.57,42119.34,Low Activity,Low Spender
C00014,Forum Rana,57,Male,unknown,32012.0,11,507547.25,46140.66,47391.5,Medium Activity,Medium Spender
C00015,Jeet Hora,63,Male,unknown,40916.0,13,564102.01,43392.46,49087.81,Medium Activity,Medium Spender
C00016,Bakhshi Saha,35,Male,Student,92869.0,12,587911.12,48992.59,52398.96,Medium Activity,High Spender
C00017,Ansh Tella,50,Female,Business Owner,117040.0,15,1014112.22,67607.48,72676.61,Medium Activity,High Spender
C00018,Jyoti Kaur,43,Male,Accountant,199187.0,7,338676.12,48382.3,39402.55,Low Activity,Low Spender
C00019,Vaishnavi Cherian,62,Male,Other,186455.0,9,430607.37,47845.26,32784.04,Medium Activity,Medium Spender
C00020,Noah Sathe,31,Male,Business Owner,141178.0,13,470158.01,36166.0,23805.64,Medium Activity,Medium Spender
C00021,Ishita Gera,45,Female,Farmer,111078.0,9,465313.2,51701.47,52179.36,Medium Activity,Medium Spender
C00022,Ekansh Nair,64,Female,Software Engineer,111078.0,11,697818.23,63438.02,82184.76,Medium Activity,High Spender
C00023,Vasatika Behl,23,Female,Student,111078.0,10,537660.06,53766.01,51676.0,Medium Activity,Medium Spender
C00024,Kiaan Apte,25,Male,Other,111078.0,8,367769.1,45971.14,54828.68,Low Activity,Low Spender
C00025,Neel Sami,34,Female,Student,111078.0,6,190372.86,31728.81,32152.73,Low Activity,Low Spender
C00026,Lohit Morar,50,Male,Accountant,56603.0,7,347903.4,49700.49,68485.17,Low Activity,Low Spender
C00027,Rushil Shere,36,Female,Other,132311.0,5,308097.19,61619.44,64961.95,Low Activity,Low Spender
C00028,Panini Rama,58,Female,Government Employee,77493.0,10,377070.75,37707.07,25543.98,Medium Activity,Low Spender
C00029,Ekaraj Tiwari,29,Female,Teacher,32351.0,10,589814.44,58981.44,62181.39,Medium Activity,High Spender
C00030,Ria Dani,28,Male,Business Owner,198384.0,8,433647.59,54205.95,53455.22,Low Activity,Medium Spender
C00031,Farhan Tata,48,Male,Student,120039.0,7,363681.55,51954.51,57444.19,Low Activity,Low Spender
C00032,Ranbir Dalal,59,Female,Farmer,85906.0,11,531464.39,48314.94,43090.47,Medium Activity,Medium Spender
C00033,Teerth Morar,56,Male,Teacher,198706.0,11,671583.8,61053.07,63791.21,Medium Activity,High Spender
C00034,Viraj Lalla,55,Female,Government Employee,49242.0,8,404613.1,50576.64,42096.54,Low Activity,Low Spender
C00035,Bhanumati Ganesh,39,Female,Business Owner,138940.0,13,817883.26,62914.1,65636.71,Medium Activity,High Spender
C00036,Kamala Bhagat,21,Female,Farmer,66832.0,14,758199.05,54157.08,52543.18,Medium Activity,High Spender
C00037,Christopher Krishna,53,Male,Accountant,187496.0,10,711095.98,71109.6,85664.8,Medium Activity,High Spender
C00038,Zehaan Kapur,53,Male,Business Owner,118019.0,13,674492.91,51884.07,47475.04,Medium Activity,High Spender
C00039,Tara Samra,31,Male,Other,104975.0,7,279752.21,39964.6,32921.15,Low Activity,Low Spender
C00040,Adweta Date,52,Male,Teacher,115153.0,13,837886.38,64452.8,64160.97,Medium Activity,High Spender
C00041,Ayaan Lala,40,Male,Software Engineer,83143.0,9,299325.61,33258.4,35734.39,Medium Activity,Low Spender
C00042,Yuvraj Bhasin,57,Male,Teacher,147399.0,14,803312.13,57379.44,56131.76,Medium Activity,High Spender
C00043,Vasatika Gill,25,Male,Business Owner,192949.0,18,784528.4,43584.91,37607.36,High Activity,High Spender
C00044,Radha Guha,51,Male,Accountant,158326.0,8,313262.56,39157.82,40988.96,Low Activity,Low Spender
C00045,Lucky Sarin,59,Female,Doctor,161373.0,12,512012.3,42667.69,47461.6,Medium Activity,Medium Spender
C00046,Jeet Sood,65,Male,Accountant,124593.0,4,233433.0,58358.25,63986.99,Low Activity,Low Spender
C00047,Dakshesh Yohannan,63,Female,Sales Executive,155679.0,13,628389.78,48337.68,54167.04,Medium Activity,High Spender
C00048,Ganga Nayak,49,Male,Doctor,78903.0,11,624135.52,56739.59,67811.1,Medium Activity,High Spender
C00049,Maya Raghavan,25,Female,Software Engineer,174221.0,9,440664.97,48962.77,50006.41,Medium Activity,Medium Spender
C00050,Omisha Naidu,56,Male,Other,77728.0,10,437149.69,43714.97,41947.78,Medium Activity,Medium Spender
C00051,Ojas Muni,21,Male,Software Engineer,80015.0,15,891900.06,59460.0,58482.63,Medium Activity,High Spender
C00052,Tara Mand,25,Male,Government Employee,38574.0,8,376681.89,47085.24,60044.63,Low Activity,Low Spender
C00053,Varenya Bora,53,Male,Accountant,195368.0,8,500091.61,62511.45,61451.69,Low Activity,Medium Spender
C00054,Libni Kakar,52,Male,Farmer,54684.0,13,621392.6,47799.43,43927.41,Medium Activity,High Spender
C00055,Owen Bedi,57,Female,Doctor,143987.0,9,453871.0,50430.11,52403.56,Medium Activity,Medium Spender
C00056,Hema Doshi,47,Male,Teacher,45409.0,14,735573.88,52540.99,62225.1,Medium Activity,High Spender
C00057,Harita Minhas,63,Female,Government Employee,131038.0,8,282071.01,35258.88,19172.75,Low Activity,Low Spender
C00058,Nikita Comar,47,Female,Software Engineer,196518.0,5,308389.69,61677.94,54865.94,Low Activity,Low Spender
C00059,Raagini Bandi,62,Male,Software Engineer,125544.0,12,424056.38,35338.03,26271.34,Medium Activity,Medium Spender
C00060,Oeshi Sandal,42,Male,Doctor,70224.0,14,682365.67,48740.41,41670.52,Medium Activity,High Spender
C00061,Arin Bail,33,Female,Business Owner,130593.0,15,833294.94,55553.0,52901.87,Medium Activity,High Spender
C00062,Shivani Vig,32,Female,Sales Executive,85485.0,16,695507.32,43469.21,46865.36,High Activity,High Spender
C00063,Bhavna Sathe,25,Female,Farmer,45666.0,5,301484.73,60296.95,55722.22,Low Activity,Low Spender
C00064,Saumya Dhar,24,Male,Teacher,81965.0,10,493976.05,49397.6,45679.84,Medium Activity,Medium Spender
C00065,Megha Ganguly,31,Female,Sales Executive,146185.0,12,564828.79,47069.07,35547.45,Medium Activity,Medium Spender
C00066,Kiaan Bhat,34,Female,Software Engineer,63158.0,7,417671.4,59667.34,77510.32,Low Activity,Medium Spender
C00067,Arya Comar,45,Male,Student,89521.0,10,402727.5,40272.75,36075.56,Medium Activity,Low Spender
C00068,Chaitaly Sami,50,Female,Student,165691.0,7,382231.54,54604.51,47996.33,Low Activity,Low Spender
C00069,Falak Murthy,63,Female,Business Owner,69780.0,8,371817.78,46477.22,49877.3,Low Activity,Low Spender
C00070,Brinda Sawhney,39,Male,Software Engineer,171828.0,7,362495.19,51785.03,38369.81,Low Activity,Low Spender
C00071,Rajata Rao,55,Male,Government Employee,34985.0,10,363442.36,36344.24,33054.86,Medium Activity,Low Spender
C00072,Kritika Brar,24,Female,Farmer,159231.0,9,402424.07,44713.79,32632.27,Medium Activity,Low Spender
C00073,Zayan Nadig,31,Male,Farmer,41000.0,10,455898.92,45589.89,38012.46,Medium Activity,Medium Spender
C00074,Bimala Khosla,32,Male,Other,37815.0,15,619497.31,41299.82,28120.79,Medium Activity,High Spender
C00075,Anusha Balakrishnan,64,Male,Student,51427.0,10,369096.6,36909.66,30720.36,Medium Activity,Low Spender
C00076,Harsh Mann,57,Male,Other,175849.0,11,448592.1,40781.1,31899.57,Medium Activity,Medium Spender
C00077,Joshua Narayan,23,Male,Student,192326.0,9,468593.94,52065.99,62722.72,Medium Activity,Medium Spender
C00078,Ryan Bhatnagar,58,Female,Accountant,73545.0,6,377364.43,62894.07,63131.12,Low Activity,Low Spender
C00079,Chandresh Bir,63,Female,Doctor,89629.0,15,535745.11,35716.34,27467.28,Medium Activity,Medium Spender
C00080,Ayushman Sood,46,Male,Accountant,139858.0,13,808097.82,62161.37,68273.84,Medium Activity,High Spender
C00081,Girindra Atwal,41,Male,Software Engineer,140136.0,10,619982.86,61998.29,67812.46,Medium Activity,High Spender
C00082,Neelima Golla,60,Male,Teacher,160937.0,7,494393.08,70627.58,73177.46,Low Activity,Medium Spender
C00083,Ronith Lad,34,Female,Business Owner,111490.0,11,431743.64,39249.42,37115.31,Medium Activity,Medium Spender
C00084,Dayamai Sagar,25,Male,Government Employee,94707.0,11,660125.32,60011.39,72473.75,Medium Activity,High Spender
C00085,Vihaan Chander,31,Female,Farmer,99303.0,9,624097.34,69344.15,86395.96,Medium Activity,High Spender
C00086,Nisha Bal,60,Male,Farmer,98480.0,13,670546.77,51580.52,46368.91,Medium Activity,High Spender
C00087,Brijesh Mander,63,Male,Business Owner,89328.0,10,432847.21,43284.72,41579.18,Medium Activity,Medium Spender
C00088,Rachit Lalla,28,Male,Farmer,60749.0,11,596326.42,54211.49,57304.76,Medium Activity,High Spender
C00089,Yuvraj Chaudhuri,38,Female,Other,75215.0,6,369895.26,61649.21,64602.16,Low Activity,Low Spender
C00090,Farhan Bala,42,Male,Accountant,152489.0,7,419796.33,59970.9,63438.76,Low Activity,Medium Spender
C00091,Girik Mallick,52,Female,Software Engineer,44195.0,8,411751.23,51468.9,58397.16,Low Activity,Medium Spender
C00092,Chakradhar Nazareth,61,Female,Accountant,31557.0,9,417030.86,46336.76,58647.89,Medium Activity,Medium Spender
C00093,Yachana Warrior,21,Female,Business Owner,187015.0,15,753398.35,50226.56,54715.08,Medium Activity,High Spender
C00094,Hemang Singhal,37,Male,Sales Executive,164619.0,10,536601.85,53660.18,56768.5,Medium Activity,Medium Spender
C00095,Charles Sekhon,48,Male,Teacher,39724.0,7,271877.34,38839.62,44468.48,Low Activity,Low Spender
C00096,William Goel,65,Male,Farmer,29444.0,8,424314.61,53039.33,47389.59,Low Activity,Medium Spender
C00097,Tanish Mander,44,Male,Student,53409.0,15,731354.63,48756.98,47279.87,Medium Activity,High Spender
C00098,Anay Ramachandran,23,Female,Government Employee,30458.0,6,162248.13,27041.36,14570.13,Low Activity,Low Spender
C00099,Kiaan Patla,43,Male,Doctor,194832.0,7,193722.75,27674.68,13819.7,Low Activity,Low Spender
C00100,Chaaya Vala,27,Female,Farmer,126529.0,10,470805.99,47080.6,51282.93,Medium Activity,Medium Spender
C00101,Mohammed Munshi,60,Male,Doctor,62598.0,14,607278.54,43377.04,39917.15,Medium Activity,High Spender
C00102,Upasna Tiwari,32,Female,Software Engineer,67018.0,4,269420.15,67355.04,64839.25,Low Activity,Low Spender
C00103,Aachal Yogi,42,Female,Doctor,89941.0,11,472641.47,42967.41,41270.46,Medium Activity,Medium Spender
C00104,Ati Bhavsar,31,Male,Student,30151.0,12,600715.46,50059.62,54548.32,Medium Activity,High Spender
C00105,Osha Wali,51,Male,Doctor,140665.0,10,582977.96,58297.8,61456.15,Medium Activity,High Spender
C00106,Kritika Doshi,43,Female,Doctor,78438.0,6,284811.87,47468.64,37249.1,Low Activity,Low Spender
C00107,Oscar Yogi,22,Male,Student,106051.0,12,566795.22,47232.94,46126.67,Medium Activity,Medium Spender
C00108,Patrick Sule,38,Male,Accountant,112050.0,15,759101.28,50606.75,50814.85,Medium Activity,High Spender
C00109,Varenya Tailor,62,Female,Farmer,106808.0,10,441027.65,44102.76,39560.06,Medium Activity,Medium Spender
C00110,Max Butala,22,Male,Accountant,66810.0,7,269887.81,38555.4,24636.31,Low Activity,Low Spender
C00111,Nisha Khatri,58,Female,Software Engineer,48417.0,10,435439.35,43543.94,43102.64,Medium Activity,Medium Spender
C00112,Leena Cheema,59,Female,Government Employee,102228.0,6,376715.06,62785.84,83113.11,Low Activity,Low Spender
C00113,Barkha Bhat,48,Male,Student,171149.0,7,424431.3,60633.04,66422.84,Low Activity,Medium Spender
C00114,Vansha Badal,33,Female,Software Engineer,134309.0,9,511558.68,56839.85,55268.95,Medium Activity,Medium Spender
C00115,Falak Ahluwalia,21,Male,Government Employee,133062.0,14,742075.51,53005.39,58647.63,Medium Activity,High Spender
C00116,Wridesh Anand,25,Female,Other,102291.0,9,615980.23,68442.25,83175.52,Medium Activity,High Spender
C00117,Rajeshri Bhavsar,63,Male,Accountant,152939.0,14,845955.04,60425.36,58294.54,Medium Activity,High Spender
C00118,Nitara Singhal,40,Female,Government Employee,125486.0,10,471567.87,47156.79,42756.29,Medium Activity,Medium Spender
C00119,Noah Palla,65,Female,Farmer,53367.0,3,219929.66,73309.89,80534.13,Low Activity,Low Spender
C00120,Jeet Sarraf,33,Female,Student,197554.0,15,618705.38,41247.03,35866.72,Medium Activity,High Spender
C00121,Udant Dhawan,32,Female,Student,163638.0,7,279659.35,39951.34,36834.56,Low Activity,Low Spender
C00122,Yachana Aggarwal,21,Female,Accountant,75098.0,17,720754.32,42397.31,34081.51,High Activity,High Spender
C00123,Dhriti Wadhwa,48,Female,Sales Executive,135811.0,18,941729.56,52318.31,49779.46,High Activity,High Spender
C00124,Aahana Chhabra,49,Male,Farmer,144042.0,14,564525.24,40323.23,40325.51,Medium Activity,Medium Spender
C00125,Sanya Bhagat,31,Male,Accountant,155122.0,17,945624.84,55624.99,61510.4,High Activity,High Spender
C00126,Rushil Basak,63,Female,Teacher,81569.0,12,588289.95,49024.16,47139.04,Medium Activity,High Spender
C00127,Kiaan Raman,64,Female,Doctor,72200.0,11,576462.17,52405.65,46070.88,Medium Activity,High Spender
C00128,Ekansh Khosla,30,Male,Software Engineer,84184.0,9,455724.08,50636.01,47069.32,Medium Activity,Medium Spender
C00129,Anirudh Mander,51,Male,Sales Executive,128643.0,9,387150.71,43016.75,46077.97,Medium Activity,Low Spender
C00130,Agastya D’Alia,61,Male,Student,149598.0,12,465695.38,38807.95,32905.9,Medium Activity,Medium Spender
C00131,Deepa Prabhakar,46,Male,Business Owner,191981.0,12,724799.01,60399.92,72908.22,Medium Activity,High Spender
C00132,Ekalinga Guha,65,Male,Teacher,131449.0,8,324362.34,40545.29,35450.71,Low Activity,Low Spender
C00133,Zarna Palan,35,Male,Farmer,141778.0,9,505517.15,56168.57,74354.39,Medium Activity,Medium Spender
C00134,Neelima Sarna,24,Male,Teacher,139658.0,11,640304.03,58209.46,54464.15,Medium Activity,High Spender
C00135,Chavvi Chaudhry,29,Female,Farmer,166518.0,11,549819.78,49983.62,52502.79,Medium Activity,Medium Spender
C00136,Unni Badal,59,Female,Sales Executive,180603.0,7,319563.2,45651.89,46898.19,Low Activity,Low Spender
C00137,Aarush Joshi,53,Female,Farmer,136893.0,8,326581.0,40822.62,39211.54,Low Activity,Low Spender
C00138,Darpan Chaudhary,31,Female,Sales Executive,87945.0,6,283444.03,47240.67,45644.36,Low Activity,Low Spender
C00139,Zansi Kale,36,Female,Farmer,147034.0,11,506605.82,46055.07,52647.44,Medium Activity,Medium Spender
C00140,Nakul Tak,61,Male,Accountant,135309.0,7,361280.72,51611.53,53831.1,Low Activity,Low Spender
C00141,Anika Bajwa,25,Female,Doctor,91228.0,6,220241.17,36706.86,32175.18,Low Activity,Low Spender
C00142,Tamanna Handa,42,Female,Farmer,41122.0,8,551718.91,68964.86,72108.84,Low Activity,Medium Spender
C00143,Bimala Barad,29,Male,Doctor,120410.0,14,678486.87,48463.35,41817.82,Medium Activity,High Spender
C00144,Varsha Kalita,65,Male,Doctor,36837.0,8,443785.18,55473.15,63569.84,Low Activity,Medium Spender
C00145,Reva Kibe,47,Female,Government Employee,162242.0,8,469604.15,58700.52,64030.3,Low Activity,Medium Spender
C00146,Anya Sachdeva,50,Female,Software Engineer,74220.0,13,637889.33,49068.41,49696.94,Medium Activity,High Spender
C00147,Raksha Hora,47,Female,Other,25120.0,12,572169.46,47680.79,32844.47,Medium Activity,High Spender
C00148,Damyanti Sane,57,Female,Sales Executive,21545.0,9,408705.17,45411.69,34377.91,Medium Activity,Low Spender
C00149,Krish Sodhi,43,Female,Student,129843.0,12,709270.15,59105.85,62733.72,Medium Activity,High Spender
C00150,Imaran Chaudhary,55,Male,Sales Executive,77520.0,16,835828.08,52239.26,59128.67,High Activity,High Spender
C00151,Teerth Chahal,38,Female,Sales Executive,27608.0,5,281302.66,56260.53,61348.54,Low Activity,Low Spender
C00152,Frado Seth,45,Female,Student,63265.0,10,526577.58,52657.76,54073.94,Medium Activity,Medium Spender
C00153,Owen Palla,50,Male,Other,160017.0,8,265667.22,33208.4,32477.64,Low Activity,Low Spender
C00154,Nicholas Purohit,22,Female,Other,167951.0,9,436223.81,48469.31,46618.66,Medium Activity,Medium Spender
C00155,Osha Palan,63,Male,Teacher,188492.0,8,401006.52,50125.82,49954.2,Low Activity,Low Spender
C00156,Lekha Narayan,48,Male,Sales Executive,67639.0,10,490140.95,49014.1,57620.38,Medium Activity,Medium Spender
C00157,Meera Khosla,24,Female,Student,105813.0,10,538566.21,53856.62,57679.58,Medium Activity,Medium Spender
C00158,Michael Comar,34,Female,Government Employee,108473.0,10,467528.39,46752.84,50783.92,Medium Activity,Medium Spender
C00159,Urvi Menon,45,Female,Student,86131.0,11,564961.14,51360.1,47307.68,Medium Activity,Medium Spender
C00160,Hemangini Thakur,26,Female,Software Engineer,161405.0,4,273861.8,68465.45,83810.95,Low Activity,Low Spender
C00161,Manbir Borde,24,Female,Doctor,190431.0,11,609479.4,55407.22,61117.02,Medium Activity,High Spender
C00162,Charles Memon,25,Male,Software Engineer,84823.0,12,720773.21,60064.43,62313.89,Medium Activity,High Spender
C00163,Eshana Seshadri,33,Male,Other,59946.0,11,665291.14,60481.01,66214.97,Medium Activity,High Spender
C00164,George Sura,36,Male,Sales Executive,195494.0,8,497549.16,62193.64,69550.2,Low Activity,Medium Spender
C00165,Kai Basu,28,Male,Sales Executive,87172.0,8,347393.96,43424.24,35900.9,Low Activity,Low Spender
C00166,Urvashi Ahluwalia,44,Male,Other,179186.0,7,293036.71,41862.39,23529.3,Low Activity,Low Spender
C00167,Parth Yogi,28,Male,Accountant,48337.0,8,480154.43,60019.3,60413.24,Low Activity,Medium Spender
C00168,Aadi Kibe,58,Male,Accountant,170941.0,11,478138.25,43467.11,39413.24,Medium Activity,Medium Spender
C00169,Ladli Vaidya,64,Female,Student,71990.0,9,461145.82,51238.42,50183.92,Medium Activity,Medium Spender
C00170,Falak Kulkarni,25,Male,Teacher,99058.0,8,384295.89,48036.99,45121.96,Low Activity,Low Spender
C00171,Lila Nair,64,Male,Other,30766.0,11,495508.74,45046.25,50073.12,Medium Activity,Medium Spender
C00172,Triya Narang,43,Female,Government Employee,38076.0,15,653990.87,43599.39,38163.0,Medium Activity,High Spender
C00173,Ekansh Parekh,53,Female,Software Engineer,130115.0,10,439337.86,43933.79,48333.72,Medium Activity,Medium Spender
C00174,Ekaraj Hegde,52,Male,Student,114945.0,5,284824.8,56964.96,73808.56,Low Activity,Low Spender
C00175,Jasmit Kala,61,Female,Business Owner,134160.0,15,715429.34,47695.29,46008.96,Medium Activity,High Spender
C00176,Pratyush Madan,32,Female,Other,161078.0,11,562085.93,51098.72,46053.39,Medium Activity,Medium Spender
C00177,Ekapad Dubey,51,Female,Student,175313.0,11,498125.87,45284.17,49341.62,Medium Activity,Medium Spender
C00178,Siddharth Sule,38,Female,Doctor,42718.0,12,390012.84,32501.07,32664.92,Medium Activity,Low Spender
C00179,Anusha Mahal,38,Female,Doctor,141820.0,5,239726.82,47945.36,38053.36,Low Activity,Low Spender
C00180,Abdul Krish,57,Female,Government Employee,27523.0,4,163161.7,40790.43,37010.71,Low Activity,Low Spender
C00181,Vedant Nair,52,Female,Business Owner,147808.0,5,310163.74,62032.75,69057.5,Low Activity,Low Spender
C00182,Banjeet Savant,34,Female,Accountant,109217.0,11,588854.65,53532.24,52561.24,Medium Activity,High Spender
C00183,Vaishnavi Handa,38,Female,Farmer,22661.0,9,461566.63,51285.18,59897.06,Medium Activity,Medium Spender
C00184,Neha Rege,54,Male,Teacher,83270.0,11,568392.29,51672.03,51887.53,Medium Activity,Medium Spender
C00185,Fiyaz Hegde,47,Female,Farmer,82999.0,10,579058.81,57905.88,63911.78,Medium Activity,High Spender
C00186,Ranbir Nagi,65,Female,Sales Executive,137486.0,9,402899.3,44766.59,31294.94,Medium Activity,Low Spender
C00187,Tristan Mitra,22,Male,Accountant,78090.0,8,399754.67,49969.33,46965.34,Low Activity,Low Spender
C00188,Ishanvi Ghose,46,Male,Accountant,194053.0,12,532452.89,44371.07,46658.27,Medium Activity,Medium Spender
C00189,Samesh Ramachandran,58,Female,Sales Executive,165089.0,8,441640.15,55205.02,49120.41,Low Activity,Medium Spender
C00190,Amaira Baral,54,Female,Student,164281.0,11,593506.95,53955.18,59236.79,Medium Activity,High Spender
C00191,Suhani Varma,42,Female,Sales Executive,91019.0,15,909043.1,60602.87,70054.54,Medium Activity,High Spender
C00192,Harsh Gandhi,40,Female,Doctor,51629.0,9,504634.36,56070.48,57747.94,Medium Activity,Medium Spender
C00193,Gunbir Choudhury,33,Female,Teacher,160473.0,7,397343.28,56763.33,48846.42,Low Activity,Low Spender
C00194,Ishita Bath,65,Male,Doctor,76723.0,19,846296.83,44541.94,45314.25,High Activity,High Spender
C00195,Farhan Ahluwalia,51,Female,Other,157530.0,10,390504.8,39050.48,39324.74,Medium Activity,Low Spender
C00196,Abhimanyu Chaudhari,59,Female,Teacher,70886.0,10,655544.91,65554.49,76972.98,Medium Activity,High Spender
C00197,Bhavini Kala,39,Male,Government Employee,67039.0,6,319443.46,53240.58,54692.98,Low Activity,Low Spender
C00198,Hemang Sangha,40,Male,Farmer,53182.0,3,143339.01,47779.67,54443.74,Low Activity,Low Spender
C00199,Anvi Choudhury,38,Male,Software Engineer,165059.0,9,538975.53,59886.17,68038.77,Medium Activity,Medium Spender
C00200,Arya Kulkarni,39,Male,Sales Executive,46892.0,14,694177.68,49584.12,46636.06,Medium Activity,High Spender
C00201,Falguni Magar,21,Female,Sales Executive,145492.0,11,514909.16,46809.92,22290.45,Medium Activity,Medium Spender
C00202,Dev Prabhakar,49,Female,Business Owner,33468.0,2,85604.39,42802.2,42802.2,Low Activity,Low Spender
C00203,Leena Dutt,37,Female,Teacher,37129.0,5,75542.73,15108.55,7870.5,Low Activity,Low Spender
C00204,Yachana Devi,46,Female,Teacher,171262.0,8,394017.68,49252.21,50726.42,Low Activity,Low Spender
C00205,Ekansh Barad,61,Male,Business Owner,59111.0,6,274725.75,45787.62,38554.28,Low Activity,Low Spender
C00206,Guneet Sane,57,Female,Teacher,85061.0,11,487524.61,44320.42,39691.96,Medium Activity,Medium Spender
C00207,Pranit Srivastava,28,Female,Other,176271.0,9,426592.05,47399.12,55331.33,Medium Activity,Medium Spender
C00208,David Ramakrishnan,60,Male,Farmer,119713.0,16,891414.96,55713.44,54617.46,High Activity,High Spender
C00209,Mason Behl,49,Female,Accountant,174278.0,7,223205.59,31886.51,38631.18,Low Activity,Low Spender
C00210,Anthony Om,48,Female,Other,182798.0,9,521380.76,57931.2,76747.89,Medium Activity,Medium Spender
C00211,Yashoda Natt,24,Male,Doctor,183975.0,5,193237.63,38647.53,38846.87,Low Activity,Low Spender
C00212,Orinder Tiwari,34,Female,Teacher,61171.0,10,481417.15,48141.72,49749.28,Medium Activity,Medium Spender
C00213,Warhi Mitra,36,Male,Farmer,39677.0,5,281688.65,56337.73,86443.38,Low Activity,Low Spender
C00214,Chameli Modi,31,Male,Student,138096.0,9,569039.81,63226.65,62101.96,Medium Activity,High Spender
C00215,Upkaar Master,65,Female,Accountant,28556.0,5,327523.1,65504.62,85573.15,Low Activity,Low Spender
C00216,Laban Om,35,Female,Accountant,139021.0,13,672544.14,51734.16,47237.48,Medium Activity,High Spender
C00217,Deepa Dube,25,Male,Accountant,183855.0,5,174266.66,34853.33,35147.71,Low Activity,Low Spender
C00218,Krishna Tandon,58,Male,Student,50087.0,4,175535.24,43883.81,48302.4,Low Activity,Low Spender
C00219,Jeet Singhal,55,Male,Business Owner,89633.0,7,546796.03,78113.72,80061.08,Low Activity,Medium Spender
C00220,Chandresh Johal,30,Male,Software Engineer,63495.0,14,686395.59,49028.26,43304.46,Medium Activity,High Spender
C00221,Neha Golla,40,Female,Sales Executive,52598.0,11,513739.88,46703.63,45274.98,Medium Activity,Medium Spender
C00222,Atharv Anand,50,Female,Student,91367.0,7,337992.73,48284.68,52582.47,Low Activity,Low Spender
C00223,Nachiket Gola,53,Female,Sales Executive,41087.0,8,426567.01,53320.88,55496.67,Low Activity,Medium Spender
C00224,Sathvik Pandit,59,Male,Student,104494.0,9,408594.58,45399.4,43667.86,Medium Activity,Low Spender
C00225,Gaurangi Subramanian,59,Female,Software Engineer,43940.0,6,245470.17,40911.7,33227.52,Low Activity,Low Spender
C00226,Fitan Karpe,35,Male,Accountant,171059.0,6,375122.73,62520.45,65890.32,Low Activity,Low Spender
C00227,Mason Lad,23,Male,Sales Executive,156043.0,7,370851.45,52978.78,45456.64,Low Activity,Low Spender
C00228,Anthony Kala,62,Female,Accountant,67576.0,7,211802.22,30257.46,29930.94,Low Activity,Low Spender
C00229,Praneel Chokshi,58,Female,Sales Executive,43918.0,9,435661.38,48406.82,43108.76,Medium Activity,Medium Spender
C00230,Indali Prasad,51,Female,Student,107374.0,12,582319.46,48526.62,43924.24,Medium Activity,High Spender
C00231,Harinakshi Mammen,41,Male,Business Owner,106456.0,10,621136.61,62113.66,74982.84,Medium Activity,High Spender
C00232,Pavani Nazareth,47,Female,Accountant,193692.0,14,890885.61,63634.69,70787.84,Medium Activity,High Spender
C00233,Odika Dutta,46,Male,Sales Executive,43084.0,7,352481.85,50354.55,36515.12,Low Activity,Low Spender
C00234,Kiaan Tak,41,Female,Government Employee,50388.0,11,448892.12,40808.37,44661.46,Medium Activity,Medium Spender
C00235,Gavin Bassi,46,Male,Farmer,141104.0,12,447203.46,37266.96,26566.7,Medium Activity,Medium Spender
C00236,Vrinda Bhardwaj,47,Male,Doctor,155905.0,7,417241.77,59605.97,67766.6,Low Activity,Medium Spender
C00237,Jeremiah Acharya,44,Female,Sales Executive,33529.0,7,352945.43,50420.78,50576.32,Low Activity,Low Spender
C00238,William Ganguly,34,Female,Farmer,54344.0,11,519806.5,47255.14,46725.3,Medium Activity,Medium Spender
C00239,Anirudh Dewan,39,Female,Sales Executive,51831.0,8,496835.74,62104.47,77630.94,Low Activity,Medium Spender
C00240,Idika Krish,22,Male,Business Owner,101461.0,8,429034.0,53629.25,58575.02,Low Activity,Medium Spender
C00241,Lopa Dixit,56,Male,Farmer,126952.0,14,796328.66,56880.62,60986.8,Medium Activity,High Spender
C00242,Mohini Thakur,26,Male,Teacher,140965.0,7,464320.99,66331.57,56312.18,Low Activity,Medium Spender
C00243,Sanya Sampath,28,Male,Sales Executive,96509.0,7,286390.45,40912.92,30260.17,Low Activity,Low Spender
C00244,Frado Mall,53,Female,Student,146484.0,11,576231.06,52384.64,54753.02,Medium Activity,High Spender
C00245,Kashish Lall,51,Male,Sales Executive,164510.0,5,291945.68,58389.14,72522.36,Low Activity,Low Spender
C00246,Hritik Pradhan,30,Female,Doctor,177123.0,10,407228.0,40722.8,37837.48,Medium Activity,Low Spender
C00247,Aarna Loke,53,Male,Teacher,92416.0,8,296052.08,37006.51,29120.7,Low Activity,Low Spender
C00248,Chaman Iyengar,47,Female,Farmer,90037.0,5,171889.76,34377.95,29011.73,Low Activity,Low Spender
C00249,Laban Kale,21,Female,Accountant,173862.0,6,268725.54,44787.59,37583.6,Low Activity,Low Spender
C00250,Balveer Saxena,58,Female,Business Owner,137059.0,12,569674.85,47472.9,52026.52,Medium Activity,High Spender
C00251,Sai Desai,55,Female,Government Employee,107147.0,14,799283.46,57091.68,60298.26,Medium Activity,High Spender
C00252,Rohan Sawhney,56,Female,Sales Executive,104352.0,16,683608.03,42725.5,40551.72,High Activity,High Spender
C00253,Nachiket Murthy,33,Male,Other,120393.0,6,250634.44,41772.41,38581.6,Low Activity,Low Spender
C00254,Zayan Majumdar,35,Female,Software Engineer,103408.0,17,881946.49,51879.21,53140.0,High Activity,High Spender
C00255,Gunbir Nagar,51,Female,Student,193982.0,7,392503.28,56071.9,75264.11,Low Activity,Low Spender
C00256,Amaira Saha,62,Male,Sales Executive,29704.0,8,370330.77,46291.35,54406.96,Low Activity,Low Spender
C00257,Qushi Sahni,29,Female,Teacher,135423.0,6,228639.3,38106.55,40433.94,Low Activity,Low Spender
C00258,Deepa Ramaswamy,27,Female,Software Engineer,57789.0,12,447179.08,37264.92,30188.88,Medium Activity,Medium Spender
C00259,Eesha Chakrabarti,47,Male,Teacher,143074.0,12,460596.49,38383.04,34676.54,Medium Activity,Medium Spender
C00260,Anirudh Dewan,37,Female,Other,124197.0,16,689220.09,43076.26,40229.74,High Activity,High Spender
C00261,Avi Kala,62,Male,Government Employee,196778.0,5,183712.92,36742.58,37058.07,Low Activity,Low Spender
C00262,Edhitha Dar,55,Female,Government Employee,184311.0,15,684615.54,45641.04,35585.78,Medium Activity,High Spender
C00263,Chanakya Buch,52,Male,Other,37936.0,12,726123.11,60510.26,66594.6,Medium Activity,High Spender
C00264,Anthony Garg,36,Female,Doctor,43692.0,10,405163.64,40516.36,42014.79,Medium Activity,Low Spender
C00265,Simon Khatri,48,Male,Teacher,136307.0,14,696902.48,49778.75,54553.48,Medium Activity,High Spender
C00266,Jack Thakkar,31,Female,Software Engineer,32056.0,12,645893.24,53824.44,55328.24,Medium Activity,High Spender
C00267,Ekta Deo,41,Male,Accountant,113969.0,9,420096.83,46677.43,38511.89,Medium Activity,Medium Spender
C00268,Ekalinga Chatterjee,44,Female,Business Owner,84014.0,13,560258.15,43096.78,41989.41,Medium Activity,Medium Spender
C00269,Tanmayi Kapoor,54,Female,Other,198729.0,17,777034.45,45707.91,41055.93,High Activity,High Spender
C00270,Yatan Acharya,32,Male,Business Owner,40701.0,11,525908.83,47809.89,46284.66,Medium Activity,Medium Spender
C00271,Onveer Shetty,60,Female,Other,199079.0,10,603258.02,60325.8,60088.54,Medium Activity,High Spender
C00272,Triveni Rajan,36,Female,Other,57517.0,11,459915.16,41810.47,44146.88,Medium Activity,Medium Spender
C00273,Januja Venkatesh,35,Female,Accountant,140473.0,12,672507.01,56042.25,53888.79,Medium Activity,High Spender
C00274,Sachi Prabhu,37,Male,Sales Executive,95400.0,6,243443.61,40573.94,45777.79,Low Activity,Low Spender
C00275,Ranveer Sha,64,Male,Teacher,135796.0,15,679445.42,45296.36,34014.34,Medium Activity,High Spender
C00276,Aarav Panchal,43,Female,Student,85561.0,16,808081.51,50505.09,55442.16,High Activity,High Spender
C00277,Daniel Varma,50,Female,Doctor,120845.0,5,327591.37,65518.27,82762.02,Low Activity,Low Spender
C00278,Umang Toor,51,Male,Doctor,119972.0,10,481278.82,48127.88,40201.98,Medium Activity,Medium Spender
C00279,Ayush Bhagat,57,Female,Other,97561.0,10,446089.96,44609.0,39726.44,Medium Activity,Medium Spender
C00280,Sathvik Bhatti,65,Female,Software Engineer,192550.0,11,554191.57,50381.05,44514.47,Medium Activity,Medium Spender
C00281,Girik Walia,46,Female,Software Engineer,168354.0,17,865093.06,50887.83,52933.97,High Activity,High Spender
C00282,Elijah Rout,64,Male,Other,150214.0,6,264501.26,44083.54,41059.15,Low Activity,Low Spender
C00283,Warjas Chacko,39,Male,Other,112358.0,7,352912.32,50416.05,60816.09,Low Activity,Low Spender
C00284,Balveer Hans,35,Male,Other,85700.0,11,745499.98,67772.73,62641.72,Medium Activity,High Spender
C00285,Balveer Dutta,64,Male,Teacher,184484.0,12,522893.9,43574.49,38979.06,Medium Activity,Medium Spender
C00286,Aishani Madan,62,Male,Accountant,135559.0,8,498169.33,62271.17,69046.8,Low Activity,Medium Spender
C00287,Avi Prashad,23,Female,Business Owner,43627.0,10,475342.43,47534.24,46770.6,Medium Activity,Medium Spender
C00288,Aditya Pandit,39,Female,Student,66042.0,9,516640.98,57404.55,62036.82,Medium Activity,Medium Spender
C00289,Xiti Sanghvi,33,Male,Farmer,115907.0,13,713636.83,54895.14,58756.78,Medium Activity,High Spender
C00290,Zehaan Rattan,54,Female,Business Owner,87363.0,3,35268.47,11756.16,12466.24,Low Activity,Low Spender
C00291,Abhimanyu Suri,51,Female,Government Employee,50191.0,10,564128.88,56412.89,49432.62,Medium Activity,Medium Spender
C00292,Yutika Sarraf,50,Male,Business Owner,79143.0,13,725423.05,55801.77,61274.07,Medium Activity,High Spender
C00293,Arin Anand,64,Female,Farmer,115885.0,9,453322.29,50369.14,50920.62,Medium Activity,Medium Spender
C00294,Gayathri Rau,26,Female,Software Engineer,89326.0,9,345419.47,38379.94,29128.36,Medium Activity,Low Spender
C00295,Harshil Prashad,55,Male,Sales Executive,116622.0,8,527312.43,65914.05,72920.71,Low Activity,Medium Spender
C00296,Chakrika Rastogi,64,Female,Other,119883.0,5,250546.42,50109.28,49976.35,Low Activity,Low Spender
C00297,Yashoda Bhattacharyya,61,Female,Teacher,196904.0,8,437871.69,54733.96,57403.0,Low Activity,Medium Spender
C00298,Ekbal Narayanan,35,Female,Software Engineer,182410.0,13,471428.71,36263.75,42747.74,Medium Activity,Medium Spender
C00299,Nikita Kari,56,Female,Other,78030.0,11,734471.73,66770.16,75432.42,Medium Activity,High Spender
C00300,Hemang Pandya,62,Male,Sales Executive,99217.0,12,625439.16,52119.93,58417.5,Medium Activity,High Spender
C00301,Diya Atwal,62,Female,Teacher,56641.0,5,216228.22,43245.64,36741.59,Low Activity,Low Spender
C00302,Ekbal Morar,23,Male,Accountant,149138.0,10,441172.96,44117.3,51722.78,Medium Activity,Medium Spender
C00303,Yuvraj Basak,28,Male,Doctor,160914.0,13,646755.38,49750.41,43409.92,Medium Activity,High Spender
C00304,Zayyan Manne,29,Female,Sales Executive,117258.0,10,676679.85,67667.98,74980.2,Medium Activity,High Spender
C00305,Zilmil Tara,63,Female,Other,60507.0,9,406257.44,45139.72,46560.11,Medium Activity,Low Spender
C00306,Megha Kamdar,47,Male,Sales Executive,181389.0,17,928856.04,54638.59,57096.95,High Activity,High Spender
C00307,Upadhriti Bawa,47,Female,Software Engineer,117132.0,9,438147.51,48683.06,53023.12,Medium Activity,Medium Spender
C00308,Hredhaan Soman,34,Female,Sales Executive,81895.0,9,312809.35,34756.59,15466.37,Medium Activity,Low Spender
C00309,Ekanta Sachdeva,44,Male,Government Employee,162728.0,9,514757.98,57195.33,70305.28,Medium Activity,Medium Spender
C00310,Sai Nanda,62,Female,Software Engineer,124369.0,10,476494.66,47649.47,44380.96,Medium Activity,Medium Spender
C00311,Ekapad Sawhney,38,Male,Teacher,139201.0,7,307639.58,43948.51,37361.58,Low Activity,Low Spender
C00312,Wishi Sachdev,26,Male,Other,25598.0,15,606198.16,40413.21,31148.12,Medium Activity,High Spender
C00313,Chaaya Nadig,24,Female,Doctor,53010.0,9,292730.78,32525.64,37994.04,Medium Activity,Low Spender
C00314,Owen Nori,57,Male,Teacher,165282.0,8,605108.98,75638.62,79067.76,Low Activity,High Spender
C00315,Advika Korpal,34,Male,Doctor,106129.0,10,396347.3,39634.73,16384.36,Medium Activity,Low Spender
C00316,Xiti Buch,30,Male,Accountant,57929.0,15,772066.4,51471.09,50852.53,Medium Activity,High Spender
C00317,Falan Dugal,29,Female,Business Owner,48816.0,10,451918.87,45191.89,36458.58,Medium Activity,Medium Spender
C00318,Falak Khanna,63,Male,Business Owner,23895.0,14,737425.37,52673.24,52381.82,Medium Activity,High Spender
C00319,Vrinda Cheema,43,Male,Other,104874.0,5,204492.12,40898.42,41498.82,Low Activity,Low Spender
C00320,Akshay Ramaswamy,22,Male,Accountant,33736.0,9,463266.33,51474.04,53570.2,Medium Activity,Medium Spender
C00321,Vasudha Sha,29,Female,Farmer,49792.0,7,255591.6,36513.09,31391.35,Low Activity,Low Spender
C00322,Charan Batta,25,Female,Sales Executive,114906.0,3,176493.44,58831.15,64223.63,Low Activity,Low Spender
C00323,Geetika Ganguly,53,Male,Sales Executive,152078.0,14,670955.38,47925.38,51357.0,Medium Activity,High Spender
C00324,Vidhi Chada,35,Male,Farmer,99070.0,7,534451.33,76350.19,90566.56,Low Activity,Medium Spender
C00325,Dalbir Vasa,50,Male,Software Engineer,145562.0,12,552639.89,46053.32,50149.22,Medium Activity,Medium Spender
C00326,Amruta Sanghvi,46,Female,Teacher,148521.0,9,566604.84,62956.09,69249.19,Medium Activity,Medium Spender
C00327,Gautam Kuruvilla,49,Male,Teacher,104439.0,12,458458.88,38204.91,28137.4,Medium Activity,Medium Spender
C00328,Ijaya Mahal,59,Male,Teacher,53080.0,15,794494.44,52966.3,54457.19,Medium Activity,High Spender
C00329,Yagnesh Bail,38,Female,Student,176602.0,15,750855.73,50057.05,55370.66,Medium Activity,High Spender
C00330,Hema Devan,54,Female,Sales Executive,152527.0,11,519498.34,47227.12,47845.44,Medium Activity,Medium Spender
C00331,Megha Mohanty,59,Female,Teacher,49992.0,8,302129.85,37766.23,32827.6,Low Activity,Low Spender
C00332,Chaman Sengupta,62,Male,Student,138372.0,6,320073.38,53345.56,63002.49,Low Activity,Low Spender
C00333,Ladli Natarajan,35,Female,Government Employee,138882.0,12,758098.75,63174.9,56029.5,Medium Activity,High Spender
C00334,Devansh Sidhu,46,Female,Teacher,101932.0,10,433019.56,43301.96,36069.98,Medium Activity,Medium Spender
C00335,Tara Venkatesh,48,Female,Accountant,118120.0,9,563580.15,62620.02,72529.49,Medium Activity,Medium Spender
C00336,Abhimanyu Wali,30,Female,Teacher,43914.0,10,533292.68,53329.27,61377.0,Medium Activity,Medium Spender
C00337,Harrison Master,26,Male,Student,45313.0,9,352436.3,39159.59,24737.37,Medium Activity,Low Spender
C00338,Ganga Bhargava,44,Male,Farmer,35723.0,11,559747.16,50886.11,54500.07,Medium Activity,Medium Spender
C00339,Aditya Dubey,58,Female,Teacher,127691.0,11,546165.21,49651.38,40497.49,Medium Activity,Medium Spender
C00340,Isaac Johal,43,Female,Software Engineer,95400.0,9,456206.22,50689.58,62949.15,Medium Activity,Medium Spender
C00341,Lekha Dash,59,Female,Government Employee,47158.0,8,376745.3,47093.16,50948.98,Low Activity,Low Spender
C00342,Januja Bora,57,Male,Business Owner,192159.0,9,430108.73,47789.86,49710.18,Medium Activity,Medium Spender
C00343,Neha Kamdar,51,Male,Teacher,111780.0,10,523317.55,52331.76,61143.3,Medium Activity,Medium Spender
C00344,Yashica Bahl,56,Female,Teacher,93024.0,8,393731.27,49216.41,59305.01,Low Activity,Low Spender
C00345,Tanmayi Bava,57,Male,Student,167053.0,11,738331.43,67121.04,72621.7,Medium Activity,High Spender
C00346,Vihaan Jha,60,Male,Other,192446.0,8,308741.68,38592.71,38236.7,Low Activity,Low Spender
C00347,Dev Narang,65,Female,Software Engineer,67294.0,7,297828.76,42546.97,33813.19,Low Activity,Low Spender
C00348,Divya Bhargava,38,Female,Government Employee,112018.0,7,362585.93,51797.99,55326.34,Low Activity,Low Spender
C00349,Pushti Swamy,21,Male,Business Owner,168457.0,6,325574.95,54262.49,53757.45,Low Activity,Low Spender
C00350,Faris Anne,63,Female,Teacher,57191.0,11,407545.25,37049.57,25223.95,Medium Activity,Low Spender
C00351,Ekanta Panchal,61,Male,Teacher,159062.0,4,135224.5,33806.12,32334.36,Low Activity,Low Spender
C00352,Caleb Dhaliwal,34,Female,Student,138920.0,5,216305.36,43261.07,30640.95,Low Activity,Low Spender
C00353,Isha Keer,42,Male,Government Employee,101693.0,7,329888.46,47126.92,56294.63,Low Activity,Low Spender
C00354,Pushti Date,41,Male,Software Engineer,60784.0,12,693220.99,57768.42,72884.3,Medium Activity,High Spender
C00355,Caleb Padmanabhan,31,Male,Teacher,91330.0,9,514775.97,57197.33,71440.12,Medium Activity,Medium Spender
C00356,Bina Tara,49,Female,Sales Executive,179141.0,9,489803.6,54422.62,47001.71,Medium Activity,Medium Spender
C00357,Yasti Wali,49,Female,Accountant,76510.0,7,234085.44,33440.78,29103.51,Low Activity,Low Spender
C00358,Niharika Sidhu,53,Male,Government Employee,132699.0,10,566265.3,56626.53,66367.41,Medium Activity,Medium Spender
C00359,Veda Sanghvi,28,Female,Other,147567.0,11,567961.89,51632.9,48884.28,Medium Activity,Medium Spender
C00360,Hiral Loyal,54,Female,Software Engineer,77807.0,14,624670.04,44619.29,40945.25,Medium Activity,High Spender
C00361,Kritika Gala,46,Male,Software Engineer,73588.0,9,473499.97,52611.11,55479.96,Medium Activity,Medium Spender
C00362,David Patil,40,Male,Business Owner,86982.0,10,488009.37,48800.94,44505.73,Medium Activity,Medium Spender
C00363,Ekalinga Ghosh,39,Female,Teacher,22026.0,10,484608.89,48460.89,45063.14,Medium Activity,Medium Spender
C00364,Arjun Brar,52,Female,Business Owner,53865.0,10,353413.69,35341.37,28344.52,Medium Activity,Low Spender
C00365,Xavier Mistry,45,Male,Farmer,166466.0,12,616790.49,51399.21,45728.31,Medium Activity,High Spender
C00366,Orinder Soman,63,Female,Teacher,124089.0,12,615561.77,51296.81,56759.48,Medium Activity,High Spender
C00367,Prisha Ramachandran,23,Female,Software Engineer,140521.0,11,654929.45,59539.04,62005.05,Medium Activity,High Spender
C00368,Jyoti Natt,25,Female,Other,132534.0,10,581441.29,58144.13,61018.52,Medium Activity,High Spender
C00369,Tanish Bath,57,Female,Student,95894.0,7,403555.42,57650.77,42404.02,Low Activity,Low Spender
C00370,Kabir Bail,28,Female,Software Engineer,105136.0,6,184821.38,30803.56,31727.09,Low Activity,Low Spender
C00371,Eshana Raja,31,Female,Government Employee,43102.0,10,301749.21,30174.92,24758.45,Medium Activity,Low Spender
C00372,Finn Bandi,48,Male,Doctor,134209.0,12,461360.96,38446.75,34782.87,Medium Activity,Medium Spender
C00373,Abha Rajagopal,58,Female,Farmer,40616.0,7,342839.56,48977.08,42880.72,Low Activity,Low Spender
C00374,Wyatt Ghosh,46,Female,Government Employee,78083.0,10,468329.63,46832.96,50065.67,Medium Activity,Medium Spender
C00375,Harini Wagle,42,Male,Teacher,153820.0,10,616055.12,61605.51,58795.74,Medium Activity,High Spender
C00376,Kashvi Ahluwalia,61,Male,Farmer,153680.0,4,245883.64,61470.91,64059.58,Low Activity,Low Spender
C00377,Ayaan Gopal,33,Female,Government Employee,189199.0,7,148709.74,21244.25,19936.31,Low Activity,Low Spender
C00378,Gaurika Seshadri,30,Male,Teacher,58389.0,9,504379.55,56042.17,67581.09,Medium Activity,Medium Spender
C00379,Yachana Peri,37,Male,Business Owner,177915.0,13,552759.3,42519.95,37419.47,Medium Activity,Medium Spender
C00380,Aarav Gulati,30,Male,Business Owner,184613.0,10,481698.81,48169.88,55933.96,Medium Activity,Medium Spender
C00381,Netra Mann,52,Female,Other,171904.0,16,829202.8,51825.18,47464.52,High Activity,High Spender
C00382,Chakrika Vyas,49,Female,Government Employee,59572.0,13,660680.5,50821.58,42649.06,Medium Activity,High Spender
C00383,Qabil Issac,49,Male,Sales Executive,135922.0,14,937883.59,66991.68,80851.11,Medium Activity,High Spender
C00384,Darika Kata,61,Female,Accountant,175037.0,10,524265.4,52426.54,50149.38,Medium Activity,Medium Spender
C00385,Watika Chaudhuri,24,Female,Farmer,39448.0,12,863574.07,71964.51,79357.05,Medium Activity,High Spender
C00386,Kamala Dass,40,Female,Sales Executive,29858.0,6,320004.02,53334.0,49553.32,Low Activity,Low Spender
C00387,Janya Dugal,24,Female,Accountant,40114.0,14,501661.59,35832.97,30016.66,Medium Activity,Medium Spender
C00388,Rajata Modi,62,Male,Other,175734.0,14,691138.81,49367.06,54701.58,Medium Activity,High Spender
C00389,Nilima Prashad,53,Female,Sales Executive,172129.0,8,531332.27,66416.53,63275.66,Low Activity,Medium Spender
C00390,Lavanya Saraf,56,Male,Sales Executive,169856.0,20,838714.99,41935.75,38513.7,High Activity,High Spender
C00391,Leena Dugar,62,Male,Government Employee,178598.0,3,41789.48,13929.83,19479.05,Low Activity,Low Spender
C00392,Yochana Sandal,51,Male,Software Engineer,138101.0,8,294690.32,36836.29,30761.56,Low Activity,Low Spender
C00393,Tanish Nagi,27,Female,Teacher,152264.0,6,289900.92,48316.82,50148.74,Low Activity,Low Spender
C00394,Faras Rajagopal,62,Male,Software Engineer,84944.0,8,448048.41,56006.05,59710.27,Low Activity,Medium Spender
C00395,Omkaar Samra,49,Female,Farmer,157035.0,8,423958.38,52994.8,56507.62,Low Activity,Medium Spender
C00396,Idika Pathak,60,Male,Government Employee,117740.0,3,78215.51,26071.84,10366.63,Low Activity,Low Spender
C00397,Yasti Keer,39,Female,Student,108700.0,6,281306.49,46884.42,52947.59,Low Activity,Low Spender
C00398,Osha Thakkar,64,Male,Government Employee,37278.0,9,386107.46,42900.83,40407.12,Medium Activity,Low Spender
C00399,Zehaan Zacharia,42,Male,Farmer,197833.0,7,299279.31,42754.19,40228.49,Low Activity,Low Spender
C00400,Jagvi Setty,45,Female,Accountant,192114.0,9,325541.17,36171.24,24456.72,Medium Activity,Low Spender
C00401,Amruta Choudhry,59,Male,Government Employee,41365.0,9,338953.34,37661.48,33106.76,Medium Activity,Low Spender
C00402,Luke Varkey,58,Male,Government Employee,101325.0,12,711969.23,59330.77,62447.09,Medium Activity,High Spender
C00403,Sara Sundaram,62,Female,Business Owner,175986.0,14,780420.28,55744.31,60811.86,Medium Activity,High Spender
C00404,Upadhriti Bal,26,Female,Farmer,118744.0,11,578159.85,52559.99,68933.59,Medium Activity,High Spender
C00405,Pahal Mani,62,Female,Business Owner,195666.0,10,381183.39,38118.34,30603.34,Medium Activity,Low Spender
C00406,Aarna Trivedi,65,Male,Student,153297.0,10,573987.65,57398.76,58345.59,Medium Activity,High Spender
C00407,Hemal Sankaran,44,Male,Government Employee,100967.0,5,268165.62,53633.12,59682.62,Low Activity,Low Spender
C00408,Indira Dara,32,Male,Government Employee,147473.0,13,559553.36,43042.57,38806.41,Medium Activity,Medium Spender
C00409,Oni Dugar,33,Male,Business Owner,60617.0,7,421133.63,60161.95,70737.91,Low Activity,Medium Spender
C00410,Darika Bhalla,25,Female,Teacher,153087.0,11,486583.35,44234.85,46163.89,Medium Activity,Medium Spender
C00411,Tanvi Roy,55,Male,Government Employee,182013.0,7,310818.98,44402.71,38653.79,Low Activity,Low Spender
C00412,Nathan Swaminathan,29,Female,Business Owner,62532.0,13,629626.53,48432.81,44930.85,Medium Activity,High Spender
C00413,Bakhshi Prakash,32,Male,Sales Executive,31453.0,13,699757.4,53827.49,60532.59,Medium Activity,High Spender
C00414,Anika Korpal,47,Female,Doctor,136444.0,9,425762.7,47306.97,54303.45,Medium Activity,Medium Spender
C00415,Pratyush Om,60,Female,Sales Executive,81342.0,11,471326.88,42847.9,40419.54,Medium Activity,Medium Spender
C00416,Kavya Raju,55,Male,Accountant,142949.0,13,533463.69,41035.67,32899.13,Medium Activity,Medium Spender
C00417,Ekani Saran,33,Female,Other,135499.0,9,319867.17,35540.8,24559.0,Medium Activity,Low Spender
C00418,Raghav Soman,50,Female,Student,151833.0,14,764229.31,54587.81,62614.92,Medium Activity,High Spender
C00419,Januja Sane,54,Female,Business Owner,72349.0,9,523678.04,58186.45,71944.15,Medium Activity,Medium Spender
C00420,Brijesh Murty,59,Male,Accountant,33678.0,11,368147.84,33467.99,35387.84,Medium Activity,Low Spender
C00421,Alexander Char,62,Female,Government Employee,165369.0,9,483172.54,53685.84,56379.04,Medium Activity,Medium Spender
C00422,Gauri Chaudhuri,27,Male,Accountant,41987.0,13,463873.8,35682.6,33434.16,Medium Activity,Medium Spender
C00423,Vyanjana Koshy,31,Female,Sales Executive,154572.0,13,627386.39,48260.49,50929.67,Medium Activity,High Spender
C00424,Wahab Narula,30,Female,Teacher,78205.0,11,544720.92,49520.08,36598.88,Medium Activity,Medium Spender
C00425,Kiaan Nori,49,Female,Software Engineer,128762.0,7,420922.88,60131.84,61463.14,Low Activity,Medium Spender
C00426,Ojas Bedi,24,Female,Farmer,118031.0,8,508457.8,63557.22,72389.85,Low Activity,Medium Spender
C00427,Inaya Badami,36,Female,Teacher,118281.0,9,418371.7,46485.74,45601.8,Medium Activity,Medium Spender
C00428,Pavani Deol,35,Male,Government Employee,45974.0,12,374467.47,31205.62,35095.4,Medium Activity,Low Spender
C00429,Edhitha Jayaraman,62,Female,Business Owner,56070.0,12,645831.36,53819.28,53925.59,Medium Activity,High Spender
C00430,Eiravati Bhalla,23,Female,Sales Executive,56383.0,10,514144.84,51414.48,46165.84,Medium Activity,Medium Spender
C00431,Samarth Wable,51,Female,Other,21376.0,8,384849.37,48106.17,46766.7,Low Activity,Low Spender
C00432,Pooja Khurana,26,Male,Accountant,76532.0,13,689516.92,53039.76,51652.6,Medium Activity,High Spender
C00433,Balveer Choudhury,30,Female,Teacher,95524.0,9,598037.46,66448.61,75543.56,Medium Activity,High Spender
C00434,Saksham Barman,36,Female,Teacher,32517.0,5,364941.51,72988.3,86357.76,Low Activity,Low Spender
C00435,Raghav Seth,36,Female,Other,139829.0,11,648665.64,58969.6,57056.43,Medium Activity,High Spender
C00436,Wishi Sachar,25,Male,Sales Executive,176431.0,8,523078.5,65384.81,67714.03,Low Activity,Medium Spender
C00437,Jeevika Kohli,55,Male,Farmer,170745.0,7,370429.02,52918.43,44568.57,Low Activity,Low Spender
C00438,Chatura Tella,36,Male,Accountant,132522.0,8,363439.45,45429.93,44785.96,Low Activity,Low Spender
C00439,Ganga Agarwal,21,Female,Doctor,169596.0,14,633282.28,45234.45,44817.96,Medium Activity,High Spender
C00440,Krish Thaker,47,Male,Teacher,157228.0,11,514491.7,46771.97,58192.36,Medium Activity,Medium Spender
C00441,Adweta Sankar,44,Male,Farmer,162627.0,10,497059.97,49706.0,52954.49,Medium Activity,Medium Spender
C00442,Logan Varkey,53,Male,Student,143243.0,13,874882.77,67298.67,59394.87,Medium Activity,High Spender
C00443,Teerth Subramanian,23,Female,Government Employee,86492.0,9,468655.82,52072.87,52961.19,Medium Activity,Medium Spender
C00444,Dhruv Krishna,22,Female,Teacher,110387.0,8,524191.69,65523.96,63747.02,Low Activity,Medium Spender
C00445,Dipta Reddy,36,Male,Other,107167.0,12,460028.21,38335.68,31378.41,Medium Activity,Medium Spender
C00446,Vidhi Comar,29,Male,Government Employee,163134.0,12,492750.78,41062.56,31445.01,Medium Activity,Medium Spender
C00447,Mekhala Mishra,42,Male,Sales Executive,145444.0,6,277744.17,46290.7,55472.09,Low Activity,Low Spender
C00448,Theodore Dada,61,Male,Business Owner,36541.0,10,433958.84,43395.88,48332.92,Medium Activity,Medium Spender
C00449,Arjun Vohra,50,Male,Accountant,72845.0,14,692109.13,49436.37,50352.59,Medium Activity,High Spender
C00450,Ekani Gandhi,23,Male,Software Engineer,102731.0,14,634366.98,45311.93,48132.26,Medium Activity,High Spender
C00451,Zayan Sehgal,40,Female,Farmer,144098.0,7,267797.48,38256.78,27859.48,Low Activity,Low Spender
C00452,Krish Sehgal,37,Male,Doctor,95002.0,14,733128.11,52366.29,59058.38,Medium Activity,High Spender
C00453,Rudra Cheema,43,Male,Government Employee,91622.0,8,480390.83,60048.85,68760.06,Low Activity,Medium Spender
C00454,Oscar Kota,28,Female,Student,124863.0,12,789310.48,65775.87,68394.3,Medium Activity,High Spender
C00455,Megha Sankaran,49,Female,Government Employee,68973.0,7,310551.59,44364.51,26752.95,Low Activity,Low Spender
C00456,Urishilla Dalal,52,Female,Government Employee,156125.0,14,524830.38,37487.88,35676.61,Medium Activity,Medium Spender
C00457,Unnati Grover,38,Male,Student,40690.0,11,628341.39,57121.94,73121.79,Medium Activity,High Spender
C00458,Jagvi Parikh,48,Male,Farmer,97009.0,6,381055.6,63509.27,63642.04,Low Activity,Low Spender
C00459,Gaurika Pall,41,Male,Teacher,105962.0,14,675397.21,48242.66,57369.13,Medium Activity,High Spender
C00460,Ucchal Lall,63,Female,Accountant,136894.0,7,344514.46,49216.35,40377.4,Low Activity,Low Spender
C00461,Ekaraj Chander,59,Female,Business Owner,136367.0,7,439070.92,62724.42,65862.87,Low Activity,Medium Spender
C00462,Faqid Agarwal,43,Female,Software Engineer,112421.0,10,472176.52,47217.65,38168.51,Medium Activity,Medium Spender
C00463,Frederick Sathe,60,Female,Accountant,187633.0,12,511389.56,42615.8,34391.01,Medium Activity,Medium Spender
C00464,Indali Kaur,24,Male,Student,115239.0,11,374644.95,34058.63,20236.88,Medium Activity,Low Spender
C00465,Janya Malhotra,53,Male,Software Engineer,57428.0,6,368522.66,61420.44,59371.17,Low Activity,Low Spender
C00466,Noah Sur,59,Female,Software Engineer,53090.0,9,443635.41,49292.82,47322.78,Medium Activity,Medium Spender
C00467,Ikbal Kanda,25,Male,Government Employee,114935.0,10,344188.07,34418.81,32478.2,Medium Activity,Low Spender
C00468,Hemani Dar,45,Male,Other,60222.0,15,868187.02,57879.13,68110.45,Medium Activity,High Spender
C00469,Logan Magar,64,Female,Government Employee,117521.0,10,599038.17,59903.82,73252.79,Medium Activity,High Spender
C00470,Gayathri Ray,49,Male,Other,56095.0,6,326212.5,54368.75,54198.3,Low Activity,Low Spender
C00471,Pranav Vig,54,Female,Student,102414.0,13,615953.53,47381.04,41148.18,Medium Activity,High Spender
C00472,Brinda Taneja,62,Female,Doctor,49739.0,13,582854.53,44834.96,42969.51,Medium Activity,High Spender
C00473,David Sama,22,Male,Sales Executive,155723.0,11,605490.34,55044.58,55077.78,Medium Activity,High Spender
C00474,Vincent Wali,45,Male,Accountant,88233.0,13,600846.82,46218.99,41511.89,Medium Activity,High Spender
C00475,Zansi Sarma,49,Male,Other,94862.0,10,471336.96,47133.7,41107.08,Medium Activity,Medium Spender
C00476,Triya Misra,65,Female,Doctor,52148.0,8,384037.89,48004.74,42740.3,Low Activity,Low Spender
C00477,Charvi Bail,29,Male,Sales Executive,65260.0,13,731420.37,56263.11,55227.85,Medium Activity,High Spender
C00478,Victor Badal,49,Male,Government Employee,195070.0,7,400531.87,57218.84,64333.15,Low Activity,Low Spender
C00479,Gunbir Zacharia,43,Male,Farmer,162126.0,6,410945.43,68490.9,77068.6,Low Activity,Medium Spender
C00480,Dakshesh Kota,39,Female,Business Owner,187169.0,7,211480.27,30211.47,21138.24,Low Activity,Low Spender
C00481,Lopa Keer,32,Female,Farmer,78783.0,6,350177.15,58362.86,58052.92,Low Activity,Low Spender
C00482,Yagnesh Kari,28,Male,Business Owner,82058.0,13,742799.78,57138.44,59143.95,Medium Activity,High Spender
C00483,Girindra Puri,52,Male,Government Employee,165233.0,13,778887.3,59914.41,64011.01,Medium Activity,High Spender
C00484,Bina Radhakrishnan,57,Female,Sales Executive,164610.0,6,236983.99,39497.33,36811.03,Low Activity,Low Spender
C00485,Naksh Nagar,29,Male,Teacher,101078.0,8,516333.02,64541.63,64015.54,Low Activity,Medium Spender
C00486,Michael Dubey,46,Female,Farmer,127687.0,8,313281.52,39160.19,42154.38,Low Activity,Low Spender
C00487,Viraj Kamdar,47,Male,Business Owner,103106.0,8,633227.37,79153.42,87252.26,Low Activity,High Spender
C00488,Anamika Lanka,62,Male,Sales Executive,142115.0,11,526535.31,47866.85,43450.55,Medium Activity,Medium Spender
C00489,Chakradev Bhandari,64,Female,Business Owner,164520.0,6,250589.66,41764.94,45237.4,Low Activity,Low Spender
C00490,Mohammed Grover,61,Male,Business Owner,133408.0,9,363554.68,40394.96,32502.44,Medium Activity,Low Spender
C00491,Owen De,53,Male,Teacher,155817.0,12,499922.82,41660.23,41768.74,Medium Activity,Medium Spender
C00492,Ucchal Soni,30,Female,Business Owner,62458.0,6,276506.38,46084.4,46113.74,Low Activity,Low Spender
C00493,Balveer Sarraf,41,Male,Government Employee,156025.0,14,622932.35,44495.17,46212.22,Medium Activity,High Spender
C00494,David Barman,39,Male,Accountant,71459.0,10,541992.28,54199.23,52255.67,Medium Activity,Medium Spender
C00495,Kabir Maharaj,61,Female,Business Owner,183845.0,6,325632.89,54272.15,48874.09,Low Activity,Low Spender
C00496,Zinal Chand,40,Male,Farmer,188031.0,8,293938.75,36742.34,40769.71,Low Activity,Low Spender
C00497,William Batra,31,Male,Business Owner,192682.0,8,369420.24,46177.53,43347.97,Low Activity,Low Spender
C00498,Anita Bhatnagar,60,Female,Other,30798.0,14,727190.62,51942.19,48263.04,Medium Activity,High Spender
C00499,Azad Sridhar,22,Male,Software Engineer,188153.0,11,499089.43,45371.77,42516.69,Medium Activity,Medium Spender
C00500,Niharika Morar,57,Female,Doctor,169982.0,9,379914.47,42212.72,39603.51,Medium Activity,Low Spender
C00501,Owen Solanki,47,Male,Sales Executive,184407.0,10,562932.43,56293.24,40274.56,Medium Activity,Medium Spender
C00502,Barkha Behl,55,Female,Accountant,146601.0,7,348741.78,49820.25,43358.17,Low Activity,Low Spender
C00503,Bina Rao,36,Female,Accountant,138893.0,12,484462.65,40371.89,27604.68,Medium Activity,Medium Spender
C00504,Aarna Chauhan,25,Male,Business Owner,135239.0,20,1255060.15,62753.01,66220.68,High Activity,High Spender
C00505,Radha Brar,47,Female,Sales Executive,73483.0,9,405953.72,45105.97,39442.63,Medium Activity,Low Spender
C00506,Zaid Oak,42,Male,Government Employee,103706.0,12,607354.84,50612.9,45759.7,Medium Activity,High Spender
C00507,Zaitra Dua,43,Female,Business Owner,117134.0,6,301691.49,50281.92,50484.64,Low Activity,Low Spender
C00508,Ladli Tara,53,Male,Government Employee,83370.0,8,250403.7,31300.46,25593.34,Low Activity,Low Spender
C00509,Gaurika Saini,50,Male,Accountant,137858.0,11,623817.59,56710.69,44313.08,Medium Activity,High Spender
C00510,Meera Modi,36,Male,Teacher,33265.0,6,346153.62,57692.27,67252.99,Low Activity,Low Spender
C00511,Vedant Bedi,39,Female,Other,129611.0,8,593681.79,74210.22,72789.86,Low Activity,High Spender
C00512,Udant Kapoor,36,Male,Government Employee,171437.0,12,639050.2,53254.18,57974.82,Medium Activity,High Spender
C00513,Aachal Mohanty,41,Male,Business Owner,150617.0,9,326667.94,36296.44,29151.51,Medium Activity,Low Spender
C00514,Chakrika Hans,53,Female,Sales Executive,100882.0,9,453952.03,50439.11,48764.52,Medium Activity,Medium Spender
C00515,Qarin Bajaj,52,Male,Teacher,123086.0,3,147899.93,49299.98,42357.92,Low Activity,Low Spender
C00516,Mahika Salvi,53,Female,Doctor,76398.0,11,535853.8,48713.98,34159.03,Medium Activity,Medium Spender
C00517,Manbir Ratti,58,Female,Software Engineer,33248.0,6,162132.14,27022.02,24179.8,Low Activity,Low Spender
C00518,Azaan Jhaveri,39,Female,Other,191510.0,6,280501.52,46750.25,52510.68,Low Activity,Low Spender
C00519,Krishna Dewan,64,Female,Accountant,160690.0,8,338451.45,42306.43,29723.18,Low Activity,Low Spender
C00520,Nirja Rajan,21,Male,Student,55110.0,9,436772.52,48530.28,36790.36,Medium Activity,Medium Spender
C00521,Tanmayi Dhawan,37,Female,Student,115928.0,11,553172.43,50288.4,52545.96,Medium Activity,Medium Spender
C00522,Aryan Raval,23,Female,Software Engineer,169495.0,14,849467.68,60676.26,70929.74,Medium Activity,High Spender
C00523,Lopa Arora,56,Male,Government Employee,165024.0,9,349592.42,38843.6,36286.29,Medium Activity,Low Spender
C00524,Advika Agrawal,39,Male,Student,152187.0,10,492955.5,49295.55,48846.76,Medium Activity,Medium Spender
C00525,Jai Gera,49,Female,Other,198362.0,16,961367.41,60085.46,71551.14,High Activity,High Spender
C00526,Vivaan Ahuja,60,Male,Business Owner,45344.0,8,307522.22,38440.28,25443.46,Low Activity,Low Spender
C00527,Forum Sathe,46,Female,Government Employee,166232.0,15,713220.93,47548.06,43957.81,Medium Activity,High Spender
C00528,Jairaj Pandey,44,Male,Doctor,177932.0,10,519983.69,51998.37,59996.38,Medium Activity,Medium Spender
C00529,Balhaar Rau,53,Female,Farmer,30552.0,10,410382.61,41038.26,37905.93,Medium Activity,Low Spender
C00530,Tarak Jayaraman,23,Male,Business Owner,107304.0,12,816436.52,68036.38,70052.25,Medium Activity,High Spender
C00531,Urmi Pal,51,Female,Business Owner,178927.0,6,265272.8,44212.13,38577.07,Low Activity,Low Spender
C00532,Nandini Kapoor,53,Male,Government Employee,180712.0,8,410939.89,51367.49,50909.96,Low Activity,Medium Spender
C00533,Jagat Mittal,41,Male,Student,181611.0,12,624751.17,52062.6,57562.15,Medium Activity,High Spender
C00534,Chandran Hora,40,Female,Farmer,153618.0,11,647997.55,58908.87,74237.82,Medium Activity,High Spender
C00535,Samar Sidhu,55,Female,Other,98588.0,5,189342.78,37868.56,27363.02,Low Activity,Low Spender
C00536,Rajeshri Kala,51,Male,Government Employee,106832.0,14,558299.5,39878.54,37607.75,Medium Activity,Medium Spender
C00537,Udarsh Ranganathan,64,Male,Student,173014.0,16,904070.19,56504.39,63484.17,High Activity,High Spender
C00538,Balendra Memon,40,Male,Other,144410.0,12,525138.37,43761.53,44443.66,Medium Activity,Medium Spender
C00539,Balveer Amble,37,Male,Software Engineer,172967.0,8,515903.63,64487.95,71768.89,Low Activity,Medium Spender
C00540,Yauvani Sha,51,Male,Farmer,184895.0,13,742849.43,57142.26,60253.46,Medium Activity,High Spender
C00541,Mahika Bhatnagar,60,Female,Business Owner,198448.0,12,790620.77,65885.06,82424.35,Medium Activity,High Spender
C00542,Kalpit Bhatnagar,36,Male,Other,48808.0,7,282565.73,40366.53,41084.54,Low Activity,Low Spender
C00543,Vedant Mangal,33,Male,Sales Executive,102232.0,9,290894.41,32321.6,26642.14,Medium Activity,Low Spender
C00544,Arin Majumdar,47,Male,Student,73448.0,13,698191.73,53707.06,58372.93,Medium Activity,High Spender
C00545,Mitesh Bhargava,47,Female,Software Engineer,56197.0,4,169565.01,42391.25,47674.44,Low Activity,Low Spender
C00546,Aadi Bhalla,54,Male,Farmer,105209.0,7,383943.86,54849.12,55705.27,Low Activity,Low Spender
C00547,Faris Sarkar,63,Female,Farmer,118782.0,8,384613.68,48076.71,43642.86,Low Activity,Low Spender
C00548,Ladli Chaudhari,41,Male,Sales Executive,159756.0,13,623369.47,47951.5,46801.88,Medium Activity,High Spender
C00549,Nidra Nayak,42,Female,Accountant,179927.0,9,522411.5,58045.72,65011.79,Medium Activity,Medium Spender
C00550,Yashvi Krishna,51,Male,Doctor,93139.0,10,635820.48,63582.05,66856.46,Medium Activity,High Spender
C00551,Omisha Sampath,56,Female,Doctor,98017.0,11,444590.08,40417.28,28996.59,Medium Activity,Medium Spender
C00552,Akshay Sharaf,39,Male,Sales Executive,103110.0,19,823262.67,43329.61,42850.65,High Activity,High Spender
C00553,Arya Bawa,51,Female,Farmer,91685.0,11,723070.39,65733.67,73019.16,Medium Activity,High Spender
C00554,Umang Dayal,39,Male,Other,197372.0,6,446662.07,74443.68,75725.21,Low Activity,Medium Spender
C00555,Chaitanya Mall,55,Female,Student,110474.0,13,759091.5,58391.65,60378.06,Medium Activity,High Spender
C00556,Girindra Sura,30,Female,Software Engineer,95400.0,11,667371.51,60670.14,52671.69,Medium Activity,High Spender
C00557,Manya Sawhney,26,Female,Sales Executive,191959.0,13,547168.11,42089.85,37391.72,Medium Activity,Medium Spender
C00558,Ira Brar,37,Female,Doctor,72970.0,8,415353.98,51919.25,59969.56,Low Activity,Medium Spender
C00559,Charan Vasa,55,Female,Farmer,91203.0,9,360458.64,40050.96,29822.96,Medium Activity,Low Spender
C00560,Aayush Bera,29,Male,Other,173834.0,7,278634.67,39804.95,32387.24,Low Activity,Low Spender
C00561,Jack Balay,36,Male,Software Engineer,195592.0,15,690304.06,46020.27,46874.52,Medium Activity,High Spender
C00562,Rishi Sarma,54,Male,Doctor,33760.0,7,328605.68,46943.67,43081.69,Low Activity,Low Spender
C00563,Xalak Keer,27,Female,Government Employee,143837.0,10,514380.07,51438.01,52659.66,Medium Activity,Medium Spender
C00564,Gauri Boase,27,Male,Software Engineer,164271.0,8,425107.79,53138.47,53112.02,Low Activity,Medium Spender
C00565,Brinda Reddy,31,Female,Sales Executive,145160.0,7,453978.49,64854.07,67162.73,Low Activity,Medium Spender
C00566,Vansha Raju,62,Male,Accountant,104192.0,8,451512.2,56439.02,66608.74,Low Activity,Medium Spender
C00567,Varsha Golla,39,Male,Teacher,190996.0,7,366077.96,52296.85,52417.54,Low Activity,Low Spender
C00568,Gaurangi Shetty,57,Male,Farmer,29777.0,12,534552.71,44546.06,37502.73,Medium Activity,Medium Spender
C00569,Yashawini Kamdar,32,Female,Business Owner,29526.0,12,665907.46,55492.29,52439.48,Medium Activity,High Spender
C00570,Akshay Vyas,46,Female,Business Owner,95882.0,9,364959.46,40551.05,33618.99,Medium Activity,Low Spender
C00571,Anvi Zacharia,23,Male,Accountant,168887.0,12,583118.16,48593.18,36809.48,Medium Activity,High Spender
C00572,Aradhana Sen,59,Male,Government Employee,94596.0,9,488419.51,54268.83,43141.54,Medium Activity,Medium Spender
C00573,Amruta Kohli,50,Female,Business Owner,152176.0,8,321090.72,40136.34,25862.82,Low Activity,Low Spender
C00574,Ishanvi Mukherjee,50,Female,Doctor,49529.0,13,644420.18,49570.78,65922.43,Medium Activity,High Spender
C00575,Vidhi Ahuja,42,Male,Sales Executive,189944.0,10,533085.7,53308.57,38142.62,Medium Activity,Medium Spender
C00576,Yashawini Rastogi,37,Male,Software Engineer,108371.0,9,373861.61,41540.18,39213.07,Medium Activity,Low Spender
C00577,Libni Zacharia,39,Male,Business Owner,180158.0,11,633917.49,57628.86,54599.22,Medium Activity,High Spender
C00578,Jagrati Zacharia,61,Female,Student,155077.0,10,476186.37,47618.64,44987.08,Medium Activity,Medium Spender
C00579,Patrick Loke,41,Male,Student,195441.0,12,564234.94,47019.58,44839.18,Medium Activity,Medium Spender
C00580,Charita Sibal,27,Male,Business Owner,145161.0,12,488422.42,40701.87,43642.09,Medium Activity,Medium Spender
C00581,Utkarsh Balakrishnan,41,Male,Software Engineer,88363.0,8,273413.99,34176.75,20028.54,Low Activity,Low Spender
C00582,Vansha Salvi,45,Male,Sales Executive,89990.0,9,408570.47,45396.72,51985.69,Medium Activity,Low Spender
C00583,Jai Chaudhary,42,Female,Other,170176.0,7,399082.99,57011.86,64261.99,Low Activity,Low Spender
C00584,Keya Nayar,21,Female,Government Employee,81945.0,18,928588.19,51588.23,48711.68,High Activity,High Spender
C00585,Ishanvi Contractor,24,Male,Sales Executive,100427.0,8,289002.91,36125.36,30003.37,Low Activity,Low Spender
C00586,Raagini Sood,31,Female,Farmer,101521.0,9,522137.45,58015.27,62293.1,Medium Activity,Medium Spender
C00587,Devansh Loyal,65,Male,Accountant,116349.0,10,348067.99,34806.8,24104.85,Medium Activity,Low Spender
C00588,Siya Peri,60,Male,Doctor,55014.0,9,431493.02,47943.67,44906.75,Medium Activity,Medium Spender
C00589,Mohini Ramesh,51,Male,Sales Executive,178790.0,9,449542.54,49949.17,50660.9,Medium Activity,Medium Spender
C00590,Vincent Hari,44,Female,Farmer,143424.0,12,518602.47,43216.87,39657.48,Medium Activity,Medium Spender
C00591,Dhruv Chandran,55,Male,Doctor,198347.0,11,548370.62,49851.87,39297.82,Medium Activity,Medium Spender
C00592,Veda Sandal,59,Male,Farmer,137112.0,10,598291.05,59829.1,61693.52,Medium Activity,High Spender
C00593,Riya Walia,54,Female,Teacher,167893.0,9,668031.61,74225.73,80539.44,Medium Activity,High Spender
C00594,Chandran Bava,28,Male,Farmer,152510.0,11,688185.87,62562.35,78621.21,Medium Activity,High Spender
C00595,Arjun Borah,33,Male,Business Owner,106014.0,11,505800.11,45981.83,30385.59,Medium Activity,Medium Spender
C00596,Nitesh Chauhan,54,Female,Teacher,198335.0,16,862208.53,53888.03,51389.9,High Activity,High Spender
C00597,Samesh Nagy,34,Female,Teacher,153791.0,12,558018.47,46501.54,38046.15,Medium Activity,Medium Spender
C00598,Rishi Munshi,49,Male,Sales Executive,54588.0,9,539102.88,59900.32,65100.9,Medium Activity,Medium Spender
C00599,Eta Doctor,53,Female,Sales Executive,167825.0,12,346755.09,28896.26,28021.4,Medium Activity,Low Spender
C00600,Saumya Din,24,Female,Accountant,25706.0,9,401588.72,44620.97,33625.04,Medium Activity,Low Spender
C00601,Dayita Nagy,46,Female,Software Engineer,77121.0,11,725785.25,65980.48,68954.37,Medium Activity,High Spender
C00602,Indira Murthy,58,Male,Software Engineer,131069.0,3,150038.07,50012.69,36519.19,Low Activity,Low Spender
C00603,Gaurang Kuruvilla,43,Male,Farmer,35795.0,14,645586.92,46113.35,44419.98,Medium Activity,High Spender
C00604,Aayush Contractor,25,Female,Software Engineer,95259.0,8,356513.57,44564.2,40141.63,Low Activity,Low Spender
C00605,Eiravati Jayaraman,47,Male,Business Owner,188171.0,11,647112.8,58828.44,60015.15,Medium Activity,High Spender
C00606,William Deo,62,Female,Government Employee,120264.0,8,459767.57,57470.95,51271.16,Low Activity,Medium Spender
C00607,Banjeet Majumdar,49,Female,Student,41037.0,8,312352.11,39044.01,37204.05,Low Activity,Low Spender
C00608,Anita Kapadia,64,Male,Government Employee,51098.0,9,524227.35,58247.48,55959.23,Medium Activity,Medium Spender
C00609,Sai Balasubramanian,32,Female,Farmer,53383.0,14,615778.0,43984.14,40205.24,Medium Activity,High Spender
C00610,Gaurika Chaudry,35,Male,Software Engineer,98214.0,6,347344.78,57890.8,60231.4,Low Activity,Low Spender
C00611,Yagnesh Nigam,50,Female,Farmer,119425.0,15,771055.74,51403.72,51567.66,Medium Activity,High Spender
C00612,Lavanya Kale,35,Male,Sales Executive,110743.0,14,634660.55,45332.9,45250.99,Medium Activity,High Spender
C00613,Mahika Karpe,30,Female,Doctor,49581.0,5,289695.53,57939.11,64974.31,Low Activity,Low Spender
C00614,Nidhi Nayak,23,Female,Other,24101.0,12,638673.94,53222.83,52659.0,Medium Activity,High Spender
C00615,Sai Gade,36,Male,Teacher,46449.0,6,287361.1,47893.52,58038.76,Low Activity,Low Spender
C00616,Meera Konda,59,Male,Sales Executive,176705.0,9,453384.89,50376.1,41405.14,Medium Activity,Medium Spender
C00617,Idika Pai,64,Male,Doctor,31596.0,12,636534.36,53044.53,56167.94,Medium Activity,High Spender
C00618,Tristan Mohanty,46,Female,Doctor,161494.0,8,548044.18,68505.52,62416.1,Low Activity,Medium Spender
C00619,Vrinda Saraf,34,Male,Business Owner,152093.0,10,495157.25,49515.72,46152.48,Medium Activity,Medium Spender
C00620,Samesh Ganguly,39,Male,Other,103598.0,7,328509.9,46929.99,62603.93,Low Activity,Low Spender
C00621,Wridesh Bose,57,Female,Doctor,99105.0,7,405011.06,57858.72,70265.41,Low Activity,Low Spender
C00622,William Ahluwalia,30,Male,Student,98774.0,11,702983.69,63907.61,72607.74,Medium Activity,High Spender
C00623,Tripti Ramesh,38,Male,Farmer,175101.0,9,557947.75,61994.19,54673.97,Medium Activity,Medium Spender
C00624,Reva Kala,32,Female,Farmer,149924.0,12,716908.56,59742.38,61588.48,Medium Activity,High Spender
C00625,Leela Lal,24,Female,Student,157484.0,12,644775.06,53731.26,49259.2,Medium Activity,High Spender
C00626,Jason Prabhakar,41,Female,Student,59116.0,11,508927.06,46266.1,50021.81,Medium Activity,Medium Spender
C00627,Amara Kalla,40,Female,Business Owner,161014.0,14,823300.8,58807.2,72243.33,Medium Activity,High Spender
C00628,Champak Ramesh,51,Male,Doctor,98836.0,10,386568.55,38656.85,31718.27,Medium Activity,Low Spender
C00629,Ikshita Mitra,30,Female,Software Engineer,167426.0,14,704331.33,50309.38,41919.02,Medium Activity,High Spender
C00630,Darika Bava,47,Female,Farmer,158934.0,10,416368.12,41636.81,33309.32,Medium Activity,Medium Spender
C00631,Aryan Johal,29,Female,Doctor,86845.0,9,427142.96,47460.33,46789.12,Medium Activity,Medium Spender
C00632,Advaith Dar,34,Female,Teacher,137908.0,10,461150.79,46115.08,44340.0,Medium Activity,Medium Spender
C00633,Sanaya Chand,44,Male,Farmer,69933.0,15,829900.0,55326.67,61834.86,Medium Activity,High Spender
C00634,Ishani Dass,24,Female,Student,196599.0,9,542574.92,60286.1,54540.62,Medium Activity,Medium Spender
C00635,Krish Goyal,59,Male,Teacher,69325.0,9,516258.69,57362.08,43007.61,Medium Activity,Medium Spender
C00636,Sanaya Venkataraman,58,Male,Sales Executive,74759.0,13,606542.46,46657.11,50692.55,Medium Activity,High Spender
C00637,Bhavna Bora,42,Female,Software Engineer,75524.0,8,373708.6,46713.58,43264.73,Low Activity,Low Spender
C00638,Daksha Kapoor,33,Male,Sales Executive,83594.0,5,177247.68,35449.54,20242.46,Low Activity,Low Spender
C00639,Daksha Nayar,65,Male,Student,82739.0,7,351720.97,50245.85,40734.01,Low Activity,Low Spender
C00640,Laban Joshi,56,Female,Accountant,119788.0,14,888673.86,63476.7,63805.08,Medium Activity,High Spender
C00641,Tanay Kuruvilla,50,Female,Accountant,88566.0,5,233295.02,46659.0,46755.46,Low Activity,Low Spender
C00642,Neelima Sur,44,Female,Sales Executive,45849.0,5,195617.63,39123.53,31124.84,Low Activity,Low Spender
C00643,Neelima Barad,51,Female,Doctor,117178.0,8,358204.68,44775.58,43813.68,Low Activity,Low Spender
C00644,Aashi Tailor,41,Female,Software Engineer,167462.0,6,300149.77,50024.96,46698.76,Low Activity,Low Spender
C00645,Abhiram Mand,35,Male,Software Engineer,88360.0,7,493814.99,70545.0,74492.8,Low Activity,Medium Spender
C00646,Anya Natarajan,56,Female,Accountant,59953.0,5,349349.01,69869.8,77381.84,Low Activity,Low Spender
C00647,Sudiksha Mani,33,Female,Doctor,119572.0,10,490314.72,49031.47,53096.16,Medium Activity,Medium Spender
C00648,Chanchal Tak,57,Male,Sales Executive,164347.0,8,415032.37,51879.05,68353.36,Low Activity,Medium Spender
C00649,Pallavi Nayar,62,Female,Accountant,148089.0,9,374651.02,41627.89,34036.57,Medium Activity,Low Spender
C00650,Sathvik Rattan,62,Female,Sales Executive,64101.0,12,570914.5,47576.21,45904.61,Medium Activity,High Spender
C00651,Tanvi Naidu,43,Male,Business Owner,163273.0,9,413792.12,45976.9,48173.71,Medium Activity,Medium Spender
C00652,Inaya Rastogi,52,Male,Farmer,188246.0,5,227250.54,45450.11,47191.48,Low Activity,Low Spender
C00653,Veer Sandhu,24,Male,Teacher,195168.0,10,493687.46,49368.75,48601.54,Medium Activity,Medium Spender
C00654,Daksh Natt,24,Male,Student,56042.0,8,225441.11,28180.14,19712.85,Low Activity,Low Spender
C00655,Aarnav Cheema,61,Male,Teacher,59591.0,5,295764.6,59152.92,75196.53,Low Activity,Low Spender
C00656,Ansh Peri,21,Male,Farmer,139540.0,10,455209.31,45520.93,37191.48,Medium Activity,Medium Spender
C00657,Gautam Khurana,44,Male,Other,187176.0,12,708252.54,59021.05,64350.86,Medium Activity,High Spender
C00658,Turvi Kala,63,Female,Sales Executive,24123.0,13,585646.39,45049.72,37758.32,Medium Activity,High Spender
C00659,Aishani Mitter,21,Female,Software Engineer,24384.0,12,636268.94,53022.41,53567.43,Medium Activity,High Spender
C00660,Indali Shukla,54,Female,Farmer,95153.0,15,632655.92,42177.06,36024.62,Medium Activity,High Spender
C00661,Reva Pai,22,Female,Business Owner,48053.0,13,566287.48,43560.58,32676.06,Medium Activity,Medium Spender
C00662,Adweta Walla,27,Male,Doctor,70313.0,8,336930.45,42116.31,36940.94,Low Activity,Low Spender
C00663,Nidra Mishra,60,Female,Government Employee,90077.0,10,497668.94,49766.89,40099.3,Medium Activity,Medium Spender
C00664,Dhruv Sinha,46,Male,Government Employee,126437.0,6,313763.78,52293.96,54848.17,Low Activity,Low Spender
C00665,Vaishnavi Saini,50,Male,Doctor,98636.0,7,407782.3,58254.61,63149.81,Low Activity,Low Spender
C00666,Kamala Sengupta,64,Male,Software Engineer,44510.0,9,456339.32,50704.37,33101.34,Medium Activity,Medium Spender
C00667,Sai Ray,46,Female,Student,164887.0,5,342965.52,68593.1,66297.89,Low Activity,Low Spender
C00668,Chandresh Gour,51,Male,Software Engineer,64927.0,9,423433.97,47048.22,44887.46,Medium Activity,Medium Spender
C00669,Elijah Chahal,26,Female,Student,189058.0,10,663943.98,66394.4,77953.08,Medium Activity,High Spender
C00670,Vidhi Pathak,42,Male,Farmer,31154.0,15,873899.24,58259.95,64691.68,Medium Activity,High Spender
C00671,Omkaar Devi,35,Male,Other,144649.0,10,477053.23,47705.32,50829.5,Medium Activity,Medium Spender
C00672,Ekta Parmer,38,Male,Teacher,199418.0,10,392761.78,39276.18,19012.21,Medium Activity,Low Spender
C00673,Zinal Bhavsar,38,Male,Business Owner,102440.0,13,559743.16,43057.17,47603.82,Medium Activity,Medium Spender
C00674,Upadhriti Dara,22,Male,Other,57798.0,9,446019.63,49557.74,56302.51,Medium Activity,Medium Spender
C00675,Jai Goda,46,Male,Accountant,62585.0,9,477955.53,53106.17,46681.2,Medium Activity,Medium Spender
C00676,Yachana Sibal,57,Male,Other,122015.0,19,857589.64,45136.3,43661.47,High Activity,High Spender
C00677,Brijesh Dey,64,Female,Student,56687.0,13,674178.06,51859.85,43977.47,Medium Activity,High Spender
C00678,Abha Wagle,65,Male,Farmer,110664.0,2,84123.99,42062.0,42062.0,Low Activity,Low Spender
C00679,Yashasvi Dhar,24,Male,Student,80855.0,6,305815.39,50969.23,45352.56,Low Activity,Low Spender
C00680,Udant Hari,25,Female,Other,180921.0,6,433321.44,72220.24,68979.02,Low Activity,Medium Spender
C00681,Harrison Nori,59,Female,Government Employee,27766.0,13,668768.71,51443.75,50999.09,Medium Activity,High Spender
C00682,Wahab Bhagat,61,Female,Sales Executive,148608.0,6,288976.52,48162.75,64221.9,Low Activity,Low Spender
C00683,Warinder Konda,35,Female,Farmer,118415.0,12,450004.36,37500.36,34436.61,Medium Activity,Medium Spender
C00684,Varenya Pillay,48,Male,Other,193191.0,10,551876.78,55187.68,70594.59,Medium Activity,Medium Spender
C00685,Yahvi Ratti,45,Male,Other,97431.0,10,595200.62,59520.06,62988.45,Medium Activity,High Spender
C00686,Nidra Kalita,36,Male,Teacher,90247.0,12,741232.91,61769.41,66174.28,Medium Activity,High Spender
C00687,Pranav Contractor,30,Female,Business Owner,122137.0,8,274825.56,34353.2,31943.05,Low Activity,Low Spender
C00688,Vasatika Krishna,41,Female,Teacher,43991.0,11,553306.5,50300.59,40994.58,Medium Activity,Medium Spender
C00689,Aditya Mallick,21,Female,Sales Executive,114350.0,7,323595.1,46227.87,46191.91,Low Activity,Low Spender
C00690,Saanvi Oak,38,Male,Business Owner,42884.0,11,614199.63,55836.33,50792.27,Medium Activity,High Spender
C00691,Onkar Prabhu,32,Female,Sales Executive,166010.0,7,368792.84,52684.69,55901.27,Low Activity,Low Spender
C00692,Isha Rao,56,Female,Teacher,26884.0,6,336407.16,56067.86,59764.68,Low Activity,Low Spender
C00693,Vedhika Acharya,26,Female,Farmer,44396.0,14,660266.51,47161.89,53855.42,Medium Activity,High Spender
C00694,Vamakshi Kashyap,59,Female,Student,23235.0,8,375248.48,46906.06,44233.09,Low Activity,Low Spender
C00695,Chatura Patla,39,Female,Student,42203.0,14,579103.93,41364.57,35279.54,Medium Activity,High Spender
C00696,Qarin Kade,56,Male,Other,156604.0,8,350358.53,43794.82,40140.4,Low Activity,Low Spender
C00697,Naveen Pillai,31,Female,Business Owner,56396.0,12,617137.2,51428.1,56053.73,Medium Activity,High Spender
C00698,Dhruv Dhillon,38,Female,Accountant,149269.0,14,723339.85,51667.13,51162.64,Medium Activity,High Spender
C00699,Isha Chatterjee,30,Male,Business Owner,133947.0,8,373347.06,46668.38,43544.56,Low Activity,Low Spender
C00700,Robert Bhardwaj,38,Female,Accountant,146938.0,9,552838.95,61426.55,72469.09,Medium Activity,Medium Spender
C00701,Frederick Sen,25,Female,Accountant,84642.0,9,498982.02,55442.45,70829.83,Medium Activity,Medium Spender
C00702,Adweta Bobal,61,Female,Other,181656.0,9,407192.26,45243.58,52710.86,Medium Activity,Low Spender
C00703,Isaac Sundaram,33,Female,Teacher,55517.0,16,971577.34,60723.58,66116.61,High Activity,High Spender
C00704,Falak Choudhary,40,Male,Student,107088.0,6,311777.92,51962.99,47523.74,Low Activity,Low Spender
C00705,Alka Bawa,60,Female,Government Employee,135401.0,9,447249.58,49694.4,50848.45,Medium Activity,Medium Spender
C00706,Shravya Bhavsar,42,Female,Other,55684.0,11,675297.53,61390.68,73228.54,Medium Activity,High Spender
C00707,Ojas Kapur,40,Female,Other,72652.0,9,356726.79,39636.31,46806.34,Medium Activity,Low Spender
C00708,Aarush Dutt,51,Female,Business Owner,124396.0,18,1028473.26,57137.4,57724.7,High Activity,High Spender
C00709,Warjas Karpe,41,Female,Sales Executive,170963.0,3,173854.79,57951.6,45248.52,Low Activity,Low Spender
C00710,Brijesh Narain,36,Female,Student,93479.0,8,347888.13,43486.02,30942.07,Low Activity,Low Spender
C00711,Gavin Gara,46,Female,Teacher,167810.0,16,643598.93,40224.93,24787.91,High Activity,High Spender
C00712,Urvashi Wagle,33,Male,Farmer,27055.0,17,952466.65,56027.45,66102.88,High Activity,High Spender
C00713,Maanav D’Alia,50,Male,Sales Executive,96370.0,3,183716.24,61238.75,59384.92,Low Activity,Low Spender
C00714,Tripti Chaudhuri,65,Male,Student,196417.0,11,487713.23,44337.57,46193.28,Medium Activity,Medium Spender
C00715,Vrishti Ahuja,52,Male,Accountant,83444.0,13,689120.08,53009.24,45758.12,Medium Activity,High Spender
C00716,Onveer Gour,37,Male,Student,118825.0,9,523598.5,58177.61,60474.55,Medium Activity,Medium Spender
C00717,Wriddhish Kothari,25,Female,Other,145628.0,12,475606.37,39633.86,30981.27,Medium Activity,Medium Spender
C00718,Dhriti Dhaliwal,58,Female,Farmer,152805.0,11,473562.96,43051.18,42185.86,Medium Activity,Medium Spender
C00719,Fiyaz Narayan,65,Female,Farmer,29637.0,12,431884.9,35990.41,24818.04,Medium Activity,Medium Spender
C00720,Zarna Raman,44,Male,Teacher,85072.0,10,563583.05,56358.31,55741.55,Medium Activity,Medium Spender
C00721,Andrew Master,63,Female,Business Owner,189607.0,8,257241.12,32155.14,24794.54,Low Activity,Low Spender
C00722,Sachi Sule,60,Male,Other,189091.0,11,488857.08,44441.55,50548.58,Medium Activity,Medium Spender
C00723,Janya Desai,64,Female,Government Employee,132841.0,4,207903.23,51975.81,52892.12,Low Activity,Low Spender
C00724,Aashi Subramaniam,27,Male,Teacher,87826.0,7,368358.28,52622.61,49389.99,Low Activity,Low Spender
C00725,Aayush Tank,35,Male,Sales Executive,118073.0,5,226930.01,45386.0,51093.34,Low Activity,Low Spender
C00726,Jackson Badami,46,Female,Other,151194.0,11,531624.55,48329.5,53454.93,Medium Activity,Medium Spender
C00727,Tanay Nadkarni,30,Female,Software Engineer,146555.0,10,545503.03,54550.3,54876.55,Medium Activity,Medium Spender
C00728,Sanya Upadhyay,27,Female,Student,42506.0,11,607567.93,55233.45,56684.62,Medium Activity,High Spender
C00729,Yutika Badami,28,Male,Government Employee,101760.0,16,735562.98,45972.69,50897.85,High Activity,High Spender
C00730,Advaith Lad,42,Female,Doctor,156607.0,6,267313.83,44552.3,47115.08,Low Activity,Low Spender
C00731,Advaith Natt,51,Female,Sales Executive,45591.0,20,915765.87,45788.29,41170.14,High Activity,High Spender
C00732,Yochana Pall,49,Female,Government Employee,37609.0,13,656846.85,50526.68,46494.96,Medium Activity,High Spender
C00733,Nilima Talwar,40,Male,Teacher,25920.0,10,412042.89,41204.29,34432.48,Medium Activity,Medium Spender
C00734,Vedhika Dutta,42,Male,Business Owner,83940.0,8,359652.43,44956.55,49417.64,Low Activity,Low Spender
C00735,Pushti Aggarwal,54,Male,Farmer,61978.0,11,468768.62,42615.33,36639.39,Medium Activity,Medium Spender
C00736,Lipika Memon,42,Female,Sales Executive,80779.0,15,712853.09,47523.54,46831.53,Medium Activity,High Spender
C00737,Bhavna Choudhury,46,Male,Business Owner,187897.0,7,399160.04,57022.86,58702.66,Low Activity,Low Spender
C00738,Aachal Rao,63,Female,Student,27652.0,13,653017.41,50232.11,46319.0,Medium Activity,High Spender
C00739,Vrinda Halder,60,Male,Sales Executive,175242.0,10,351625.63,35162.56,37285.71,Medium Activity,Low Spender
C00740,Bhavna Munshi,48,Female,Software Engineer,76307.0,14,709354.88,50668.21,52873.77,Medium Activity,High Spender
C00741,Yoshita Atwal,34,Female,Teacher,171348.0,11,432798.29,39345.3,37003.5,Medium Activity,Medium Spender
C00742,Jhalak Upadhyay,27,Male,Government Employee,105454.0,6,309351.99,51558.66,52487.8,Low Activity,Low Spender
C00743,Sathvik Madan,33,Female,Teacher,88774.0,10,362898.41,36289.84,30641.07,Medium Activity,Low Spender
C00744,Aayush Bath,63,Female,Farmer,187538.0,9,644499.71,71611.08,89001.84,Medium Activity,High Spender
C00745,Bishakha Kar,41,Female,Other,122903.0,9,335307.55,37256.39,22374.16,Medium Activity,Low Spender
C00746,Waida Varughese,58,Male,Government Employee,112270.0,13,580597.66,44661.36,52792.29,Medium Activity,High Spender
C00747,Amara Muni,50,Male,Accountant,181083.0,13,812704.56,62515.74,66219.09,Medium Activity,High Spender
C00748,Rudra Dutt,58,Male,Business Owner,102099.0,11,373385.41,33944.13,33327.07,Medium Activity,Low Spender
C00749,Falan Buch,28,Male,Accountant,50657.0,11,468755.86,42614.17,39456.67,Medium Activity,Medium Spender
C00750,Michael Grewal,32,Female,Business Owner,153909.0,10,521864.78,52186.48,54107.32,Medium Activity,Medium Spender
C00751,Ijaya Bhagat,45,Female,Other,56141.0,9,499595.37,55510.6,55683.01,Medium Activity,Medium Spender
C00752,Girish Pau,57,Female,Student,68694.0,10,567453.63,56745.36,52709.22,Medium Activity,Medium Spender
C00753,Isha Rajan,52,Male,Farmer,63742.0,10,400532.37,40053.24,45746.87,Medium Activity,Low Spender
C00754,Manthan Patil,52,Female,Business Owner,69046.0,6,296694.91,49449.15,48468.43,Low Activity,Low Spender
C00755,Wishi Radhakrishnan,41,Female,Other,34053.0,7,368465.88,52637.98,66944.91,Low Activity,Low Spender
C00756,Tanveer Deep,43,Male,Sales Executive,55791.0,10,446321.13,44632.11,41582.66,Medium Activity,Medium Spender
C00757,Henry Hayre,33,Female,Farmer,152497.0,8,343998.7,42999.84,37436.94,Low Activity,Low Spender
C00758,Dakshesh Varma,62,Female,Student,199489.0,12,638874.27,53239.52,55607.26,Medium Activity,High Spender
C00759,Arunima Oak,52,Female,Sales Executive,148109.0,8,481702.21,60212.78,51788.26,Low Activity,Medium Spender
C00760,Isaiah Bose,31,Male,Other,28089.0,4,180806.65,45201.66,42480.42,Low Activity,Low Spender
C00761,Benjamin Oza,35,Female,Software Engineer,92051.0,7,334699.71,47814.24,68572.4,Low Activity,Low Spender
C00762,Hema Shan,35,Female,Business Owner,139884.0,10,584785.51,58478.55,62975.42,Medium Activity,High Spender
C00763,Sarthak Krishna,57,Female,Farmer,153904.0,15,660398.77,44026.58,43562.15,Medium Activity,High Spender
C00764,Ojas Yogi,28,Male,Accountant,162372.0,9,345433.21,38381.47,31697.48,Medium Activity,Low Spender
C00765,Harinakshi Balay,44,Male,Sales Executive,163223.0,11,500171.13,45470.1,41122.05,Medium Activity,Medium Spender
C00766,Gaurav Nayak,34,Female,Teacher,191356.0,10,643195.64,64319.56,81483.43,Medium Activity,High Spender
C00767,Tanish Bahl,36,Female,Software Engineer,137894.0,10,550630.51,55063.05,55352.36,Medium Activity,Medium Spender
C00768,Harrison Pillay,37,Female,Teacher,135099.0,10,429572.7,42957.27,42365.02,Medium Activity,Medium Spender
C00769,Suhani Kanda,28,Male,Doctor,174120.0,9,541019.51,60113.28,74694.77,Medium Activity,Medium Spender
C00770,Banjeet Khosla,65,Female,Other,185877.0,11,596019.83,54183.62,58501.96,Medium Activity,High Spender
C00771,Daniel Pathak,48,Male,Other,56499.0,14,573398.65,40957.05,29443.82,Medium Activity,High Spender
C00772,Bhanumati Palan,34,Male,Software Engineer,169441.0,9,515787.09,57309.68,72665.82,Medium Activity,Medium Spender
C00773,Luke Varkey,43,Female,Other,161234.0,11,551453.37,50132.12,46211.72,Medium Activity,Medium Spender
C00774,Garima Dani,31,Female,Accountant,95846.0,12,506818.71,42234.89,39967.92,Medium Activity,Medium Spender
C00775,Charan Tara,57,Female,Farmer,198074.0,11,654081.23,59461.93,46865.18,Medium Activity,High Spender
C00776,Anthony Luthra,27,Male,Student,35541.0,10,635343.87,63534.39,74426.26,Medium Activity,High Spender
C00777,Chakradhar Sodhi,38,Male,Business Owner,85451.0,8,395769.91,49471.24,45501.54,Low Activity,Low Spender
C00778,Chandran Sanghvi,30,Female,Doctor,197270.0,7,396557.27,56651.04,60994.32,Low Activity,Low Spender
C00779,Jai Raja,46,Female,Business Owner,171368.0,8,373842.8,46730.35,53790.14,Low Activity,Low Spender
C00780,Falan Gour,61,Female,Student,118349.0,8,522459.92,65307.49,77774.2,Low Activity,Medium Spender
C00781,Zarna Soman,49,Male,Teacher,125604.0,6,361063.59,60177.26,60957.5,Low Activity,Low Spender
C00782,Kashish Keer,53,Female,Government Employee,139195.0,10,275175.95,27517.6,15923.34,Medium Activity,Low Spender
C00783,Urishilla Walla,52,Female,Other,20648.0,13,811638.98,62433.77,66166.53,Medium Activity,High Spender
C00784,Hitesh Biswas,26,Female,Government Employee,36601.0,14,703164.3,50226.02,54144.76,Medium Activity,High Spender
C00785,Ucchal Buch,55,Female,Doctor,132628.0,14,590131.33,42152.24,31918.86,Medium Activity,High Spender
C00786,Yug Chada,34,Female,Accountant,104637.0,13,660642.21,50818.63,43473.25,Medium Activity,High Spender
C00787,Bachittar Minhas,39,Female,Farmer,171501.0,9,549231.76,61025.75,82545.51,Medium Activity,Medium Spender
C00788,Luke Mistry,29,Female,Government Employee,198926.0,13,815283.66,62714.13,64166.88,Medium Activity,High Spender
C00789,Darika Ghosh,24,Male,Teacher,184149.0,14,685414.38,48958.17,42149.49,Medium Activity,High Spender
C00790,Nisha Ganesan,50,Male,Teacher,61414.0,7,360584.06,51512.01,62325.27,Low Activity,Low Spender
C00791,Samaksh Kara,49,Female,Software Engineer,132145.0,12,684172.87,57014.41,55643.59,Medium Activity,High Spender
C00792,Samarth Sinha,33,Male,Accountant,61674.0,9,493898.08,54877.56,74524.62,Medium Activity,Medium Spender
C00793,Hemal Ramakrishnan,38,Male,Government Employee,85638.0,11,554122.42,50374.77,51302.54,Medium Activity,Medium Spender
C00794,Gopal Nagy,26,Female,Business Owner,33575.0,7,283238.58,40462.65,41712.77,Low Activity,Low Spender
C00795,Bahadurjit Nazareth,46,Female,Doctor,132520.0,11,577656.69,52514.24,65941.99,Medium Activity,High Spender
C00796,Ekanta Gola,62,Male,Teacher,20284.0,9,456398.75,50710.97,45612.71,Medium Activity,Medium Spender
C00797,Neel Bhattacharyya,34,Female,Teacher,54786.0,11,458819.56,41710.87,37362.15,Medium Activity,Medium Spender
C00798,Darika Tripathi,58,Male,Farmer,198253.0,9,504917.69,56101.97,62650.14,Medium Activity,Medium Spender
C00799,Adya Vala,49,Male,Software Engineer,110065.0,10,337226.34,33722.63,19262.14,Medium Activity,Low Spender
C00800,Rachita Purohit,28,Female,Business Owner,145226.0,9,480289.24,53365.47,53036.25,Medium Activity,Medium Spender
C00801,Nathaniel Murty,25,Male,Student,43417.0,9,395106.85,43900.76,38115.46,Medium Activity,Low Spender
C00802,Fariq Narain,27,Male,Government Employee,116354.0,9,427773.66,47530.41,52116.57,Medium Activity,Medium Spender
C00803,Vaishnavi Arora,40,Male,Student,54903.0,8,522893.52,65361.69,68017.85,Low Activity,Medium Spender
C00804,Chaitaly Sibal,62,Male,Teacher,159069.0,6,385250.99,64208.5,68720.26,Low Activity,Low Spender
C00805,Yoshita Jani,57,Male,Other,190398.0,12,669591.46,55799.29,55823.27,Medium Activity,High Spender
C00806,Aachal Mand,31,Female,Government Employee,75851.0,9,383974.09,42663.79,40511.76,Medium Activity,Low Spender
C00807,Vasudha Sha,61,Male,Student,181500.0,10,485508.08,48550.81,48106.02,Medium Activity,Medium Spender
C00808,Sathvik Bath,64,Female,Doctor,42724.0,8,427906.23,53488.28,61204.69,Low Activity,Medium Spender
C00809,Patrick Chander,27,Male,Teacher,174553.0,12,710003.21,59166.93,61203.56,Medium Activity,High Spender
C00810,Vinaya Raval,45,Female,Student,102445.0,11,536949.07,48813.55,47609.67,Medium Activity,Medium Spender
C00811,Vanya Mohan,29,Male,Accountant,188983.0,9,394368.21,43818.69,56955.58,Medium Activity,Low Spender
C00812,Gavin Modi,26,Male,Farmer,177548.0,5,185743.89,37148.78,24941.6,Low Activity,Low Spender
C00813,Luke Dasgupta,59,Female,Software Engineer,192597.0,14,635011.16,45357.94,46855.12,Medium Activity,High Spender
C00814,Balhaar Mishra,40,Male,Farmer,179102.0,12,565413.87,47117.82,48346.98,Medium Activity,Medium Spender
C00815,Vrinda Balan,53,Male,Student,97474.0,15,694255.34,46283.69,37122.21,Medium Activity,High Spender
C00816,Nitesh Yohannan,62,Male,Doctor,149731.0,13,735334.46,56564.19,60374.56,Medium Activity,High Spender
C00817,Netra Narula,45,Male,Doctor,150962.0,18,1003129.15,55729.4,59131.27,High Activity,High Spender
C00818,Zaid Sur,61,Male,Farmer,23163.0,8,367221.84,45902.73,50502.94,Low Activity,Low Spender
C00819,Sanaya Borra,44,Female,Business Owner,121407.0,11,421390.28,38308.21,38191.19,Medium Activity,Medium Spender
C00820,Rehaan Venkataraman,57,Female,Government Employee,163224.0,14,1007226.42,71944.74,76487.99,Medium Activity,High Spender
C00821,Utkarsh Patel,64,Male,Sales Executive,39134.0,13,495974.49,38151.88,31714.62,Medium Activity,Medium Spender
C00822,Alexander Bhavsar,22,Male,Software Engineer,88730.0,7,277247.83,39606.83,22279.25,Low Activity,Low Spender
C00823,Qarin Saha,34,Male,Software Engineer,124326.0,10,516876.3,51687.63,51462.3,Medium Activity,Medium Spender
C00824,Janaki Gara,53,Female,Farmer,128903.0,13,643765.94,49520.46,53241.83,Medium Activity,High Spender
C00825,Krish Pathak,48,Female,Teacher,187913.0,10,545753.74,54575.37,68887.96,Medium Activity,Medium Spender
C00826,Lila Ranganathan,55,Male,Accountant,41914.0,2,120101.83,60050.92,60050.92,Low Activity,Low Spender
C00827,Udarsh Dyal,40,Male,Farmer,73267.0,11,455251.21,41386.47,31523.6,Medium Activity,Medium Spender
C00828,Dev Ahluwalia,30,Female,Student,173730.0,4,219836.59,54959.15,60419.82,Low Activity,Low Spender
C00829,Gaurang Lad,61,Male,Accountant,134684.0,7,320622.08,45803.15,45051.16,Low Activity,Low Spender
C00830,Sudiksha Palla,36,Male,Doctor,42600.0,10,372491.61,37249.16,22642.42,Medium Activity,Low Spender
C00831,Umang Kanda,48,Male,Sales Executive,180509.0,14,780588.87,55756.35,55417.48,Medium Activity,High Spender
C00832,Anita Das,59,Male,Accountant,194608.0,8,396836.13,49604.52,49822.69,Low Activity,Low Spender
C00833,Daksha Srivastava,63,Male,Teacher,23320.0,8,480925.63,60115.7,63706.63,Low Activity,Medium Spender
C00834,Banjeet Buch,29,Male,Business Owner,150131.0,8,449049.56,56131.2,70926.27,Low Activity,Medium Spender
C00835,Gunbir Oak,43,Female,Business Owner,117483.0,9,358802.11,39866.9,30707.01,Medium Activity,Low Spender
C00836,Oni Doshi,29,Female,Teacher,27695.0,11,335607.55,30509.78,12928.32,Medium Activity,Low Spender
C00837,Ishani Khalsa,42,Female,Accountant,157325.0,9,332626.1,36958.46,36530.19,Medium Activity,Low Spender
C00838,Samesh Tailor,25,Female,Other,184503.0,13,531453.74,40881.06,37384.44,Medium Activity,Medium Spender
C00839,Gaurangi Lal,25,Female,Sales Executive,153898.0,7,351253.15,50179.02,53081.43,Low Activity,Low Spender
C00840,Zaitra Hans,44,Male,Sales Executive,168605.0,10,441434.16,44143.42,42600.84,Medium Activity,Medium Spender
C00841,Kashish Bhat,31,Female,Business Owner,86877.0,15,763652.59,50910.17,53411.82,Medium Activity,High Spender
C00842,Hemangini Rajagopal,27,Male,Doctor,153385.0,9,400309.85,44478.87,44714.4,Medium Activity,Low Spender
C00843,Vedant Saha,21,Male,Software Engineer,84107.0,11,511486.47,46498.77,45223.93,Medium Activity,Medium Spender
C00844,Patrick Dugal,23,Female,Government Employee,120395.0,7,382510.42,54644.35,64585.96,Low Activity,Low Spender
C00845,Veda Kapur,30,Male,Software Engineer,164930.0,9,374859.28,41651.03,44612.71,Medium Activity,Low Spender
C00846,Balhaar Chokshi,62,Female,Doctor,104358.0,11,578193.88,52563.08,65242.83,Medium Activity,High Spender
C00847,Wakeeta Batra,36,Female,Government Employee,91108.0,18,948353.32,52686.3,43215.02,High Activity,High Spender
C00848,Daniel Sur,25,Female,Teacher,151607.0,8,387815.53,48476.94,46423.14,Low Activity,Low Spender
C00849,Priya Cheema,64,Male,Business Owner,78506.0,12,626958.61,52246.55,51332.38,Medium Activity,High Spender
C00850,Lajita Toor,54,Male,Student,38068.0,9,422080.73,46897.86,50715.12,Medium Activity,Medium Spender
C00851,Netra Saxena,50,Female,Accountant,105799.0,5,274039.92,54807.98,53106.43,Low Activity,Low Spender
C00852,Prisha Goswami,26,Female,Software Engineer,116709.0,20,914282.03,45714.1,39570.75,High Activity,High Spender
C00853,Warda Salvi,33,Female,Other,99668.0,6,280411.53,46735.26,42610.13,Low Activity,Low Spender
C00854,Bhavya Nayar,60,Male,Sales Executive,116540.0,8,409814.33,51226.79,57686.24,Low Activity,Low Spender
C00855,Forum Bhatti,58,Female,Doctor,163277.0,11,466718.97,42429.0,26197.38,Medium Activity,Medium Spender
C00856,Zehaan Wable,36,Male,Software Engineer,127488.0,13,601858.16,46296.78,55876.33,Medium Activity,High Spender
C00857,Nakul Johal,22,Male,Farmer,110812.0,15,570912.32,38060.82,25982.05,Medium Activity,High Spender
C00858,Isaac Bala,61,Male,Government Employee,20383.0,12,597976.35,49831.36,50579.16,Medium Activity,High Spender
C00859,Falak Sharma,63,Female,Accountant,47249.0,6,406067.31,67677.88,79773.5,Low Activity,Low Spender
C00860,Balhaar Bhatnagar,34,Male,Student,148982.0,12,800559.66,66713.31,68916.64,Medium Activity,High Spender
C00861,Christopher Mody,24,Male,Accountant,44386.0,15,905358.69,60357.25,72944.46,Medium Activity,High Spender
C00862,Dhriti Sule,23,Male,Farmer,128280.0,16,842489.35,52655.58,63210.22,High Activity,High Spender
C00863,Warjas Bandi,65,Female,Sales Executive,42256.0,7,297355.74,42479.39,37366.42,Low Activity,Low Spender
C00864,Arjun Bava,58,Male,Farmer,54999.0,14,652488.67,46606.33,48575.23,Medium Activity,High Spender
C00865,Harita Panchal,61,Female,Teacher,175161.0,9,485844.63,53982.74,51858.61,Medium Activity,Medium Spender
C00866,Rushil Bains,57,Male,Student,193655.0,8,331408.48,41426.06,49119.66,Low Activity,Low Spender
C00867,Unnati Dada,29,Male,Accountant,88417.0,16,664553.97,41534.62,30778.36,High Activity,High Spender
C00868,Yasti Manda,41,Female,Government Employee,103376.0,18,1039455.21,57747.51,58694.3,High Activity,High Spender
C00869,Meghana Sawhney,49,Female,Doctor,39578.0,9,532719.22,59191.02,72805.96,Medium Activity,Medium Spender
C00870,Raghav Shah,33,Male,Other,48566.0,12,609210.14,50767.51,45283.07,Medium Activity,High Spender
C00871,Banjeet Ram,30,Male,Business Owner,137851.0,12,601916.87,50159.74,49344.5,Medium Activity,High Spender
C00872,Hemang Mani,50,Female,Student,51650.0,9,551321.73,61257.97,60923.43,Medium Activity,Medium Spender
C00873,Teerth Nagar,55,Female,Doctor,138467.0,10,367760.82,36776.08,20005.13,Medium Activity,Low Spender
C00874,Veda Aurora,40,Female,Accountant,51434.0,13,629654.12,48434.93,51641.53,Medium Activity,High Spender
C00875,Devansh Soni,26,Male,Accountant,178152.0,13,511443.06,39341.77,31992.38,Medium Activity,Medium Spender
C00876,Chaitaly Buch,23,Male,Government Employee,58882.0,11,616695.48,56063.23,48983.2,Medium Activity,High Spender
C00877,Baghyawati Kumar,26,Male,Government Employee,123873.0,10,515211.7,51521.17,49452.16,Medium Activity,Medium Spender
C00878,Varenya Master,53,Male,Accountant,88201.0,4,192802.98,48200.74,45845.96,Low Activity,Low Spender
C00879,Mekhala Seth,32,Male,Student,138541.0,14,649481.93,46391.57,36671.72,Medium Activity,High Spender
C00880,Bhavini Deshpande,56,Male,Teacher,141121.0,6,339873.42,56645.57,49246.56,Low Activity,Low Spender
C00881,Raagini Aurora,27,Male,Teacher,23134.0,6,180599.01,30099.84,22912.96,Low Activity,Low Spender
C00882,Janani Mandal,24,Male,Business Owner,71939.0,7,315343.08,45049.01,43194.62,Low Activity,Low Spender
C00883,David Mitter,46,Female,Teacher,172652.0,11,558430.63,50766.42,63757.11,Medium Activity,Medium Spender
C00884,Rishi Saraf,58,Female,Teacher,25714.0,9,310343.76,34482.64,19106.43,Medium Activity,Low Spender
C00885,Ekalinga Memon,25,Male,Sales Executive,53761.0,8,333784.91,41723.11,35760.21,Low Activity,Low Spender
C00886,Shivansh Bhatia,26,Female,Teacher,31192.0,13,771998.72,59384.52,60579.06,Medium Activity,High Spender
C00887,Kavya Thaker,50,Male,Business Owner,170440.0,10,408706.69,40870.67,37108.74,Medium Activity,Low Spender
C00888,Ganga Mangal,48,Female,Sales Executive,27728.0,11,475069.11,43188.1,43503.13,Medium Activity,Medium Spender
C00889,Ridhi Oza,45,Female,Business Owner,112784.0,9,332040.98,36893.44,38550.6,Medium Activity,Low Spender
C00890,Charan Sur,34,Male,Accountant,93362.0,13,551009.76,42385.37,34774.23,Medium Activity,Medium Spender
C00891,Ekansh Bahri,49,Male,Software Engineer,180984.0,11,520963.66,47360.33,43960.36,Medium Activity,Medium Spender
C00892,Neel Krishnan,60,Male,Accountant,150781.0,8,444357.91,55544.74,58396.74,Low Activity,Medium Spender
C00893,Dalaja Salvi,47,Female,Software Engineer,42995.0,6,296995.77,49499.3,41681.21,Low Activity,Low Spender
C00894,Viraj Rajagopal,38,Female,Business Owner,129899.0,10,477484.67,47748.47,48005.24,Medium Activity,Medium Spender
C00895,Dhriti Gulati,33,Male,Farmer,25119.0,20,1013954.0,50697.7,43476.43,High Activity,High Spender
C00896,Yutika Khalsa,45,Female,Sales Executive,162742.0,10,334811.0,33481.1,21075.46,Medium Activity,Low Spender
C00897,Falan Hayer,52,Female,Other,151699.0,8,447022.87,55877.86,64236.98,Low Activity,Medium Spender
C00898,Neelima Bora,41,Female,Accountant,67137.0,12,694241.32,57853.44,58397.67,Medium Activity,High Spender
C00899,Ishita Anand,22,Female,Other,77414.0,8,458535.66,57316.96,58844.0,Low Activity,Medium Spender
C00900,Hritik Pal,22,Female,Software Engineer,143649.0,12,703111.36,58592.61,68326.48,Medium Activity,High Spender
C00901,Raagini Murty,54,Female,Other,81017.0,14,997401.62,71242.97,73300.3,Medium Activity,High Spender
C00902,Hemal Mannan,31,Male,Doctor,192193.0,10,433524.39,43352.44,37050.35,Medium Activity,Medium Spender
C00903,Fiyaz Sachar,36,Female,Farmer,34656.0,11,581943.16,52903.92,55452.55,Medium Activity,High Spender
C00904,Inaya Narang,35,Female,Government Employee,65537.0,13,598163.72,46012.59,51869.84,Medium Activity,High Spender
C00905,Onveer Khare,32,Male,Other,103362.0,10,431023.11,43102.31,39405.55,Medium Activity,Medium Spender
C00906,Vasudha Halder,65,Female,Other,27394.0,9,369478.15,41053.13,37090.59,Medium Activity,Low Spender
C00907,Chanakya Chana,65,Female,Other,167746.0,7,347790.1,49684.3,43376.26,Low Activity,Low Spender
C00908,Aarush Srinivasan,30,Male,Sales Executive,162114.0,7,321692.31,45956.04,39862.97,Low Activity,Low Spender
C00909,Ronith Dasgupta,40,Male,Sales Executive,29951.0,10,511015.84,51101.58,49587.38,Medium Activity,Medium Spender
C00910,Hemang Saini,26,Male,Doctor,177722.0,5,212946.9,42589.38,45452.1,Low Activity,Low Spender
C00911,Samesh Baria,35,Male,Farmer,145301.0,11,499877.92,45443.45,41911.71,Medium Activity,Medium Spender
C00912,Fariq Swamy,21,Female,Other,72812.0,12,610170.69,50847.56,46521.3,Medium Activity,High Spender
C00913,Bachittar Chandran,29,Female,Business Owner,104826.0,11,498994.48,45363.13,49115.67,Medium Activity,Medium Spender
C00914,Vinaya Mitter,24,Male,Business Owner,173776.0,7,329665.81,47095.12,38618.53,Low Activity,Low Spender
C00915,Vidhi Murthy,30,Male,Farmer,115653.0,13,620221.05,47709.31,27749.63,Medium Activity,High Spender
C00916,Banjeet Modi,25,Female,Student,173620.0,8,443763.35,55470.42,56989.26,Low Activity,Medium Spender
C00917,Vidhi Menon,27,Female,Accountant,104568.0,14,632947.48,45210.53,40039.78,Medium Activity,High Spender
C00918,Chaaya Kumer,29,Male,Student,187579.0,16,654160.49,40885.03,39555.01,High Activity,High Spender
C00919,Benjamin Parmer,52,Female,Business Owner,167318.0,3,183755.16,61251.72,71783.21,Low Activity,Low Spender
C00920,Ekanta Bawa,65,Female,Doctor,194465.0,9,568522.39,63169.15,67152.91,Medium Activity,Medium Spender
C00921,Champak Prakash,58,Male,Student,100431.0,9,569605.85,63289.54,51296.19,Medium Activity,High Spender
C00922,Sanaya Agate,65,Female,Business Owner,66585.0,13,570698.53,43899.89,41345.4,Medium Activity,High Spender
C00923,Zinal Mitter,21,Female,Other,28488.0,11,745737.83,67794.35,79977.27,Medium Activity,High Spender
C00924,Hiral Choudhury,32,Female,Other,77906.0,7,363212.71,51887.53,51965.68,Low Activity,Low Spender
C00925,Bhavini Jhaveri,61,Male,Sales Executive,56868.0,5,347227.71,69445.54,77882.26,Low Activity,Low Spender
C00926,Michael Sharma,42,Male,Doctor,110914.0,10,474941.49,47494.15,35215.46,Medium Activity,Medium Spender
C00927,Arya Pandit,41,Male,Teacher,195642.0,6,427020.05,71170.01,69988.73,Low Activity,Medium Spender
C00928,Dayamai Bobal,61,Female,Sales Executive,22987.0,7,371257.44,53036.78,63024.85,Low Activity,Low Spender
C00929,Vinaya Balasubramanian,37,Male,Doctor,37771.0,12,675112.06,56259.34,63551.8,Medium Activity,High Spender
C00930,Dipta Ganesh,43,Female,Teacher,20335.0,8,462748.64,57843.58,56638.96,Low Activity,Medium Spender
C00931,Chakradhar Raja,24,Female,Sales Executive,130009.0,10,484161.16,48416.12,48429.12,Medium Activity,Medium Spender
C00932,Riya Misra,31,Female,Sales Executive,119277.0,6,159875.75,26645.96,22385.74,Low Activity,Low Spender
C00933,Ikshita Walla,43,Female,Teacher,145695.0,13,727703.76,55977.21,64743.13,Medium Activity,High Spender
C00934,Ijaya Tara,57,Male,Business Owner,138302.0,7,195698.83,27956.98,17091.47,Low Activity,Low Spender
C00935,Sai Ram,25,Male,Accountant,25263.0,11,623005.52,56636.87,67959.92,Medium Activity,High Spender
C00936,Krishna Bora,41,Female,Teacher,39451.0,7,361934.52,51704.93,42825.82,Low Activity,Low Spender
C00937,Sathvik Goswami,42,Male,Student,62180.0,17,910179.45,53539.97,56022.82,High Activity,High Spender
C00938,Pallavi Ahuja,25,Male,Government Employee,175721.0,6,435942.73,72657.12,80991.38,Low Activity,Medium Spender
C00939,Udyati Narasimhan,60,Female,Software Engineer,133068.0,13,601704.18,46284.94,48468.47,Medium Activity,High Spender
C00940,Charles Acharya,62,Male,Other,133823.0,8,382248.3,47781.04,42722.32,Low Activity,Low Spender
C00941,Varsha Tailor,31,Male,Teacher,106794.0,5,156938.39,31387.68,12445.5,Low Activity,Low Spender
C00942,Tarak Madan,34,Male,Student,165257.0,7,279237.55,39891.08,30874.67,Low Activity,Low Spender
C00943,Ira Raghavan,55,Female,Accountant,97961.0,13,542720.81,41747.75,34604.13,Medium Activity,Medium Spender
C00944,Aditya Dutt,36,Male,Software Engineer,122996.0,11,551167.48,50106.13,47120.35,Medium Activity,Medium Spender
C00945,Anthony Sahota,57,Female,Business Owner,34288.0,9,509664.87,56629.43,47496.58,Medium Activity,Medium Spender
C00946,Yochana Sibal,44,Male,Student,42971.0,5,250159.36,50031.87,54836.92,Low Activity,Low Spender
C00947,Jason Karpe,39,Female,Doctor,45424.0,10,460609.49,46060.95,56049.92,Medium Activity,Medium Spender
C00948,Abhimanyu Kapadia,22,Male,Business Owner,187297.0,12,891653.17,74304.43,82765.85,Medium Activity,High Spender
C00949,Harita Kibe,39,Male,Sales Executive,50279.0,18,960923.74,53384.65,58121.67,High Activity,High Spender
C00950,Yug Garde,40,Female,Sales Executive,148213.0,6,304361.67,50726.94,56468.0,Low Activity,Low Spender
C00951,Omkaar Tak,63,Female,Teacher,188261.0,7,452355.05,64622.15,70201.71,Low Activity,Medium Spender
C00952,Ekaja Karpe,55,Female,Business Owner,117260.0,10,567839.02,56783.9,64822.26,Medium Activity,Medium Spender
C00953,Upasna Guha,45,Female,Business Owner,136857.0,6,211229.34,35204.89,34753.63,Low Activity,Low Spender
C00954,Nikita Badal,23,Female,Sales Executive,141912.0,6,280688.3,46781.38,32254.01,Low Activity,Low Spender
C00955,Indali Ghose,37,Male,Accountant,167913.0,12,461064.29,38422.02,20592.95,Medium Activity,Medium Spender
C00956,Xalak Din,24,Male,Teacher,42467.0,8,276984.29,34623.04,15505.24,Low Activity,Low Spender
C00957,Tarak Khurana,63,Female,Farmer,128524.0,9,481946.71,53549.63,42626.06,Medium Activity,Medium Spender
C00958,Darsh Shroff,58,Male,Farmer,35986.0,10,553127.93,55312.79,65813.52,Medium Activity,Medium Spender
C00959,Hemani Deo,45,Female,Farmer,144472.0,6,302684.03,50447.34,56651.96,Low Activity,Low Spender
C00960,Manya Baria,57,Male,Sales Executive,98342.0,6,321551.52,53591.92,62989.32,Low Activity,Low Spender
C00961,Zinal Shere,26,Female,Software Engineer,151622.0,13,586081.56,45083.2,42347.44,Medium Activity,High Spender
C00962,Radha Magar,57,Male,Teacher,137713.0,11,498357.67,45305.24,40334.6,Medium Activity,Medium Spender
C00963,Christopher Iyengar,32,Male,Doctor,70521.0,16,856332.2,53520.76,54563.64,High Activity,High Spender
C00964,Lakshit Pathak,29,Male,Student,40543.0,17,958374.74,56374.98,68710.82,High Activity,High Spender
C00965,Umang Jaggi,64,Female,Doctor,184423.0,10,594437.16,59443.72,61128.66,Medium Activity,High Spender
C00966,Sneha Chander,30,Female,Government Employee,37566.0,5,302508.18,60501.64,59187.8,Low Activity,Low Spender
C00967,Kamya Vohra,26,Female,Farmer,124164.0,5,288064.83,57612.97,60865.02,Low Activity,Low Spender
C00968,Advik Pandya,56,Female,Accountant,156233.0,8,224239.65,28029.96,18538.28,Low Activity,Low Spender
C00969,Omya Rastogi,50,Male,Other,174029.0,12,534743.25,44561.94,38230.54,Medium Activity,Medium Spender
C00970,Meghana Wali,54,Female,Teacher,128643.0,10,498538.31,49853.83,51434.76,Medium Activity,Medium Spender
C00971,Zashil Agarwal,30,Male,Other,174123.0,8,349257.18,43657.15,28461.15,Low Activity,Low Spender
C00972,Alka Doshi,58,Male,Teacher,167504.0,11,582146.04,52922.37,48879.4,Medium Activity,High Spender
C00973,Neha Sandal,27,Female,Farmer,110143.0,9,550135.3,61126.14,59818.75,Medium Activity,Medium Spender
C00974,Devika Morar,47,Female,Student,191648.0,11,415007.85,37727.99,29605.72,Medium Activity,Medium Spender
C00975,Vrishti Nanda,52,Female,Software Engineer,65141.0,8,265830.53,33228.82,32408.39,Low Activity,Low Spender
C00976,Aradhana Sule,38,Female,Business Owner,182069.0,8,504355.66,63044.46,68440.71,Low Activity,Medium Spender
C00977,Urishilla Varty,59,Female,Software Engineer,123754.0,7,186012.72,26573.25,19530.26,Low Activity,Low Spender
C00978,Ira Johal,42,Male,Software Engineer,144575.0,11,425259.35,38659.94,32058.74,Medium Activity,Medium Spender
C00979,Nikita Kalla,38,Female,Software Engineer,108569.0,13,668910.02,51454.62,53345.03,Medium Activity,High Spender
C00980,Yatan Tailor,40,Female,Accountant,148875.0,7,253943.0,36277.57,34671.66,Low Activity,Low Spender
C00981,Osha Prabhakar,65,Male,Doctor,55228.0,7,284978.32,40711.19,48590.16,Low Activity,Low Spender
C00982,Hamsini Bhakta,40,Female,Government Employee,90626.0,9,555955.28,61772.81,65875.47,Medium Activity,Medium Spender
C00983,Balvan Barad,47,Male,Doctor,135793.0,11,526823.13,47893.01,45290.81,Medium Activity,Medium Spender
C00984,Charan Sandal,34,Female,Sales Executive,155397.0,13,552210.05,42477.7,35635.03,Medium Activity,Medium Spender
C00985,Yashasvi Yohannan,44,Male,Farmer,61673.0,11,600392.12,54581.1,60597.82,Medium Activity,High Spender
C00986,Aarush Chowdhury,25,Female,Farmer,125744.0,12,594929.28,49577.44,44331.63,Medium Activity,High Spender
C00987,Gopal Thaman,29,Male,Business Owner,70531.0,9,526968.64,58552.07,63494.84,Medium Activity,Medium Spender
C00988,Darika Menon,33,Male,Doctor,28669.0,7,348113.38,49730.48,53001.55,Low Activity,Low Spender
C00989,Ekaja Naidu,50,Male,Government Employee,72195.0,6,356428.03,59404.67,61354.94,Low Activity,Low Spender
C00990,Gaurika Chanda,38,Female,Sales Executive,152415.0,7,250077.97,35725.42,28595.16,Low Activity,Low Spender
C00991,Mugdha Venkataraman,46,Male,Software Engineer,83422.0,13,692040.71,53233.9,50851.19,Medium Activity,High Spender
C00992,Ekansh Ratti,44,Female,Other,136943.0,10,383095.89,38309.59,34717.82,Medium Activity,Low Spender
C00993,Ekaraj Sem,32,Female,Other,164528.0,8,222867.15,27858.39,24022.0,Low Activity,Low Spender
C00994,Janani Varty,43,Female,Business Owner,87806.0,8,324136.08,40517.01,35676.46,Low Activity,Low Spender
C00995,Yamini Chada,65,Male,Accountant,27195.0,5,170918.1,34183.62,37072.73,Low Activity,Low Spender
C00996,Niharika Sathe,45,Male,Business Owner,170014.0,11,481155.38,43741.4,39754.79,Medium Activity,Medium Spender
C00997,Falan Dani,34,Male,Doctor,197653.0,15,670212.13,44680.81,36203.13,Medium Activity,High Spender
C00998,Aarush Madan,34,Female,Student,154553.0,8,485191.96,60649.0,65653.88,Low Activity,Medium Spender
C00999,Manthan Randhawa,22,Male,Sales Executive,54685.0,6,371103.69,61850.62,57701.96,Low Activity,Low Spender
C01000,Aryan Dara,62,Male,Other,22218.0,10,718226.94,71822.69,77703.51,Medium Activity,High Spender
C01001,Qushi Kumer,35,Female,Other,100074.0,8,465892.08,58236.51,61953.14,Low Activity,Medium Spender
C01002,Orinder Comar,62,Female,Student,118690.0,6,206676.59,34446.1,34915.02,Low Activity,Low Spender
C01003,Jeremiah Balay,43,Female,Accountant,77202.0,9,515296.44,57255.16,63345.63,Medium Activity,Medium Spender
C01004,Jackson Dutta,50,Female,Farmer,183474.0,11,484683.22,44062.11,31785.56,Medium Activity,Medium Spender
C01005,Kashish Thakkar,46,Male,Software Engineer,154090.0,7,448009.06,64001.29,68617.42,Low Activity,Medium Spender
C01006,Oviya Balasubramanian,63,Female,Farmer,189696.0,18,822873.32,45715.18,34936.16,High Activity,High Spender
C01007,Naveen Wadhwa,59,Female,Accountant,199414.0,4,216311.02,54077.76,68986.76,Low Activity,Low Spender
C01008,Girish Sane,27,Female,Teacher,108154.0,10,567084.66,56708.47,66353.92,Medium Activity,Medium Spender
C01009,Kalpit Raman,38,Female,Accountant,88458.0,7,299596.48,42799.5,35988.02,Low Activity,Low Spender
C01010,Aarna Borah,62,Female,Doctor,59303.0,15,768031.92,51202.13,46419.52,Medium Activity,High Spender
C01011,Xiti Gopal,54,Male,Software Engineer,177295.0,9,436256.25,48472.92,58698.71,Medium Activity,Medium Spender
C01012,Thomas Jhaveri,46,Female,Business Owner,26672.0,7,355886.32,50840.9,60229.14,Low Activity,Low Spender
C01013,Yashodhara Bawa,62,Female,Accountant,88007.0,7,320149.01,45735.57,46926.64,Low Activity,Low Spender
C01014,Aradhana Khare,47,Female,Student,29258.0,15,806164.42,53744.29,54069.9,Medium Activity,High Spender
C01015,Jeremiah Sami,58,Male,Government Employee,78291.0,8,419997.43,52499.68,54447.79,Low Activity,Medium Spender
C01016,Maya Varghese,64,Female,Government Employee,152989.0,10,414538.41,41453.84,45266.92,Medium Activity,Medium Spender
C01017,Ekbal Mangal,40,Male,Farmer,67483.0,9,537204.09,59689.34,58971.39,Medium Activity,Medium Spender
C01018,Meera Nigam,39,Male,Sales Executive,53539.0,11,505382.38,45943.85,50313.52,Medium Activity,Medium Spender
C01019,Garima Virk,37,Male,Government Employee,191556.0,6,267157.81,44526.3,43854.03,Low Activity,Low Spender
C01020,Yamini Chacko,26,Male,Government Employee,78544.0,11,491839.02,44712.64,53337.81,Medium Activity,Medium Spender
C01021,Vedant Sarna,40,Female,Government Employee,117434.0,10,574263.52,57426.35,55252.84,Medium Activity,High Spender
C01022,Vrishti Bhattacharyya,37,Female,Sales Executive,50875.0,8,458155.35,57269.42,56230.32,Low Activity,Medium Spender
C01023,Madhavi Tiwari,51,Male,Other,172125.0,4,278785.7,69696.42,64278.12,Low Activity,Low Spender
C01024,Chaaya Balakrishnan,60,Male,Sales Executive,70998.0,10,473333.43,47333.34,45741.64,Medium Activity,Medium Spender
C01025,Ria Wable,53,Male,Student,158893.0,6,334913.26,55818.88,65159.82,Low Activity,Low Spender
C01026,Ayushman Hegde,40,Female,Software Engineer,59525.0,8,362708.36,45338.54,41393.24,Low Activity,Low Spender
C01027,Owen Kara,29,Male,Government Employee,127267.0,12,566085.63,47173.8,52572.13,Medium Activity,Medium Spender
C01028,Anthony Parsa,57,Female,Business Owner,102938.0,10,472789.83,47278.98,54512.36,Medium Activity,Medium Spender
C01029,Nilima Saha,32,Male,Sales Executive,107196.0,10,465528.81,46552.88,49006.66,Medium Activity,Medium Spender
C01030,Anya Aggarwal,61,Male,Government Employee,186330.0,9,461756.04,51306.23,54957.2,Medium Activity,Medium Spender
C01031,Yashasvi Vohra,24,Male,Sales Executive,91703.0,8,325656.91,40707.11,41941.32,Low Activity,Low Spender
C01032,Ubika Gill,34,Male,Other,61532.0,8,345484.93,43185.62,28445.95,Low Activity,Low Spender
C01033,Ria Sarkar,52,Male,Business Owner,181082.0,14,673701.96,48121.57,41207.21,Medium Activity,High Spender
C01034,Jatin Khosla,48,Female,Student,132466.0,4,258081.6,64520.4,71990.96,Low Activity,Low Spender
C01035,Bhanumati Goyal,51,Female,Software Engineer,29889.0,8,389543.16,48692.9,45577.72,Low Activity,Low Spender
C01036,Damyanti Sunder,55,Male,Government Employee,23690.0,8,417456.95,52182.12,48889.04,Low Activity,Medium Spender
C01037,Lavanya Bhargava,41,Male,Software Engineer,197405.0,12,636734.93,53061.24,61097.92,Medium Activity,High Spender
C01038,Upkaar Dar,21,Male,Doctor,110269.0,9,643445.27,71493.92,83340.27,Medium Activity,High Spender
C01039,Tanish Das,40,Male,Teacher,120545.0,14,788503.79,56321.7,60182.12,Medium Activity,High Spender
C01040,Ekansh Jayaraman,53,Female,Business Owner,37114.0,12,419365.43,34947.12,28054.78,Medium Activity,Medium Spender
C01041,Yadavi D’Alia,23,Female,Accountant,139518.0,6,217859.21,36309.87,44534.63,Low Activity,Low Spender
C01042,Vedhika Brahmbhatt,54,Female,Student,55072.0,10,570377.59,57037.76,46423.97,Medium Activity,High Spender
C01043,Ijaya Nagar,42,Female,Government Employee,69394.0,7,271427.31,38775.33,49948.95,Low Activity,Low Spender
C01044,Advika Pradhan,31,Female,Software Engineer,79878.0,14,670159.72,47868.55,37605.3,Medium Activity,High Spender
C01045,Christopher Tandon,35,Male,Doctor,25744.0,12,606751.2,50562.6,44928.87,Medium Activity,High Spender
C01046,Nidhi Sarma,58,Male,Teacher,116099.0,12,524181.01,43681.75,34081.59,Medium Activity,Medium Spender
C01047,Neel Jaggi,62,Male,Student,187856.0,11,555115.29,50465.03,50983.98,Medium Activity,Medium Spender
C01048,Rishi Arora,37,Male,Other,32572.0,10,442014.58,44201.46,46209.66,Medium Activity,Medium Spender
C01049,Sai Kurian,63,Male,Software Engineer,32644.0,9,672238.05,74693.12,85824.88,Medium Activity,High Spender
C01050,Gauri Rajan,65,Male,Student,136474.0,8,396358.56,49544.82,46224.07,Low Activity,Low Spender
C01051,Aarnav Kumar,45,Male,Farmer,86253.0,7,169884.92,24269.27,21309.06,Low Activity,Low Spender
C01052,Shaurya Peri,51,Male,Doctor,199762.0,9,459139.91,51015.55,51728.21,Medium Activity,Medium Spender
C01053,Ikbal Patil,61,Male,Accountant,130328.0,10,376855.51,37685.55,46168.2,Medium Activity,Low Spender
C01054,Michael Kamdar,63,Male,Farmer,90772.0,8,298553.11,37319.14,36412.12,Low Activity,Low Spender
C01055,Bakhshi Sastry,60,Male,Student,47502.0,7,241396.25,34485.18,33725.58,Low Activity,Low Spender
C01056,Ayushman Grover,53,Male,Accountant,49887.0,4,183461.38,45865.34,43352.24,Low Activity,Low Spender
C01057,Om Balan,27,Female,Doctor,179646.0,9,454847.51,50538.61,43716.2,Medium Activity,Medium Spender
C01058,Chakradhar Kaur,33,Female,Farmer,72867.0,9,433828.94,48203.22,53155.24,Medium Activity,Medium Spender
C01059,Meera Konda,43,Female,Accountant,62040.0,8,350471.25,43808.91,40191.18,Low Activity,Low Spender
C01060,Pushti Shanker,23,Female,Doctor,146003.0,9,458447.28,50938.59,51835.81,Medium Activity,Medium Spender
C01061,Ansh Chand,42,Male,Software Engineer,23342.0,3,153817.57,51272.52,53658.7,Low Activity,Low Spender
C01062,Abhimanyu Amble,63,Male,Teacher,170510.0,9,548803.02,60978.11,68507.12,Medium Activity,Medium Spender
C01063,Pavani Devi,63,Female,Business Owner,43614.0,15,604418.63,40294.58,41316.25,Medium Activity,High Spender
C01064,Frado Tak,53,Male,Teacher,87080.0,8,468625.18,58578.15,63536.72,Low Activity,Medium Spender
C01065,Vedant Bal,62,Male,Sales Executive,97600.0,10,385574.56,38557.46,36696.3,Medium Activity,Low Spender
C01066,Chaaya Sinha,37,Female,Software Engineer,46164.0,6,407138.62,67856.44,64406.0,Low Activity,Low Spender
C01067,Maya Bhatti,32,Male,Accountant,114428.0,4,263960.41,65990.1,68282.09,Low Activity,Low Spender
C01068,Ishita Pau,64,Female,Student,50382.0,13,867544.95,66734.23,76111.37,Medium Activity,High Spender
C01069,Jackson Datta,27,Male,Software Engineer,56279.0,7,479951.14,68564.45,69425.08,Low Activity,Medium Spender
C01070,Abha Pai,63,Male,Government Employee,113723.0,10,613364.26,61336.43,69527.92,Medium Activity,High Spender
C01071,Anvi Natt,49,Female,Teacher,117680.0,5,344354.88,68870.98,72534.23,Low Activity,Low Spender
C01072,Ishani Sarkar,42,Male,Teacher,125061.0,11,520512.17,47319.29,53896.34,Medium Activity,Medium Spender
C01073,Qushi Deep,46,Female,Accountant,121113.0,10,468642.91,46864.29,51585.83,Medium Activity,Medium Spender
C01074,Vritti Baral,65,Female,Student,190091.0,8,380128.96,47516.12,44970.76,Low Activity,Low Spender
C01075,Simon Chaudhari,31,Male,Business Owner,35373.0,14,766157.92,54725.57,55722.65,Medium Activity,High Spender
C01076,Maya Kibe,31,Male,Student,174861.0,7,280104.01,40014.86,33457.75,Low Activity,Low Spender
C01077,Shravya Sen,51,Female,Business Owner,180254.0,11,698134.64,63466.79,60089.65,Medium Activity,High Spender
C01078,Chandani Chandran,45,Female,Other,27554.0,11,386753.7,35159.43,11663.43,Medium Activity,Low Spender
C01079,Osha Goyal,64,Male,Sales Executive,147958.0,20,932956.32,46647.82,44497.42,High Activity,High Spender
C01080,Falguni Kara,28,Female,Sales Executive,32051.0,8,373016.05,46627.01,43125.56,Low Activity,Low Spender
C01081,Vasana Nagi,25,Female,Government Employee,23240.0,11,676698.49,61518.04,60924.35,Medium Activity,High Spender
C01082,Bhanumati Kala,64,Male,Government Employee,156078.0,11,470131.93,42739.27,33465.61,Medium Activity,Medium Spender
C01083,Rishi Pandey,54,Male,Student,193464.0,11,689766.66,62706.06,67615.8,Medium Activity,High Spender
C01084,Vyanjana Saran,36,Female,Government Employee,193987.0,9,519251.43,57694.6,54351.37,Medium Activity,Medium Spender
C01085,Mahika Chandran,64,Female,Business Owner,166366.0,14,869051.86,62075.13,64756.4,Medium Activity,High Spender
C01086,Dalaja Som,60,Male,Software Engineer,188663.0,7,329885.05,47126.44,44769.27,Low Activity,Low Spender
C01087,Xiti Natt,31,Female,Sales Executive,63359.0,11,590995.35,53726.85,55057.43,Medium Activity,High Spender
C01088,Ryan Sarma,25,Female,Government Employee,83148.0,7,386261.14,55180.16,54811.76,Low Activity,Low Spender
C01089,Advaith Warrior,42,Female,Software Engineer,152888.0,8,429819.36,53727.42,60636.12,Low Activity,Medium Spender
C01090,Ekta Tailor,35,Female,Student,81603.0,8,386520.12,48315.02,43865.73,Low Activity,Low Spender
C01091,Ansh Rege,26,Female,Sales Executive,170217.0,11,460974.49,41906.77,43264.59,Medium Activity,Medium Spender
C01092,Dhriti Narang,49,Male,Sales Executive,137196.0,16,696736.85,43546.05,38777.34,High Activity,High Spender
C01093,Darsh Ray,41,Male,Sales Executive,191277.0,7,386508.13,55215.45,66053.97,Low Activity,Low Spender
C01094,Udyati Pradhan,22,Male,Student,128092.0,8,514301.42,64287.68,69312.1,Low Activity,Medium Spender
C01095,Gautami Jaggi,23,Male,Teacher,178388.0,6,178753.84,29792.31,23375.22,Low Activity,Low Spender
C01096,Hredhaan Mittal,60,Female,Farmer,167412.0,8,454889.37,56861.17,56085.9,Low Activity,Medium Spender
C01097,Agastya Ramachandran,34,Female,Government Employee,115248.0,11,451190.31,41017.3,40055.46,Medium Activity,Medium Spender
C01098,Falan Khosla,24,Male,Sales Executive,107024.0,9,512918.59,56990.95,58201.98,Medium Activity,Medium Spender
C01099,Hemal Raman,56,Female,Government Employee,138628.0,13,583852.16,44911.7,42462.7,Medium Activity,High Spender
C01100,Xalak Rajagopal,28,Male,Doctor,20575.0,4,128181.06,32045.26,22987.68,Low Activity,Low Spender
C01101,Aishani Modi,42,Female,Accountant,163573.0,11,645228.66,58657.15,66605.03,Medium Activity,High Spender
C01102,Kala Aggarwal,54,Female,Teacher,32000.0,8,422777.69,52847.21,59915.47,Low Activity,Medium Spender
C01103,George Sampath,31,Female,Business Owner,127272.0,11,448465.04,40769.55,26428.15,Medium Activity,Medium Spender
C01104,Lucky Golla,27,Female,Other,71359.0,16,571263.9,35703.99,24417.17,High Activity,High Spender
C01105,Sara Nagy,33,Male,Student,76515.0,8,302497.89,37812.24,29112.55,Low Activity,Low Spender
C01106,Ekani Kohli,50,Male,Government Employee,48250.0,16,823340.62,51458.79,45536.39,High Activity,High Spender
C01107,Upma Barad,47,Male,Other,52301.0,10,430254.98,43025.5,42313.42,Medium Activity,Medium Spender
C01108,Yashawini Morar,49,Female,Other,152172.0,13,623690.93,47976.23,61521.25,Medium Activity,High Spender
C01109,Ikshita Magar,29,Female,Software Engineer,159031.0,7,233115.91,33302.27,28484.3,Low Activity,Low Spender
C01110,Geetika Raju,24,Female,Other,146597.0,13,781923.02,60147.92,59527.44,Medium Activity,High Spender
C01111,Zinal De,53,Male,Other,65521.0,5,201154.37,40230.87,41795.9,Low Activity,Low Spender
C01112,Bimala Kumar,29,Male,Student,192365.0,5,265676.15,53135.23,68623.57,Low Activity,Low Spender
C01113,Arin Kala,59,Female,Farmer,120837.0,11,633883.02,57625.73,68802.48,Medium Activity,High Spender
C01114,Meghana Ram,47,Male,Accountant,124299.0,16,735768.01,45985.5,54928.38,High Activity,High Spender
C01115,Lekha Jayaraman,42,Female,Sales Executive,54962.0,7,456986.73,65283.82,74935.37,Low Activity,Medium Spender
C01116,Jhalak Madan,29,Female,Other,154294.0,5,234020.03,46804.01,31713.04,Low Activity,Low Spender
C01117,Veer Dewan,40,Female,Farmer,185827.0,10,498180.63,49818.06,45503.62,Medium Activity,Medium Spender
C01118,Ishanvi Narang,34,Male,Doctor,183621.0,11,635494.45,57772.22,58742.01,Medium Activity,High Spender
C01119,Yahvi Cherian,39,Female,Business Owner,190416.0,8,365363.33,45670.42,40849.91,Low Activity,Low Spender
C01120,Mitesh Narasimhan,32,Female,Teacher,112337.0,9,402286.81,44698.53,43291.44,Medium Activity,Low Spender
C01121,Bina Kala,56,Female,Other,169589.0,8,239442.87,29930.36,22500.81,Low Activity,Low Spender
C01122,Ishaan Narasimhan,63,Female,Farmer,94954.0,8,383648.43,47956.05,49311.31,Low Activity,Low Spender
C01123,Omaja Sarma,48,Male,Farmer,47910.0,13,813987.96,62614.46,74374.86,Medium Activity,High Spender
C01124,Riya Jaggi,22,Female,Business Owner,33910.0,11,488271.06,44388.28,54142.39,Medium Activity,Medium Spender
C01125,Agastya Sunder,63,Male,Doctor,89986.0,7,356436.19,50919.46,44943.35,Low Activity,Low Spender
C01126,Charles Chacko,31,Female,Accountant,58385.0,11,515521.97,46865.63,38409.95,Medium Activity,Medium Spender
C01127,Anusha Salvi,24,Female,Doctor,161865.0,10,502821.63,50282.16,63416.08,Medium Activity,Medium Spender
C01128,Bhavika Karnik,23,Female,Sales Executive,46864.0,7,431295.8,61613.69,70343.52,Low Activity,Medium Spender
C01129,Nikita Sathe,60,Male,Farmer,121944.0,11,620742.85,56431.17,66773.33,Medium Activity,High Spender
C01130,Jason Bera,36,Female,Software Engineer,120029.0,10,643066.9,64306.69,71065.46,Medium Activity,High Spender
C01131,Yatin Sarma,45,Female,Government Employee,164736.0,10,435043.35,43504.34,41675.93,Medium Activity,Medium Spender
C01132,Isaac Prakash,24,Male,Accountant,73238.0,11,370386.19,33671.47,29321.66,Medium Activity,Low Spender
C01133,Faraj Varty,60,Female,Doctor,186143.0,9,360178.86,40019.87,21537.48,Medium Activity,Low Spender
C01134,Yachana Tata,62,Female,Other,163291.0,8,392485.55,49060.69,51015.54,Low Activity,Low Spender
C01135,Gayathri Sampath,59,Male,Doctor,97116.0,15,710093.13,47339.54,45138.64,Medium Activity,High Spender
C01136,Guneet Bahri,49,Male,Teacher,69014.0,12,606777.03,50564.75,55551.99,Medium Activity,High Spender
C01137,Wridesh Minhas,32,Male,Student,30652.0,9,463163.39,51462.6,38471.11,Medium Activity,Medium Spender
C01138,Hritik Kumer,48,Female,Farmer,89268.0,14,641734.29,45838.16,47904.78,Medium Activity,High Spender
C01139,Anusha Krishnamurthy,29,Male,Other,86850.0,7,393576.39,56225.2,62569.99,Low Activity,Low Spender
C01140,Amara Nori,21,Female,Sales Executive,60581.0,8,532372.41,66546.55,69022.44,Low Activity,Medium Spender
C01141,Oscar Bahl,23,Male,Government Employee,176468.0,9,454232.32,50470.26,66171.55,Medium Activity,Medium Spender
C01142,Hredhaan Kibe,24,Female,Sales Executive,170123.0,9,337730.13,37525.57,27700.12,Medium Activity,Low Spender
C01143,Suhani Bassi,56,Female,Teacher,103324.0,14,726370.99,51883.64,53344.2,Medium Activity,High Spender
C01144,Rachana Karnik,54,Male,Business Owner,156473.0,10,469498.61,46949.86,42276.22,Medium Activity,Medium Spender
C01145,Mason Mishra,25,Male,Student,162365.0,9,514700.5,57188.94,54408.12,Medium Activity,Medium Spender
C01146,Ria Kari,55,Female,Teacher,111593.0,9,381559.61,42395.51,25749.63,Medium Activity,Low Spender
C01147,Anvi Lal,35,Male,Government Employee,106787.0,6,360360.88,60060.15,56643.65,Low Activity,Low Spender
C01148,Rehaan Subramaniam,44,Female,Doctor,182078.0,8,423357.9,52919.74,53202.36,Low Activity,Medium Spender
C01149,Henry Guha,54,Female,Farmer,190210.0,13,621183.78,47783.37,57102.04,Medium Activity,High Spender
C01150,Ayaan Hegde,21,Male,Government Employee,136828.0,10,447081.8,44708.18,37421.06,Medium Activity,Medium Spender
C01151,Diya Patla,36,Male,Software Engineer,198926.0,13,750218.0,57709.08,60319.54,Medium Activity,High Spender
C01152,Advaith Om,41,Female,Teacher,121155.0,11,566773.2,51524.84,48282.63,Medium Activity,Medium Spender
C01153,Samar Deshmukh,37,Female,Software Engineer,155493.0,12,582582.66,48548.56,58017.16,Medium Activity,High Spender
C01154,Idika Minhas,44,Female,Sales Executive,31495.0,14,656699.5,46907.11,35527.37,Medium Activity,High Spender
C01155,Krishna Barad,39,Male,Government Employee,154714.0,18,761124.59,42284.7,33034.85,High Activity,High Spender
C01156,Amrita Kurian,26,Male,Business Owner,161026.0,10,722945.58,72294.56,85184.95,Medium Activity,High Spender
C01157,Anay Chaudhry,55,Male,Teacher,75255.0,10,558729.35,55872.94,73052.16,Medium Activity,Medium Spender
C01158,Lavanya Mishra,63,Male,Student,47243.0,13,507542.03,39041.69,26658.35,Medium Activity,Medium Spender
C01159,Benjamin Mahajan,34,Female,Teacher,199842.0,18,616452.6,34247.37,29717.43,High Activity,High Spender
C01160,Dhruv Chand,30,Male,Sales Executive,106957.0,16,957261.08,59828.82,71927.03,High Activity,High Spender
C01161,Rachita Contractor,23,Male,Teacher,34226.0,11,658350.42,59850.04,55913.71,Medium Activity,High Spender
C01162,Nikita Sankar,32,Female,Farmer,38465.0,18,769435.69,42746.43,45910.18,High Activity,High Spender
C01163,Dhriti Agarwal,57,Male,Accountant,126858.0,10,415733.02,41573.3,47377.58,Medium Activity,Medium Spender
C01164,Peter Shan,45,Female,Student,133514.0,9,624205.89,69356.21,74792.6,Medium Activity,High Spender
C01165,Darpan Sha,41,Male,Student,196501.0,11,546301.76,49663.8,49046.07,Medium Activity,Medium Spender
C01166,Patrick Krishna,28,Male,Other,36577.0,11,645625.62,58693.24,65487.81,Medium Activity,High Spender
C01167,Jacob Bobal,58,Male,Teacher,113768.0,12,780884.8,65073.73,74497.0,Medium Activity,High Spender
C01168,Radhika Sethi,53,Male,Accountant,199798.0,6,312781.52,52130.25,52053.46,Low Activity,Low Spender
C01169,Kala Parekh,40,Male,Accountant,134734.0,10,518606.19,51860.62,57282.42,Medium Activity,Medium Spender
C01170,Ekavir Lala,45,Female,Software Engineer,144253.0,17,804990.81,47352.4,43479.72,High Activity,High Spender
C01171,Kashvi Hayre,31,Male,Business Owner,122496.0,7,446221.58,63745.94,54714.18,Low Activity,Medium Spender
C01172,Aadhya Sur,55,Female,Business Owner,98133.0,14,764373.33,54598.09,57177.04,Medium Activity,High Spender
C01173,Aarav Ghosh,64,Female,Software Engineer,165103.0,11,507853.72,46168.52,56083.43,Medium Activity,Medium Spender
C01174,Gunbir Bumb,56,Male,Teacher,30950.0,7,331336.86,47333.84,41027.97,Low Activity,Low Spender
C01175,Oni Parmar,21,Female,Farmer,163530.0,10,333778.39,33377.84,22621.65,Medium Activity,Low Spender
C01176,Hiral Bobal,26,Female,Doctor,110138.0,5,274892.4,54978.48,43745.06,Low Activity,Low Spender
C01177,Ayushman Mahajan,34,Female,Farmer,57343.0,5,239606.48,47921.3,45449.46,Low Activity,Low Spender
C01178,Hardik Bhalla,31,Male,Doctor,181712.0,14,689793.29,49270.95,48792.98,Medium Activity,High Spender
C01179,Vansha Sibal,37,Male,Teacher,67541.0,6,274533.23,45755.54,42351.25,Low Activity,Low Spender
C01180,Advika Mall,63,Male,Farmer,140917.0,10,548433.15,54843.32,40783.38,Medium Activity,Medium Spender
C01181,Baghyawati Wagle,62,Male,Accountant,196078.0,7,237002.4,33857.49,39795.04,Low Activity,Low Spender
C01182,Ekanta Randhawa,25,Female,Teacher,71751.0,10,502146.89,50214.69,56876.26,Medium Activity,Medium Spender
C01183,Ekta Bhardwaj,58,Female,Government Employee,113621.0,11,396563.6,36051.24,24228.6,Medium Activity,Low Spender
C01184,Diya Salvi,29,Male,Teacher,94746.0,11,555596.36,50508.76,49038.64,Medium Activity,Medium Spender
C01185,Chaitaly Lalla,60,Male,Doctor,103305.0,10,700165.21,70016.52,85687.43,Medium Activity,High Spender
C01186,Henry Rai,52,Female,Government Employee,181570.0,7,321372.1,45910.3,36520.18,Low Activity,Low Spender
C01187,Chakrika Bhagat,63,Female,Other,59949.0,10,486560.57,48656.06,35046.41,Medium Activity,Medium Spender
C01188,Dhriti Majumdar,57,Female,Government Employee,132278.0,13,818321.47,62947.81,62421.63,Medium Activity,High Spender
C01189,Gayathri Kade,31,Male,Government Employee,84533.0,9,267886.0,29765.11,29165.84,Medium Activity,Low Spender
C01190,Charvi Balasubramanian,35,Female,Accountant,114237.0,11,520591.1,47326.46,48086.01,Medium Activity,Medium Spender
C01191,Wazir Baral,29,Female,Sales Executive,141332.0,11,357949.33,32540.85,31852.04,Medium Activity,Low Spender
C01192,Anmol Sehgal,49,Female,Accountant,147656.0,8,381032.93,47629.12,50159.52,Low Activity,Low Spender
C01193,Ayushman Gopal,56,Male,Business Owner,189227.0,7,401850.23,57407.18,61495.3,Low Activity,Low Spender
C01194,Chanakya Chadha,59,Male,Accountant,56700.0,14,923725.38,65980.38,67494.16,Medium Activity,High Spender
C01195,Xiti Pandya,55,Male,Accountant,184264.0,12,750026.09,62502.17,62686.88,Medium Activity,High Spender
C01196,Arin Khurana,25,Male,Software Engineer,152953.0,14,604606.34,43186.17,28895.54,Medium Activity,High Spender
C01197,Bina Mani,61,Male,Other,171755.0,8,381936.94,47742.12,53323.92,Low Activity,Low Spender
C01198,Anamika Sharaf,46,Male,Software Engineer,164597.0,7,386517.68,55216.81,51310.9,Low Activity,Low Spender
C01199,Nathan Jayaraman,37,Female,Business Owner,115897.0,12,526355.53,43862.96,44620.17,Medium Activity,Medium Spender
C01200,Girik Pai,46,Male,Other,96283.0,10,497053.68,49705.37,52191.92,Medium Activity,Medium Spender
C01201,Leena Sanghvi,29,Female,Farmer,153801.0,13,504954.55,38842.66,29880.54,Medium Activity,Medium Spender
C01202,Dev Chaudhuri,26,Female,Government Employee,151640.0,11,570877.89,51897.99,52505.99,Medium Activity,High Spender
C01203,Anita Wason,21,Male,Other,199348.0,13,597468.28,45959.1,49776.87,Medium Activity,High Spender
C01204,Isaac Prakash,31,Male,Sales Executive,61739.0,11,551472.9,50133.9,45088.97,Medium Activity,Medium Spender
C01205,Ayush Bhatia,32,Male,Sales Executive,114056.0,7,283005.54,40429.36,32884.93,Low Activity,Low Spender
C01206,Viraj Puri,23,Male,Sales Executive,80751.0,14,750088.11,53577.72,53507.18,Medium Activity,High Spender
C01207,Warjas Dewan,25,Female,Government Employee,81346.0,10,539490.84,53949.08,56186.68,Medium Activity,Medium Spender
C01208,Chaman Yohannan,23,Male,Farmer,114699.0,10,449387.85,44938.78,33075.9,Medium Activity,Medium Spender
C01209,Jyoti Nair,45,Female,Sales Executive,32173.0,11,594152.65,54013.88,60236.22,Medium Activity,High Spender
C01210,Zarna Tank,23,Female,Teacher,156674.0,10,620670.77,62067.08,62917.06,Medium Activity,High Spender
C01211,Balhaar Saini,61,Female,Accountant,171684.0,12,718394.07,59866.17,58245.05,Medium Activity,High Spender
C01212,Adweta Narayanan,55,Male,Student,191357.0,5,229463.29,45892.66,54637.66,Low Activity,Low Spender
C01213,Chanakya Deep,45,Female,Other,191268.0,12,588376.05,49031.34,46685.44,Medium Activity,High Spender
C01214,Osha Guha,25,Female,Student,78431.0,8,288110.95,36013.87,30494.38,Low Activity,Low Spender
C01215,Ishita Bhalla,54,Female,Government Employee,110448.0,10,615216.38,61521.64,78986.02,Medium Activity,High Spender
C01216,Shaurya Chawla,52,Female,Other,21729.0,7,356273.49,50896.21,39796.59,Low Activity,Low Spender
C01217,Banjeet Nayak,53,Male,Sales Executive,63412.0,8,252701.13,31587.64,24559.06,Low Activity,Low Spender
C01218,Neha Mall,35,Male,Farmer,188683.0,7,274997.86,39285.41,36799.62,Low Activity,Low Spender
C01219,Maanav Minhas,38,Male,Business Owner,68996.0,13,727968.31,55997.56,57702.79,Medium Activity,High Spender
C01220,Ronith Prabhu,31,Female,Other,51019.0,6,292779.33,48796.55,45846.08,Low Activity,Low Spender
C01221,Odika Narasimhan,63,Male,Student,106566.0,10,438889.08,43888.91,46671.54,Medium Activity,Medium Spender
C01222,Fiyaz Kant,28,Female,Sales Executive,145572.0,7,191428.25,27346.89,21784.73,Low Activity,Low Spender
C01223,Max Krishnan,34,Male,Student,25884.0,8,314843.94,39355.49,36132.99,Low Activity,Low Spender
C01224,Urvashi Rana,36,Male,Business Owner,170336.0,10,398990.27,39899.03,37033.18,Medium Activity,Low Spender
C01225,Imaran Chaudhary,58,Male,Business Owner,185030.0,6,358982.97,59830.5,47379.04,Low Activity,Low Spender
C01226,Alka Dugar,53,Male,Other,58499.0,10,278694.53,27869.45,22279.12,Medium Activity,Low Spender
C01227,Zayyan Comar,24,Male,Accountant,67195.0,10,396262.0,39626.2,33626.27,Medium Activity,Low Spender
C01228,Eesha Badal,54,Female,Other,167745.0,7,313384.1,44769.16,51067.32,Low Activity,Low Spender
C01229,Omkaar Balan,61,Male,Accountant,42478.0,9,450945.7,50105.08,52810.89,Medium Activity,Medium Spender
C01230,Logan Kari,34,Female,Other,143578.0,9,337205.34,37467.26,20877.12,Medium Activity,Low Spender
C01231,Mahika Dash,51,Male,Doctor,127680.0,5,180649.88,36129.98,29547.53,Low Activity,Low Spender
C01232,Darika Kapur,59,Male,Other,67679.0,12,668460.82,55705.07,62744.32,Medium Activity,High Spender
C01233,Ekaja Narayanan,60,Female,Business Owner,199723.0,9,569454.6,63272.73,73896.86,Medium Activity,High Spender
C01234,Xalak Singh,42,Female,Other,174821.0,11,538652.28,48968.39,64242.73,Medium Activity,Medium Spender
C01235,Matthew Goswami,25,Male,Student,121046.0,12,625685.99,52140.5,58262.6,Medium Activity,High Spender
C01236,Falak Ganesan,29,Male,Software Engineer,73044.0,8,306234.95,38279.37,35215.08,Low Activity,Low Spender
C01237,Dominic Bail,54,Female,Business Owner,178731.0,10,569005.28,56900.53,66068.45,Medium Activity,High Spender
C01238,Madhav Barman,27,Male,Sales Executive,181152.0,13,806814.58,62062.66,60082.49,Medium Activity,High Spender
C01239,Aahana Kaul,59,Male,Farmer,151944.0,9,475775.77,52863.97,53775.78,Medium Activity,Medium Spender
C01240,Jacob Zachariah,28,Male,Sales Executive,192855.0,13,726341.44,55872.42,53551.4,Medium Activity,High Spender
C01241,Luke Prakash,29,Male,Student,156850.0,9,386199.98,42911.11,36580.01,Medium Activity,Low Spender
C01242,Yauvani Sarin,47,Female,Software Engineer,158888.0,9,307694.33,34188.26,39523.65,Medium Activity,Low Spender
C01243,Jack Sundaram,48,Male,Sales Executive,119938.0,13,667679.12,51359.93,55109.48,Medium Activity,High Spender
C01244,Amruta Iyer,43,Male,Student,55096.0,8,447207.2,55900.9,58609.75,Low Activity,Medium Spender
C01245,Vasudha Acharya,37,Female,Doctor,41972.0,9,416220.97,46246.77,38583.6,Medium Activity,Medium Spender
C01246,Alexander Soman,39,Female,Accountant,69550.0,7,367943.92,52563.42,65084.25,Low Activity,Low Spender
C01247,Vasana Ahuja,21,Male,Other,156980.0,13,762932.32,58687.1,77094.11,Medium Activity,High Spender
C01248,Praneel Bedi,28,Male,Student,191585.0,12,614035.74,51169.64,61223.77,Medium Activity,High Spender
C01249,Anjali Bajwa,34,Female,Student,114966.0,8,360455.42,45056.93,46997.22,Low Activity,Low Spender
C01250,Reyansh D’Alia,27,Male,Student,190806.0,8,322859.33,40357.42,37948.16,Low Activity,Low Spender
C01251,Manan Bail,58,Female,Accountant,160536.0,5,415583.79,83116.76,85426.9,Low Activity,Medium Spender
C01252,Sathvik Anand,48,Female,Other,92236.0,15,708536.77,47235.78,40069.58,Medium Activity,High Spender
C01253,Bhavika Sagar,64,Female,Doctor,128325.0,10,509228.59,50922.86,59528.42,Medium Activity,Medium Spender
C01254,Krish Parsa,56,Female,Business Owner,117049.0,4,207105.56,51776.39,45911.74,Low Activity,Low Spender
C01255,Xalak Oommen,56,Female,Accountant,100387.0,7,405583.56,57940.51,48048.52,Low Activity,Low Spender
C01256,Triya Sarkar,57,Female,Student,56193.0,9,467040.21,51893.36,51609.34,Medium Activity,Medium Spender
C01257,Bhavya Kurian,63,Male,Doctor,137072.0,9,407895.39,45321.71,42542.43,Medium Activity,Low Spender
C01258,Hitesh Bhandari,65,Male,Teacher,76218.0,9,517598.05,57510.89,70552.43,Medium Activity,Medium Spender
C01259,Kiaan Mutti,53,Female,Government Employee,164330.0,8,332365.78,41545.72,42387.22,Low Activity,Low Spender
C01260,Vasatika Garg,60,Male,Business Owner,122001.0,14,640498.44,45749.89,40660.32,Medium Activity,High Spender
C01261,Yachana Garg,61,Male,Teacher,58096.0,6,424421.25,70736.88,77273.01,Low Activity,Medium Spender
C01262,Onveer Ghose,51,Female,Teacher,36798.0,11,757611.94,68873.81,68033.47,Medium Activity,High Spender
C01263,Vinaya Agrawal,37,Male,Government Employee,40981.0,11,603641.54,54876.5,55397.33,Medium Activity,High Spender
C01264,Bhavini Nagi,59,Male,Student,125026.0,13,606045.54,46618.89,32067.59,Medium Activity,High Spender
C01265,Hitesh Loke,60,Female,Other,35063.0,10,390092.48,39009.25,37012.09,Medium Activity,Low Spender
C01266,Wishi Tripathi,32,Female,Sales Executive,22807.0,9,532511.91,59167.99,62518.56,Medium Activity,Medium Spender
C01267,Nimrat Dixit,33,Female,Doctor,28810.0,11,502684.55,45698.6,40266.35,Medium Activity,Medium Spender
C01268,Tristan Warrior,59,Male,Other,64428.0,12,645980.59,53831.72,59903.44,Medium Activity,High Spender
C01269,Warjas Aggarwal,64,Male,Government Employee,82719.0,12,663741.92,55311.83,57459.78,Medium Activity,High Spender
C01270,Jagat Sur,62,Male,Business Owner,42765.0,13,690867.54,53143.66,59606.28,Medium Activity,High Spender
C01271,Mitali Kunda,38,Female,Government Employee,195547.0,5,360867.56,72173.51,64308.33,Low Activity,Low Spender
C01272,Qabil Gulati,46,Female,Other,72510.0,12,721371.13,60114.26,69485.27,Medium Activity,High Spender
C01273,Triya Shan,54,Male,Teacher,43636.0,10,476016.98,47601.7,52827.08,Medium Activity,Medium Spender
C01274,Abha Chaudhari,56,Female,Farmer,172812.0,9,398424.03,44269.34,40924.97,Medium Activity,Low Spender
C01275,Bahadurjit Kar,43,Female,Accountant,79322.0,12,576338.54,48028.21,49722.01,Medium Activity,High Spender
C01276,Leela Dey,59,Male,Sales Executive,125894.0,15,814987.09,54332.47,56506.87,Medium Activity,High Spender
C01277,Nidra Gupta,57,Male,Accountant,65884.0,11,590143.16,53649.38,61271.27,Medium Activity,High Spender
C01278,Meera Rout,47,Male,Farmer,38975.0,11,581218.6,52838.05,53071.25,Medium Activity,High Spender
C01279,Umang Randhawa,53,Female,Government Employee,50673.0,11,540186.04,49107.82,54183.78,Medium Activity,Medium Spender
C01280,Agastya Hayer,53,Female,Farmer,170704.0,17,928459.66,54615.27,56756.62,High Activity,High Spender
C01281,Eesha Nath,37,Female,Student,167631.0,15,667480.02,44498.67,45868.72,Medium Activity,High Spender
C01282,Adweta Agrawal,51,Male,Government Employee,140284.0,13,618240.9,47556.99,46060.6,Medium Activity,High Spender
C01283,Hitesh Barad,64,Female,Other,27169.0,11,540921.24,49174.66,45057.16,Medium Activity,Medium Spender
C01284,Raagini Sodhi,51,Male,Accountant,37708.0,16,763187.12,47699.2,43437.88,High Activity,High Spender
C01285,Ekansh Sheth,45,Male,Doctor,102766.0,9,508698.65,56522.07,49867.49,Medium Activity,Medium Spender
C01286,Aashi Kota,47,Female,Farmer,160417.0,9,395356.0,43928.44,38831.64,Medium Activity,Low Spender
C01287,Gagan Sarin,21,Female,Doctor,95311.0,11,520728.3,47338.94,52063.56,Medium Activity,Medium Spender
C01288,Varenya Sarkar,26,Female,Government Employee,39930.0,11,484970.57,44088.23,40917.47,Medium Activity,Medium Spender
C01289,Reyansh Seth,56,Male,Sales Executive,102279.0,13,521807.1,40139.01,40025.4,Medium Activity,Medium Spender
C01290,Devansh Kar,43,Male,Other,90536.0,7,308242.44,44034.63,49679.32,Low Activity,Low Spender
C01291,Praneel Kaur,32,Male,Sales Executive,72341.0,9,491286.92,54587.44,59931.27,Medium Activity,Medium Spender
C01292,Girish Kaul,36,Male,Accountant,74205.0,9,246919.12,27435.46,20194.27,Medium Activity,Low Spender
C01293,Praneel Edwin,35,Male,Doctor,182161.0,14,408842.33,29203.02,21709.12,Medium Activity,Low Spender
C01294,Brinda Tak,43,Male,Teacher,51425.0,13,593599.71,45661.52,43068.11,Medium Activity,High Spender
C01295,Arunima Muni,26,Female,Other,21736.0,10,440340.64,44034.06,46907.11,Medium Activity,Medium Spender
C01296,William Sahota,55,Male,Sales Executive,117306.0,8,500159.85,62519.98,54235.15,Low Activity,Medium Spender
C01297,Ubika Sarna,60,Female,Sales Executive,170606.0,13,721460.36,55496.95,59763.68,Medium Activity,High Spender
C01298,Idika Varkey,38,Female,Business Owner,153990.0,10,423398.96,42339.9,42446.68,Medium Activity,Medium Spender
C01299,Amara Date,38,Female,Doctor,171169.0,7,345448.71,49349.82,50930.7,Low Activity,Low Spender
C01300,Yasti Jani,29,Male,Farmer,130933.0,2,9785.87,4892.93,4892.93,Low Activity,Low Spender
C01301,Chatresh Goel,51,Male,Farmer,111039.0,7,254984.04,36426.29,46041.03,Low Activity,Low Spender
C01302,Yash Bhatnagar,46,Male,Sales Executive,51553.0,9,622915.82,69212.87,63822.32,Medium Activity,High Spender
C01303,Chaitanya Goel,65,Female,Government Employee,22206.0,10,633896.52,63389.65,66683.05,Medium Activity,High Spender
C01304,Vedhika Batta,21,Male,Student,172307.0,2,119133.36,59566.68,59566.68,Low Activity,Low Spender
C01305,Anjali Rajagopalan,27,Female,Government Employee,180636.0,13,763031.74,58694.75,60994.65,Medium Activity,High Spender
C01306,Sanaya Dhar,37,Male,Farmer,88904.0,8,421809.48,52726.18,60651.92,Low Activity,Medium Spender
C01307,Qadim Ramakrishnan,36,Female,Sales Executive,180716.0,8,341340.47,42667.56,48651.85,Low Activity,Low Spender
C01308,Tanvi Wadhwa,42,Female,Business Owner,150749.0,8,477571.24,59696.4,76496.87,Low Activity,Medium Spender
C01309,Nirja Srivastava,48,Male,Student,117598.0,5,207501.43,41500.29,21886.44,Low Activity,Low Spender
C01310,Ubika Raghavan,44,Female,Accountant,138155.0,10,541526.68,54152.67,61851.16,Medium Activity,Medium Spender
C01311,Kai Mohanty,32,Male,Other,199833.0,11,635806.84,57800.62,61804.05,Medium Activity,High Spender
C01312,Farhan Savant,35,Male,Accountant,81814.0,9,595470.89,66163.43,70360.82,Medium Activity,High Spender
C01313,Yutika Narayan,56,Female,Student,71396.0,16,772468.15,48279.26,40505.82,High Activity,High Spender
C01314,Omisha Sachar,30,Male,Sales Executive,22553.0,8,475108.43,59388.55,57047.86,Low Activity,Medium Spender
C01315,Vinaya Dutt,32,Female,Sales Executive,55250.0,15,705888.61,47059.24,43357.22,Medium Activity,High Spender
C01316,Arin Shetty,61,Female,Sales Executive,98652.0,11,446274.65,40570.42,42610.12,Medium Activity,Medium Spender
C01317,Reva Patil,37,Male,Student,45945.0,7,374315.09,53473.58,54260.26,Low Activity,Low Spender
C01318,Sanya Jaggi,65,Male,Software Engineer,76483.0,6,191025.9,31837.65,31035.04,Low Activity,Low Spender
C01319,Charvi Chander,37,Female,Teacher,137926.0,8,326213.62,40776.7,43476.08,Low Activity,Low Spender
C01320,Agastya Gala,42,Female,Government Employee,114452.0,9,544468.57,60496.51,69473.97,Medium Activity,Medium Spender
C01321,Lopa Ramakrishnan,56,Female,Government Employee,25199.0,8,443426.46,55428.31,49392.16,Low Activity,Medium Spender
C01322,Lopa Sane,47,Male,Government Employee,198149.0,8,358814.96,44851.87,37276.67,Low Activity,Low Spender
C01323,Ishaan Gandhi,59,Male,Other,170967.0,11,746461.48,67860.13,73292.13,Medium Activity,High Spender
C01324,Rushil Narula,62,Male,Accountant,113089.0,4,179166.11,44791.53,49013.46,Low Activity,Low Spender
C01325,Udant Mane,41,Female,Sales Executive,40554.0,8,334837.8,41854.72,35567.06,Low Activity,Low Spender
C01326,Yashoda Wali,45,Female,Sales Executive,185599.0,12,826368.51,68864.04,73694.26,Medium Activity,High Spender
C01327,Watika Ganguly,30,Male,Government Employee,130576.0,8,405639.74,50704.97,47112.27,Low Activity,Low Spender
C01328,Vamakshi Varkey,61,Female,Teacher,40738.0,8,472500.7,59062.59,64391.43,Low Activity,Medium Spender
C01329,Anvi Bhatia,31,Female,Doctor,102177.0,11,477762.55,43432.96,52812.96,Medium Activity,Medium Spender
C01330,Laksh Gera,41,Female,Accountant,178698.0,8,308924.94,38615.62,23767.56,Low Activity,Low Spender
C01331,Pooja Sha,62,Female,Accountant,136627.0,12,391910.41,32659.2,20804.05,Medium Activity,Low Spender
C01332,Girik Johal,44,Female,Student,63861.0,6,235103.96,39183.99,23294.89,Low Activity,Low Spender
C01333,Peter Sem,32,Male,Business Owner,81506.0,7,325617.61,46516.8,44014.04,Low Activity,Low Spender
C01334,Orinder Gill,63,Female,Teacher,75200.0,7,329793.04,47113.29,45494.73,Low Activity,Low Spender
C01335,Indrajit Chacko,31,Female,Teacher,45048.0,9,406644.7,45182.74,40715.46,Medium Activity,Low Spender
C01336,Gaurav Tella,25,Female,Farmer,34110.0,15,700352.62,46690.17,56720.66,Medium Activity,High Spender
C01337,Aarna Kaur,22,Female,Farmer,41823.0,7,338164.39,48309.2,70285.25,Low Activity,Low Spender
C01338,Ria Wali,27,Female,Other,60704.0,13,506819.47,38986.11,34614.09,Medium Activity,Medium Spender
C01339,Vaishnavi Banik,26,Female,Accountant,80124.0,8,388320.98,48540.12,57661.77,Low Activity,Low Spender
C01340,Kashish Chowdhury,36,Female,Sales Executive,184228.0,9,533625.98,59291.78,64685.61,Medium Activity,Medium Spender
C01341,Gaurika Mammen,29,Male,Farmer,64723.0,9,439746.14,48860.68,48494.22,Medium Activity,Medium Spender
C01342,David Chawla,22,Male,Government Employee,105249.0,6,294673.96,49112.33,50168.94,Low Activity,Low Spender
C01343,Adweta Bhasin,51,Female,Farmer,91411.0,14,585104.1,41793.15,31332.05,Medium Activity,High Spender
C01344,Rohan Viswanathan,56,Female,Business Owner,161371.0,10,332394.96,33239.5,40032.97,Medium Activity,Low Spender
C01345,Wakeeta Mukherjee,32,Female,Other,134026.0,9,445075.32,49452.81,42087.57,Medium Activity,Medium Spender
C01346,Vivaan Chaudry,54,Female,Government Employee,146262.0,16,890572.51,55660.78,52131.18,High Activity,High Spender
C01347,Zarna Chatterjee,55,Male,Teacher,135831.0,8,479599.53,59949.94,66868.09,Low Activity,Medium Spender
C01348,Neel Sule,40,Female,Student,88106.0,8,268472.42,33559.05,35413.75,Low Activity,Low Spender
C01349,Adweta Mukhopadhyay,30,Female,Software Engineer,20024.0,9,431391.89,47932.43,64158.97,Medium Activity,Medium Spender
C01350,Dhriti Sawhney,54,Male,Government Employee,95173.0,8,403952.69,50494.09,47538.62,Low Activity,Low Spender
C01351,Alka Pal,51,Male,Sales Executive,145060.0,9,425504.67,47278.3,40479.45,Medium Activity,Medium Spender
C01352,Rishi Bora,40,Male,Student,96787.0,12,639361.86,53280.16,54923.68,Medium Activity,High Spender
C01353,Nidhi Mangal,59,Male,Software Engineer,163710.0,11,264399.8,24036.35,15802.84,Medium Activity,Low Spender
C01354,Saanvi Raj,44,Male,Student,166945.0,10,386397.76,38639.78,39056.91,Medium Activity,Low Spender
C01355,Amaira Rattan,48,Female,Doctor,62800.0,16,1033343.05,64583.94,63977.38,High Activity,High Spender
C01356,Niharika Kara,62,Female,Student,77826.0,11,569350.03,51759.09,64315.21,Medium Activity,High Spender
C01357,Radhika Gala,37,Male,Student,183924.0,14,718426.66,51316.19,57764.08,Medium Activity,High Spender
C01358,Yuvraj Kurian,36,Female,Accountant,189989.0,8,342655.32,42831.92,45527.06,Low Activity,Low Spender
C01359,Sathvik Yadav,55,Female,Student,69283.0,13,535557.61,41196.74,37462.95,Medium Activity,Medium Spender
C01360,Wishi Gera,25,Male,Business Owner,95915.0,7,273359.24,39051.32,43859.65,Low Activity,Low Spender
C01361,Lucky Barad,28,Female,Other,138690.0,7,309918.85,44274.12,33907.33,Low Activity,Low Spender
C01362,Jeevika Gade,38,Female,Doctor,104054.0,12,608303.68,50691.97,53749.42,Medium Activity,High Spender
C01363,Atharv More,22,Male,Software Engineer,160239.0,5,291858.04,58371.61,71956.38,Low Activity,Low Spender
C01364,Teerth Sura,22,Male,Teacher,93954.0,5,237713.04,47542.61,43149.15,Low Activity,Low Spender
C01365,Rishi Kar,38,Male,Sales Executive,22150.0,13,673242.12,51787.86,48129.88,Medium Activity,High Spender
C01366,Pallavi Vohra,35,Male,Business Owner,23860.0,10,596711.09,59671.11,60143.96,Medium Activity,High Spender
C01367,Ubika Chandran,52,Male,Government Employee,130164.0,8,330796.29,41349.54,31401.75,Low Activity,Low Spender
C01368,Watika Narula,40,Female,Government Employee,141552.0,11,391196.96,35563.36,16715.85,Medium Activity,Low Spender
C01369,Xavier Solanki,65,Male,Government Employee,41030.0,7,327013.84,46716.26,54978.24,Low Activity,Low Spender
C01370,Frado Bora,30,Male,Accountant,122871.0,8,394174.82,49271.85,43745.95,Low Activity,Low Spender
C01371,Barkha Gopal,25,Female,Business Owner,70382.0,15,840938.62,56062.57,65924.98,Medium Activity,High Spender
C01372,Bimala Padmanabhan,37,Female,Software Engineer,51971.0,7,483411.96,69058.85,75948.93,Low Activity,Medium Spender
C01373,Advik Pillai,36,Female,Sales Executive,84792.0,11,598517.14,54410.65,55358.16,Medium Activity,High Spender
C01374,Isaiah Lala,23,Male,Sales Executive,44631.0,10,510247.83,51024.78,55170.88,Medium Activity,Medium Spender
C01375,Girik Kannan,54,Male,Sales Executive,122006.0,12,585286.26,48773.86,54249.84,Medium Activity,High Spender
C01376,Niharika Mittal,64,Female,Government Employee,61579.0,7,331449.16,47349.88,36724.43,Low Activity,Low Spender
C01377,Darika Ghosh,61,Male,Farmer,156557.0,15,909320.0,60621.33,56202.23,Medium Activity,High Spender
C01378,Fitan Randhawa,28,Female,Sales Executive,187384.0,7,489049.3,69864.19,77502.18,Low Activity,Medium Spender
C01379,Lucky Dada,40,Male,Government Employee,33654.0,12,561728.26,46810.69,51053.02,Medium Activity,Medium Spender
C01380,Qarin Rana,63,Male,Teacher,81857.0,12,731999.04,60999.92,71101.7,Medium Activity,High Spender
C01381,Yashodhara Dhillon,61,Female,Government Employee,23949.0,6,280191.1,46698.52,49562.0,Low Activity,Low Spender
C01382,Bhavna Bassi,31,Female,Other,51365.0,9,453963.02,50440.34,55027.14,Medium Activity,Medium Spender
C01383,Gautami Ahuja,46,Male,Software Engineer,31008.0,8,331341.69,41417.71,34618.16,Low Activity,Low Spender
C01384,Jasmit Sane,58,Female,Other,60630.0,11,531762.51,48342.05,42844.77,Medium Activity,Medium Spender
C01385,Luke Varghese,44,Male,Doctor,61339.0,12,442054.51,36837.88,33042.04,Medium Activity,Medium Spender
C01386,Charvi Padmanabhan,52,Male,Other,108715.0,11,572827.88,52075.26,40139.43,Medium Activity,High Spender
C01387,Aryan Chhabra,61,Male,Software Engineer,113196.0,11,489125.36,44465.94,47038.12,Medium Activity,Medium Spender
C01388,Ekanta Goswami,62,Male,Farmer,48152.0,9,438543.01,48727.0,50261.9,Medium Activity,Medium Spender
C01389,Daniel Kant,29,Female,Doctor,103031.0,7,435035.34,62147.91,78761.77,Low Activity,Medium Spender
C01390,Zaid Rout,56,Female,Sales Executive,70584.0,7,376037.73,53719.68,63366.81,Low Activity,Low Spender
C01391,Udarsh Gera,22,Female,Government Employee,55319.0,8,423816.69,52977.09,56430.66,Low Activity,Medium Spender
C01392,Ganga Lata,37,Male,Sales Executive,134688.0,9,299641.0,33293.44,26822.88,Medium Activity,Low Spender
C01393,Hemang Nagar,56,Female,Farmer,148474.0,8,470113.46,58764.18,63463.25,Low Activity,Medium Spender
C01394,Raghav Konda,33,Male,Farmer,111138.0,9,505029.34,56114.37,54673.91,Medium Activity,Medium Spender
C01395,Ansh Ranganathan,41,Female,Accountant,176940.0,6,273243.79,45540.63,37304.59,Low Activity,Low Spender
C01396,Garima Misra,56,Male,Teacher,159234.0,9,319686.91,35520.77,26084.27,Medium Activity,Low Spender
C01397,Utkarsh Bhalla,30,Female,Accountant,89035.0,7,391166.77,55880.97,50738.78,Low Activity,Low Spender
C01398,Omkaar Bobal,55,Female,Sales Executive,20188.0,13,527813.42,40601.03,52208.7,Medium Activity,Medium Spender
C01399,Nakul Menon,61,Female,Business Owner,24907.0,11,504628.65,45875.33,30577.86,Medium Activity,Medium Spender
C01400,Wakeeta Chokshi,60,Female,Other,82596.0,4,189572.06,47393.02,44539.08,Low Activity,Low Spender
C01401,Ladli Grewal,41,Male,Farmer,121578.0,12,483228.38,40269.03,31910.66,Medium Activity,Medium Spender
C01402,Sudiksha Biswas,33,Female,Farmer,60404.0,12,623314.55,51942.88,53435.0,Medium Activity,High Spender
C01403,Ekansh Balasubramanian,60,Female,Government Employee,127427.0,9,506843.79,56315.98,55644.85,Medium Activity,Medium Spender
C01404,Veer Ghose,62,Female,Teacher,45233.0,11,604365.72,54942.34,59477.39,Medium Activity,High Spender
C01405,Zansi Goel,54,Male,Software Engineer,54019.0,8,259048.28,32381.04,24027.12,Low Activity,Low Spender
C01406,Kiaan Rout,32,Male,Doctor,48063.0,11,399253.1,36295.74,31532.14,Medium Activity,Low Spender
C01407,Wazir Kar,52,Male,Teacher,28340.0,18,834335.97,46352.0,48669.68,High Activity,High Spender
C01408,Fiyaz Sule,57,Female,Sales Executive,157840.0,9,567108.76,63012.08,77426.2,Medium Activity,Medium Spender
C01409,Girindra Singh,60,Female,Software Engineer,116037.0,15,785419.37,52361.29,49092.35,Medium Activity,High Spender
C01410,Hritik Verma,35,Male,Software Engineer,74719.0,16,800218.86,50013.68,50728.62,High Activity,High Spender
C01411,Qasim Joshi,62,Female,Teacher,142698.0,13,702568.04,54043.7,58330.39,Medium Activity,High Spender
C01412,Wakeeta Pandit,61,Male,Government Employee,166281.0,12,591410.48,49284.21,51273.42,Medium Activity,High Spender
C01413,Xiti Singhal,47,Female,Software Engineer,181725.0,8,433551.96,54194.0,49226.58,Low Activity,Medium Spender
C01414,Arin Zacharia,38,Male,Teacher,99666.0,18,937245.9,52069.22,49009.32,High Activity,High Spender
C01415,Upkaar Dubey,25,Male,Farmer,45459.0,10,693831.47,69383.15,70405.93,Medium Activity,High Spender
C01416,Karan Kar,27,Male,Farmer,121012.0,8,301642.37,37705.3,29230.88,Low Activity,Low Spender
C01417,Chandani Pingle,33,Male,Farmer,192196.0,14,787112.74,56222.34,59113.58,Medium Activity,High Spender
C01418,Gopal Balan,36,Male,Farmer,166313.0,15,752516.74,50167.78,39062.25,Medium Activity,High Spender
C01419,Avni Venkataraman,47,Male,Other,113837.0,12,640703.49,53391.96,59479.89,Medium Activity,High Spender
C01420,Yagnesh Bahri,64,Female,Student,47289.0,12,577963.31,48163.61,47895.28,Medium Activity,High Spender
C01421,Abeer Bakshi,31,Male,Farmer,125265.0,6,284812.17,47468.7,44673.12,Low Activity,Low Spender
C01422,Jhalak Nazareth,53,Female,Business Owner,159958.0,11,554010.78,50364.62,46372.13,Medium Activity,Medium Spender
C01423,Devika Dugar,59,Female,Government Employee,102615.0,11,506562.73,46051.16,45864.48,Medium Activity,Medium Spender
C01424,Orinder Ravi,56,Female,Government Employee,128093.0,11,588122.83,53465.71,57869.09,Medium Activity,High Spender
C01425,Arunima Buch,61,Female,Government Employee,179491.0,10,467804.04,46780.4,40503.96,Medium Activity,Medium Spender
C01426,Vedant Mane,36,Male,Student,164241.0,11,708734.82,64430.44,68360.94,Medium Activity,High Spender
C01427,Sai Rajagopalan,37,Female,Sales Executive,137309.0,6,354332.0,59055.33,64846.9,Low Activity,Low Spender
C01428,Urishilla Sha,46,Male,Software Engineer,94575.0,8,473909.0,59238.62,59869.76,Low Activity,Medium Spender
C01429,Ishani Bhasin,59,Male,Farmer,55411.0,7,326190.41,46598.63,38170.97,Low Activity,Low Spender
C01430,Rehaan Dutta,40,Male,Accountant,78166.0,14,766804.18,54771.73,68215.78,Medium Activity,High Spender
C01431,Oeshi Salvi,34,Female,Software Engineer,92340.0,8,617249.24,77156.16,89950.34,Low Activity,High Spender
C01432,Jai Sem,56,Male,Teacher,29892.0,15,729091.65,48606.11,49801.06,Medium Activity,High Spender
C01433,David Jani,50,Female,Business Owner,56282.0,13,592991.52,45614.73,38378.48,Medium Activity,High Spender
C01434,Damini Bhavsar,37,Female,Other,85498.0,11,507082.05,46098.37,44430.4,Medium Activity,Medium Spender
C01435,Pahal Mitter,35,Female,Accountant,44092.0,9,292516.07,32501.79,22857.94,Medium Activity,Low Spender
C01436,Triveni Malhotra,57,Female,Other,76999.0,6,300702.01,50117.0,41093.4,Low Activity,Low Spender
C01437,Manthan Bora,25,Female,Sales Executive,65325.0,6,282270.0,47045.0,49677.17,Low Activity,Low Spender
C01438,Hemangini Raja,52,Male,Other,188363.0,7,475975.82,67996.55,74971.43,Low Activity,Medium Spender
C01439,Samaksh Arya,40,Male,Other,120020.0,10,464402.23,46440.22,38673.62,Medium Activity,Medium Spender
C01440,Saanvi Sankaran,26,Male,Government Employee,111207.0,12,622068.99,51839.08,61263.72,Medium Activity,High Spender
C01441,Ladli Gill,48,Female,Teacher,79432.0,11,480918.11,43719.83,31586.16,Medium Activity,Medium Spender
C01442,Bhanumati Pal,62,Male,Student,34189.0,9,467357.65,51928.63,43034.49,Medium Activity,Medium Spender
C01443,Veer Loke,40,Male,Government Employee,161539.0,14,693062.8,49504.49,48790.12,Medium Activity,High Spender
C01444,Indira Maharaj,57,Male,Government Employee,151701.0,9,482377.71,53597.52,51818.74,Medium Activity,Medium Spender
C01445,Arya Halder,65,Male,Business Owner,33243.0,16,793784.63,49611.54,46365.61,High Activity,High Spender
C01446,Omaja Gole,64,Female,Sales Executive,176010.0,10,599116.18,59911.62,63924.09,Medium Activity,High Spender
C01447,Luke Varty,57,Male,Doctor,133229.0,7,308964.63,44137.8,37033.37,Low Activity,Low Spender
C01448,Anay Nadkarni,39,Female,Business Owner,54652.0,10,549010.68,54901.07,47658.56,Medium Activity,Medium Spender
C01449,William Misra,42,Male,Sales Executive,169799.0,15,782676.03,52178.4,39242.92,Medium Activity,High Spender
C01450,Rohan Rana,24,Female,Accountant,42302.0,9,496000.13,55111.13,59475.32,Medium Activity,Medium Spender
C01451,Omya Sarna,46,Female,Business Owner,55355.0,10,603467.09,60346.71,60524.64,Medium Activity,High Spender
C01452,Amruta Bains,51,Male,Sales Executive,123630.0,10,532111.7,53211.17,48809.26,Medium Activity,Medium Spender
C01453,Forum Menon,62,Male,Farmer,181479.0,8,382995.55,47874.44,48231.66,Low Activity,Low Spender
C01454,Saumya Zacharia,54,Male,Doctor,38781.0,5,240525.01,48105.0,46303.78,Low Activity,Low Spender
C01455,Nidhi Prasad,38,Female,Government Employee,199499.0,11,716738.47,65158.04,72211.46,Medium Activity,High Spender
C01456,Arin Dutta,57,Male,Teacher,196094.0,15,673351.66,44890.11,35196.88,Medium Activity,High Spender
C01457,Indali Khatri,47,Female,Government Employee,111306.0,10,677172.52,67717.25,78477.74,Medium Activity,High Spender
C01458,Omisha Keer,33,Female,Government Employee,175681.0,11,549613.25,49964.84,47969.0,Medium Activity,Medium Spender
C01459,Chaitaly Khatri,62,Male,Accountant,64369.0,11,555080.78,50461.89,49188.1,Medium Activity,Medium Spender
C01460,Rachita Sachar,43,Female,Other,58225.0,9,403226.82,44802.98,34368.04,Medium Activity,Low Spender
C01461,Orinder Raju,49,Male,Doctor,72346.0,12,625956.39,52163.03,44631.68,Medium Activity,High Spender
C01462,Timothy Sahota,64,Female,Business Owner,42495.0,6,264257.81,44042.97,32486.33,Low Activity,Low Spender
C01463,Sathvik Bains,28,Male,Doctor,182792.0,12,480651.24,40054.27,39589.15,Medium Activity,Medium Spender
C01464,Bhavani Mandal,30,Female,Software Engineer,109986.0,5,212788.43,42557.69,42539.82,Low Activity,Low Spender
C01465,Charan Seshadri,65,Male,Accountant,137980.0,6,297777.42,49629.57,51268.16,Low Activity,Low Spender
C01466,Rushil Goyal,51,Male,Government Employee,74790.0,5,297104.9,59420.98,82125.12,Low Activity,Low Spender
C01467,Lipika Gandhi,55,Male,Doctor,163241.0,6,251587.03,41931.17,33700.91,Low Activity,Low Spender
C01468,Shravya Bhandari,54,Female,Farmer,146622.0,11,730604.66,66418.61,76052.04,Medium Activity,High Spender
C01469,Theodore Din,60,Male,Software Engineer,118725.0,10,545619.71,54561.97,52307.92,Medium Activity,Medium Spender
C01470,Zarna Nair,58,Male,Accountant,64648.0,10,392451.17,39245.12,41202.1,Medium Activity,Low Spender
C01471,Meghana Gera,24,Female,Doctor,181995.0,12,625161.09,52096.76,47696.22,Medium Activity,High Spender
C01472,Ekalinga Sule,38,Male,Sales Executive,191640.0,7,208161.28,29737.33,12191.99,Low Activity,Low Spender
C01473,Brijesh Chacko,21,Male,Student,193112.0,10,469964.83,46996.48,45997.12,Medium Activity,Medium Spender
C01474,Chanakya Chahal,38,Female,Teacher,25001.0,10,472262.58,47226.26,47887.37,Medium Activity,Medium Spender
C01475,Benjamin Kannan,39,Female,Doctor,119798.0,9,355033.04,39448.12,24202.99,Medium Activity,Low Spender
C01476,Oviya Shroff,53,Male,Government Employee,147051.0,9,511818.16,56868.68,57817.94,Medium Activity,Medium Spender
C01477,Om Agrawal,59,Male,Business Owner,72133.0,14,635742.78,45410.2,27491.56,Medium Activity,High Spender
C01478,Hiral Dalal,53,Female,Farmer,25633.0,11,623146.13,56649.65,63632.93,Medium Activity,High Spender
C01479,Caleb Nanda,23,Male,Farmer,99934.0,9,703657.39,78184.15,83032.22,Medium Activity,High Spender
C01480,Noah Gulati,42,Female,Student,61157.0,13,520443.35,40034.1,37769.81,Medium Activity,Medium Spender
C01481,Vidhi Khatri,22,Female,Government Employee,113160.0,12,632988.12,52749.01,53938.2,Medium Activity,High Spender
C01482,Anita Nagi,61,Female,Doctor,151400.0,8,334339.51,41792.44,39104.91,Low Activity,Low Spender
C01483,Warjas De,38,Male,Accountant,121494.0,11,504344.58,45849.51,51253.52,Medium Activity,Medium Spender
C01484,Gautami Dhawan,22,Female,Doctor,59769.0,11,455605.96,41418.72,37744.58,Medium Activity,Medium Spender
C01485,Owen Oza,42,Female,Business Owner,43014.0,13,559635.44,43048.88,34034.79,Medium Activity,Medium Spender
C01486,Fariq Setty,45,Male,Student,83009.0,9,423930.32,47103.37,42365.91,Medium Activity,Medium Spender
C01487,Kashish Devi,57,Male,Student,101889.0,9,476564.54,52951.62,51319.74,Medium Activity,Medium Spender
C01488,Suhani Konda,59,Female,Sales Executive,162143.0,7,263640.43,37662.92,23514.28,Low Activity,Low Spender
C01489,Triya Suresh,29,Male,Business Owner,172313.0,9,519425.9,57713.99,51697.48,Medium Activity,Medium Spender
C01490,Zayan Swamy,55,Male,Business Owner,101002.0,6,293219.0,48869.83,53779.36,Low Activity,Low Spender
C01491,Jatin Sagar,65,Male,Student,58050.0,16,934706.8,58419.18,62231.39,High Activity,High Spender
C01492,Radha Mall,62,Male,Government Employee,37777.0,10,638116.83,63811.68,77563.78,Medium Activity,High Spender
C01493,Harini Toor,56,Male,Business Owner,103256.0,11,588417.3,53492.48,55528.64,Medium Activity,High Spender
C01494,Forum Vig,30,Male,Government Employee,128538.0,13,629429.65,48417.67,55762.32,Medium Activity,High Spender
C01495,Eshana Dhar,47,Female,Sales Executive,186945.0,9,449001.5,49889.06,50329.75,Medium Activity,Medium Spender
C01496,Bhavika Vasa,38,Male,Doctor,47989.0,5,120253.97,24050.79,26271.28,Low Activity,Low Spender
C01497,Prisha Ganesh,29,Male,Software Engineer,180427.0,9,537456.05,59717.34,59439.42,Medium Activity,Medium Spender
C01498,Yochana Suresh,60,Female,Other,168646.0,10,523821.11,52382.11,55182.46,Medium Activity,Medium Spender
C01499,Jagvi Memon,60,Male,Other,80865.0,11,475206.01,43200.55,33522.27,Medium Activity,Medium Spender
C01500,Rudra Sandhu,35,Male,Government Employee,40834.0,6,290081.25,48346.88,51895.42,Low Activity,Low Spender
C01501,Quincy Chaudhuri,65,Female,Business Owner,151681.0,18,956246.98,53124.83,52566.15,High Activity,High Spender
C01502,Samuel Natt,59,Female,Government Employee,68228.0,10,558945.52,55894.55,66174.7,Medium Activity,Medium Spender
C01503,Zayan Rajagopalan,45,Female,Sales Executive,56048.0,13,475482.04,36575.54,28105.13,Medium Activity,Medium Spender
C01504,Kamya Gola,31,Male,Doctor,28448.0,16,823488.4,51468.02,50525.81,High Activity,High Spender
C01505,Noah Mahajan,47,Male,Accountant,128277.0,8,398315.22,49789.4,50227.36,Low Activity,Low Spender
C01506,Yutika Goel,35,Male,Doctor,37337.0,9,362872.02,40319.11,39364.84,Medium Activity,Low Spender
C01507,Meghana Chaudhary,32,Female,Other,148435.0,11,482033.31,43821.21,35968.51,Medium Activity,Medium Spender
C01508,Ekta Kale,65,Female,Sales Executive,84692.0,8,349006.64,43625.83,40242.87,Low Activity,Low Spender
C01509,Ridhi Mann,48,Female,Software Engineer,179365.0,9,412142.29,45793.59,50357.1,Medium Activity,Medium Spender
C01510,Kai Rau,45,Female,Student,180302.0,4,212094.04,53023.51,56064.64,Low Activity,Low Spender
C01511,Yochana Keer,57,Male,Farmer,48656.0,11,585592.73,53235.7,64051.57,Medium Activity,High Spender
C01512,Aradhana Mandal,49,Female,Software Engineer,84414.0,7,381479.01,54497.0,52123.25,Low Activity,Low Spender
C01513,Wakeeta Sarkar,54,Female,Software Engineer,166197.0,8,436886.21,54610.78,53425.64,Low Activity,Medium Spender
C01514,Jagat Chaudry,45,Male,Doctor,96330.0,7,318051.46,45435.92,44602.11,Low Activity,Low Spender
C01515,Anay Manne,49,Female,Accountant,94950.0,8,549885.0,68735.62,72541.9,Low Activity,Medium Spender
C01516,Vaishnavi Singhal,50,Male,Student,97180.0,11,480924.53,43720.41,44572.31,Medium Activity,Medium Spender
C01517,Rachita Parsa,60,Male,Farmer,57287.0,12,543122.62,45260.22,47705.43,Medium Activity,Medium Spender
C01518,Widisha Ratta,50,Female,Teacher,151244.0,7,245136.49,35019.5,32100.35,Low Activity,Low Spender
C01519,Frederick Hari,28,Male,Other,163237.0,11,646793.83,58799.44,71837.87,Medium Activity,High Spender
C01520,Rishi Lad,29,Female,Student,104793.0,7,375755.59,53679.37,58207.97,Low Activity,Low Spender
C01521,Bhanumati Buch,49,Male,Business Owner,138929.0,6,290309.91,48384.98,45704.08,Low Activity,Low Spender
C01522,Bishakha Chatterjee,58,Male,Sales Executive,43640.0,16,748462.79,46778.92,40540.85,High Activity,High Spender
C01523,Gabriel More,37,Female,Business Owner,52386.0,7,227626.88,32518.13,23385.92,Low Activity,Low Spender
C01524,Unni Iyengar,26,Male,Sales Executive,186218.0,12,628927.0,52410.58,51674.4,Medium Activity,High Spender
C01525,Ayush Bhakta,44,Male,Farmer,120686.0,17,686729.6,40395.86,39782.15,High Activity,High Spender
C01526,Jyoti Bhavsar,53,Male,Student,164269.0,7,475844.49,67977.78,82528.6,Low Activity,Medium Spender
C01527,Advik Seth,45,Male,Business Owner,107868.0,9,360961.64,40106.85,42389.91,Medium Activity,Low Spender
C01528,Andrew Kumer,57,Male,Business Owner,57907.0,8,381578.9,47697.36,50009.16,Low Activity,Low Spender
C01529,Maanas Kata,32,Male,Student,100756.0,14,779854.67,55703.9,59505.25,Medium Activity,High Spender
C01530,Kashish Palan,40,Female,Accountant,184220.0,9,372536.32,41392.92,34708.16,Medium Activity,Low Spender
C01531,Yatan Salvi,32,Male,Business Owner,73176.0,13,558593.58,42968.74,41723.06,Medium Activity,Medium Spender
C01532,Oni Mani,21,Female,Software Engineer,140230.0,5,331787.33,66357.47,56811.06,Low Activity,Low Spender
C01533,Warjas Mahajan,52,Female,Farmer,21507.0,12,616447.43,51370.62,47671.9,Medium Activity,High Spender
C01534,Raagini Andra,59,Female,Doctor,76852.0,9,401633.36,44625.93,47110.71,Medium Activity,Low Spender
C01535,Nathaniel Prasad,58,Female,Sales Executive,127518.0,10,463121.7,46312.17,45801.36,Medium Activity,Medium Spender
C01536,Ekta Comar,49,Male,Other,177313.0,7,366415.98,52345.14,55771.45,Low Activity,Low Spender
C01537,Jagat Balakrishnan,21,Male,Farmer,92905.0,9,363089.34,40343.26,38614.08,Medium Activity,Low Spender
C01538,Damyanti Bhasin,60,Male,Software Engineer,68454.0,11,510499.1,46409.01,36799.27,Medium Activity,Medium Spender
C01539,Bina Som,30,Male,Government Employee,29626.0,9,508411.74,56490.19,81596.11,Medium Activity,Medium Spender
C01540,Warjas Trivedi,30,Male,Other,178147.0,15,681211.77,45414.12,40977.55,Medium Activity,High Spender
C01541,Gunbir Bhasin,40,Female,Teacher,32853.0,9,518124.81,57569.42,51641.41,Medium Activity,Medium Spender
C01542,Quincy Dass,27,Female,Business Owner,62293.0,19,997299.71,52489.46,56670.89,High Activity,High Spender
C01543,Lipika Natarajan,64,Female,Other,193257.0,6,255830.72,42638.45,38717.34,Low Activity,Low Spender
C01544,Irya Comar,65,Male,Sales Executive,171772.0,7,303933.73,43419.1,40576.57,Low Activity,Low Spender
C01545,Joshua Nath,44,Male,Teacher,98458.0,8,456259.67,57032.46,61281.4,Low Activity,Medium Spender
C01546,Yachana Jhaveri,41,Female,Student,37738.0,16,889758.11,55609.88,61433.9,High Activity,High Spender
C01547,Chatresh Date,48,Male,Accountant,143421.0,10,636423.11,63642.31,67128.83,Medium Activity,High Spender
C01548,Viraj Chakraborty,29,Male,Accountant,106300.0,8,370535.67,46316.96,34062.05,Low Activity,Low Spender
C01549,Vedant Pai,54,Female,Farmer,75009.0,7,329210.33,47030.05,49908.56,Low Activity,Low Spender
C01550,Brinda Rege,65,Male,Other,35252.0,10,374165.48,37416.55,37142.53,Medium Activity,Low Spender
C01551,Osha Tara,27,Male,Sales Executive,178538.0,9,434962.19,48329.13,49927.66,Medium Activity,Medium Spender
C01552,Devansh Balay,39,Female,Other,102965.0,10,384394.02,38439.4,29818.43,Medium Activity,Low Spender
C01553,Rajata Venkataraman,37,Female,Business Owner,181032.0,10,407193.52,40719.35,36707.08,Medium Activity,Low Spender
C01554,Meera Kata,57,Female,Farmer,185637.0,11,532709.35,48428.12,37027.31,Medium Activity,Medium Spender
C01555,Manan Om,52,Female,Business Owner,179752.0,15,627518.06,41834.54,31837.73,Medium Activity,High Spender
C01556,Siddharth Bali,35,Female,Doctor,20414.0,14,647153.4,46225.24,42707.97,Medium Activity,High Spender
C01557,Luke Pant,28,Male,Sales Executive,183960.0,6,301959.82,50326.64,44304.84,Low Activity,Low Spender
C01558,Leena Barad,28,Male,Other,128693.0,6,304713.2,50785.53,51717.68,Low Activity,Low Spender
C01559,Yashodhara Shah,47,Male,Government Employee,111658.0,4,182824.5,45706.12,44225.23,Low Activity,Low Spender
C01560,Agastya Lata,56,Male,Software Engineer,187934.0,9,468261.48,52029.05,65652.36,Medium Activity,Medium Spender
C01561,Oscar Rai,33,Female,Accountant,37782.0,5,265193.01,53038.6,63174.84,Low Activity,Low Spender
C01562,Balendra Bora,40,Female,Farmer,164177.0,11,494772.44,44979.31,44925.72,Medium Activity,Medium Spender
C01563,Finn Jha,41,Male,Teacher,199787.0,6,352767.3,58794.55,53847.32,Low Activity,Low Spender
C01564,Kamala Guha,42,Female,Student,169139.0,8,417259.94,52157.49,58348.07,Low Activity,Medium Spender
C01565,Urmi Pal,60,Male,Business Owner,70860.0,9,389482.79,43275.87,35958.63,Medium Activity,Low Spender
C01566,Udarsh Mohanty,42,Female,Sales Executive,144387.0,12,485404.76,40450.4,33052.28,Medium Activity,Medium Spender
C01567,Warda Dora,23,Male,Sales Executive,60733.0,9,517117.16,57457.46,66217.66,Medium Activity,Medium Spender
C01568,Osha Gill,61,Female,Farmer,107846.0,14,805676.11,57548.29,63101.63,Medium Activity,High Spender
C01569,Kai Majumdar,50,Female,Software Engineer,156596.0,13,905836.42,69679.72,74223.5,Medium Activity,High Spender
C01570,Rohan Sani,40,Female,Farmer,160479.0,8,442444.17,55305.52,62266.44,Low Activity,Medium Spender
C01571,Bachittar Prakash,22,Male,Other,199697.0,11,456765.35,41524.12,37758.88,Medium Activity,Medium Spender
C01572,Barkha Batra,42,Female,Teacher,59139.0,9,442987.35,49220.82,43538.7,Medium Activity,Medium Spender
C01573,Aarav Sabharwal,38,Male,Government Employee,118367.0,4,160708.0,40177.0,31823.43,Low Activity,Low Spender
C01574,Hema Pillai,61,Male,Other,178777.0,11,470684.06,42789.46,44176.95,Medium Activity,Medium Spender
C01575,Pushti Banik,45,Male,Other,50630.0,11,500941.63,45540.15,46792.23,Medium Activity,Medium Spender
C01576,Anamika Murty,40,Female,Software Engineer,91171.0,9,518888.09,57654.23,52052.03,Medium Activity,Medium Spender
C01577,Bhavika Banik,47,Male,Sales Executive,82296.0,3,180568.26,60189.42,57622.65,Low Activity,Low Spender
C01578,Ekani Jayaraman,44,Female,Accountant,76659.0,7,391209.14,55887.02,51268.87,Low Activity,Low Spender
C01579,Jagvi Khalsa,54,Female,Business Owner,49420.0,14,631840.13,45131.44,39507.72,Medium Activity,High Spender
C01580,Ekaja Pal,44,Male,Doctor,44275.0,8,408022.48,51002.81,54594.18,Low Activity,Low Spender
C01581,Rushil Dar,49,Male,Sales Executive,151086.0,9,527593.36,58621.48,65948.29,Medium Activity,Medium Spender
C01582,Kritika Shenoy,30,Male,Government Employee,146739.0,9,439795.2,48866.13,49836.82,Medium Activity,Medium Spender
C01583,Dipta Rattan,54,Female,Government Employee,57563.0,8,483929.12,60491.14,61334.3,Low Activity,Medium Spender
C01584,Kalpit Rege,27,Male,Doctor,29582.0,8,364689.38,45586.17,46573.64,Low Activity,Low Spender
C01585,Suhani Vasa,50,Female,Farmer,50365.0,6,426573.23,71095.54,83056.9,Low Activity,Medium Spender
C01586,Yashoda Zacharia,21,Female,Software Engineer,175788.0,9,368547.91,40949.77,51586.98,Medium Activity,Low Spender
C01587,Yadavi Shroff,26,Female,Sales Executive,32095.0,10,570283.83,57028.38,50940.96,Medium Activity,High Spender
C01588,Rachit Bhakta,27,Female,Software Engineer,171403.0,6,398503.51,66417.25,69972.58,Low Activity,Low Spender
C01589,Ucchal Rau,40,Male,Government Employee,72574.0,7,300867.1,42981.01,50844.32,Low Activity,Low Spender
C01590,Kamya Walia,33,Female,Accountant,159532.0,8,322908.83,40363.6,44808.54,Low Activity,Low Spender
C01591,Ojasvi Hayer,41,Female,Teacher,91474.0,14,668620.2,47758.59,51633.07,Medium Activity,High Spender
C01592,Pavani Jayaraman,30,Male,Accountant,50005.0,11,616649.23,56059.02,70236.97,Medium Activity,High Spender
C01593,Aarna Dhawan,21,Male,Doctor,162220.0,11,611238.82,55567.17,54700.39,Medium Activity,High Spender
C01594,Lakshit Din,43,Female,Accountant,57108.0,7,185354.36,26479.19,24981.4,Low Activity,Low Spender
C01595,Pushti Grewal,39,Male,Business Owner,38675.0,10,595214.88,59521.49,68124.32,Medium Activity,High Spender
C01596,Imaran Mohanty,40,Female,Farmer,136299.0,10,499042.27,49904.23,50399.3,Medium Activity,Medium Spender
C01597,Ekbal Narayanan,24,Male,Software Engineer,143400.0,10,545724.54,54572.45,53504.82,Medium Activity,Medium Spender
C01598,Udyati Rama,64,Male,Teacher,120558.0,6,225799.51,37633.25,26035.32,Low Activity,Low Spender
C01599,Chatura Bora,24,Male,Student,122738.0,18,877700.55,48761.14,45179.64,High Activity,High Spender
C01600,Bachittar Balay,32,Female,Other,113224.0,12,652782.68,54398.56,47711.7,Medium Activity,High Spender
C01601,Gaurangi Gola,40,Female,Doctor,195864.0,10,452861.95,45286.19,44804.75,Medium Activity,Medium Spender
C01602,Pushti Brahmbhatt,55,Male,Sales Executive,168842.0,10,402851.54,40285.15,32971.17,Medium Activity,Low Spender
C01603,Charita Oommen,29,Male,Sales Executive,45496.0,11,537258.7,48841.7,44679.33,Medium Activity,Medium Spender
C01604,Ria Bora,50,Female,Sales Executive,143350.0,11,787212.18,71564.74,74714.2,Medium Activity,High Spender
C01605,Chasmum Dayal,35,Male,Business Owner,181727.0,13,624375.14,48028.86,39062.47,Medium Activity,High Spender
C01606,Jeet Hayer,37,Female,Student,68064.0,11,568373.61,51670.33,64456.75,Medium Activity,Medium Spender
C01607,Ranbir Karpe,65,Female,Government Employee,138825.0,11,574587.58,52235.23,50924.01,Medium Activity,High Spender
C01608,Ekani Karan,52,Male,Teacher,144606.0,13,588053.9,45234.92,34335.05,Medium Activity,High Spender
C01609,Samuel Khanna,28,Female,Sales Executive,140911.0,10,457663.04,45766.3,44637.86,Medium Activity,Medium Spender
C01610,Arunima Sachar,31,Female,Government Employee,178450.0,8,324509.38,40563.67,33175.76,Low Activity,Low Spender
C01611,Ekbal Madan,57,Male,Farmer,46983.0,9,444687.58,49409.73,49789.91,Medium Activity,Medium Spender
C01612,Maanav Sinha,46,Male,Government Employee,165791.0,15,790095.69,52673.05,64261.97,Medium Activity,High Spender
C01613,Keya Peri,62,Male,Accountant,159656.0,10,450525.76,45052.58,43962.7,Medium Activity,Medium Spender
C01614,Urvi Sangha,50,Female,Other,128381.0,9,383419.77,42602.2,42420.91,Medium Activity,Low Spender
C01615,Ekansh Grover,36,Male,Farmer,61686.0,11,540681.38,49152.85,51181.7,Medium Activity,Medium Spender
C01616,Inaya Rastogi,51,Female,Teacher,109316.0,10,505792.61,50579.26,47689.24,Medium Activity,Medium Spender
C01617,Bimala Shanker,34,Female,Student,168691.0,9,317244.1,35249.34,33102.85,Medium Activity,Low Spender
C01618,Sathvik Lad,42,Male,Business Owner,193699.0,9,560275.76,62252.86,60343.58,Medium Activity,Medium Spender
C01619,Brinda Singhal,63,Male,Other,147567.0,6,330135.74,55022.62,47264.0,Low Activity,Low Spender
C01620,Ayushman Sahni,28,Female,Government Employee,165512.0,11,452651.78,41150.16,22554.91,Medium Activity,Medium Spender
C01621,Nathan Khurana,27,Female,Business Owner,100749.0,12,562200.84,46850.07,44542.48,Medium Activity,Medium Spender
C01622,Advay Singh,46,Male,Other,48506.0,7,231813.88,33116.27,17945.76,Low Activity,Low Spender
C01623,Inaya Mody,64,Female,Government Employee,149576.0,12,791869.51,65989.13,63577.21,Medium Activity,High Spender
C01624,Faras Agrawal,62,Male,Teacher,77045.0,9,246498.85,27388.76,12227.36,Medium Activity,Low Spender
C01625,Udyati Baral,29,Male,Business Owner,193246.0,12,709848.45,59154.04,62997.84,Medium Activity,High Spender
C01626,Dominic Goda,30,Female,Farmer,96415.0,6,214246.43,35707.74,36560.9,Low Activity,Low Spender
C01627,Robert Sani,45,Female,Doctor,73912.0,3,128409.2,42803.07,41630.98,Low Activity,Low Spender
C01628,Kashish Ahuja,64,Female,Accountant,169494.0,14,733065.72,52361.84,58101.38,Medium Activity,High Spender
C01629,Andrew Basu,64,Female,Student,110246.0,8,343497.72,42937.22,42465.6,Low Activity,Low Spender
C01630,Bimala Cheema,26,Male,Other,153804.0,9,451430.53,50158.95,41334.59,Medium Activity,Medium Spender
C01631,Hemangini Rajagopalan,46,Male,Accountant,36360.0,9,505945.26,56216.14,73192.45,Medium Activity,Medium Spender
C01632,Janaki Raval,44,Male,Software Engineer,166808.0,7,458392.76,65484.68,71328.13,Low Activity,Medium Spender
C01633,Vaishnavi Sahota,43,Male,Accountant,28174.0,13,734332.86,56487.14,47242.86,Medium Activity,High Spender
C01634,Harrison Subramanian,36,Female,Other,123355.0,8,536182.48,67022.81,67188.0,Low Activity,Medium Spender
C01635,Libni Krish,61,Female,Student,126439.0,12,527032.6,43919.38,36553.92,Medium Activity,Medium Spender
C01636,Naksh Dhawan,45,Female,Farmer,75369.0,20,963292.57,48164.63,47318.42,High Activity,High Spender
C01637,Aryan Keer,63,Male,Sales Executive,56456.0,6,350440.15,58406.69,66058.32,Low Activity,Low Spender
C01638,Eshana Naidu,33,Female,Government Employee,129375.0,12,799433.3,66619.44,68090.5,Medium Activity,High Spender
C01639,Damini Rai,30,Female,Business Owner,55200.0,6,426277.82,71046.3,77988.98,Low Activity,Medium Spender
C01640,Anika Munshi,21,Male,Software Engineer,57747.0,7,338266.01,48323.72,45572.69,Low Activity,Low Spender
C01641,Urvashi Srinivas,52,Female,Business Owner,42194.0,9,348446.23,38716.25,40881.89,Medium Activity,Low Spender
C01642,Dayita Shenoy,29,Female,Sales Executive,178447.0,11,637840.18,57985.47,50001.6,Medium Activity,High Spender
C01643,Manbir Kothari,48,Male,Sales Executive,153540.0,15,702333.95,46822.26,40323.31,Medium Activity,High Spender
C01644,Devika Wali,48,Female,Student,113141.0,8,393105.41,49138.18,42130.72,Low Activity,Low Spender
C01645,Warhi Sibal,35,Male,Student,178485.0,11,538911.39,48991.94,62695.65,Medium Activity,Medium Spender
C01646,Jeremiah Madan,21,Female,Doctor,151525.0,8,685047.48,85630.94,93237.43,Low Activity,High Spender
C01647,Ekiya Hari,38,Female,Farmer,171087.0,9,491731.4,54636.82,66821.92,Medium Activity,Medium Spender
C01648,Meghana Ravi,44,Male,Software Engineer,168937.0,9,487530.97,54170.11,58469.3,Medium Activity,Medium Spender
C01649,Ikshita Samra,51,Female,Teacher,172113.0,8,469070.18,58633.77,62944.65,Low Activity,Medium Spender
C01650,Hemani Pandey,51,Male,Business Owner,157994.0,9,328633.44,36514.83,27798.23,Medium Activity,Low Spender
C01651,William Gade,38,Female,Farmer,40508.0,8,288366.64,36045.83,35012.26,Low Activity,Low Spender
C01652,Siddharth Rajagopal,54,Male,Doctor,143850.0,9,422711.41,46967.93,38675.74,Medium Activity,Medium Spender
C01653,Odika Singhal,61,Male,Farmer,171946.0,5,278748.5,55749.7,72064.18,Low Activity,Low Spender
C01654,Hiral Ravel,40,Male,Government Employee,160255.0,9,405443.65,45049.29,43474.0,Medium Activity,Low Spender
C01655,Rajata Bala,21,Female,Sales Executive,154391.0,11,487673.39,44333.94,32874.99,Medium Activity,Medium Spender
C01656,William Barad,51,Female,Student,112514.0,10,499926.31,49992.63,49667.54,Medium Activity,Medium Spender
C01657,Bhavya Sandhu,39,Female,Business Owner,29260.0,13,571763.52,43981.81,33537.55,Medium Activity,High Spender
C01658,Parth Tailor,65,Female,Other,88273.0,14,866300.81,61878.63,68161.5,Medium Activity,High Spender
C01659,Samuel Prasad,24,Female,Other,64323.0,5,307626.13,61525.23,67412.47,Low Activity,Low Spender
C01660,Jyoti Patel,57,Male,Accountant,183660.0,13,686660.42,52820.03,62883.28,Medium Activity,High Spender
C01661,Jagdish Gara,22,Female,Sales Executive,41629.0,5,282606.49,56521.3,59069.3,Low Activity,Low Spender
C01662,Lucky Banik,29,Male,Accountant,86073.0,8,383377.91,47922.24,44612.92,Low Activity,Low Spender
C01663,Xalak Bhatti,29,Female,Accountant,87359.0,10,404976.78,40497.68,46550.54,Medium Activity,Low Spender
C01664,Liam Brahmbhatt,21,Male,Other,65773.0,8,358821.66,44852.71,39713.72,Low Activity,Low Spender
C01665,Ati Pillai,58,Male,Sales Executive,116932.0,5,216184.63,43236.93,32291.96,Low Activity,Low Spender
C01666,Yashasvi Dave,32,Female,Doctor,147118.0,6,325889.6,54314.93,59029.1,Low Activity,Low Spender
C01667,Kevin Dubey,32,Male,Government Employee,42125.0,12,641366.03,53447.17,57194.99,Medium Activity,High Spender
C01668,Udant Sami,30,Male,Sales Executive,128251.0,10,460543.43,46054.34,44999.02,Medium Activity,Medium Spender
C01669,Daksha Singh,45,Male,Sales Executive,187136.0,9,355653.09,39517.01,28670.06,Medium Activity,Low Spender
C01670,Amol Kashyap,31,Male,Other,110459.0,5,160255.48,32051.1,6921.84,Low Activity,Low Spender
C01671,Rudra Dhingra,24,Female,Teacher,33768.0,8,495736.05,61967.01,61337.66,Low Activity,Medium Spender
C01672,Sara Swaminathan,31,Female,Student,144841.0,10,618077.87,61807.79,67531.5,Medium Activity,High Spender
C01673,Ekansh Barad,40,Female,Farmer,81252.0,18,973729.13,54096.06,63599.66,High Activity,High Spender
C01674,Varsha Nagarajan,45,Female,Sales Executive,88845.0,10,509229.13,50922.91,57778.2,Medium Activity,Medium Spender
C01675,Varsha Kadakia,30,Female,Software Engineer,95705.0,11,645340.57,58667.32,65124.71,Medium Activity,High Spender
C01676,Vidhi Kapadia,49,Female,Government Employee,159002.0,9,492828.49,54758.72,48019.07,Medium Activity,Medium Spender
C01677,Farhan Palan,64,Male,Teacher,159275.0,12,621857.05,51821.42,49513.22,Medium Activity,High Spender
C01678,Ucchal Choudhury,61,Female,Student,180035.0,11,676175.44,61470.49,57455.79,Medium Activity,High Spender
C01679,Anya Mistry,62,Female,Government Employee,90864.0,8,515043.75,64380.47,64787.75,Low Activity,Medium Spender
C01680,Ishanvi Goswami,38,Male,Accountant,191532.0,4,147414.15,36853.54,40509.42,Low Activity,Low Spender
C01681,Samarth Gupta,58,Female,Sales Executive,197023.0,9,510945.83,56771.76,52383.28,Medium Activity,Medium Spender
C01682,Nakul Ganesan,36,Male,Farmer,108449.0,13,552337.24,42487.48,35912.38,Medium Activity,Medium Spender
C01683,Omya Tandon,64,Male,Government Employee,163553.0,12,622456.78,51871.4,57726.92,Medium Activity,High Spender
C01684,Fitan Prashad,21,Male,Teacher,23135.0,6,402354.53,67059.09,67808.72,Low Activity,Low Spender
C01685,Ansh Pandey,47,Male,Farmer,47238.0,12,708984.13,59082.01,67382.57,Medium Activity,High Spender
C01686,Ayaan Srivastava,64,Female,Government Employee,77518.0,10,560551.87,56055.19,56012.72,Medium Activity,Medium Spender
C01687,Panini Johal,39,Female,Doctor,28923.0,7,345774.87,49396.41,50674.87,Low Activity,Low Spender
C01688,Vamakshi Balakrishnan,22,Male,Software Engineer,175749.0,12,586828.51,48902.38,37838.48,Medium Activity,High Spender
C01689,Leela Gole,63,Male,Other,187269.0,8,423442.66,52930.33,45086.94,Low Activity,Medium Spender
C01690,Laban Ghosh,28,Male,Teacher,178514.0,11,652923.99,59356.73,61201.22,Medium Activity,High Spender
C01691,Devansh Aurora,29,Female,Other,68435.0,7,381833.79,54547.68,70550.62,Low Activity,Low Spender
C01692,Anthony Sekhon,28,Male,Accountant,97219.0,15,789316.45,52621.1,54391.21,Medium Activity,High Spender
C01693,Rachita Venkatesh,50,Male,Sales Executive,92452.0,7,389967.68,55709.67,71726.26,Low Activity,Low Spender
C01694,Anvi Kalla,48,Female,Accountant,62458.0,7,373211.78,53315.97,66412.69,Low Activity,Low Spender
C01695,Anita Datta,25,Female,Software Engineer,120348.0,9,445971.83,49552.43,55142.66,Medium Activity,Medium Spender
C01696,Falguni Gola,45,Female,Software Engineer,87695.0,9,453921.22,50435.69,58977.21,Medium Activity,Medium Spender
C01697,George Dar,37,Male,Sales Executive,38192.0,9,524366.95,58262.99,59611.92,Medium Activity,Medium Spender
C01698,Ladli Dash,52,Male,Other,122926.0,5,354068.95,70813.79,73521.01,Low Activity,Low Spender
C01699,Chakradev Verma,32,Female,Teacher,57715.0,8,376566.76,47070.84,48150.6,Low Activity,Low Spender
C01700,Mekhala Trivedi,55,Female,Doctor,180947.0,7,442960.16,63280.02,69895.96,Low Activity,Medium Spender
C01701,Wriddhish Narasimhan,62,Male,Sales Executive,87894.0,6,290705.98,48451.0,46013.48,Low Activity,Low Spender
C01702,Ikshita Dhillon,27,Male,Teacher,38458.0,5,323769.38,64753.88,73933.44,Low Activity,Low Spender
C01703,Upadhriti Palla,57,Female,Sales Executive,24919.0,13,668412.24,51416.33,41943.69,Medium Activity,High Spender
C01704,Madhav Vasa,52,Male,Software Engineer,29918.0,9,330965.86,36773.98,27981.96,Medium Activity,Low Spender
C01705,Waida Panchal,63,Female,Accountant,59742.0,13,610152.99,46934.85,42429.18,Medium Activity,High Spender
C01706,Manthan Khatri,65,Female,Student,170638.0,7,336006.29,48000.9,33175.89,Low Activity,Low Spender
C01707,Fariq Biswas,21,Female,Sales Executive,134309.0,14,545071.82,38933.7,31738.21,Medium Activity,Medium Spender
C01708,Ayushman Khare,46,Male,Farmer,79204.0,9,442873.57,49208.17,50280.85,Medium Activity,Medium Spender
C01709,Falan Mani,21,Female,Sales Executive,51772.0,6,401934.0,66989.0,64174.8,Low Activity,Low Spender
C01710,Tanvi Bhatia,57,Female,Government Employee,198739.0,15,731236.04,48749.07,59613.32,Medium Activity,High Spender
C01711,Balhaar Yadav,40,Female,Software Engineer,185746.0,4,208282.9,52070.73,61848.8,Low Activity,Low Spender
C01712,Lohit Chaudry,62,Male,Government Employee,160149.0,10,592405.7,59240.57,70056.07,Medium Activity,High Spender
C01713,Tejas Behl,42,Male,Sales Executive,96010.0,10,470671.02,47067.1,44232.17,Medium Activity,Medium Spender
C01714,Urvi Doctor,62,Male,Business Owner,165352.0,11,505640.6,45967.33,36967.62,Medium Activity,Medium Spender
C01715,Nidhi Ranganathan,23,Female,Doctor,98347.0,13,606532.87,46656.37,52574.79,Medium Activity,High Spender
C01716,Ucchal Misra,65,Female,Teacher,185312.0,7,445753.98,63679.14,68154.61,Low Activity,Medium Spender
C01717,Theodore Bera,65,Female,Sales Executive,42246.0,4,223093.0,55773.25,45483.06,Low Activity,Low Spender
C01718,Nidra Vasa,61,Female,Doctor,56685.0,12,616109.0,51342.42,55855.9,Medium Activity,High Spender
C01719,Isha Jaggi,23,Male,Software Engineer,175437.0,8,510087.04,63760.88,74248.9,Low Activity,Medium Spender
C01720,Pratyush Srinivasan,36,Female,Student,36513.0,12,743858.41,61988.2,55741.31,Medium Activity,High Spender
C01721,Madhav Upadhyay,55,Female,Sales Executive,159969.0,13,662625.29,50971.18,62325.15,Medium Activity,High Spender
C01722,Chaitanya Oommen,49,Male,Software Engineer,108941.0,9,431086.34,47898.48,51307.25,Medium Activity,Medium Spender
C01723,Udyati Bhakta,24,Female,Software Engineer,126301.0,17,880413.69,51789.04,56903.37,High Activity,High Spender
C01724,Tanay More,28,Male,Farmer,140159.0,10,518595.02,51859.5,55012.74,Medium Activity,Medium Spender
C01725,Hemal Palan,64,Male,Other,81075.0,6,366993.94,61165.66,65387.32,Low Activity,Low Spender
C01726,Keya Sethi,25,Male,Business Owner,148160.0,9,499278.35,55475.37,52521.69,Medium Activity,Medium Spender
C01727,Geetika Bhatnagar,62,Male,Sales Executive,182102.0,12,465542.45,38795.2,21148.02,Medium Activity,Medium Spender
C01728,Ishani Singh,23,Male,Business Owner,23765.0,11,465600.61,42327.33,39544.22,Medium Activity,Medium Spender
C01729,Madhavi Divan,32,Male,Accountant,45504.0,11,485718.24,44156.2,35914.98,Medium Activity,Medium Spender
C01730,Thomas Patil,50,Male,Other,36766.0,9,394428.37,43825.37,32084.77,Medium Activity,Low Spender
C01731,Lakshmi Ramesh,27,Male,Sales Executive,175969.0,12,622542.76,51878.56,49934.84,Medium Activity,High Spender
C01732,Qadim Sama,60,Male,Teacher,73121.0,12,587639.66,48969.97,52324.25,Medium Activity,High Spender
C01733,Hardik Tailor,48,Female,Student,104996.0,7,422309.35,60329.91,67378.38,Low Activity,Medium Spender
C01734,Madhavi Ghose,28,Male,Government Employee,75897.0,11,643864.05,58533.1,59838.75,Medium Activity,High Spender
C01735,Robert Khalsa,23,Male,Government Employee,36573.0,7,464836.7,66405.24,77801.11,Low Activity,Medium Spender
C01736,Warjas Gaba,28,Female,Business Owner,128830.0,10,729301.26,72930.13,86439.33,Medium Activity,High Spender
C01737,William Swaminathan,31,Female,Farmer,63255.0,8,565220.74,70652.59,72887.08,Low Activity,Medium Spender
C01738,Jhalak Grover,49,Male,Other,30668.0,12,692173.35,57681.11,67206.66,Medium Activity,High Spender
C01739,Veda Bora,29,Male,Other,118600.0,7,433419.65,61917.09,67955.21,Low Activity,Medium Spender
C01740,Bhanumati Sangha,31,Male,Sales Executive,41160.0,10,549162.44,54916.24,54517.45,Medium Activity,Medium Spender
C01741,Lajita Maharaj,21,Male,Business Owner,43367.0,15,662049.51,44136.63,42136.92,Medium Activity,High Spender
C01742,Reyansh Suri,62,Female,Student,144783.0,10,572601.4,57260.14,56489.6,Medium Activity,High Spender
C01743,Ekaraj Bala,65,Male,Doctor,57509.0,13,628929.61,48379.2,40857.09,Medium Activity,High Spender
C01744,Faqid Sibal,61,Female,Farmer,138074.0,7,406306.24,58043.75,65248.68,Low Activity,Low Spender
C01745,Xavier Bobal,47,Male,Business Owner,180048.0,11,455809.88,41437.26,35809.66,Medium Activity,Medium Spender
C01746,Priya Gour,65,Male,Other,67186.0,12,508464.5,42372.04,42966.29,Medium Activity,Medium Spender
C01747,Vedant Sha,52,Male,Accountant,111187.0,12,501029.61,41752.47,33503.23,Medium Activity,Medium Spender
C01748,Kai Gopal,47,Male,Farmer,81771.0,8,515396.09,64424.51,76980.32,Low Activity,Medium Spender
C01749,Banjeet Goda,33,Male,Farmer,45082.0,4,166673.79,41668.45,42431.3,Low Activity,Low Spender
C01750,Benjamin Prakash,60,Female,Farmer,153048.0,8,371868.35,46483.54,38236.06,Low Activity,Low Spender
C01751,Caleb Chadha,35,Female,Doctor,92463.0,10,355937.49,35593.75,30395.75,Medium Activity,Low Spender
C01752,Agastya Chandran,24,Male,Teacher,59116.0,12,728815.83,60734.65,65680.74,Medium Activity,High Spender
C01753,Sathvik Nagy,64,Female,Sales Executive,66222.0,6,291700.74,48616.79,47343.33,Low Activity,Low Spender
C01754,William Doshi,31,Male,Software Engineer,189046.0,10,466591.29,46659.13,40563.74,Medium Activity,Medium Spender
C01755,Pushti Char,44,Female,Doctor,133946.0,11,622737.94,56612.54,61219.85,Medium Activity,High Spender
C01756,Niharika Karpe,37,Female,Other,138789.0,11,606407.21,55127.93,47046.34,Medium Activity,High Spender
C01757,Tripti Naidu,23,Male,Software Engineer,160865.0,12,523276.51,43606.38,41162.38,Medium Activity,Medium Spender
C01758,Abhiram Balasubramanian,32,Male,Software Engineer,147155.0,2,50758.8,25379.4,25379.4,Low Activity,Low Spender
C01759,Hamsini Chakraborty,53,Male,Teacher,81682.0,13,536847.76,41295.98,37945.44,Medium Activity,Medium Spender
C01760,Pushti Saini,49,Female,Student,72101.0,6,274530.82,45755.14,52876.84,Low Activity,Low Spender
C01761,Varsha Bajaj,64,Female,Doctor,48870.0,9,555923.33,61769.26,58320.59,Medium Activity,Medium Spender
C01762,Atharv Zacharia,41,Male,Teacher,82159.0,9,271151.82,30127.98,30547.78,Medium Activity,Low Spender
C01763,Gautam Balay,47,Male,Student,77845.0,7,362448.92,51778.42,57964.0,Low Activity,Low Spender
C01764,Ekantika Sehgal,25,Female,Other,146984.0,9,373480.8,41497.87,46965.04,Medium Activity,Low Spender
C01765,Bhavna Sawhney,24,Female,Business Owner,76666.0,8,451992.81,56499.1,66572.9,Low Activity,Medium Spender
C01766,Laksh Saran,60,Female,Business Owner,121536.0,13,722113.93,55547.23,66283.19,Medium Activity,High Spender
C01767,Dayamai Toor,44,Male,Sales Executive,70896.0,12,638137.85,53178.15,54386.05,Medium Activity,High Spender
C01768,Tanay Khatri,61,Female,Accountant,73008.0,9,430599.77,47844.42,41529.49,Medium Activity,Medium Spender
C01769,Waida Butala,42,Male,Software Engineer,169072.0,14,767653.03,54832.36,48015.69,Medium Activity,High Spender
C01770,Eta Mand,24,Female,Business Owner,49126.0,7,261392.23,37341.75,32314.08,Low Activity,Low Spender
C01771,Urvi Parmer,50,Female,Student,64879.0,9,422336.63,46926.29,53387.44,Medium Activity,Medium Spender
C01772,Ekaraj Rout,42,Male,Accountant,178239.0,7,446239.1,63748.44,63605.25,Low Activity,Medium Spender
C01773,Ati Chaudhuri,31,Male,Other,164901.0,8,254379.9,31797.49,25184.35,Low Activity,Low Spender
C01774,Ishanvi Batra,35,Male,Student,156778.0,9,441958.03,49106.45,50752.87,Medium Activity,Medium Spender
C01775,Ryan Sarna,52,Male,Other,144122.0,7,398121.67,56874.52,44883.62,Low Activity,Low Spender
C01776,Nitara Ray,50,Female,Software Engineer,132226.0,10,523758.74,52375.87,50012.39,Medium Activity,Medium Spender
C01777,Henry Dewan,36,Male,Government Employee,133835.0,9,314070.89,34896.77,38375.54,Medium Activity,Low Spender
C01778,Pushti Bhardwaj,58,Male,Other,59051.0,14,717287.58,51234.83,55006.26,Medium Activity,High Spender
C01779,Aarini Devan,57,Male,Student,31593.0,12,498651.81,41554.32,35698.2,Medium Activity,Medium Spender
C01780,Darsh Kapadia,23,Female,Farmer,28813.0,8,250803.3,31350.41,26724.68,Low Activity,Low Spender
C01781,Girindra Sachdev,48,Female,Sales Executive,45689.0,16,876619.59,54788.72,45017.51,High Activity,High Spender
C01782,Aarav Naik,49,Female,Doctor,41781.0,9,592656.95,65850.77,77745.65,Medium Activity,High Spender
C01783,Ekantika Aurora,56,Male,Student,77149.0,6,340115.47,56685.91,62072.64,Low Activity,Low Spender
C01784,Sudiksha Dubey,29,Female,Accountant,82668.0,16,628971.47,39310.72,44951.23,High Activity,High Spender
C01785,Tanish Pandya,62,Male,Software Engineer,145772.0,13,733333.17,56410.24,56179.6,Medium Activity,High Spender
C01786,Vyanjana Menon,63,Female,Business Owner,140398.0,13,758568.85,58351.45,62786.22,Medium Activity,High Spender
C01787,Frado Mane,57,Male,Sales Executive,141572.0,6,226298.61,37716.44,30663.02,Low Activity,Low Spender
C01788,Reyansh Taneja,29,Female,Business Owner,117103.0,18,671216.34,37289.8,31277.61,High Activity,High Spender
C01789,Jonathan Raman,61,Female,Software Engineer,184444.0,11,536303.51,48754.86,42237.94,Medium Activity,Medium Spender
C01790,Ganga Solanki,25,Female,Government Employee,159177.0,11,693717.42,63065.22,77515.88,Medium Activity,High Spender
C01791,Vedant Patla,23,Female,Student,90723.0,9,302192.06,33576.9,22631.15,Medium Activity,Low Spender
C01792,Peter Wadhwa,65,Male,Teacher,182648.0,6,259677.92,43279.65,46358.66,Low Activity,Low Spender
C01793,Dalbir Naik,42,Male,Farmer,196856.0,8,473044.05,59130.51,54739.6,Low Activity,Medium Spender
C01794,Simon Hayer,44,Male,Teacher,120389.0,11,589631.75,53602.89,57833.57,Medium Activity,High Spender
C01795,Nikita Kala,44,Female,Other,30714.0,9,464890.24,51654.47,54578.48,Medium Activity,Medium Spender
C01796,Vihaan Mammen,44,Female,Business Owner,189914.0,17,885393.8,52081.99,45806.17,High Activity,High Spender
C01797,Amara Talwar,56,Male,Farmer,73664.0,18,998138.87,55452.16,57947.28,High Activity,High Spender
C01798,Yauvani Ahuja,29,Female,Doctor,161461.0,8,279169.45,34896.18,35572.85,Low Activity,Low Spender
C01799,Darika Som,28,Female,Other,74996.0,9,643906.39,71545.15,77812.46,Medium Activity,High Spender
C01800,Ekansh Dave,35,Female,Government Employee,90086.0,14,510373.26,36455.23,27876.39,Medium Activity,Medium Spender
C01801,Edhitha Amble,53,Female,Accountant,34276.0,11,445617.05,40510.64,28750.7,Medium Activity,Medium Spender
C01802,Ekiya Gala,25,Female,Government Employee,138596.0,10,651703.64,65170.36,71257.95,Medium Activity,High Spender
C01803,Theodore Mann,52,Male,Sales Executive,159435.0,12,657765.89,54813.82,54560.04,Medium Activity,High Spender
C01804,Gaurika Dada,64,Female,Sales Executive,182778.0,9,265201.73,29466.86,28324.55,Medium Activity,Low Spender
C01805,Ishaan Nagy,44,Male,Doctor,140028.0,13,720010.83,55385.45,65284.86,Medium Activity,High Spender
C01806,Ekta Dugar,26,Male,Student,66874.0,5,178362.7,35672.54,36731.37,Low Activity,Low Spender
C01807,Rushil Khanna,39,Male,Teacher,63192.0,18,907936.06,50440.89,42183.68,High Activity,High Spender
C01808,Tanish Nagi,38,Male,Business Owner,150109.0,13,543460.92,41804.69,41481.04,Medium Activity,Medium Spender
C01809,Kala Subramaniam,30,Male,Farmer,184436.0,6,324688.25,54114.71,54996.59,Low Activity,Low Spender
C01810,Darika Saran,22,Female,Student,198887.0,6,391547.09,65257.85,69070.76,Low Activity,Low Spender
C01811,Chaaya D’Alia,55,Male,Sales Executive,110885.0,7,361291.1,51613.01,41298.96,Low Activity,Low Spender
C01812,Atharv Nagi,47,Female,Software Engineer,96419.0,8,372841.22,46605.15,42362.86,Low Activity,Low Spender
C01813,Gaurangi Khare,33,Male,Software Engineer,80903.0,9,376320.59,41813.4,34239.93,Medium Activity,Low Spender
C01814,Jeevika Kakar,54,Female,Student,171703.0,9,287751.82,31972.42,22406.92,Medium Activity,Low Spender
C01815,Lila Pal,42,Female,Sales Executive,175545.0,10,340883.89,34088.39,30792.84,Medium Activity,Low Spender
C01816,Watika Bains,63,Female,Sales Executive,99713.0,6,251440.8,41906.8,41398.18,Low Activity,Low Spender
C01817,Yashawini Desai,57,Male,Accountant,65019.0,15,658333.41,43888.89,43221.99,Medium Activity,High Spender
C01818,Theodore Puri,37,Male,Sales Executive,117491.0,10,487226.39,48722.64,46570.24,Medium Activity,Medium Spender
C01819,Damyanti Chawla,39,Male,Business Owner,112568.0,9,526649.85,58516.65,51911.59,Medium Activity,Medium Spender
C01820,Dalaja Rout,39,Female,Business Owner,182170.0,11,677702.32,61609.3,54123.82,Medium Activity,High Spender
C01821,Aarnav Banerjee,31,Female,Business Owner,65969.0,8,369652.48,46206.56,50966.39,Low Activity,Low Spender
C01822,Rehaan Saran,65,Male,Business Owner,82365.0,13,519131.69,39933.21,45854.75,Medium Activity,Medium Spender
C01823,Champak Bhagat,28,Male,Government Employee,170608.0,11,552132.54,50193.87,44524.23,Medium Activity,Medium Spender
C01824,Nitara Om,29,Female,Accountant,116907.0,10,480873.12,48087.31,45413.88,Medium Activity,Medium Spender
C01825,Yochana Kuruvilla,32,Male,Farmer,29093.0,16,625880.27,39117.52,38120.4,High Activity,High Spender
C01826,Daksha Mani,63,Female,Government Employee,58782.0,3,100521.98,33507.33,28037.82,Low Activity,Low Spender
C01827,Garima Atwal,44,Female,Farmer,62623.0,8,433348.38,54168.55,72432.1,Low Activity,Medium Spender
C01828,Ranbir Bir,55,Female,Teacher,26533.0,14,759172.96,54226.64,49698.84,Medium Activity,High Spender
C01829,Pallavi Dayal,46,Female,Business Owner,140072.0,6,406454.28,67742.38,65421.62,Low Activity,Low Spender
C01830,Gagan Palla,41,Male,Software Engineer,163168.0,10,562369.35,56236.94,53042.8,Medium Activity,Medium Spender
C01831,Abhiram Golla,53,Female,Accountant,144232.0,11,742988.52,67544.41,79339.66,Medium Activity,High Spender
C01832,Logan Mani,39,Male,Other,135895.0,10,569422.46,56942.25,61757.79,Medium Activity,High Spender
C01833,Gunbir Vasa,42,Male,Sales Executive,30506.0,8,241331.29,30166.41,18289.02,Low Activity,Low Spender
C01834,Gaurav Kala,29,Male,Accountant,26500.0,9,569611.04,63290.12,59650.01,Medium Activity,High Spender
C01835,Hitesh Chaudhary,46,Male,Sales Executive,113688.0,4,224226.79,56056.7,52736.9,Low Activity,Low Spender
C01836,Zaitra Basak,26,Female,Software Engineer,179423.0,13,623092.67,47930.21,49294.49,Medium Activity,High Spender
C01837,Yochana Sheth,62,Male,Other,158001.0,7,392387.44,56055.35,58126.99,Low Activity,Low Spender
C01838,Leela Nair,35,Female,Doctor,25910.0,14,842361.65,60168.69,57488.82,Medium Activity,High Spender
C01839,Hiral Agate,26,Female,Teacher,154162.0,14,879921.26,62851.52,58406.3,Medium Activity,High Spender
C01840,Sachi Deo,46,Male,Sales Executive,103298.0,7,420541.94,60077.42,90143.53,Low Activity,Medium Spender
C01841,Tara Suresh,59,Male,Government Employee,124217.0,13,641106.27,49315.87,48747.27,Medium Activity,High Spender
C01842,Dalbir Contractor,30,Female,Government Employee,121217.0,11,593870.34,53988.21,59369.95,Medium Activity,High Spender
C01843,Ubika Sant,44,Male,Accountant,110418.0,9,381626.32,42402.92,48463.63,Medium Activity,Low Spender
C01844,Amaira Majumdar,43,Female,Sales Executive,167071.0,10,702479.57,70247.96,69204.2,Medium Activity,High Spender
C01845,Sai Sami,26,Male,Sales Executive,128949.0,13,599654.26,46127.25,46488.48,Medium Activity,High Spender
C01846,Garima Datta,49,Female,Business Owner,131105.0,9,387258.58,43028.73,35503.29,Medium Activity,Low Spender
C01847,Gopal Karnik,47,Male,Other,176745.0,8,346390.44,43298.8,36090.94,Low Activity,Low Spender
C01848,Vanya Gaba,26,Male,Doctor,99490.0,3,74954.08,24984.69,18602.32,Low Activity,Low Spender
C01849,Janya Bhalla,51,Female,Teacher,174842.0,12,633604.3,52800.36,54533.88,Medium Activity,High Spender
C01850,Omkaar Badami,45,Male,Software Engineer,127337.0,8,621017.1,77627.14,75165.49,Low Activity,High Spender
C01851,Laban Sem,61,Female,Student,65847.0,15,984658.61,65643.91,76168.3,Medium Activity,High Spender
C01852,Ryan Krishnan,56,Female,Other,55894.0,13,721002.9,55461.76,56600.63,Medium Activity,High Spender
C01853,Chatresh Swamy,33,Male,Student,95881.0,3,126298.38,42099.46,58516.25,Low Activity,Low Spender
C01854,Alexander Varma,56,Female,Software Engineer,99165.0,5,178737.06,35747.41,20183.95,Low Activity,Low Spender
C01855,Janaki Guha,58,Female,Sales Executive,166612.0,13,501834.19,38602.63,23853.78,Medium Activity,Medium Spender
C01856,Samaksh Tata,50,Male,Software Engineer,20641.0,12,540686.75,45057.23,45011.16,Medium Activity,Medium Spender
C01857,Qushi Soni,30,Female,Accountant,187917.0,9,489884.33,54431.59,51508.39,Medium Activity,Medium Spender
C01858,Shivani Sinha,61,Female,Teacher,191393.0,11,720942.02,65540.18,70883.79,Medium Activity,High Spender
C01859,Devika Shan,63,Female,Student,67021.0,8,442289.29,55286.16,50355.58,Low Activity,Medium Spender
C01860,Baghyawati Khatri,52,Male,Software Engineer,51288.0,13,558583.19,42967.94,38766.69,Medium Activity,Medium Spender
C01861,Manthan Atwal,38,Female,Teacher,176995.0,8,340402.31,42550.29,42969.59,Low Activity,Low Spender
C01862,Rohan Patel,44,Female,Other,134312.0,6,201087.41,33514.57,23028.0,Low Activity,Low Spender
C01863,Jagdish Sandhu,37,Female,Teacher,117832.0,6,232679.37,38779.89,37158.68,Low Activity,Low Spender
C01864,Faras Mukherjee,53,Male,Accountant,62689.0,14,681363.38,48668.81,42920.24,Medium Activity,High Spender
C01865,Tamanna Oak,58,Male,Business Owner,103802.0,4,172240.91,43060.23,33412.82,Low Activity,Low Spender
C01866,Kai Bath,50,Male,Government Employee,62810.0,10,543220.71,54322.07,53192.95,Medium Activity,Medium Spender
C01867,Udyati Chander,24,Female,Government Employee,129973.0,13,649975.91,49998.15,44703.97,Medium Activity,High Spender
C01868,Ekani Bhatia,61,Female,Software Engineer,95984.0,12,740697.9,61724.82,74111.03,Medium Activity,High Spender
C01869,Vivaan Hari,39,Male,Farmer,70807.0,5,240295.36,48059.07,35612.35,Low Activity,Low Spender
C01870,Caleb Brahmbhatt,61,Male,Teacher,176961.0,12,571123.29,47593.61,45045.77,Medium Activity,High Spender
C01871,Deepa Gour,31,Female,Government Employee,199560.0,12,465139.07,38761.59,36678.16,Medium Activity,Medium Spender
C01872,Yoshita Mukhopadhyay,40,Female,Government Employee,45122.0,15,813058.26,54203.88,50915.5,Medium Activity,High Spender
C01873,Aarnav Deep,55,Female,Business Owner,23381.0,7,425125.66,60732.24,64103.44,Low Activity,Medium Spender
C01874,Eiravati Ray,29,Female,Government Employee,147113.0,12,627026.54,52252.21,71272.12,Medium Activity,High Spender
C01875,Chanakya Chanda,47,Female,Business Owner,46848.0,9,348035.12,38670.57,27889.02,Medium Activity,Low Spender
C01876,Yochana Lata,34,Male,Farmer,77963.0,16,838047.89,52377.99,51896.74,High Activity,High Spender
C01877,Rachita Sur,33,Male,Student,140715.0,8,403808.04,50476.0,39940.62,Low Activity,Low Spender
C01878,Radha Johal,25,Male,Business Owner,24555.0,9,541719.36,60191.04,74487.63,Medium Activity,Medium Spender
C01879,Kashvi Gandhi,51,Female,Accountant,115045.0,10,547112.9,54711.29,57021.96,Medium Activity,Medium Spender
C01880,Libni Dhar,29,Female,Other,157133.0,6,409373.26,68228.88,80862.56,Low Activity,Low Spender
C01881,Qarin Seth,42,Male,Accountant,27539.0,6,273682.16,45613.69,47359.42,Low Activity,Low Spender
C01882,Wahab Sanghvi,28,Male,Business Owner,57318.0,11,351903.84,31991.26,20656.79,Medium Activity,Low Spender
C01883,Qabil Nagy,65,Male,Accountant,52858.0,13,738646.91,56818.99,53746.71,Medium Activity,High Spender
C01884,Dalbir Pall,34,Male,Teacher,131360.0,11,603888.47,54898.95,62444.63,Medium Activity,High Spender
C01885,Brijesh Dua,65,Male,Teacher,24929.0,7,194581.18,27797.31,28182.21,Low Activity,Low Spender
C01886,Vaishnavi Batra,51,Female,Software Engineer,71472.0,15,660808.58,44053.91,46187.89,Medium Activity,High Spender
C01887,Arunima Dubey,27,Male,Farmer,175497.0,14,702321.91,50165.85,52992.11,Medium Activity,High Spender
C01888,Raghav Buch,24,Female,Teacher,86325.0,6,310201.29,51700.22,51573.58,Low Activity,Low Spender
C01889,Nicholas Barad,23,Male,Accountant,195003.0,5,288351.2,57670.24,60313.48,Low Activity,Low Spender
C01890,Maanav Sarin,21,Male,Teacher,177756.0,7,343423.06,49060.44,41708.02,Low Activity,Low Spender
C01891,Fitan Pau,34,Male,Business Owner,195793.0,10,599675.97,59967.6,59206.77,Medium Activity,High Spender
C01892,Deepa Hans,43,Male,Teacher,58156.0,5,300660.79,60132.16,91755.53,Low Activity,Low Spender
C01893,Gayathri Parmar,38,Female,Government Employee,62089.0,10,419336.91,41933.69,37445.16,Medium Activity,Medium Spender
C01894,Utkarsh Ganesh,53,Male,Farmer,169483.0,4,161875.02,40468.75,38226.18,Low Activity,Low Spender
C01895,Onkar Mangat,25,Male,Other,23665.0,10,389840.14,38984.01,38829.86,Medium Activity,Low Spender
C01896,Farhan Ray,54,Male,Doctor,93887.0,10,510600.78,51060.08,58603.81,Medium Activity,Medium Spender
C01897,Divya Gupta,31,Male,Teacher,76102.0,12,485230.6,40435.88,25401.94,Medium Activity,Medium Spender
C01898,Omisha Prakash,53,Female,Government Employee,174502.0,12,649031.9,54085.99,55048.69,Medium Activity,High Spender
C01899,Aarnav Contractor,32,Female,Teacher,67408.0,12,364328.48,30360.71,19534.49,Medium Activity,Low Spender
C01900,Avi Dhaliwal,43,Female,Student,76170.0,13,445776.69,34290.51,26080.96,Medium Activity,Medium Spender
C01901,Krisha Randhawa,53,Male,Student,49581.0,8,419985.63,52498.2,37561.54,Low Activity,Medium Spender
C01902,Hiral Dara,41,Male,Sales Executive,48918.0,11,509395.73,46308.7,43543.23,Medium Activity,Medium Spender
C01903,Raagini Shanker,54,Male,Sales Executive,114699.0,8,482937.6,60367.2,54934.3,Low Activity,Medium Spender
C01904,Ekavir Toor,39,Male,Teacher,106013.0,12,509455.93,42454.66,43313.66,Medium Activity,Medium Spender
C01905,Netra Sachdev,52,Male,Student,94347.0,4,159500.91,39875.23,28728.47,Low Activity,Low Spender
C01906,Inaya Wali,50,Female,Sales Executive,79211.0,3,194460.92,64820.31,74509.5,Low Activity,Low Spender
C01907,Hemani Doshi,56,Female,Accountant,132187.0,10,511099.25,51109.92,50553.81,Medium Activity,Medium Spender
C01908,Jeet Kalla,33,Male,Sales Executive,198030.0,4,233772.29,58443.07,68650.68,Low Activity,Low Spender
C01909,Leena Kurian,44,Male,Software Engineer,196726.0,8,415810.3,51976.29,47915.1,Low Activity,Medium Spender
C01910,Vamakshi Mahajan,52,Male,Student,134834.0,11,643162.84,58469.35,61468.29,Medium Activity,High Spender
C01911,Mason Tiwari,54,Male,Teacher,57582.0,9,528405.32,58711.7,61515.88,Medium Activity,Medium Spender
C01912,Charan Dixit,46,Female,Other,46665.0,17,802771.15,47221.83,42977.06,High Activity,High Spender
C01913,Yash Bala,31,Male,Government Employee,72189.0,6,372334.73,62055.79,67706.4,Low Activity,Low Spender
C01914,William Dayal,42,Male,Other,125981.0,16,811383.45,50711.47,53646.49,High Activity,High Spender
C01915,Yuvraj Suri,28,Male,Student,150838.0,18,873623.27,48534.63,58405.34,High Activity,High Spender
C01916,Varsha Comar,38,Female,Student,113348.0,10,387398.18,38739.82,27877.42,Medium Activity,Low Spender
C01917,Meera Natarajan,51,Female,Sales Executive,154064.0,9,470503.03,52278.11,55924.73,Medium Activity,Medium Spender
C01918,Sudiksha Badami,38,Male,Sales Executive,48321.0,14,824441.31,58888.66,65103.6,Medium Activity,High Spender
C01919,Yash Kapoor,28,Female,Sales Executive,150357.0,9,663008.0,73667.56,75839.4,Medium Activity,High Spender
C01920,Janani Kata,35,Male,Software Engineer,46110.0,11,657392.48,59762.95,58752.27,Medium Activity,High Spender
C01921,Tanish Mistry,24,Male,Sales Executive,197761.0,7,299724.95,42817.85,49703.58,Low Activity,Low Spender
C01922,Chanchal Magar,22,Male,Student,178488.0,4,264663.47,66165.87,75828.29,Low Activity,Low Spender
C01923,Vinaya Behl,64,Female,Business Owner,99364.0,5,155137.36,31027.47,17575.85,Low Activity,Low Spender
C01924,Tanmayi Soman,60,Male,Teacher,193298.0,8,494476.11,61809.51,65513.72,Low Activity,Medium Spender
C01925,Ekapad Chakraborty,54,Female,Sales Executive,72935.0,12,558133.34,46511.11,46305.37,Medium Activity,Medium Spender
C01926,Yashvi Vaidya,39,Female,Sales Executive,152328.0,11,569707.22,51791.57,47074.01,Medium Activity,High Spender
C01927,Aditya Suresh,37,Female,Farmer,163293.0,10,642829.22,64282.92,70818.95,Medium Activity,High Spender
C01928,Kai Vora,22,Male,Student,51230.0,7,340193.19,48599.03,31062.8,Low Activity,Low Spender
C01929,Irya Gole,45,Female,Government Employee,118654.0,7,417294.38,59613.48,63249.05,Low Activity,Medium Spender
C01930,Joshua Batra,49,Female,Software Engineer,28613.0,12,551489.54,45957.46,49356.68,Medium Activity,Medium Spender
C01931,Meera Sethi,32,Female,Business Owner,148838.0,8,441451.69,55181.46,55361.84,Low Activity,Medium Spender
C01932,Girik Kannan,48,Male,Accountant,121995.0,8,347117.17,43389.65,40616.42,Low Activity,Low Spender
C01933,Andrew Sabharwal,52,Male,Other,196953.0,6,339376.13,56562.69,55822.82,Low Activity,Low Spender
C01934,Pallavi Doctor,52,Female,Sales Executive,167391.0,9,583794.53,64866.06,86018.36,Medium Activity,High Spender
C01935,Eiravati Buch,31,Male,Student,89046.0,7,177012.33,25287.48,16889.52,Low Activity,Low Spender
C01936,Aashi Kadakia,52,Female,Other,197337.0,10,534948.35,53494.84,61180.8,Medium Activity,Medium Spender
C01937,Dev Tak,43,Female,Government Employee,36101.0,10,518548.91,51854.89,49396.42,Medium Activity,Medium Spender
C01938,Ekantika Mutti,22,Male,Business Owner,116052.0,6,328181.21,54696.87,52537.07,Low Activity,Low Spender
C01939,Udarsh Vig,43,Male,Government Employee,119765.0,14,667723.36,47694.53,53058.77,Medium Activity,High Spender
C01940,Ishanvi Johal,27,Female,Government Employee,113681.0,12,497160.38,41430.03,34281.12,Medium Activity,Medium Spender
C01941,Manthan Goyal,47,Female,Software Engineer,193340.0,8,366047.51,45755.94,34588.25,Low Activity,Low Spender
C01942,Janaki Agrawal,36,Male,Doctor,189891.0,8,427020.39,53377.55,51412.4,Low Activity,Medium Spender
C01943,Aahana Dada,40,Male,Teacher,99930.0,11,493687.51,44880.68,39276.67,Medium Activity,Medium Spender
C01944,Jasmit Goyal,28,Female,Business Owner,25167.0,12,608496.74,50708.06,50510.74,Medium Activity,High Spender
C01945,Siya Anand,55,Female,Software Engineer,140824.0,5,170558.66,34111.73,15808.44,Low Activity,Low Spender
C01946,Laksh Sethi,63,Female,Other,154941.0,14,746701.02,53335.79,62763.76,Medium Activity,High Spender
C01947,Siya Dixit,47,Female,Software Engineer,143129.0,17,917128.82,53948.75,65396.05,High Activity,High Spender
C01948,Dayita Chokshi,58,Male,Government Employee,119021.0,7,263162.87,37594.7,40875.04,Low Activity,Low Spender
C01949,George Nagar,57,Female,Government Employee,170087.0,13,615278.47,47329.11,43582.78,Medium Activity,High Spender
C01950,Geetika Mangal,27,Female,Teacher,196976.0,9,387986.05,43109.56,36353.99,Medium Activity,Low Spender
C01951,Fitan Minhas,34,Female,Sales Executive,151797.0,12,615430.1,51285.84,47137.43,Medium Activity,High Spender
C01952,Yash Sekhon,63,Female,Business Owner,181173.0,13,515482.96,39652.54,24777.03,Medium Activity,Medium Spender
C01953,Banjeet Kaur,40,Female,Student,72889.0,9,518893.82,57654.87,63104.54,Medium Activity,Medium Spender
C01954,Pushti Seshadri,52,Male,Farmer,76119.0,10,455209.35,45520.94,44372.06,Medium Activity,Medium Spender
C01955,Charan Andra,39,Female,Software Engineer,97940.0,13,565100.34,43469.26,34078.49,Medium Activity,Medium Spender
C01956,Nilima Gopal,57,Female,Doctor,183727.0,11,418559.97,38050.91,38027.64,Medium Activity,Medium Spender
C01957,Ubika Deol,26,Male,Other,108300.0,5,186235.5,37247.1,30447.13,Low Activity,Low Spender
C01958,Yutika Saran,38,Male,Other,159215.0,13,725290.22,55791.56,56144.51,Medium Activity,High Spender
C01959,Faris Jha,51,Female,Doctor,111046.0,11,678870.9,61715.54,81402.36,Medium Activity,High Spender
C01960,Mitesh Tak,25,Female,Farmer,98619.0,10,407766.66,40776.67,25736.04,Medium Activity,Low Spender
C01961,Ekavir Yohannan,48,Female,Doctor,128609.0,7,238654.56,34093.51,16027.49,Low Activity,Low Spender
C01962,Maanav Pradhan,46,Female,Other,155100.0,13,560325.83,43101.99,49524.83,Medium Activity,Medium Spender
C01963,Lekha Prabhakar,50,Male,Software Engineer,184585.0,7,498547.06,71221.01,78357.76,Low Activity,Medium Spender
C01964,Advika Shanker,54,Male,Other,150863.0,11,510536.6,46412.42,36837.2,Medium Activity,Medium Spender
C01965,Manan Kashyap,34,Female,Accountant,187228.0,10,475132.32,47513.23,46093.3,Medium Activity,Medium Spender
C01966,Chandran Bassi,55,Female,Other,184300.0,12,518453.71,43204.48,28041.58,Medium Activity,Medium Spender
C01967,Hemal Magar,24,Male,Government Employee,141238.0,6,300503.14,50083.86,56366.73,Low Activity,Low Spender
C01968,Simon Raghavan,30,Male,Business Owner,199649.0,7,309441.24,44205.89,41612.95,Low Activity,Low Spender
C01969,Ekani Sunder,40,Female,Student,103533.0,9,498258.67,55362.07,66103.06,Medium Activity,Medium Spender
C01970,Dayita Prabhu,25,Male,Student,89975.0,8,365819.37,45727.42,45146.12,Low Activity,Low Spender
C01971,Pavani Mander,39,Male,Accountant,177609.0,12,663804.56,55317.05,56286.02,Medium Activity,High Spender
C01972,Sai Dugar,36,Female,Doctor,49768.0,12,722207.13,60183.93,62298.82,Medium Activity,High Spender
C01973,Ria Savant,30,Male,Software Engineer,84379.0,4,168438.82,42109.7,38362.57,Low Activity,Low Spender
C01974,Sai Pandit,40,Female,Sales Executive,166754.0,7,333610.46,47658.64,37490.1,Low Activity,Low Spender
C01975,Urvi Bahl,48,Female,Software Engineer,72950.0,8,490292.02,61286.5,66118.75,Low Activity,Medium Spender
C01976,Garima Kibe,31,Female,Business Owner,27639.0,9,338389.93,37598.88,42218.01,Medium Activity,Low Spender
C01977,Faqid Kade,37,Female,Farmer,66133.0,15,840014.9,56000.99,55409.18,Medium Activity,High Spender
C01978,Unni Swaminathan,62,Male,Sales Executive,25218.0,11,624167.04,56742.46,56859.12,Medium Activity,High Spender
C01979,Gopal Om,24,Male,Government Employee,177705.0,11,775471.03,70497.37,82606.57,Medium Activity,High Spender
C01980,Farhan Pillai,40,Male,Student,115272.0,16,916086.19,57255.39,62509.84,High Activity,High Spender
C01981,Akshay Sen,63,Male,Student,56847.0,16,738567.33,46160.46,49055.66,High Activity,High Spender
C01982,Fitan Bhagat,36,Male,Other,151137.0,9,453482.66,50386.96,39514.31,Medium Activity,Medium Spender
C01983,Shaurya Vohra,28,Female,Sales Executive,43658.0,8,237425.73,29678.22,25359.93,Low Activity,Low Spender
C01984,Charvi Bal,36,Male,Government Employee,106320.0,17,756833.64,44519.63,27937.84,High Activity,High Spender
C01985,Dhruv Srinivasan,58,Female,Doctor,130852.0,9,334875.91,37208.43,23012.64,Medium Activity,Low Spender
C01986,Krish Sodhi,34,Male,Teacher,65915.0,12,431674.88,35972.91,32722.2,Medium Activity,Medium Spender
C01987,Caleb Roy,34,Female,Sales Executive,127053.0,9,529083.75,58787.08,59773.1,Medium Activity,Medium Spender
C01988,Harita Gupta,37,Male,Sales Executive,159845.0,7,429697.23,61385.32,54372.98,Low Activity,Medium Spender
C01989,Yoshita Gara,44,Male,Government Employee,163063.0,11,239956.83,21814.26,13676.23,Medium Activity,Low Spender
C01990,Samesh Bandi,48,Female,Doctor,92806.0,10,573913.65,57391.37,51161.59,Medium Activity,High Spender
C01991,Gautami Setty,30,Female,Sales Executive,116400.0,3,138929.72,46309.91,55476.65,Low Activity,Low Spender
C01992,Arjun Nayar,40,Male,Other,29125.0,14,618596.84,44185.49,41920.82,Medium Activity,High Spender
C01993,Gopal Kibe,63,Male,Doctor,86317.0,12,542525.82,45210.48,57570.62,Medium Activity,Medium Spender
C01994,Laban Manda,56,Female,Accountant,187496.0,10,468876.93,46887.69,42791.09,Medium Activity,Medium Spender
C01995,Watika Kalita,65,Female,Teacher,160223.0,14,592768.6,42340.61,23822.28,Medium Activity,High Spender
C01996,Hemangini Peri,36,Female,Student,22062.0,8,502713.56,62839.2,69458.87,Low Activity,Medium Spender
C01997,Nihal Deol,46,Female,Accountant,43658.0,6,390125.15,65020.86,70305.32,Low Activity,Low Spender
C01998,Omya Yohannan,36,Female,Doctor,62002.0,5,151746.66,30349.33,29414.41,Low Activity,Low Spender
C01999,Om Varghese,49,Female,Student,28881.0,8,492091.16,61511.4,66514.59,Low Activity,Medium Spender
C02000,Pooja Iyer,38,Male,Sales Executive,143493.0,11,489809.64,44528.15,36777.73,Medium Activity,Medium Spender
C02001,Bhavini Dani,47,Female,Student,46318.0,13,575969.7,44305.36,43710.59,Medium Activity,High Spender
C02002,Oeshi Pillai,31,Female,Farmer,37397.0,8,375064.31,46883.04,44542.82,Low Activity,Low Spender
C02003,Nilima Reddy,43,Female,Other,163583.0,9,363046.12,40338.46,44239.09,Medium Activity,Low Spender
C02004,Aditya Mittal,41,Female,Software Engineer,33657.0,11,603748.68,54886.24,54803.49,Medium Activity,High Spender
C02005,Azad Dugar,62,Male,Sales Executive,188060.0,14,800625.23,57187.52,56405.9,Medium Activity,High Spender
C02006,Ekaja Subramaniam,29,Male,Student,72448.0,6,181830.89,30305.15,30555.67,Low Activity,Low Spender
C02007,Tarak Saini,61,Female,Government Employee,170944.0,8,339472.46,42434.06,28729.64,Low Activity,Low Spender
C02008,Jack Nayak,26,Male,Business Owner,85432.0,10,347176.77,34717.68,25328.01,Medium Activity,Low Spender
C02009,Michael Rana,54,Male,Other,199766.0,7,329940.86,47134.41,47854.1,Low Activity,Low Spender
C02010,Nisha Krishnan,47,Female,Sales Executive,145400.0,5,137690.06,27538.01,19887.95,Low Activity,Low Spender
C02011,Utkarsh Wable,29,Female,Business Owner,175456.0,8,448100.6,56012.58,59870.51,Low Activity,Medium Spender
C02012,Tara Kari,41,Female,Doctor,42124.0,7,310979.9,44425.7,40851.06,Low Activity,Low Spender
C02013,Nimrat Anne,47,Female,Business Owner,123152.0,7,412418.8,58916.97,49281.57,Low Activity,Medium Spender
C02014,Viraj Sur,45,Male,Software Engineer,26021.0,10,480793.26,48079.33,56224.12,Medium Activity,Medium Spender
C02015,Ekiya Sethi,56,Male,Teacher,141221.0,11,371514.82,33774.07,18635.74,Medium Activity,Low Spender
C02016,Faris Kadakia,33,Female,Business Owner,33050.0,7,253796.8,36256.69,35527.11,Low Activity,Low Spender
C02017,Vaishnavi Bora,46,Female,Other,88198.0,14,606560.6,43325.76,39576.04,Medium Activity,High Spender
C02018,Dipta Kumer,30,Male,Government Employee,64596.0,10,482217.63,48221.76,43989.58,Medium Activity,Medium Spender
C02019,Edhitha Khatri,57,Male,Software Engineer,157845.0,9,457955.57,50883.95,44481.86,Medium Activity,Medium Spender
C02020,Advika Rajagopal,48,Female,Sales Executive,51067.0,14,822606.06,58757.58,61119.78,Medium Activity,High Spender
C02021,Ishanvi Bhatnagar,35,Male,Doctor,89783.0,11,453060.6,41187.33,28940.8,Medium Activity,Medium Spender
C02022,Ucchal Pandit,39,Female,Student,54130.0,17,743093.0,43711.35,29960.73,High Activity,High Spender
C02023,Amara Suri,48,Male,Other,76509.0,10,480727.23,48072.72,57767.82,Medium Activity,Medium Spender
C02024,Daniel Radhakrishnan,39,Male,Student,67282.0,4,128560.53,32140.13,34738.33,Low Activity,Low Spender
C02025,Lucky Tiwari,47,Male,Software Engineer,96072.0,5,244327.27,48865.45,56041.91,Low Activity,Low Spender
C02026,Lavanya Zachariah,37,Male,Other,138220.0,7,414701.04,59243.01,56725.12,Low Activity,Medium Spender
C02027,Vasana Minhas,36,Female,Other,199376.0,10,426902.51,42690.25,40992.52,Medium Activity,Medium Spender
C02028,Lavanya Trivedi,62,Female,Teacher,22705.0,6,413213.63,68868.94,66512.54,Low Activity,Medium Spender
C02029,Oliver Lad,51,Male,Government Employee,124216.0,9,418874.23,46541.58,46193.62,Medium Activity,Medium Spender
C02030,Naksh Chakrabarti,64,Male,Student,130963.0,14,703050.12,50217.87,48678.7,Medium Activity,High Spender
C02031,Pavani Dyal,59,Female,Teacher,44976.0,5,292592.83,58518.57,50822.03,Low Activity,Low Spender
C02032,Yashodhara Issac,56,Male,Software Engineer,107257.0,8,292011.8,36501.48,23908.62,Low Activity,Low Spender
C02033,Meghana Dash,36,Female,Government Employee,178957.0,11,405900.57,36900.05,20061.52,Medium Activity,Low Spender
C02034,Max Saha,63,Male,Software Engineer,86494.0,16,967845.65,60490.35,72012.68,High Activity,High Spender
C02035,Amara Kannan,53,Female,Accountant,123467.0,5,182327.19,36465.44,27009.33,Low Activity,Low Spender
C02036,Aarna Nayak,63,Female,Business Owner,166685.0,9,535053.75,59450.42,61198.45,Medium Activity,Medium Spender
C02037,Dev Sastry,23,Male,Accountant,64529.0,12,632089.11,52674.09,50214.82,Medium Activity,High Spender
C02038,Qabil Bawa,53,Female,Government Employee,142705.0,14,517732.8,36980.91,37156.54,Medium Activity,Medium Spender
C02039,Falak Sangha,29,Male,Government Employee,159047.0,6,226511.62,37751.94,36896.51,Low Activity,Low Spender
C02040,Baghyawati Agrawal,48,Male,Accountant,50629.0,12,626924.27,52243.69,50555.68,Medium Activity,High Spender
C02041,George Hayre,41,Male,Business Owner,150865.0,4,234438.43,58609.61,59359.04,Low Activity,Low Spender
C02042,Samaksh Pradhan,38,Female,Student,94167.0,8,356318.83,44539.85,45806.91,Low Activity,Low Spender
C02043,Bishakha Bobal,37,Female,Farmer,102053.0,14,742699.91,53049.99,50127.08,Medium Activity,High Spender
C02044,Ishwar Pall,48,Male,Government Employee,148784.0,7,385973.05,55139.01,60641.9,Low Activity,Low Spender
C02045,Advik Chandran,30,Female,Software Engineer,69524.0,14,765678.73,54691.34,51829.68,Medium Activity,High Spender
C02046,Eta Gopal,30,Male,Doctor,68009.0,9,501451.55,55716.84,48767.97,Medium Activity,Medium Spender
C02047,Falguni Oommen,23,Female,Accountant,62874.0,8,393033.71,49129.21,49211.02,Low Activity,Low Spender
C02048,Sudiksha Verma,50,Female,Teacher,149737.0,7,277823.0,39689.0,40520.05,Low Activity,Low Spender
C02049,Turvi Sinha,23,Female,Government Employee,167024.0,6,467267.52,77877.92,88829.55,Low Activity,Medium Spender
C02050,Laban Deep,52,Female,Sales Executive,49488.0,7,251265.42,35895.06,25057.47,Low Activity,Low Spender
C02051,Yuvraj Khanna,30,Male,Government Employee,44530.0,10,520260.88,52026.09,55706.41,Medium Activity,Medium Spender
C02052,Aryan Balay,34,Female,Business Owner,64117.0,10,490408.42,49040.84,42104.06,Medium Activity,Medium Spender
C02053,Kashvi Kant,53,Female,Other,193837.0,8,401991.32,50248.92,55627.14,Low Activity,Low Spender
C02054,Samar Din,58,Male,Other,21081.0,8,388082.39,48510.3,42221.86,Low Activity,Low Spender
C02055,Jeevika Sridhar,54,Male,Student,40141.0,12,568963.46,47413.62,39184.73,Medium Activity,High Spender
C02056,Aarush Andra,36,Female,Teacher,106155.0,8,324835.9,40604.49,50860.06,Low Activity,Low Spender
C02057,Imaran Dhawan,22,Female,Teacher,123329.0,10,359444.38,35944.44,41376.38,Medium Activity,Low Spender
C02058,Manbir Sankaran,44,Male,Government Employee,60311.0,8,358564.91,44820.61,41583.32,Low Activity,Low Spender
C02059,Odika Narayan,22,Male,Sales Executive,192894.0,8,289214.78,36151.85,36502.53,Low Activity,Low Spender
C02060,Jacob Ahuja,51,Female,Accountant,175767.0,10,424440.98,42444.1,27586.84,Medium Activity,Medium Spender
C02061,Harsh Bhakta,63,Male,Government Employee,31494.0,17,1093938.39,64349.32,66724.26,High Activity,High Spender
C02062,Hemani Lad,62,Female,Government Employee,169201.0,9,462363.34,51373.7,45207.45,Medium Activity,Medium Spender
C02063,Oscar Natt,29,Male,Software Engineer,188727.0,7,316437.5,45205.36,29003.8,Low Activity,Low Spender
C02064,Kiaan Pall,39,Female,Software Engineer,38539.0,12,579905.64,48325.47,50357.52,Medium Activity,High Spender
C02065,Bachittar Ramaswamy,56,Female,Teacher,124558.0,17,995409.84,58553.52,61437.04,High Activity,High Spender
C02066,Ridhi Balasubramanian,37,Male,Doctor,124573.0,15,670372.97,44691.53,51404.87,Medium Activity,High Spender
C02067,Vedhika Nadig,26,Male,Doctor,62713.0,8,392269.28,49033.66,52450.58,Low Activity,Low Spender
C02068,Tanmayi Narasimhan,45,Female,Accountant,189651.0,14,668560.38,47754.31,47010.16,Medium Activity,High Spender
C02069,Anamika Bhandari,62,Male,Teacher,98262.0,14,937640.56,66974.33,68637.9,Medium Activity,High Spender
C02070,Amara Sura,52,Female,Accountant,199558.0,12,611135.22,50927.94,44411.56,Medium Activity,High Spender
C02071,Jonathan Bains,59,Male,Government Employee,194462.0,10,362882.01,36288.2,42141.54,Medium Activity,Low Spender
C02072,Madhav Pant,27,Female,Farmer,72395.0,13,562489.97,43268.46,35824.21,Medium Activity,Medium Spender
C02073,Charles Kohli,52,Female,Student,144895.0,9,473077.21,52564.13,57898.11,Medium Activity,Medium Spender
C02074,Vasana Kalita,38,Female,Teacher,130765.0,8,425908.52,53238.56,54317.58,Low Activity,Medium Spender
C02075,Peter Patil,44,Male,Student,185330.0,13,680682.68,52360.21,47509.89,Medium Activity,High Spender
C02076,Oscar Babu,48,Male,Software Engineer,154569.0,7,418027.82,59718.26,56216.7,Low Activity,Medium Spender
C02077,Bhanumati Bhargava,42,Female,Doctor,189767.0,12,610024.79,50835.4,56420.2,Medium Activity,High Spender
C02078,Bhavna Johal,64,Male,Sales Executive,158222.0,13,631862.93,48604.84,42825.47,Medium Activity,High Spender
C02079,Jatin Bhasin,61,Male,Accountant,142740.0,4,127228.0,31807.0,27269.32,Low Activity,Low Spender
C02080,Triveni Balasubramanian,48,Male,Sales Executive,98746.0,11,495450.2,45040.93,51320.54,Medium Activity,Medium Spender
C02081,Nidhi Mukhopadhyay,30,Male,Accountant,85183.0,13,868896.16,66838.17,71982.84,Medium Activity,High Spender
C02082,Jhalak Patla,54,Female,Accountant,169038.0,10,460669.29,46066.93,38028.73,Medium Activity,Medium Spender
C02083,Ikshita Dhar,24,Male,Software Engineer,154588.0,10,285862.76,28586.28,13647.84,Medium Activity,Low Spender
C02084,Aarush Mane,27,Female,Student,44768.0,12,669274.82,55772.9,66107.4,Medium Activity,High Spender
C02085,Raghav Chana,50,Female,Government Employee,86810.0,14,698360.74,49882.91,41700.42,Medium Activity,High Spender
C02086,Hredhaan Dutt,58,Male,Farmer,24264.0,12,591163.39,49263.62,50647.91,Medium Activity,High Spender
C02087,Kabir Raja,28,Female,Business Owner,67764.0,8,385447.68,48180.96,47641.41,Low Activity,Low Spender
C02088,Faris Pingle,46,Male,Teacher,129117.0,9,564643.02,62738.11,67756.17,Medium Activity,Medium Spender
C02089,Arunima Swaminathan,40,Female,Other,139275.0,17,657868.58,38698.15,37847.51,High Activity,High Spender
C02090,Girik Ramakrishnan,63,Female,Other,89487.0,6,318460.68,53076.78,54577.38,Low Activity,Low Spender
C02091,Triya Borra,42,Male,Doctor,68519.0,15,876163.73,58410.92,70702.48,Medium Activity,High Spender
C02092,Tanmayi Sawhney,26,Female,Teacher,133717.0,8,302861.11,37857.64,44274.3,Low Activity,Low Spender
C02093,Jhalak Ravi,55,Male,Software Engineer,123529.0,6,237351.9,39558.65,43555.36,Low Activity,Low Spender
C02094,Bhavika Roy,28,Male,Business Owner,191914.0,7,417263.79,59609.11,63793.87,Low Activity,Medium Spender
C02095,Maanas Khurana,51,Female,Student,192416.0,14,617291.04,44092.22,39765.7,Medium Activity,High Spender
C02096,Mugdha Dar,59,Female,Accountant,182135.0,12,668875.05,55739.59,63716.41,Medium Activity,High Spender
C02097,Yuvraj Ravi,60,Female,Student,99339.0,8,504453.53,63056.69,67583.17,Low Activity,Medium Spender
C02098,Gaurangi Vig,26,Male,Business Owner,23637.0,10,375381.38,37538.14,26942.92,Medium Activity,Low Spender
C02099,Megha Om,33,Male,Software Engineer,69341.0,10,542026.78,54202.68,46764.3,Medium Activity,Medium Spender
C02100,Harshil Chana,22,Male,Sales Executive,190032.0,6,308516.35,51419.39,60455.3,Low Activity,Low Spender
C02101,Dipta Ramachandran,30,Male,Student,184117.0,7,298690.65,42670.09,37839.01,Low Activity,Low Spender
C02102,Jeet Divan,55,Male,Teacher,98883.0,12,490417.09,40868.09,43305.52,Medium Activity,Medium Spender
C02103,Hemal Mohan,50,Male,Sales Executive,130593.0,9,604499.71,67166.63,72945.8,Medium Activity,High Spender
C02104,Prisha Nagy,22,Male,Business Owner,59956.0,18,863877.54,47993.2,41744.47,High Activity,High Spender
C02105,Anika Sachdev,65,Female,Sales Executive,143598.0,7,470839.7,67262.81,63557.6,Low Activity,Medium Spender
C02106,Jack Sunder,22,Female,Other,83603.0,6,420192.28,70032.05,85436.3,Low Activity,Medium Spender
C02107,Nathaniel Morar,33,Female,Other,122690.0,15,612261.88,40817.46,23303.07,Medium Activity,High Spender
C02108,Reva Mangat,24,Female,Software Engineer,46912.0,13,608959.54,46843.04,56233.96,Medium Activity,High Spender
C02109,Manya Bhat,61,Female,Student,149945.0,7,325640.93,46520.13,35753.37,Low Activity,Low Spender
C02110,Eshana Mody,58,Female,Software Engineer,147794.0,16,903866.27,56491.64,58843.08,High Activity,High Spender
C02111,Benjamin Narasimhan,46,Female,Farmer,174937.0,14,763095.8,54506.84,57296.51,Medium Activity,High Spender
C02112,Chameli Wali,60,Female,Doctor,35913.0,12,478632.02,39886.0,35135.06,Medium Activity,Medium Spender
C02113,Aishani Shanker,54,Male,Student,171100.0,7,253028.7,36146.96,37305.28,Low Activity,Low Spender
C02114,Ojas Varty,41,Male,Accountant,189948.0,12,630691.62,52557.64,59385.0,Medium Activity,High Spender
C02115,Upkaar Bail,47,Female,Teacher,149705.0,9,439229.3,48803.26,41021.96,Medium Activity,Medium Spender
C02116,Abhimanyu Chahal,60,Female,Sales Executive,134355.0,10,460009.19,46000.92,41984.68,Medium Activity,Medium Spender
C02117,Pahal Sharaf,22,Male,Accountant,70384.0,4,140396.94,35099.24,33693.99,Low Activity,Low Spender
C02118,Arjun Nadkarni,51,Female,Sales Executive,80844.0,4,259076.51,64769.13,76982.82,Low Activity,Low Spender
C02119,Yug Ahuja,53,Male,Other,199561.0,9,603706.76,67078.53,84330.61,Medium Activity,High Spender
C02120,Chatura Ratti,42,Female,Business Owner,96911.0,11,597418.33,54310.76,54791.42,Medium Activity,High Spender
C02121,Ryan Lall,45,Female,Government Employee,143817.0,14,696875.99,49776.86,50097.92,Medium Activity,High Spender
C02122,Wridesh Setty,31,Male,Accountant,42594.0,8,419264.57,52408.07,55084.28,Low Activity,Medium Spender
C02123,Devika Parekh,63,Female,Business Owner,65427.0,8,403213.39,50401.67,55921.88,Low Activity,Low Spender
C02124,Tamanna Khare,33,Male,Other,149023.0,10,338226.53,33822.65,30740.3,Medium Activity,Low Spender
C02125,Siddharth Pai,27,Female,Sales Executive,99600.0,14,835382.93,59670.21,67301.33,Medium Activity,High Spender
C02126,Jasmit Gala,36,Male,Farmer,32333.0,10,404452.01,40445.2,33859.42,Medium Activity,Low Spender
C02127,Janaki Raj,22,Female,Accountant,113596.0,10,458992.97,45899.3,53793.47,Medium Activity,Medium Spender
C02128,Girish Prakash,64,Male,Business Owner,151983.0,15,911445.83,60763.06,58892.46,Medium Activity,High Spender
C02129,Oeshi Kuruvilla,23,Male,Government Employee,132884.0,7,350777.41,50111.06,51421.79,Low Activity,Low Spender
C02130,Orinder Datta,28,Male,Teacher,167320.0,9,450370.3,50041.14,47571.13,Medium Activity,Medium Spender
C02131,Anamika Dugar,35,Female,Accountant,109213.0,6,293689.67,48948.28,45172.03,Low Activity,Low Spender
C02132,Oni Dubey,43,Male,Farmer,90121.0,11,652403.54,59309.41,54113.08,Medium Activity,High Spender
C02133,Jeevika Gour,30,Male,Software Engineer,134773.0,13,743623.59,57201.81,61002.22,Medium Activity,High Spender
C02134,Reva D’Alia,50,Male,Teacher,180057.0,12,525623.05,43801.92,46039.52,Medium Activity,Medium Spender
C02135,Ikbal Sachdeva,60,Male,Farmer,31002.0,12,643290.3,53607.52,52434.6,Medium Activity,High Spender
C02136,Reyansh Sathe,53,Male,Business Owner,185131.0,10,380126.44,38012.64,33078.0,Medium Activity,Low Spender
C02137,Osha Rajan,28,Male,Government Employee,61165.0,10,557044.5,55704.45,54351.98,Medium Activity,Medium Spender
C02138,Onkar Ben,39,Female,Farmer,150650.0,9,395299.58,43922.18,42636.39,Medium Activity,Low Spender
C02139,Tanveer Lall,27,Male,Government Employee,107715.0,7,394738.31,56391.19,47331.85,Low Activity,Low Spender
C02140,Tara Kale,29,Male,Doctor,135109.0,9,551982.2,61331.36,56634.36,Medium Activity,Medium Spender
C02141,Advay Din,47,Male,Doctor,144168.0,12,681595.94,56799.66,62623.37,Medium Activity,High Spender
C02142,Vihaan Chauhan,42,Female,Farmer,64895.0,8,504429.96,63053.74,68885.35,Low Activity,Medium Spender
C02143,Caleb Loke,26,Female,Government Employee,128792.0,12,536633.67,44719.47,43032.76,Medium Activity,Medium Spender
C02144,Krish Swamy,44,Male,Business Owner,158844.0,16,682107.69,42631.73,42078.18,High Activity,High Spender
C02145,Akshay Sood,47,Male,Business Owner,132413.0,10,478493.42,47849.34,38628.8,Medium Activity,Medium Spender
C02146,Radha Bhardwaj,47,Female,Sales Executive,155307.0,16,706579.16,44161.2,47435.24,High Activity,High Spender
C02147,Rayaan Pillay,64,Female,Software Engineer,136019.0,13,497521.35,38270.87,27045.75,Medium Activity,Medium Spender
C02148,Anthony Lanka,30,Male,Farmer,38240.0,16,762698.44,47668.65,58698.66,High Activity,High Spender
C02149,Krishna Dalal,26,Female,Government Employee,125290.0,8,468461.64,58557.7,51599.04,Low Activity,Medium Spender
C02150,George Murty,31,Female,Software Engineer,123092.0,16,1086379.37,67898.71,82327.14,High Activity,High Spender
C02151,Samar Raghavan,23,Male,Other,35154.0,8,489677.69,61209.71,63009.42,Low Activity,Medium Spender
C02152,Noah Chatterjee,61,Female,Student,125382.0,11,582241.67,52931.06,56499.14,Medium Activity,High Spender
C02153,Krishna Kapur,64,Female,Government Employee,110218.0,15,784685.6,52312.37,42130.84,Medium Activity,High Spender
C02154,Daksh Thaman,21,Female,Farmer,180012.0,11,691875.11,62897.74,68463.06,Medium Activity,High Spender
C02155,Rachita Dutt,30,Female,Sales Executive,188789.0,17,733309.37,43135.85,38644.98,High Activity,High Spender
C02156,Maanav Bhatti,34,Female,Government Employee,190067.0,12,663405.39,55283.78,52822.04,Medium Activity,High Spender
C02157,Anjali Varty,46,Male,Accountant,42093.0,10,462350.95,46235.1,43949.15,Medium Activity,Medium Spender
C02158,Gavin Mangat,23,Female,Student,53031.0,14,442035.87,31573.99,13353.18,Medium Activity,Medium Spender
C02159,Rushil Bali,54,Female,Doctor,44332.0,7,287263.16,41037.59,23715.16,Low Activity,Low Spender
C02160,Sarthak Dubey,53,Female,Farmer,109314.0,9,443608.49,49289.83,72909.85,Medium Activity,Medium Spender
C02161,Vasatika Choudhary,61,Male,Software Engineer,27311.0,9,370426.61,41158.51,47802.13,Medium Activity,Low Spender
C02162,Viraj Khosla,55,Female,Doctor,99676.0,14,738290.68,52735.05,50986.59,Medium Activity,High Spender
C02163,Jalsa Lad,48,Male,Software Engineer,117774.0,14,752242.43,53731.6,49893.88,Medium Activity,High Spender
C02164,Jonathan Chatterjee,37,Female,Teacher,32512.0,5,349118.41,69823.68,84725.2,Low Activity,Low Spender
C02165,Gunbir Bhalla,62,Male,Sales Executive,98108.0,8,339312.08,42414.01,27032.25,Low Activity,Low Spender
C02166,Vincent Bose,57,Male,Sales Executive,108861.0,14,719085.94,51363.28,56901.75,Medium Activity,High Spender
C02167,Yamini Kara,36,Male,Government Employee,98433.0,4,204497.07,51124.27,44958.27,Low Activity,Low Spender
C02168,Mekhala Ramachandran,39,Male,Student,156227.0,11,540332.29,49121.12,39674.44,Medium Activity,Medium Spender
C02169,Deepa Chanda,36,Male,Government Employee,155384.0,13,652332.3,50179.41,43738.92,Medium Activity,High Spender
C02170,Ishaan Basu,58,Male,Government Employee,139094.0,15,837376.25,55825.08,59370.21,Medium Activity,High Spender
C02171,Neha Devan,27,Male,Student,128017.0,13,613173.05,47167.16,43526.04,Medium Activity,High Spender
C02172,Maanas Zachariah,26,Male,Software Engineer,131381.0,12,618160.86,51513.4,56995.27,Medium Activity,High Spender
C02173,Rohan Divan,29,Female,Doctor,136959.0,8,560111.53,70013.94,71015.55,Low Activity,Medium Spender
C02174,Aachal Raju,25,Female,Farmer,125579.0,13,639091.11,49160.85,48975.54,Medium Activity,High Spender
C02175,Ubika Goel,58,Female,Accountant,173171.0,7,417954.41,59707.77,70198.75,Low Activity,Medium Spender
C02176,Rachita Rastogi,52,Female,Sales Executive,148330.0,22,1262876.56,57403.48,55806.0,High Activity,High Spender
C02177,Karan Bhagat,47,Male,Business Owner,152588.0,9,350761.43,38973.49,35557.82,Medium Activity,Low Spender
C02178,Maanas Datta,29,Female,Sales Executive,53917.0,4,214512.93,53628.23,54477.86,Low Activity,Low Spender
C02179,Krishna Nayar,53,Male,Doctor,139388.0,13,689623.08,53047.93,57687.41,Medium Activity,High Spender
C02180,Ranveer Sahota,51,Male,Business Owner,166545.0,6,437051.38,72841.9,75760.26,Low Activity,Medium Spender
C02181,Quincy Mangal,44,Male,Other,127117.0,15,675980.3,45065.35,28849.8,Medium Activity,High Spender
C02182,Hemani Chander,28,Male,Government Employee,169884.0,12,544065.49,45338.79,39903.49,Medium Activity,Medium Spender
C02183,Yachana Parsa,39,Male,Farmer,60187.0,10,469589.16,46958.92,49508.98,Medium Activity,Medium Spender
C02184,Chaman Munshi,28,Female,Accountant,118162.0,7,296319.5,42331.36,46512.87,Low Activity,Low Spender
C02185,Tanvi Dar,40,Female,Sales Executive,27334.0,4,122953.7,30738.43,26618.96,Low Activity,Low Spender
C02186,Ryan Dani,30,Male,Other,130561.0,9,394803.5,43867.06,55722.06,Medium Activity,Low Spender
C02187,Sai Venkataraman,24,Female,Accountant,76513.0,13,566482.01,43575.54,43979.5,Medium Activity,Medium Spender
C02188,Janaki Rama,32,Female,Software Engineer,52067.0,7,243697.59,34813.94,42488.17,Low Activity,Low Spender
C02189,Saumya Bakshi,56,Female,Teacher,31713.0,9,530635.48,58959.5,43381.48,Medium Activity,Medium Spender
C02190,Karan Mahajan,47,Female,Other,101186.0,8,375518.38,46939.8,46868.52,Low Activity,Low Spender
C02191,Dalbir Gupta,57,Female,Government Employee,118908.0,6,272236.31,45372.72,46781.52,Low Activity,Low Spender
C02192,Isaiah Thaker,51,Male,Business Owner,152320.0,6,208048.0,34674.67,26196.4,Low Activity,Low Spender
C02193,Bhavya Bandi,61,Female,Sales Executive,194907.0,17,884218.69,52012.86,60142.64,High Activity,High Spender
C02194,Urvashi Barman,49,Male,Government Employee,43413.0,15,773197.44,51546.5,49088.95,Medium Activity,High Spender
C02195,Urishilla Parmer,60,Female,Student,81032.0,10,417832.91,41783.29,27964.28,Medium Activity,Medium Spender
C02196,Neel Devan,46,Female,Farmer,32011.0,15,662515.47,44167.7,40208.92,Medium Activity,High Spender
C02197,Neelima Kuruvilla,63,Female,Accountant,189323.0,15,774057.82,51603.85,52288.81,Medium Activity,High Spender
C02198,Onkar Pai,26,Male,Software Engineer,169945.0,13,684104.59,52623.43,61478.51,Medium Activity,High Spender
C02199,Bhavani Sura,61,Female,Farmer,189124.0,4,214512.05,53628.01,41368.9,Low Activity,Low Spender
C02200,Eesha Gill,28,Male,Doctor,182189.0,7,283657.75,40522.54,38345.18,Low Activity,Low Spender
C02201,Simon Dhillon,55,Male,Other,156774.0,8,337582.54,42197.82,40156.06,Low Activity,Low Spender
C02202,Nisha Tandon,33,Female,Farmer,24892.0,12,830669.67,69222.47,78826.08,Medium Activity,High Spender
C02203,Peter Sami,28,Male,Software Engineer,92079.0,9,391331.88,43481.32,40554.48,Medium Activity,Low Spender
C02204,Idika Mandal,34,Male,Other,136452.0,9,488122.04,54235.78,52176.62,Medium Activity,Medium Spender
C02205,Finn Gupta,26,Female,Student,174374.0,11,447387.49,40671.59,42224.81,Medium Activity,Medium Spender
C02206,Jalsa Nayak,23,Female,Software Engineer,109117.0,11,606642.82,55149.35,54331.35,Medium Activity,High Spender
C02207,Azad Bahl,48,Male,Student,26306.0,10,514897.93,51489.79,44851.11,Medium Activity,Medium Spender
C02208,Omisha Chad,54,Female,Student,87417.0,12,483124.48,40260.37,31123.61,Medium Activity,Medium Spender
C02209,Idika Kota,26,Male,Teacher,162024.0,12,360094.95,30007.91,17250.74,Medium Activity,Low Spender
C02210,Bimala Dara,31,Female,Business Owner,67885.0,8,464819.77,58102.47,69171.22,Low Activity,Medium Spender
C02211,Chatura Nagar,37,Male,Business Owner,100424.0,8,428776.2,53597.02,50868.28,Low Activity,Medium Spender
C02212,Baljiwan Patel,47,Male,Software Engineer,181081.0,10,433767.75,43376.78,30784.84,Medium Activity,Medium Spender
C02213,Jalsa Krishnan,41,Male,Software Engineer,35335.0,12,630447.35,52537.28,51556.12,Medium Activity,High Spender
C02214,Lila Sharma,40,Female,Teacher,103896.0,7,500362.36,71480.34,69472.57,Low Activity,Medium Spender
C02215,Luke Dara,30,Female,Government Employee,87615.0,10,476627.83,47662.78,53965.84,Medium Activity,Medium Spender
C02216,Kashish Sem,45,Male,Software Engineer,73099.0,9,451685.4,50187.27,57444.87,Medium Activity,Medium Spender
C02217,Damyanti Kant,36,Male,Sales Executive,153332.0,9,512166.73,56907.41,50815.33,Medium Activity,Medium Spender
C02218,Gaurika Madan,53,Female,Teacher,90592.0,15,660726.25,44048.42,38982.7,Medium Activity,High Spender
C02219,Ishwar Natarajan,24,Female,Sales Executive,164997.0,9,509645.87,56627.32,54294.29,Medium Activity,Medium Spender
C02220,Agastya Oak,47,Male,Sales Executive,27577.0,9,384193.29,42688.14,36097.61,Medium Activity,Low Spender
C02221,Neha Sachdev,47,Male,Software Engineer,90558.0,6,216224.75,36037.46,35361.13,Low Activity,Low Spender
C02222,William Kapur,56,Male,Doctor,165413.0,9,408421.48,45380.16,40216.55,Medium Activity,Low Spender
C02223,Naveen Ray,62,Male,Accountant,168962.0,10,542861.06,54286.11,74541.34,Medium Activity,Medium Spender
C02224,Udarsh Hayer,47,Female,Teacher,186670.0,8,507643.6,63455.45,67772.68,Low Activity,Medium Spender
C02225,Tanvi Nadkarni,53,Male,Business Owner,117859.0,4,269628.12,67407.03,80815.05,Low Activity,Low Spender
C02226,Pratyush Trivedi,55,Male,Doctor,160911.0,8,348879.86,43609.98,43899.92,Low Activity,Low Spender
C02227,Bhavya Ganesh,48,Female,Software Engineer,20262.0,14,737519.29,52679.95,55433.36,Medium Activity,High Spender
C02228,Neha Sarma,50,Female,Business Owner,20142.0,7,399041.53,57005.93,60470.92,Low Activity,Low Spender
C02229,Jairaj Gade,24,Female,Accountant,176727.0,12,683281.54,56940.13,66647.1,Medium Activity,High Spender
C02230,Advik Rastogi,37,Female,Government Employee,185729.0,9,470139.02,52237.67,58124.14,Medium Activity,Medium Spender
C02231,Ishita Anand,34,Female,Software Engineer,62314.0,5,316795.1,63359.02,62033.69,Low Activity,Low Spender
C02232,Oscar Palla,55,Male,Accountant,43518.0,15,691631.57,46108.77,36235.16,Medium Activity,High Spender
C02233,Zehaan Varma,46,Male,Business Owner,165877.0,10,379165.26,37916.53,27839.28,Medium Activity,Low Spender
C02234,Kavya Suresh,38,Female,Doctor,180024.0,9,418650.35,46516.71,45677.78,Medium Activity,Medium Spender
C02235,Janani Sangha,53,Female,Government Employee,186505.0,7,376071.03,53724.43,57708.87,Low Activity,Low Spender
C02236,Dhruv Banerjee,37,Female,Accountant,84468.0,9,460151.72,51127.97,51681.41,Medium Activity,Medium Spender
C02237,Zaitra Tailor,63,Female,Government Employee,75213.0,7,369953.21,52850.46,48038.88,Low Activity,Low Spender
C02238,Orinder Deo,50,Female,Software Engineer,55055.0,10,554933.89,55493.39,55277.65,Medium Activity,Medium Spender
C02239,Samar Ranganathan,62,Male,Other,144919.0,15,652076.9,43471.79,37538.75,Medium Activity,High Spender
C02240,Caleb Loyal,21,Male,Business Owner,128308.0,11,454854.92,41350.45,37851.25,Medium Activity,Medium Spender
C02241,Victor Ramesh,56,Female,Student,161067.0,8,327507.8,40938.48,37692.3,Low Activity,Low Spender
C02242,Pavani Dutta,26,Male,Farmer,28112.0,10,556868.15,55686.82,56214.5,Medium Activity,Medium Spender
C02243,Nihal Mann,63,Female,Teacher,112535.0,12,607685.71,50640.48,48817.7,Medium Activity,High Spender
C02244,Jatin Agrawal,45,Female,Student,66448.0,5,347228.31,69445.66,77441.27,Low Activity,Low Spender
C02245,Abdul Swaminathan,65,Male,Teacher,141292.0,11,644053.66,58550.33,70943.45,Medium Activity,High Spender
C02246,Upkaar Kumar,44,Male,Sales Executive,22454.0,8,441275.64,55159.46,59987.07,Low Activity,Medium Spender
C02247,Anamika Johal,35,Male,Accountant,198403.0,14,775450.04,55389.29,42174.72,Medium Activity,High Spender
C02248,Balhaar Mitra,43,Male,Teacher,180810.0,12,702475.19,58539.6,67245.7,Medium Activity,High Spender
C02249,Eiravati Ahluwalia,61,Female,Doctor,81409.0,6,297314.19,49552.36,49907.5,Low Activity,Low Spender
C02250,Chanchal Pillay,52,Female,Software Engineer,93598.0,12,632028.01,52669.0,51322.58,Medium Activity,High Spender
C02251,Akshay Kalita,52,Male,Software Engineer,71402.0,13,716872.22,55144.02,52592.38,Medium Activity,High Spender
C02252,Ekani Sem,61,Female,Teacher,92704.0,12,626437.26,52203.1,47413.68,Medium Activity,High Spender
C02253,Aarini Pandya,57,Female,Business Owner,164647.0,13,738547.92,56811.38,64501.88,Medium Activity,High Spender
C02254,Hemani Mistry,33,Male,Teacher,174183.0,9,481902.11,53544.68,64390.57,Medium Activity,Medium Spender
C02255,Zehaan Minhas,29,Male,Business Owner,88058.0,8,436068.93,54508.62,53737.74,Low Activity,Medium Spender
C02256,Nitara Sule,57,Male,Farmer,91913.0,7,215884.59,30840.66,22621.1,Low Activity,Low Spender
C02257,Amruta Ramachandran,33,Male,Farmer,181076.0,9,282033.89,31337.1,31299.3,Medium Activity,Low Spender
C02258,Pranit Bedi,37,Female,Software Engineer,131965.0,6,392129.78,65354.96,70090.66,Low Activity,Low Spender
C02259,Forum Wagle,62,Male,Government Employee,133389.0,11,461536.9,41957.9,40239.72,Medium Activity,Medium Spender
C02260,Yashasvi Roy,47,Female,Teacher,198303.0,15,922306.32,61487.09,68502.98,Medium Activity,High Spender
C02261,Yatin Kota,54,Female,Sales Executive,114757.0,5,246411.33,49282.27,52262.77,Low Activity,Low Spender
C02262,Edhitha Kala,54,Male,Doctor,32311.0,17,830864.33,48874.37,45572.77,High Activity,High Spender
C02263,Eta Sabharwal,38,Female,Farmer,137666.0,8,443260.95,55407.62,61907.01,Low Activity,Medium Spender
C02264,Radha Hegde,41,Male,Student,71015.0,7,339692.76,48527.54,35692.09,Low Activity,Low Spender
C02265,Veer Sama,42,Male,Other,26651.0,10,617921.81,61792.18,63036.26,Medium Activity,High Spender
C02266,Indrajit Doctor,35,Female,Teacher,85531.0,7,363715.18,51959.31,59767.03,Low Activity,Low Spender
C02267,Chaman Kant,33,Male,Government Employee,101475.0,5,194900.27,38980.05,14948.99,Low Activity,Low Spender
C02268,Zaitra Divan,25,Male,Software Engineer,145820.0,7,273772.07,39110.3,38299.85,Low Activity,Low Spender
C02269,Mitali Bera,48,Male,Other,184180.0,10,601274.59,60127.46,55462.24,Medium Activity,High Spender
C02270,Alka Saraf,42,Female,Doctor,48269.0,9,443012.43,49223.6,53198.51,Medium Activity,Medium Spender
C02271,Ekbal Munshi,51,Male,Government Employee,34269.0,9,608723.75,67635.97,61627.37,Medium Activity,High Spender
C02272,Gautami Om,42,Male,Teacher,177277.0,11,384229.11,34929.92,29891.22,Medium Activity,Low Spender
C02273,Neha Nagi,60,Female,Teacher,183931.0,10,578510.06,57851.01,62540.22,Medium Activity,High Spender
C02274,Rushil Narula,49,Male,Teacher,35908.0,9,340583.74,37842.64,31741.52,Medium Activity,Low Spender
C02275,Zilmil Sachdeva,23,Female,Government Employee,37046.0,5,175937.48,35187.5,6969.1,Low Activity,Low Spender
C02276,Patrick Natt,29,Male,Sales Executive,34362.0,11,603984.79,54907.71,60126.92,Medium Activity,High Spender
C02277,Yashawini Divan,40,Female,Teacher,46693.0,10,519484.7,51948.47,41107.88,Medium Activity,Medium Spender
C02278,Prisha Sami,64,Male,Farmer,33684.0,8,508423.11,63552.89,63582.76,Low Activity,Medium Spender
C02279,Tanveer Rege,39,Female,Student,45121.0,10,370055.12,37005.51,21797.28,Medium Activity,Low Spender
C02280,Vaishnavi Sarin,60,Female,Doctor,177175.0,11,431378.14,39216.19,31621.18,Medium Activity,Medium Spender
C02281,Damyanti Kala,63,Male,Sales Executive,120642.0,20,990204.87,49510.24,46806.6,High Activity,High Spender
C02282,Nicholas Raju,50,Female,Other,182327.0,10,567470.04,56747.0,63849.56,Medium Activity,Medium Spender
C02283,Waida Bath,27,Female,Software Engineer,139033.0,13,654526.52,50348.19,41236.2,Medium Activity,High Spender
C02284,Om Kuruvilla,54,Female,Other,70457.0,7,345088.42,49298.35,48509.33,Low Activity,Low Spender
C02285,Mohini Prabhu,27,Male,Software Engineer,176021.0,9,429172.71,47685.86,40801.02,Medium Activity,Medium Spender
C02286,Ubika Bhardwaj,25,Male,Other,53025.0,8,350833.15,43854.14,31317.24,Low Activity,Low Spender
C02287,Ekanta Bhatti,61,Female,Government Employee,130364.0,12,705111.17,58759.26,59239.13,Medium Activity,High Spender
C02288,Avni Chad,51,Female,Business Owner,83740.0,9,440758.49,48973.17,62289.68,Medium Activity,Medium Spender
C02289,Hiral Rama,29,Male,Software Engineer,53470.0,11,547395.68,49763.24,54784.1,Medium Activity,Medium Spender
C02290,Megha Raghavan,40,Female,Farmer,190840.0,10,391460.5,39146.05,24101.61,Medium Activity,Low Spender
C02291,Benjamin Mohanty,43,Female,Other,161857.0,15,616458.69,41097.25,39378.11,Medium Activity,High Spender
C02292,Sanaya Sura,30,Male,Sales Executive,100917.0,14,487042.57,34788.75,35799.79,Medium Activity,Medium Spender
C02293,Chanchal Choudhry,59,Female,Accountant,116686.0,9,433167.64,48129.74,51551.25,Medium Activity,Medium Spender
C02294,Kashvi Venkatesh,21,Male,Software Engineer,82229.0,8,500964.59,62620.57,66015.84,Low Activity,Medium Spender
C02295,Avni Barad,53,Male,Student,110129.0,13,583846.57,44911.27,37220.81,Medium Activity,High Spender
C02296,Zayyan Kaur,33,Male,Doctor,37931.0,9,407193.36,45243.71,50137.89,Medium Activity,Low Spender
C02297,Darsh Chaudry,42,Male,Sales Executive,142526.0,7,389121.85,55588.84,54968.74,Low Activity,Low Spender
C02298,Dalbir Om,59,Female,Other,168398.0,13,540960.41,41612.34,37964.69,Medium Activity,Medium Spender
C02299,Dev Doshi,42,Female,Student,106145.0,16,1023509.17,63969.32,74271.88,High Activity,High Spender
C02300,Abhiram Badami,31,Male,Sales Executive,31060.0,5,249251.95,49850.39,30937.66,Low Activity,Low Spender
C02301,Yatin Shanker,52,Male,Software Engineer,187448.0,14,657111.39,46936.53,44413.0,Medium Activity,High Spender
C02302,Amrita Devan,35,Male,Sales Executive,183556.0,11,550353.58,50032.14,54225.94,Medium Activity,Medium Spender
C02303,Faraj Pathak,34,Male,Sales Executive,106904.0,13,612291.92,47099.38,42452.2,Medium Activity,High Spender
C02304,Manthan Char,45,Male,Student,68298.0,8,307593.98,38449.25,38079.99,Low Activity,Low Spender
C02305,Gautam Dash,21,Female,Software Engineer,39328.0,11,557622.57,50692.96,43375.57,Medium Activity,Medium Spender
C02306,Lavanya Merchant,43,Male,Farmer,50196.0,13,738275.8,56790.45,58712.62,Medium Activity,High Spender
C02307,Balveer Bansal,30,Female,Sales Executive,70961.0,11,534797.7,48617.97,46532.19,Medium Activity,Medium Spender
C02308,Amrita Palla,61,Female,Software Engineer,27781.0,13,753573.92,57967.22,73420.09,Medium Activity,High Spender
C02309,Harsh Borra,33,Male,Accountant,65651.0,10,486712.88,48671.29,51312.48,Medium Activity,Medium Spender
C02310,Jacob Parekh,35,Female,Business Owner,109081.0,10,451128.02,45112.8,36768.16,Medium Activity,Medium Spender
C02311,Arjun Nagarajan,56,Male,Business Owner,71376.0,8,415293.41,51911.68,62145.64,Low Activity,Medium Spender
C02312,Krisha Gill,22,Male,Accountant,46526.0,5,370775.43,74155.09,88401.33,Low Activity,Low Spender
C02313,Yashica Pingle,22,Male,Student,191670.0,6,227208.87,37868.14,23138.75,Low Activity,Low Spender
C02314,Rayaan Gour,28,Female,Doctor,99972.0,8,512361.52,64045.19,79457.8,Low Activity,Medium Spender
C02315,Oscar Rao,50,Male,Government Employee,117609.0,9,380341.68,42260.19,32517.79,Medium Activity,Low Spender
C02316,Jeevika Ratti,63,Male,Farmer,183369.0,7,321170.04,45881.43,54349.57,Low Activity,Low Spender
C02317,Qasim Devan,48,Male,Teacher,57862.0,10,488396.55,48839.66,52509.58,Medium Activity,Medium Spender
C02318,Nidhi Devi,29,Male,Doctor,159606.0,14,674420.98,48172.93,48480.8,Medium Activity,High Spender
C02319,Devansh Raval,45,Female,Government Employee,177168.0,9,534332.69,59370.3,60333.48,Medium Activity,Medium Spender
C02320,Widisha Ben,48,Male,Software Engineer,181488.0,14,765922.0,54708.71,58661.14,Medium Activity,High Spender
C02321,Vamakshi Malhotra,58,Male,Farmer,97118.0,10,577366.09,57736.61,56399.66,Medium Activity,High Spender
C02322,Pahal Sarraf,30,Female,Doctor,33961.0,7,278111.93,39730.28,32088.55,Low Activity,Low Spender
C02323,Gaurang Mitra,61,Female,Business Owner,153239.0,15,757301.77,50486.78,55866.92,Medium Activity,High Spender
C02324,Yashvi Baria,58,Female,Doctor,41340.0,10,428195.56,42819.56,43210.96,Medium Activity,Medium Spender
C02325,Bahadurjit Jha,51,Male,Business Owner,153330.0,9,473236.76,52581.86,50614.25,Medium Activity,Medium Spender
C02326,Zarna Chakraborty,45,Female,Sales Executive,156024.0,11,598519.57,54410.87,57267.21,Medium Activity,High Spender
C02327,Shivansh Dugar,50,Male,Government Employee,118010.0,10,532697.87,53269.79,62149.35,Medium Activity,Medium Spender
C02328,Gayathri Cherian,54,Female,Sales Executive,144192.0,12,554398.32,46199.86,46705.01,Medium Activity,Medium Spender
C02329,Baghyawati Naik,38,Female,Other,190324.0,9,364026.32,40447.37,40042.57,Medium Activity,Low Spender
C02330,Naksh Raman,23,Male,Doctor,73215.0,8,479330.84,59916.36,68592.67,Low Activity,Medium Spender
C02331,Tarak Shan,49,Male,Student,77303.0,11,368567.24,33506.11,23111.36,Medium Activity,Low Spender
C02332,Adya Aggarwal,40,Female,Student,169781.0,9,607472.87,67496.99,61230.41,Medium Activity,High Spender
C02333,Radha Venkatesh,31,Female,Accountant,164323.0,13,515729.41,39671.49,39069.05,Medium Activity,Medium Spender
C02334,Yoshita Raj,26,Male,Teacher,97345.0,9,487814.67,54201.63,66015.18,Medium Activity,Medium Spender
C02335,Tanvi Padmanabhan,49,Female,Doctor,173082.0,8,419094.06,52386.76,57401.22,Low Activity,Medium Spender
C02336,Qarin Sanghvi,23,Female,Farmer,182824.0,16,659309.03,41206.81,43496.44,High Activity,High Spender
C02337,Reyansh Ganesh,42,Female,Sales Executive,142565.0,11,558264.67,50751.33,54882.64,Medium Activity,Medium Spender
C02338,Manthan Chahal,48,Female,Government Employee,150427.0,11,540499.8,49136.35,43417.42,Medium Activity,Medium Spender
C02339,Shivani Balakrishnan,41,Female,Student,26479.0,14,716048.13,51146.3,56021.88,Medium Activity,High Spender
C02340,Anika Dalal,32,Female,Doctor,89631.0,12,579881.36,48323.45,35952.96,Medium Activity,High Spender
C02341,Udarsh Wali,62,Male,Government Employee,41605.0,14,708669.02,50619.22,51018.66,Medium Activity,High Spender
C02342,Arjun Rajan,39,Male,Accountant,79701.0,15,875295.16,58353.01,69580.4,Medium Activity,High Spender
C02343,Indira Vyas,27,Male,Teacher,114433.0,15,718967.86,47931.19,42528.05,Medium Activity,High Spender
C02344,Manbir Baria,23,Male,Government Employee,71549.0,4,119735.47,29933.87,18585.82,Low Activity,Low Spender
C02345,Ekiya Uppal,64,Female,Accountant,99355.0,7,361312.36,51616.05,45948.61,Low Activity,Low Spender
C02346,Chaitanya Char,64,Female,Doctor,178343.0,9,421516.55,46835.17,45166.35,Medium Activity,Medium Spender
C02347,Veda Chaudhry,29,Female,Software Engineer,98505.0,12,634764.41,52897.03,58496.36,Medium Activity,High Spender
C02348,Gauri Subramanian,39,Female,Student,126367.0,13,703682.23,54129.4,61117.8,Medium Activity,High Spender
C02349,Anirudh Choudhary,58,Male,Sales Executive,191466.0,12,584907.06,48742.26,45548.16,Medium Activity,High Spender
C02350,Sai Pandit,53,Male,Student,79658.0,5,311586.72,62317.34,67941.31,Low Activity,Low Spender
C02351,Eiravati Sant,35,Male,Sales Executive,81269.0,8,462478.63,57809.83,65150.17,Low Activity,Medium Spender
C02352,Ishwar Bhargava,54,Female,Sales Executive,109301.0,5,199915.11,39983.02,31163.09,Low Activity,Low Spender
C02353,Vansha Kota,26,Female,Doctor,132405.0,16,689373.14,43085.82,41838.07,High Activity,High Spender
C02354,Yauvani Mahal,65,Female,Doctor,134997.0,11,428575.63,38961.42,26739.38,Medium Activity,Medium Spender
C02355,Pahal Desai,49,Male,Government Employee,56424.0,11,642038.31,58367.12,56805.17,Medium Activity,High Spender
C02356,Dalbir Sachdev,57,Male,Accountant,22537.0,11,634191.47,57653.77,60121.19,Medium Activity,High Spender
C02357,Balvan Wadhwa,52,Female,Government Employee,79111.0,17,832844.73,48990.87,56717.53,High Activity,High Spender
C02358,Harinakshi Subramaniam,47,Female,Student,160929.0,9,450691.5,50076.83,49510.02,Medium Activity,Medium Spender
C02359,Rachit Radhakrishnan,40,Female,Other,26092.0,11,614773.1,55888.46,67984.9,Medium Activity,High Spender
C02360,Yoshita Shetty,57,Male,Business Owner,60289.0,10,397324.21,39732.42,29818.4,Medium Activity,Low Spender
C02361,Unnati Swamy,42,Female,Student,73531.0,9,322978.53,35886.5,28987.29,Medium Activity,Low Spender
C02362,Geetika Jha,46,Male,Farmer,121301.0,11,497115.61,45192.33,45688.42,Medium Activity,Medium Spender
C02363,Madhav Chacko,33,Female,Teacher,106203.0,6,371781.62,61963.6,60646.66,Low Activity,Low Spender
C02364,Faris Korpal,57,Female,Accountant,44442.0,5,332523.9,66504.78,72213.77,Low Activity,Low Spender
C02365,Chakrika Chaudhary,31,Male,Farmer,66566.0,5,244526.46,48905.29,65811.84,Low Activity,Low Spender
C02366,Lavanya Kala,23,Female,Software Engineer,68940.0,10,593126.58,59312.66,67831.93,Medium Activity,High Spender
C02367,Bhanumati Sandhu,33,Male,Student,94401.0,7,319762.42,45680.35,37540.21,Low Activity,Low Spender
C02368,Odika Walia,34,Male,Accountant,192902.0,11,515206.1,46836.92,48230.3,Medium Activity,Medium Spender
C02369,Xiti Iyer,54,Male,Sales Executive,35061.0,6,259296.13,43216.02,40217.38,Low Activity,Low Spender
C02370,Ekalinga Kulkarni,44,Male,Business Owner,105661.0,7,438408.59,62629.8,78603.29,Low Activity,Medium Spender
C02371,Ayushman Ratta,47,Female,Business Owner,49030.0,9,518921.2,57657.91,45661.45,Medium Activity,Medium Spender
C02372,Orinder Minhas,29,Female,Sales Executive,38025.0,11,581885.4,52898.67,47120.99,Medium Activity,High Spender
C02373,Qabil Verma,45,Male,Business Owner,73916.0,11,619276.92,56297.9,72998.82,Medium Activity,High Spender
C02374,Yatan Sani,40,Female,Sales Executive,61623.0,9,565416.72,62824.08,66903.41,Medium Activity,Medium Spender
C02375,Indali Thakur,59,Female,Other,73208.0,11,519270.23,47206.38,51250.57,Medium Activity,Medium Spender
C02376,Kamala Kaur,53,Female,Accountant,72875.0,6,246206.73,41034.46,32152.52,Low Activity,Low Spender
C02377,Wishi More,21,Male,Sales Executive,36769.0,8,376892.62,47111.58,43746.6,Low Activity,Low Spender
C02378,Meghana Yogi,46,Male,Farmer,106216.0,10,616756.12,61675.61,65669.82,Medium Activity,High Spender
C02379,Avni Buch,57,Female,Sales Executive,141292.0,6,247844.85,41307.48,35962.67,Low Activity,Low Spender
C02380,Damyanti Dasgupta,57,Male,Teacher,95474.0,9,478120.89,53124.54,47615.44,Medium Activity,Medium Spender
C02381,Bina Buch,62,Female,Government Employee,97974.0,16,773064.0,48316.5,53165.72,High Activity,High Spender
C02382,Anya Parikh,46,Male,Student,85309.0,13,735981.3,56613.95,64700.04,Medium Activity,High Spender
C02383,Yash Deol,32,Female,Sales Executive,120837.0,7,289005.74,41286.53,30445.44,Low Activity,Low Spender
C02384,Lakshmi Mandal,63,Male,Other,45043.0,10,477167.76,47716.78,54946.94,Medium Activity,Medium Spender
C02385,Anirudh Natarajan,46,Male,Doctor,61400.0,13,646075.97,49698.15,46775.92,Medium Activity,High Spender
C02386,Yagnesh Patla,38,Female,Teacher,76952.0,13,593290.09,45637.7,37882.68,Medium Activity,High Spender
C02387,Osha Dass,52,Female,Farmer,51779.0,16,888212.49,55513.28,49463.29,High Activity,High Spender
C02388,Ikbal Sandhu,44,Male,Teacher,152224.0,17,766099.9,45064.7,44392.86,High Activity,High Spender
C02389,Darika Dash,41,Female,Sales Executive,63211.0,10,394847.4,39484.74,28726.12,Medium Activity,Low Spender
C02390,Aahana Rajan,37,Male,Farmer,31700.0,13,662305.09,50946.55,52742.83,Medium Activity,High Spender
C02391,Tristan Brahmbhatt,50,Male,Teacher,187475.0,5,130834.55,26166.91,22152.04,Low Activity,Low Spender
C02392,Devansh Puri,65,Female,Student,110087.0,8,362087.04,45260.88,51915.46,Low Activity,Low Spender
C02393,Jairaj Khanna,46,Male,Student,29902.0,13,419382.86,32260.22,26660.37,Medium Activity,Medium Spender
C02394,Xalak Deep,21,Female,Teacher,55777.0,8,231634.97,28954.37,27474.36,Low Activity,Low Spender
C02395,Jatin Sule,41,Female,Sales Executive,140941.0,14,685150.27,48939.3,48533.73,Medium Activity,High Spender
C02396,Geetika Sunder,25,Male,Farmer,192234.0,8,514440.21,64305.03,69042.31,Low Activity,Medium Spender
C02397,Frederick Sarna,36,Female,Business Owner,143414.0,8,483665.41,60458.18,63428.76,Low Activity,Medium Spender
C02398,Peter Dalal,38,Male,Business Owner,24735.0,11,695745.17,63249.56,74286.23,Medium Activity,High Spender
C02399,Ekbal Yogi,59,Male,Business Owner,97108.0,9,600123.84,66680.43,80951.07,Medium Activity,High Spender
C02400,Omya Sarna,28,Female,Business Owner,40338.0,10,435987.65,43598.76,38865.71,Medium Activity,Medium Spender
C02401,Kamala Ghosh,63,Male,Accountant,60238.0,11,407032.04,37002.91,34215.22,Medium Activity,Low Spender
C02402,Nikita Konda,49,Female,Business Owner,76799.0,9,497015.04,55223.89,64634.22,Medium Activity,Medium Spender
C02403,Watika Chander,23,Male,Sales Executive,32518.0,8,426427.82,53303.48,58671.5,Low Activity,Medium Spender
C02404,Wridesh Dewan,61,Male,Student,100825.0,14,675338.29,48238.45,55309.96,Medium Activity,High Spender
C02405,Harinakshi Bawa,49,Male,Other,21223.0,8,373361.83,46670.23,41106.04,Low Activity,Low Spender
C02406,Tanay Cheema,24,Female,Doctor,85457.0,14,565959.3,40425.66,47012.44,Medium Activity,Medium Spender
C02407,Sarthak Subramaniam,44,Male,Doctor,43956.0,16,665496.93,41593.56,53390.76,High Activity,High Spender
C02408,Anita Modi,22,Female,Software Engineer,23816.0,4,210264.82,52566.2,44496.62,Low Activity,Low Spender
C02409,Ansh Baral,42,Male,Teacher,77820.0,8,510497.5,63812.19,70642.8,Low Activity,Medium Spender
C02410,Upma Tripathi,27,Male,Business Owner,31537.0,7,368968.68,52709.81,65367.18,Low Activity,Low Spender
C02411,Upma Bumb,47,Male,Government Employee,104588.0,11,599290.27,54480.93,53565.13,Medium Activity,High Spender
C02412,Onkar Menon,56,Male,Other,74295.0,12,461625.63,38468.8,25519.78,Medium Activity,Medium Spender
C02413,Nikita Desai,55,Female,Student,51668.0,6,200625.84,33437.64,21616.62,Low Activity,Low Spender
C02414,Mohammed Konda,35,Male,Teacher,113474.0,11,428847.71,38986.16,40234.04,Medium Activity,Medium Spender
C02415,Ati Gera,41,Male,Software Engineer,125418.0,9,492157.49,54684.17,59525.48,Medium Activity,Medium Spender
C02416,Jyoti Acharya,62,Female,Software Engineer,122022.0,9,532081.68,59120.19,67947.61,Medium Activity,Medium Spender
C02417,Leena Nath,34,Female,Doctor,37305.0,5,188141.78,37628.36,35733.49,Low Activity,Low Spender
C02418,Idika Khare,63,Female,Other,116725.0,8,386792.98,48349.12,47540.4,Low Activity,Low Spender
C02419,Hamsini Suri,23,Male,Doctor,127766.0,11,549312.19,49937.47,58004.01,Medium Activity,Medium Spender
C02420,Upkaar Kalita,40,Female,Teacher,160556.0,16,716250.7,44765.67,42271.16,High Activity,High Spender
C02421,Balhaar Joshi,57,Male,Accountant,44836.0,6,237652.89,39608.82,41945.12,Low Activity,Low Spender
C02422,Aahana Acharya,59,Female,Student,197707.0,9,387359.05,43039.89,45174.34,Medium Activity,Low Spender
C02423,Reva Ratta,65,Male,Government Employee,65961.0,18,695203.9,38622.44,34908.84,High Activity,High Spender
C02424,Orinder Sathe,61,Female,Sales Executive,37698.0,13,702143.14,54011.01,62014.62,Medium Activity,High Spender
C02425,Andrew Badal,42,Male,Other,173363.0,8,359604.0,44950.5,34510.73,Low Activity,Low Spender
C02426,Sudiksha Chaudry,49,Female,Farmer,187927.0,5,402468.24,80493.65,87027.51,Low Activity,Low Spender
C02427,Vyanjana Shukla,35,Male,Doctor,25560.0,15,616715.63,41114.38,42386.54,Medium Activity,High Spender
C02428,Keya Yohannan,60,Male,Accountant,81969.0,4,119075.34,29768.84,26536.92,Low Activity,Low Spender
C02429,Jeremiah Bali,48,Male,Other,40811.0,10,624498.8,62449.88,64079.57,Medium Activity,High Spender
C02430,Ryan Butala,24,Male,Government Employee,150738.0,18,933172.94,51842.94,48479.34,High Activity,High Spender
C02431,Chaaya Seshadri,39,Male,Business Owner,118500.0,14,718904.26,51350.3,56315.92,Medium Activity,High Spender
C02432,Manan Bhargava,34,Male,Doctor,176781.0,17,1027363.34,60433.14,55950.04,High Activity,High Spender
C02433,Ekani Johal,49,Female,Business Owner,92909.0,8,318383.84,39797.98,39318.72,Low Activity,Low Spender
C02434,Advay Shetty,41,Male,Farmer,128761.0,8,506424.9,63303.11,68974.58,Low Activity,Medium Spender
C02435,Eshana Krish,62,Female,Software Engineer,80033.0,9,386922.22,42991.36,26136.97,Medium Activity,Low Spender
C02436,Sneha Mahajan,42,Female,Doctor,73953.0,19,953324.37,50174.97,58268.14,High Activity,High Spender
C02437,Upkaar Johal,55,Male,Doctor,78312.0,10,590013.48,59001.35,59283.56,Medium Activity,High Spender
C02438,Krish Munshi,59,Female,Farmer,104315.0,10,478595.52,47859.55,51031.66,Medium Activity,Medium Spender
C02439,Ekiya Sachar,32,Female,Software Engineer,36938.0,8,375858.48,46982.31,45219.9,Low Activity,Low Spender
C02440,Libni Loke,52,Male,Doctor,33659.0,8,408354.22,51044.28,47206.64,Low Activity,Low Spender
C02441,Sarthak Sani,61,Male,Doctor,52915.0,10,380721.48,38072.15,27252.8,Medium Activity,Low Spender
C02442,Gayathri Johal,26,Male,Other,163876.0,9,335641.4,37293.49,31264.19,Medium Activity,Low Spender
C02443,Parth Pandya,34,Male,Farmer,40490.0,15,678660.35,45244.02,34665.5,Medium Activity,High Spender
C02444,Naveen Andra,48,Female,Accountant,63033.0,6,355305.71,59217.62,58640.31,Low Activity,Low Spender
C02445,Manan Chawla,33,Male,Student,66251.0,17,904320.67,53195.33,59799.91,High Activity,High Spender
C02446,Nathan Bains,59,Male,Accountant,94803.0,14,556099.65,39721.4,31606.04,Medium Activity,Medium Spender
C02447,Waida Sangha,57,Female,Doctor,91266.0,9,407921.41,45324.6,57643.89,Medium Activity,Low Spender
C02448,Watika Batra,51,Male,Government Employee,124397.0,10,530660.85,53066.08,51676.93,Medium Activity,Medium Spender
C02449,Rishi Sunder,45,Male,Sales Executive,135704.0,14,723126.11,51651.86,52892.74,Medium Activity,High Spender
C02450,Osha Lanka,48,Female,Business Owner,146353.0,6,410077.07,68346.18,68767.42,Low Activity,Low Spender
C02451,Gaurika Kaur,22,Female,Student,41818.0,4,141268.43,35317.11,26457.2,Low Activity,Low Spender
C02452,Manbir Bandi,40,Male,Farmer,66058.0,8,396420.13,49552.52,56288.38,Low Activity,Low Spender
C02453,Yachana Pal,37,Female,Sales Executive,100176.0,11,358921.46,32629.22,17068.11,Medium Activity,Low Spender
C02454,Yauvani Sura,50,Female,Student,167362.0,7,337008.8,48144.11,44486.59,Low Activity,Low Spender
C02455,Nimrat Konda,59,Female,Teacher,107355.0,11,675425.02,61402.27,70028.22,Medium Activity,High Spender
C02456,Simon Chatterjee,29,Female,Doctor,60560.0,9,397061.59,44117.95,47848.37,Medium Activity,Low Spender
C02457,Daksha Wagle,33,Male,Software Engineer,151255.0,12,547174.07,45597.84,47457.97,Medium Activity,Medium Spender
C02458,Kamya Kalita,44,Female,Student,129004.0,6,320063.85,53343.98,53413.33,Low Activity,Low Spender
C02459,Hritik Sachdev,46,Female,Student,148332.0,12,515587.71,42965.64,34149.74,Medium Activity,Medium Spender
C02460,Wakeeta Nori,40,Male,Student,30178.0,12,768328.6,64027.38,64873.63,Medium Activity,High Spender
C02461,Kalpit Banik,28,Female,Other,62562.0,14,680359.96,48597.14,56450.46,Medium Activity,High Spender
C02462,Ekta D’Alia,33,Female,Accountant,111377.0,11,567902.8,51627.53,53231.18,Medium Activity,Medium Spender
C02463,Lakshmi Bhardwaj,53,Female,Government Employee,35126.0,8,457461.02,57182.63,61423.38,Low Activity,Medium Spender
C02464,Eiravati Kapoor,62,Female,Student,84694.0,15,684130.08,45608.67,44084.03,Medium Activity,High Spender
C02465,Ryan Chatterjee,36,Female,Software Engineer,114742.0,9,472874.74,52541.64,56652.63,Medium Activity,Medium Spender
C02466,Christopher Palla,61,Male,Business Owner,88506.0,9,398022.58,44224.73,43763.69,Medium Activity,Low Spender
C02467,Hiral Prabhu,59,Female,Business Owner,86660.0,11,542040.8,49276.44,55504.07,Medium Activity,Medium Spender
C02468,Fariq Chaudhari,36,Male,Software Engineer,50600.0,9,409592.68,45510.3,49544.26,Medium Activity,Low Spender
C02469,Advika Sinha,26,Female,Student,173658.0,11,583320.11,53029.1,61918.79,Medium Activity,High Spender
C02470,Darika Chanda,26,Male,Student,63469.0,8,358036.73,44754.59,40610.24,Low Activity,Low Spender
C02471,Neha Bakshi,48,Female,Accountant,151241.0,8,368409.76,46051.22,45540.48,Low Activity,Low Spender
C02472,Abeer Choudhry,55,Female,Other,100734.0,12,374269.39,31189.12,32067.24,Medium Activity,Low Spender
C02473,Qarin Swamy,47,Male,Teacher,186770.0,10,434448.78,43444.88,51906.98,Medium Activity,Medium Spender
C02474,Indira Garg,57,Female,Business Owner,90522.0,15,735069.6,49004.64,41920.29,Medium Activity,High Spender
C02475,Netra Karpe,34,Female,Accountant,21683.0,7,314223.71,44889.1,36556.03,Low Activity,Low Spender
C02476,Bhavika Tak,31,Female,Software Engineer,45394.0,12,562402.28,46866.86,35979.67,Medium Activity,Medium Spender
C02477,Nachiket Nagi,25,Female,Farmer,129272.0,12,476689.3,39724.11,33758.14,Medium Activity,Medium Spender
C02478,Kavya Seshadri,62,Female,Student,64730.0,13,658778.45,50675.27,37099.66,Medium Activity,High Spender
C02479,Nakul Batra,32,Female,Business Owner,55214.0,15,592472.04,39498.14,32450.24,Medium Activity,High Spender
C02480,Pushti Pal,33,Female,Business Owner,151757.0,5,312106.53,62421.31,64330.12,Low Activity,Low Spender
C02481,Unni Chakrabarti,28,Female,Other,75724.0,10,576786.48,57678.65,67475.2,Medium Activity,High Spender
C02482,Om Dalal,32,Male,Software Engineer,67901.0,11,543832.44,49439.31,52122.8,Medium Activity,Medium Spender
C02483,Alexander Bhatti,33,Female,Student,135534.0,10,581157.96,58115.8,60362.9,Medium Activity,High Spender
C02484,Benjamin Kar,61,Male,Business Owner,40921.0,6,306747.05,51124.51,51709.6,Low Activity,Low Spender
C02485,Vivaan Hayre,39,Male,Student,52684.0,13,492620.64,37893.9,18679.75,Medium Activity,Medium Spender
C02486,Tarak Kamdar,38,Male,Government Employee,27776.0,9,414976.31,46108.48,40467.94,Medium Activity,Medium Spender
C02487,Gayathri Dar,58,Male,Sales Executive,147190.0,7,231837.26,33119.61,32051.77,Low Activity,Low Spender
C02488,Jagdish Morar,64,Male,Software Engineer,36005.0,9,559217.07,62135.23,53167.31,Medium Activity,Medium Spender
C02489,Leela Sankaran,38,Male,Other,30973.0,11,535495.89,48681.44,50761.11,Medium Activity,Medium Spender
C02490,Tripti Mangat,27,Male,Farmer,21903.0,8,428485.6,53560.7,50570.49,Low Activity,Medium Spender
C02491,Anika Varkey,45,Female,Sales Executive,144054.0,12,662868.4,55239.03,60576.32,Medium Activity,High Spender
C02492,Eesha Patel,42,Female,Government Employee,117199.0,18,825101.74,45838.99,43201.24,High Activity,High Spender
C02493,Logan Balasubramanian,64,Female,Government Employee,82808.0,7,319222.09,45603.16,54021.4,Low Activity,Low Spender
C02494,Radha Bhandari,44,Female,Student,180119.0,8,411574.51,51446.81,56673.23,Low Activity,Medium Spender
C02495,Gautam Thaman,24,Female,Government Employee,46260.0,12,555934.48,46327.87,46446.78,Medium Activity,Medium Spender
C02496,Priya Bava,21,Female,Student,56402.0,14,702535.89,50181.14,51072.72,Medium Activity,High Spender
C02497,Devika Chandran,22,Male,Farmer,93260.0,9,496897.29,55210.81,58573.14,Medium Activity,Medium Spender
C02498,Luke Ramanathan,65,Male,Government Employee,138467.0,11,623907.55,56718.87,67528.55,Medium Activity,High Spender
C02499,Yatin Sura,60,Female,Farmer,128298.0,10,470769.68,47076.97,51210.96,Medium Activity,Medium Spender
C02500,Karan Mitra,63,Male,Software Engineer,187267.0,13,783778.38,60290.64,69226.63,Medium Activity,High Spender
C02501,Sara Narayan,41,Male,Government Employee,31994.0,11,429568.42,39051.67,35663.4,Medium Activity,Medium Spender
C02502,Ranbir Sachdev,41,Female,Doctor,179059.0,7,336140.18,48020.03,45535.95,Low Activity,Low Spender
C02503,Raksha Dubey,52,Female,Other,41330.0,8,511147.81,63893.48,64560.18,Low Activity,Medium Spender
C02504,Prisha Roy,43,Female,Sales Executive,192579.0,9,565442.09,62826.9,71314.72,Medium Activity,Medium Spender
C02505,Avni Kata,65,Male,Student,97034.0,10,462110.45,46211.04,44012.77,Medium Activity,Medium Spender
C02506,Rudra Jhaveri,59,Male,Business Owner,156329.0,10,579097.13,57909.71,60184.12,Medium Activity,High Spender
C02507,Dayamai Mallick,57,Male,Business Owner,150528.0,5,213866.22,42773.24,40469.64,Low Activity,Low Spender
C02508,Mitesh Raghavan,26,Female,Farmer,142369.0,8,290494.07,36311.76,31111.76,Low Activity,Low Spender
C02509,Mugdha Chadha,31,Female,Teacher,146397.0,7,308699.44,44099.92,53327.49,Low Activity,Low Spender
C02510,Damyanti Srinivasan,63,Male,Doctor,75480.0,12,612456.08,51038.01,57990.46,Medium Activity,High Spender
C02511,Hiral Warrior,31,Male,Teacher,134004.0,7,408675.35,58382.19,59794.25,Low Activity,Low Spender
C02512,Dominic Padmanabhan,22,Male,Government Employee,120529.0,8,409911.41,51238.93,56510.68,Low Activity,Low Spender
C02513,Saksham Sur,38,Male,Accountant,194570.0,11,469069.65,42642.7,37939.5,Medium Activity,Medium Spender
C02514,Hamsini Patil,51,Male,Business Owner,160127.0,12,672701.7,56058.48,62442.01,Medium Activity,High Spender
C02515,Gautami Tiwari,61,Female,Teacher,107241.0,16,744868.79,46554.3,47309.1,High Activity,High Spender
C02516,Nimrat Nagarajan,35,Male,Government Employee,118830.0,10,548377.91,54837.79,58031.82,Medium Activity,Medium Spender
C02517,Ayaan Dhar,45,Female,Doctor,78602.0,7,271182.06,38740.29,43816.74,Low Activity,Low Spender
C02518,Megha Mody,37,Male,Accountant,42984.0,12,324945.22,27078.77,22086.6,Medium Activity,Low Spender
C02519,Jairaj Chaudhry,28,Male,Government Employee,175241.0,14,650584.16,46470.3,42177.41,Medium Activity,High Spender
C02520,Meera Bhat,33,Male,Other,116400.0,11,700293.57,63663.05,71047.37,Medium Activity,High Spender
C02521,Avni Pathak,29,Female,Student,171235.0,6,229077.45,38179.58,36926.58,Low Activity,Low Spender
C02522,Yug Borah,21,Female,Software Engineer,174680.0,10,582691.54,58269.15,71661.12,Medium Activity,High Spender
C02523,Ijaya Naidu,55,Male,Student,131070.0,10,394855.18,39485.52,37059.2,Medium Activity,Low Spender
C02524,Pooja Dasgupta,41,Female,Business Owner,156249.0,7,405667.15,57952.45,62619.03,Low Activity,Low Spender
C02525,Inaya Baria,63,Male,Teacher,123628.0,19,1003512.88,52816.47,54605.53,High Activity,High Spender
C02526,Isha Date,21,Female,Government Employee,57932.0,4,336706.79,84176.7,86667.22,Low Activity,Low Spender
C02527,Rajeshri Chakraborty,39,Male,Sales Executive,198252.0,7,393678.45,56239.78,69752.22,Low Activity,Low Spender
C02528,Peter Patil,50,Male,Other,94289.0,16,760946.1,47559.13,47397.86,High Activity,High Spender
C02529,Dhriti Venkataraman,30,Male,Other,103922.0,17,850510.45,50030.03,51755.88,High Activity,High Spender
C02530,Kashvi Singh,40,Male,Accountant,170463.0,16,670367.72,41897.98,44893.2,High Activity,High Spender
C02531,Owen Wason,51,Male,Sales Executive,96413.0,10,562461.21,56246.12,55937.79,Medium Activity,Medium Spender
C02532,Oscar Sarna,45,Male,Government Employee,60029.0,5,317273.93,63454.79,73929.64,Low Activity,Low Spender
C02533,Brijesh Chaudhary,34,Male,Software Engineer,66929.0,15,711304.34,47420.29,43704.09,Medium Activity,High Spender
C02534,Zashil Sani,52,Female,Accountant,192818.0,8,417897.99,52237.25,46405.76,Low Activity,Medium Spender
C02535,Patrick Sachdeva,31,Male,Farmer,122835.0,6,246340.18,41056.7,41827.37,Low Activity,Low Spender
C02536,Yuvraj Cherian,42,Female,Sales Executive,111306.0,5,269134.0,53826.8,55018.18,Low Activity,Low Spender
C02537,Yauvani Dewan,46,Female,Teacher,158371.0,11,616823.78,56074.89,55564.09,Medium Activity,High Spender
C02538,Ekapad Naik,39,Female,Doctor,163657.0,16,809418.42,50588.65,51785.84,High Activity,High Spender
C02539,Chatresh Mohanty,46,Male,Business Owner,104782.0,8,534890.66,66861.33,65657.3,Low Activity,Medium Spender
C02540,Dhriti Ratti,58,Male,Accountant,139939.0,18,1105448.81,61413.82,74958.74,High Activity,High Spender
C02541,Mugdha Gopal,62,Male,Other,56060.0,8,376625.53,47078.19,49087.05,Low Activity,Low Spender
C02542,Anamika Chaudhari,49,Female,Accountant,57964.0,10,469315.33,46931.53,46814.14,Medium Activity,Medium Spender
C02543,Ishaan Muni,34,Male,Doctor,190718.0,6,205235.96,34205.99,41843.91,Low Activity,Low Spender
C02544,Samaksh Sani,21,Female,Other,46725.0,6,418668.96,69778.16,74812.2,Low Activity,Medium Spender
C02545,Zinal Roy,64,Male,Student,131964.0,5,185397.42,37079.48,36939.49,Low Activity,Low Spender
C02546,Netra Mani,64,Male,Software Engineer,45178.0,11,431797.14,39254.29,34840.5,Medium Activity,Medium Spender
C02547,Vaishnavi Khatri,43,Female,Business Owner,33755.0,11,396161.18,36014.65,29641.09,Medium Activity,Low Spender
C02548,Ayaan Swamy,28,Female,Other,133723.0,13,815001.86,62692.45,73513.76,Medium Activity,High Spender
C02549,Chaaya Saini,30,Female,Doctor,28911.0,14,770961.17,55068.66,57675.5,Medium Activity,High Spender
C02550,Ati Grewal,28,Male,Student,148090.0,10,490225.37,49022.54,52208.69,Medium Activity,Medium Spender
C02551,Amrita Suri,40,Male,Student,195829.0,9,533800.58,59311.18,64004.64,Medium Activity,Medium Spender
C02552,Lipika Wason,63,Male,Sales Executive,190475.0,12,669359.61,55779.97,62630.16,Medium Activity,High Spender
C02553,Pallavi Dora,45,Female,Sales Executive,116291.0,11,496116.32,45101.48,57433.96,Medium Activity,Medium Spender
C02554,Gautami Bera,21,Male,Teacher,41662.0,8,433696.64,54212.08,63084.82,Low Activity,Medium Spender
C02555,Sudiksha Reddy,28,Female,Farmer,78965.0,8,308714.89,38589.36,36846.68,Low Activity,Low Spender
C02556,Aarav Trivedi,22,Female,Accountant,44786.0,14,673148.24,48082.02,54106.92,Medium Activity,High Spender
C02557,Nitesh Luthra,58,Male,Student,146927.0,6,300587.02,50097.84,60823.92,Low Activity,Low Spender
C02558,Nachiket Iyengar,62,Female,Accountant,169795.0,17,1018962.95,59939.0,65217.14,High Activity,High Spender
C02559,Ekavir Mistry,29,Male,Government Employee,36645.0,10,510745.57,51074.56,49096.1,Medium Activity,Medium Spender
C02560,Chakrika Palan,55,Male,Student,25176.0,7,279853.08,39979.01,42946.09,Low Activity,Low Spender
C02561,Girik Karpe,46,Female,Teacher,156026.0,7,297263.53,42466.22,34340.45,Low Activity,Low Spender
C02562,Ladli Narang,58,Male,Doctor,192643.0,14,745038.15,53217.01,56308.81,Medium Activity,High Spender
C02563,Vritti Khanna,28,Male,Other,67169.0,11,593681.67,53971.06,55883.84,Medium Activity,High Spender
C02564,Girish Majumdar,21,Female,Government Employee,52255.0,12,680193.77,56682.81,55374.14,Medium Activity,High Spender
C02565,Baljiwan Joshi,23,Male,Other,74061.0,6,177086.3,29514.38,32350.1,Low Activity,Low Spender
C02566,Ekta Sahota,62,Male,Teacher,167455.0,8,551023.69,68877.96,65437.95,Low Activity,Medium Spender
C02567,Darpan Bandi,37,Male,Teacher,52693.0,10,520570.49,52057.05,55600.52,Medium Activity,Medium Spender
C02568,Aadhya Lanka,53,Female,Government Employee,162718.0,6,191411.89,31901.98,29766.56,Low Activity,Low Spender
C02569,Neel Gaba,31,Female,Software Engineer,85100.0,5,154318.95,30863.79,33454.64,Low Activity,Low Spender
C02570,Nakul Karan,40,Male,Farmer,96912.0,10,466380.7,46638.07,44172.07,Medium Activity,Medium Spender
C02571,Naksh Pandit,63,Female,Business Owner,171275.0,8,501155.74,62644.47,63024.94,Low Activity,Medium Spender
C02572,Wishi Swaminathan,52,Female,Farmer,112305.0,10,474163.76,47416.38,44088.22,Medium Activity,Medium Spender
C02573,Hiral Srivastava,59,Male,Teacher,193701.0,9,526909.95,58545.55,61813.69,Medium Activity,Medium Spender
C02574,Kashvi Pandya,23,Male,Software Engineer,69302.0,6,384387.09,64064.52,63870.35,Low Activity,Low Spender
C02575,Yuvraj Mani,30,Female,Doctor,55181.0,8,415699.13,51962.39,57083.19,Low Activity,Medium Spender
C02576,Advay Parmer,59,Male,Other,114126.0,12,615489.54,51290.8,42208.46,Medium Activity,High Spender
C02577,Timothy Dada,38,Male,Other,130628.0,6,324745.09,54124.18,54273.42,Low Activity,Low Spender
C02578,Jeet Radhakrishnan,25,Female,Accountant,120081.0,10,587048.71,58704.87,68303.78,Medium Activity,High Spender
C02579,Ranveer Gill,62,Male,Student,139555.0,8,417872.04,52234.0,52625.92,Low Activity,Medium Spender
C02580,Ekapad Andra,26,Female,Student,57550.0,9,416854.34,46317.15,52425.56,Medium Activity,Medium Spender
C02581,Adya Sachdev,55,Male,Teacher,185037.0,9,443198.32,49244.26,32356.98,Medium Activity,Medium Spender
C02582,George Mittal,38,Male,Government Employee,167755.0,6,318454.16,53075.69,61874.37,Low Activity,Low Spender
C02583,Veer Sethi,63,Male,Student,60236.0,9,458209.27,50912.14,52567.14,Medium Activity,Medium Spender
C02584,Rushil Gill,41,Female,Student,26792.0,10,604655.21,60465.52,64262.63,Medium Activity,High Spender
C02585,Isaac Ramachandran,59,Male,Teacher,90811.0,9,354074.54,39341.62,32536.9,Medium Activity,Low Spender
C02586,Yug Bansal,28,Male,Farmer,126635.0,7,256267.45,36609.64,30094.01,Low Activity,Low Spender
C02587,Balvan Dalal,25,Female,Teacher,115110.0,6,228807.44,38134.57,26675.4,Low Activity,Low Spender
C02588,Bhavini Baral,42,Female,Business Owner,79183.0,10,461733.1,46173.31,52680.33,Medium Activity,Medium Spender
C02589,Chaaya Subramaniam,38,Male,Teacher,118869.0,16,684824.0,42801.5,43516.33,High Activity,High Spender
C02590,Ikshita Prakash,35,Female,Teacher,52375.0,16,706362.79,44147.67,39914.6,High Activity,High Spender
C02591,Akshay Rastogi,32,Female,Other,148350.0,11,479612.09,43601.1,45710.84,Medium Activity,Medium Spender
C02592,Brinda Kala,27,Female,Other,93923.0,6,341533.15,56922.19,58144.46,Low Activity,Low Spender
C02593,Xalak Sanghvi,56,Female,Other,45969.0,12,680903.5,56741.96,62873.76,Medium Activity,High Spender
C02594,Chandani Gour,24,Male,Government Employee,122121.0,11,607436.77,55221.52,61948.76,Medium Activity,High Spender
C02595,Nidhi Chakraborty,32,Female,Farmer,164617.0,11,554976.71,50452.43,44795.31,Medium Activity,Medium Spender
C02596,Nilima Patla,59,Female,Sales Executive,175270.0,13,599195.72,46091.98,44574.78,Medium Activity,High Spender
C02597,Warda Bawa,29,Female,Software Engineer,154628.0,11,758452.4,68950.22,75971.48,Medium Activity,High Spender
C02598,Teerth Handa,30,Male,Business Owner,119300.0,7,386311.24,55187.32,43703.12,Low Activity,Low Spender
C02599,Aarini Chana,57,Female,Software Engineer,187560.0,10,514928.14,51492.81,62945.34,Medium Activity,Medium Spender
C02600,Manbir Comar,44,Male,Other,129640.0,9,565723.77,62858.2,73754.57,Medium Activity,Medium Spender
C02601,Unni Gola,50,Male,Sales Executive,112799.0,7,229778.05,32825.44,20495.28,Low Activity,Low Spender
C02602,Damyanti Chakrabarti,50,Female,Accountant,132136.0,13,634907.39,48839.03,44406.97,Medium Activity,High Spender
C02603,Ijaya Sandal,54,Male,Accountant,186627.0,10,332153.82,33215.38,24039.36,Medium Activity,Low Spender
C02604,Harrison Loyal,26,Female,Student,101982.0,12,660032.29,55002.69,49020.3,Medium Activity,High Spender
C02605,Umang Chokshi,26,Male,Teacher,82924.0,7,351481.11,50211.59,36103.28,Low Activity,Low Spender
C02606,Ikshita Palan,26,Male,Other,35050.0,17,783903.3,46111.96,40291.44,High Activity,High Spender
C02607,Yagnesh Nazareth,26,Female,Farmer,149197.0,4,196548.83,49137.21,52083.72,Low Activity,Low Spender
C02608,Victor Rajagopal,21,Female,Farmer,55763.0,9,503024.55,55891.62,65750.4,Medium Activity,Medium Spender
C02609,Utkarsh Subramanian,51,Female,Farmer,199600.0,6,277617.96,46269.66,44786.48,Low Activity,Low Spender
C02610,Quincy Murty,64,Male,Student,23643.0,8,364919.32,45614.92,45459.92,Low Activity,Low Spender
C02611,Bhavani Merchant,60,Male,Software Engineer,131405.0,15,652851.34,43523.42,44712.24,Medium Activity,High Spender
C02612,Zarna Nagar,65,Female,Doctor,193322.0,11,389515.67,35410.52,38602.78,Medium Activity,Low Spender
C02613,Aradhana Lall,54,Male,Other,137611.0,7,411914.53,58844.93,76766.64,Low Activity,Medium Spender
C02614,Abhimanyu Kadakia,31,Male,Business Owner,39692.0,12,641385.4,53448.78,62952.5,Medium Activity,High Spender
C02615,Noah Sekhon,44,Male,Farmer,112613.0,9,423250.11,47027.79,44787.82,Medium Activity,Medium Spender
C02616,Jackson Kibe,24,Female,Sales Executive,119377.0,11,522528.1,47502.55,44249.46,Medium Activity,Medium Spender
C02617,Orinder Sheth,31,Female,Teacher,108593.0,8,314631.63,39328.95,34278.92,Low Activity,Low Spender
C02618,Krisha Mane,64,Male,Farmer,50897.0,11,589986.65,53635.15,68535.87,Medium Activity,High Spender
C02619,Vidhi Pillay,39,Female,Sales Executive,96951.0,8,482670.48,60333.81,62511.6,Low Activity,Medium Spender
C02620,Hitesh Shere,37,Male,Software Engineer,185459.0,8,492933.04,61616.63,65004.44,Low Activity,Medium Spender
C02621,Vidhi Bhatia,57,Female,Doctor,99906.0,13,899036.86,69156.68,83382.21,Medium Activity,High Spender
C02622,Advik Bobal,62,Male,Sales Executive,181939.0,7,366882.33,52411.76,53804.33,Low Activity,Low Spender
C02623,Lopa Narain,52,Male,Government Employee,21544.0,9,324644.9,36071.66,32429.82,Medium Activity,Low Spender
C02624,Reyansh Chahal,60,Female,Government Employee,98210.0,11,584566.95,53142.45,58563.96,Medium Activity,High Spender
C02625,Nilima Hari,43,Male,Software Engineer,111677.0,16,789355.72,49334.73,48436.18,High Activity,High Spender
C02626,Samuel Ghosh,32,Female,Government Employee,22323.0,14,665670.6,47547.9,47909.6,Medium Activity,High Spender
C02627,Udarsh Swaminathan,27,Female,Sales Executive,71785.0,6,169536.61,28256.1,15127.7,Low Activity,Low Spender
C02628,Tara Vasa,26,Male,Student,52464.0,9,437993.81,48665.98,59413.28,Medium Activity,Medium Spender
C02629,Ati Krish,52,Male,Business Owner,192132.0,8,515643.64,64455.45,68566.62,Low Activity,Medium Spender
C02630,Elijah Banik,37,Male,Sales Executive,123640.0,9,384909.59,42767.73,45975.9,Medium Activity,Low Spender
C02631,Bishakha Atwal,44,Female,Government Employee,132287.0,14,582033.85,41573.85,41226.6,Medium Activity,High Spender
C02632,Rayaan Jain,32,Female,Teacher,134969.0,13,613066.65,47158.97,38761.27,Medium Activity,High Spender
C02633,Harshil Chacko,63,Female,Business Owner,56667.0,14,650688.87,46477.78,52414.02,Medium Activity,High Spender
C02634,Vamakshi Balakrishnan,43,Female,Software Engineer,114171.0,7,343671.44,49095.92,40016.43,Low Activity,Low Spender
C02635,Waida Sunder,33,Male,Doctor,94684.0,11,477576.81,43416.07,40309.09,Medium Activity,Medium Spender
C02636,Laban Chadha,23,Male,Student,130377.0,12,505990.37,42165.86,38074.61,Medium Activity,Medium Spender
C02637,Harita Datta,42,Male,Business Owner,194641.0,7,421114.75,60159.25,71493.31,Low Activity,Medium Spender
C02638,Champak Gopal,33,Female,Accountant,51140.0,12,727704.68,60642.06,72665.23,Medium Activity,High Spender
C02639,Aditya Shukla,47,Female,Farmer,149910.0,17,971354.05,57138.47,74883.22,High Activity,High Spender
C02640,Chaitanya Mani,64,Male,Government Employee,124825.0,15,787917.54,52527.84,45075.64,Medium Activity,High Spender
C02641,Forum Ranganathan,53,Female,Business Owner,48765.0,12,687544.52,57295.38,61841.7,Medium Activity,High Spender
C02642,Unni Dutta,27,Male,Business Owner,60774.0,5,281439.8,56287.96,63932.95,Low Activity,Low Spender
C02643,Onkar Pau,43,Male,Doctor,33641.0,12,589675.47,49139.62,48032.35,Medium Activity,High Spender
C02644,David Kari,64,Female,Student,176522.0,11,540439.07,49130.82,48635.49,Medium Activity,Medium Spender
C02645,Tanish Bhatnagar,21,Female,Sales Executive,95881.0,9,457630.31,50847.81,50373.44,Medium Activity,Medium Spender
C02646,Charan Kade,39,Female,Teacher,132447.0,10,492132.31,49213.23,51403.92,Medium Activity,Medium Spender
C02647,Widisha Barad,36,Male,Farmer,68984.0,4,216918.46,54229.62,62671.12,Low Activity,Low Spender
C02648,Dayita Mittal,36,Female,Teacher,89082.0,14,636556.23,45468.3,40432.9,Medium Activity,High Spender
C02649,Nachiket Swamy,65,Male,Student,72012.0,10,525128.79,52512.88,52529.7,Medium Activity,Medium Spender
C02650,Ekani Chad,51,Male,Farmer,180196.0,10,326064.61,32606.46,18409.53,Medium Activity,Low Spender
C02651,Yashasvi Hayer,32,Male,Other,184864.0,10,619136.22,61913.62,65717.27,Medium Activity,High Spender
C02652,Aayush Pal,61,Male,Doctor,51578.0,9,451930.61,50214.51,42036.75,Medium Activity,Medium Spender
C02653,Nachiket Dhingra,29,Female,Software Engineer,91791.0,6,384914.16,64152.36,60085.11,Low Activity,Low Spender
C02654,Ekavir Goswami,33,Male,Student,24629.0,7,404734.52,57819.22,60338.82,Low Activity,Low Spender
C02655,Tanay Lad,60,Male,Teacher,33357.0,2,72654.3,36327.15,36327.15,Low Activity,Low Spender
C02656,Harrison Bora,45,Female,Farmer,100332.0,10,332610.79,33261.08,32016.36,Medium Activity,Low Spender
C02657,Anmol Karan,65,Male,Doctor,108127.0,8,334353.5,41794.19,42313.95,Low Activity,Low Spender
C02658,Fiyaz Jha,48,Female,Software Engineer,153657.0,11,497358.15,45214.38,45546.34,Medium Activity,Medium Spender
C02659,Chandresh Shankar,48,Male,Accountant,48850.0,6,362177.38,60362.9,66375.58,Low Activity,Low Spender
C02660,Samar Grover,38,Female,Accountant,112018.0,7,218294.78,31184.97,20057.79,Low Activity,Low Spender
C02661,Chanakya Shetty,47,Male,Government Employee,32466.0,8,368490.57,46061.32,43432.63,Low Activity,Low Spender
C02662,Aadi Tella,32,Male,Software Engineer,33665.0,7,197926.83,28275.26,11110.44,Low Activity,Low Spender
C02663,Vedika Mitra,63,Female,Doctor,94794.0,12,699199.8,58266.65,62978.18,Medium Activity,High Spender
C02664,Jason Walia,51,Female,Other,46414.0,11,534974.4,48634.04,38846.06,Medium Activity,Medium Spender
C02665,Mahika Thaman,48,Male,Accountant,148787.0,11,520142.69,47285.7,41417.29,Medium Activity,Medium Spender
C02666,Chaaya Mishra,44,Female,Accountant,49236.0,10,531636.11,53163.61,48460.6,Medium Activity,Medium Spender
C02667,Chandresh Nadkarni,27,Male,Farmer,54159.0,8,345484.74,43185.59,30946.92,Low Activity,Low Spender
C02668,Vaishnavi Shan,42,Female,Government Employee,174379.0,12,710657.27,59221.44,63704.26,Medium Activity,High Spender
C02669,Kamya Ray,54,Female,Doctor,190458.0,9,270096.64,30010.74,21463.29,Medium Activity,Low Spender
C02670,Ridhi Som,38,Male,Other,120676.0,18,883922.12,49106.78,51649.66,High Activity,High Spender
C02671,Ekbal Rana,26,Male,Business Owner,185035.0,13,713529.71,54886.9,53183.21,Medium Activity,High Spender
C02672,Jyoti Narayanan,59,Male,Software Engineer,173763.0,8,459636.37,57454.55,64558.36,Low Activity,Medium Spender
C02673,Damyanti Goswami,62,Male,Doctor,136855.0,12,682658.97,56888.25,64928.29,Medium Activity,High Spender
C02674,Upadhriti Bhatnagar,27,Male,Farmer,182269.0,12,703535.11,58627.93,68071.04,Medium Activity,High Spender
C02675,Unni Mallick,42,Female,Sales Executive,72952.0,4,235412.82,58853.2,59560.6,Low Activity,Low Spender
C02676,Charita Deshpande,55,Male,Software Engineer,53510.0,9,314197.96,34910.88,39804.23,Medium Activity,Low Spender
C02677,Advay Handa,33,Female,Farmer,86198.0,5,180139.75,36027.95,43259.17,Low Activity,Low Spender
C02678,Ladli Soni,56,Female,Government Employee,137566.0,5,282071.17,56414.23,60676.66,Low Activity,Low Spender
C02679,Victor Mand,61,Male,Student,37749.0,12,701585.71,58465.48,56395.66,Medium Activity,High Spender
C02680,Jagdish Doctor,51,Female,Farmer,152086.0,7,391467.28,55923.9,68616.97,Low Activity,Low Spender
C02681,Om Gera,22,Male,Other,91866.0,8,476250.29,59531.29,55782.86,Low Activity,Medium Spender
C02682,Kamya Sastry,65,Male,Accountant,31913.0,11,736903.47,66991.22,76234.28,Medium Activity,High Spender
C02683,Nandini Ghose,57,Male,Doctor,124200.0,7,342408.39,48915.48,46116.66,Low Activity,Low Spender
C02684,Jeremiah Om,52,Male,Business Owner,134752.0,16,799311.7,49956.98,55676.24,High Activity,High Spender
C02685,Daniel Balay,53,Female,Farmer,122300.0,12,507918.02,42326.5,30928.02,Medium Activity,Medium Spender
C02686,Ekaja Jain,46,Female,Doctor,68251.0,13,617012.93,47462.53,55870.43,Medium Activity,High Spender
C02687,Keya Kakar,21,Male,Other,77096.0,14,440827.13,31487.65,27540.43,Medium Activity,Medium Spender
C02688,Bina Sura,58,Male,Farmer,139391.0,13,683218.63,52555.28,57982.32,Medium Activity,High Spender
C02689,Hardik Sahni,53,Female,Accountant,77759.0,10,509359.51,50935.95,59819.66,Medium Activity,Medium Spender
C02690,Tamanna Tiwari,39,Female,Farmer,51222.0,10,446012.17,44601.22,45410.88,Medium Activity,Medium Spender
C02691,Jeet Gulati,31,Male,Software Engineer,159871.0,2,53528.19,26764.1,26764.1,Low Activity,Low Spender
C02692,Balvan Pradhan,36,Female,Software Engineer,187671.0,14,802318.21,57308.44,59585.28,Medium Activity,High Spender
C02693,Shivansh Dani,30,Female,Business Owner,90892.0,10,444117.13,44411.71,41626.76,Medium Activity,Medium Spender
C02694,Jeevika Sarma,24,Male,Doctor,160140.0,6,380434.61,63405.77,72304.26,Low Activity,Low Spender
C02695,Anjali Samra,28,Male,Government Employee,185854.0,16,744720.98,46545.06,43730.54,High Activity,High Spender
C02696,Gaurang Basu,59,Female,Government Employee,41822.0,9,516334.14,57370.46,68214.05,Medium Activity,Medium Spender
C02697,Tripti Khatri,56,Female,Business Owner,127044.0,8,402604.27,50325.53,56911.62,Low Activity,Low Spender
C02698,Vedant Naik,60,Female,Government Employee,35011.0,11,617089.1,56099.01,49444.01,Medium Activity,High Spender
C02699,Faras Khurana,61,Male,Government Employee,77482.0,13,660403.48,50800.27,49555.01,Medium Activity,High Spender
C02700,Logan Vaidya,38,Male,Accountant,24099.0,14,656041.95,46860.14,45263.68,Medium Activity,High Spender
C02701,Oliver Munshi,55,Male,Student,191396.0,16,928509.29,58031.83,62521.7,High Activity,High Spender
C02702,Elijah Sarna,37,Male,Sales Executive,77839.0,7,342199.85,48885.69,50615.73,Low Activity,Low Spender
C02703,Girindra Munshi,41,Female,Doctor,172479.0,9,457504.26,50833.81,50961.6,Medium Activity,Medium Spender
C02704,Oviya Ratti,61,Female,Business Owner,136930.0,7,404558.27,57794.04,57479.39,Low Activity,Low Spender
C02705,Kala Tella,35,Female,Government Employee,58884.0,13,790705.02,60823.46,61707.93,Medium Activity,High Spender
C02706,Jeet Gaba,51,Male,Sales Executive,67582.0,6,210946.19,35157.7,26127.9,Low Activity,Low Spender
C02707,Ekaraj Yadav,50,Male,Business Owner,69508.0,7,281940.52,40277.22,37430.75,Low Activity,Low Spender
C02708,Isha Tella,57,Female,Business Owner,189755.0,13,706510.39,54346.95,47119.46,Medium Activity,High Spender
C02709,Faqid Taneja,39,Male,Accountant,62708.0,6,315298.16,52549.69,48581.67,Low Activity,Low Spender
C02710,Finn Pillai,32,Female,Other,69243.0,8,353096.79,44137.1,36799.52,Low Activity,Low Spender
C02711,Kabir Sur,25,Male,Teacher,131776.0,12,755276.68,62939.72,66862.88,Medium Activity,High Spender
C02712,Odika Nanda,36,Female,Student,46275.0,11,459189.6,41744.51,25744.36,Medium Activity,Medium Spender
C02713,Samuel Kohli,54,Male,Software Engineer,178149.0,6,351858.03,58643.0,61836.22,Low Activity,Low Spender
C02714,Zashil Patil,27,Female,Student,25430.0,6,233510.79,38918.47,34704.56,Low Activity,Low Spender
C02715,Varenya Varkey,28,Male,Software Engineer,54649.0,16,847149.98,52946.87,50795.3,High Activity,High Spender
C02716,Charan Sinha,36,Male,Accountant,57391.0,15,805447.35,53696.49,61710.87,Medium Activity,High Spender
C02717,Kamala Balasubramanian,61,Male,Software Engineer,47876.0,14,613409.21,43814.94,31214.66,Medium Activity,High Spender
C02718,Eshana Sangha,55,Female,Teacher,73037.0,13,467273.56,35944.12,25232.24,Medium Activity,Medium Spender
C02719,Omisha Patla,29,Female,Other,136477.0,11,507798.63,46163.51,46900.18,Medium Activity,Medium Spender
C02720,Jatin Bhatt,31,Female,Government Employee,145542.0,5,269905.37,53981.07,54414.54,Low Activity,Low Spender
C02721,Maya Mistry,30,Male,Software Engineer,162482.0,12,631838.07,52653.17,52961.22,Medium Activity,High Spender
C02722,Qabil Jayaraman,65,Female,Farmer,52263.0,11,661730.24,60157.29,47009.45,Medium Activity,High Spender
C02723,Pahal Agrawal,22,Male,Teacher,162774.0,11,432668.36,39333.49,43065.77,Medium Activity,Medium Spender
C02724,Idika Pradhan,39,Male,Farmer,128864.0,7,292095.54,41727.93,46386.97,Low Activity,Low Spender
C02725,Akshay Mahajan,30,Male,Doctor,26291.0,7,327130.87,46732.98,48027.14,Low Activity,Low Spender
C02726,Vasana Kohli,35,Female,Student,58633.0,11,609237.06,55385.19,61555.84,Medium Activity,High Spender
C02727,Bhavna Narain,43,Female,Doctor,199415.0,15,639637.39,42642.49,44700.86,Medium Activity,High Spender
C02728,Vidhi Chawla,45,Male,Sales Executive,64448.0,7,342102.12,48871.73,48025.18,Low Activity,Low Spender
C02729,Yauvani Srivastava,28,Male,Teacher,93875.0,16,867509.4,54219.34,50738.73,High Activity,High Spender
C02730,Indrajit Merchant,43,Male,Other,107483.0,12,577279.56,48106.63,54569.2,Medium Activity,High Spender
C02731,Yatin Chaudhary,28,Female,Teacher,31363.0,6,352182.36,58697.06,49805.27,Low Activity,Low Spender
C02732,Advaith Majumdar,59,Male,Business Owner,132362.0,6,310392.14,51732.02,56724.1,Low Activity,Low Spender
C02733,Ekani Bath,54,Female,Other,67543.0,10,664713.75,66471.38,74221.27,Medium Activity,High Spender
C02734,Gopal Chopra,64,Female,Business Owner,194921.0,13,561652.12,43204.01,41262.01,Medium Activity,Medium Spender
C02735,Yashica Sandal,64,Female,Other,95236.0,10,483457.94,48345.79,53074.72,Medium Activity,Medium Spender
C02736,Zaid Om,43,Male,Accountant,150875.0,5,352288.66,70457.73,83163.09,Low Activity,Low Spender
C02737,Vasudha Sama,63,Female,Accountant,40019.0,5,235773.7,47154.74,48453.8,Low Activity,Low Spender
C02738,Ekta Shenoy,21,Male,Business Owner,103953.0,15,671930.94,44795.4,44988.57,Medium Activity,High Spender
C02739,Abeer Wason,30,Female,Sales Executive,145418.0,16,746053.55,46628.35,44050.57,High Activity,High Spender
C02740,Omaja Kara,25,Male,Other,132054.0,13,639546.61,49195.89,64780.39,Medium Activity,High Spender
C02741,Edhitha Lad,38,Male,Teacher,104686.0,11,422346.0,38395.09,30653.93,Medium Activity,Medium Spender
C02742,Yashasvi Parmer,29,Male,Student,112434.0,13,774471.29,59574.71,57021.05,Medium Activity,High Spender
C02743,Chandran Sehgal,41,Female,Student,146166.0,10,435358.77,43535.88,30888.95,Medium Activity,Medium Spender
C02744,Dhriti Ghose,65,Female,Other,186881.0,12,572246.64,47687.22,49507.88,Medium Activity,High Spender
C02745,Jeevika Mammen,42,Male,Doctor,120449.0,10,650906.87,65090.69,72969.07,Medium Activity,High Spender
C02746,Anvi Borah,47,Female,Farmer,159924.0,12,736946.54,61412.21,64265.9,Medium Activity,High Spender
C02747,Falan Krish,52,Male,Student,41919.0,14,764514.65,54608.19,58182.84,Medium Activity,High Spender
C02748,Laksh Chander,58,Female,Farmer,171486.0,9,512765.71,56973.97,69212.51,Medium Activity,Medium Spender
C02749,Vritti Rattan,65,Male,Teacher,81654.0,2,118061.47,59030.74,59030.74,Low Activity,Low Spender
C02750,Daksha Sastry,44,Male,Doctor,24496.0,11,449671.09,40879.19,45854.22,Medium Activity,Medium Spender
C02751,Jairaj Rege,44,Female,Business Owner,48876.0,11,425104.09,38645.83,31371.65,Medium Activity,Medium Spender
C02752,Forum Venkatesh,24,Female,Government Employee,56529.0,11,656874.46,59715.86,57110.52,Medium Activity,High Spender
C02753,Omaja Ramachandran,39,Female,Business Owner,164572.0,14,847225.8,60516.13,59974.01,Medium Activity,High Spender
C02754,Alexander Borah,47,Male,Doctor,78874.0,9,375136.59,41681.84,46455.79,Medium Activity,Low Spender
C02755,Hredhaan Yadav,24,Male,Teacher,57506.0,12,603606.02,50300.5,52500.94,Medium Activity,High Spender
C02756,Rayaan Bera,45,Male,Student,117434.0,10,494225.79,49422.58,49734.9,Medium Activity,Medium Spender
C02757,Vasana Shah,24,Male,Other,39338.0,11,495082.4,45007.49,46760.16,Medium Activity,Medium Spender
C02758,Janaki Kibe,51,Male,Software Engineer,58505.0,18,999653.15,55536.29,57726.98,High Activity,High Spender
C02759,Mitali Khare,44,Male,Teacher,84237.0,13,794720.97,61132.38,71764.12,Medium Activity,High Spender
C02760,Onkar Venkatesh,25,Male,Other,129181.0,7,461145.68,65877.95,82435.14,Low Activity,Medium Spender
C02761,Lekha Randhawa,30,Male,Sales Executive,56729.0,8,290417.94,36302.24,24601.06,Low Activity,Low Spender
C02762,Aishani Badal,54,Female,Sales Executive,127878.0,10,570559.45,57055.94,61324.94,Medium Activity,High Spender
C02763,Oeshi Mahajan,42,Female,Software Engineer,95174.0,5,195806.01,39161.2,39741.84,Low Activity,Low Spender
C02764,Lipika Bains,28,Male,Software Engineer,188415.0,11,484406.15,44036.92,51174.43,Medium Activity,Medium Spender
C02765,Jalsa Sura,23,Male,Farmer,62034.0,14,673218.93,48087.07,52049.4,Medium Activity,High Spender
C02766,Xiti Mital,21,Female,Student,198232.0,7,327825.9,46832.27,45650.43,Low Activity,Low Spender
C02767,Tristan Karnik,50,Female,Other,151562.0,5,257868.79,51573.76,40980.21,Low Activity,Low Spender
C02768,Jason Gupta,40,Male,Student,61104.0,9,362869.0,40318.78,36322.13,Medium Activity,Low Spender
C02769,Vinaya Sarkar,38,Male,Farmer,118975.0,12,635331.62,52944.3,51228.88,Medium Activity,High Spender
C02770,Daksha Nadkarni,29,Male,Student,182278.0,7,296192.43,42313.2,37969.95,Low Activity,Low Spender
C02771,Sathvik Sur,24,Male,Student,68154.0,8,448826.15,56103.27,58582.82,Low Activity,Medium Spender
C02772,Reyansh Talwar,56,Male,Sales Executive,145151.0,14,643503.34,45964.52,39548.98,Medium Activity,High Spender
C02773,Banjeet Doshi,41,Female,Student,63207.0,10,479783.71,47978.37,38799.76,Medium Activity,Medium Spender
C02774,Leela Johal,24,Female,Student,71047.0,9,397944.66,44216.07,45174.68,Medium Activity,Low Spender
C02775,Brinda Golla,38,Male,Teacher,40397.0,8,490535.81,61316.98,72104.66,Low Activity,Medium Spender
C02776,Lajita Hegde,44,Female,Software Engineer,82791.0,10,600250.74,60025.07,61396.34,Medium Activity,High Spender
C02777,Zilmil Roy,39,Male,Farmer,47909.0,7,417051.16,59578.74,55495.13,Low Activity,Medium Spender
C02778,Jack Badami,25,Male,Other,22877.0,8,418383.87,52297.98,51044.68,Low Activity,Medium Spender
C02779,Hritik Mukhopadhyay,40,Male,Farmer,72881.0,9,413281.14,45920.13,51543.71,Medium Activity,Medium Spender
C02780,Omya Hora,61,Male,Doctor,90560.0,17,759286.66,44663.92,34706.66,High Activity,High Spender
C02781,Ekavir Prasad,26,Male,Other,146827.0,18,800964.91,44498.05,44551.66,High Activity,High Spender
C02782,Rachita Hans,23,Male,Government Employee,44434.0,6,429442.48,71573.75,75340.44,Low Activity,Medium Spender
C02783,Agastya Rajagopalan,40,Male,Government Employee,94030.0,11,379415.88,34492.35,35569.75,Medium Activity,Low Spender
C02784,Robert Shere,46,Male,Government Employee,122404.0,10,453022.34,45302.23,28620.29,Medium Activity,Medium Spender
C02785,Abdul Buch,43,Male,Teacher,106853.0,6,323622.91,53937.15,43254.96,Low Activity,Low Spender
C02786,Jonathan Mannan,47,Male,Farmer,59370.0,11,524457.25,47677.93,46004.35,Medium Activity,Medium Spender
C02787,Avni Talwar,22,Female,Sales Executive,173710.0,9,346538.33,38504.26,23360.26,Medium Activity,Low Spender
C02788,Aayush Chopra,23,Female,Business Owner,59724.0,5,262312.2,52462.44,54987.49,Low Activity,Low Spender
C02789,Rohan Dhingra,64,Female,Teacher,184089.0,13,563303.33,43331.03,52659.98,Medium Activity,Medium Spender
C02790,Reva Sanghvi,26,Male,Doctor,198640.0,11,418677.17,38061.56,39785.72,Medium Activity,Medium Spender
C02791,Daksha Thaker,62,Male,Business Owner,151496.0,11,570317.43,51847.04,59167.16,Medium Activity,High Spender
C02792,Utkarsh Khatri,54,Female,Sales Executive,54392.0,10,597071.26,59707.13,61453.41,Medium Activity,High Spender
C02793,Ojasvi Bath,42,Female,Government Employee,183439.0,6,304101.62,50683.6,56905.42,Low Activity,Low Spender
C02794,Xavier Suresh,48,Male,Student,82681.0,7,328320.32,46902.9,45615.23,Low Activity,Low Spender
C02795,Qadim Sampath,34,Male,Business Owner,168609.0,6,164655.78,27442.63,17459.36,Low Activity,Low Spender
C02796,Mahika Pandit,61,Female,Teacher,23916.0,7,367516.92,52502.42,51538.0,Low Activity,Low Spender
C02797,Warda Sant,30,Female,Farmer,42850.0,10,454638.43,45463.84,32028.75,Medium Activity,Medium Spender
C02798,Ekta Batra,52,Male,Sales Executive,102239.0,8,317279.92,39659.99,32987.3,Low Activity,Low Spender
C02799,Liam Agate,31,Female,Business Owner,37868.0,10,506339.76,50633.98,45917.65,Medium Activity,Medium Spender
C02800,Vedhika Bath,38,Female,Government Employee,43390.0,11,737630.97,67057.36,66282.06,Medium Activity,High Spender
C02801,Praneel Varkey,25,Male,Sales Executive,87618.0,6,258029.89,43004.98,41599.11,Low Activity,Low Spender
C02802,Watika Sachar,51,Female,Sales Executive,190470.0,6,294543.7,49090.62,45369.14,Low Activity,Low Spender
C02803,Abha Lal,29,Male,Other,147994.0,11,554726.37,50429.67,57406.4,Medium Activity,Medium Spender
C02804,Diya Kara,23,Female,Accountant,125103.0,17,837022.24,49236.6,49841.5,High Activity,High Spender
C02805,Wyatt Bhatia,47,Male,Sales Executive,116136.0,11,628452.67,57132.06,59140.24,Medium Activity,High Spender
C02806,Udarsh Mandal,53,Female,Government Employee,41886.0,7,465892.63,66556.09,82225.88,Low Activity,Medium Spender
C02807,Mohammed Merchant,64,Female,Farmer,137988.0,9,398291.02,44254.56,52299.48,Medium Activity,Low Spender
C02808,Vrinda Bhat,37,Male,Other,188785.0,16,927963.38,57997.71,54996.92,High Activity,High Spender
C02809,George Khalsa,24,Male,Farmer,22082.0,13,618924.96,47609.61,53440.5,Medium Activity,High Spender
C02810,Charles Master,30,Male,Accountant,118519.0,8,470750.31,58843.79,64755.36,Low Activity,Medium Spender
C02811,Sai Kala,31,Female,Teacher,78471.0,7,300315.87,42902.27,37794.28,Low Activity,Low Spender
C02812,Bhavna Khare,45,Female,Teacher,111471.0,14,697810.73,49843.62,45451.06,Medium Activity,High Spender
C02813,Jackson Kumar,50,Female,Farmer,141858.0,16,702171.92,43885.74,43753.4,High Activity,High Spender
C02814,Chaman Sethi,27,Male,Business Owner,48402.0,4,173991.78,43497.94,36666.65,Low Activity,Low Spender
C02815,Advaith Jani,46,Female,Doctor,125256.0,11,651031.13,59184.65,57735.5,Medium Activity,High Spender
C02816,Deepa Mahajan,42,Male,Government Employee,109764.0,13,540523.72,41578.75,47830.31,Medium Activity,Medium Spender
C02817,Nakul Pandit,59,Female,Doctor,144838.0,14,710543.02,50753.07,46923.09,Medium Activity,High Spender
C02818,Mason Babu,28,Female,Sales Executive,30035.0,11,701486.81,63771.53,77014.96,Medium Activity,High Spender
C02819,Nimrat Bava,55,Male,Sales Executive,58145.0,12,537947.65,44828.97,49565.21,Medium Activity,Medium Spender
C02820,Yatan Sandal,61,Male,Government Employee,168951.0,10,645785.33,64578.53,82993.08,Medium Activity,High Spender
C02821,Liam Bhandari,23,Female,Software Engineer,114763.0,9,512093.47,56899.27,50905.21,Medium Activity,Medium Spender
C02822,Unni Das,48,Female,Doctor,34176.0,7,279898.52,39985.5,45336.95,Low Activity,Low Spender
C02823,Tara Sandal,34,Male,Student,90739.0,8,520099.42,65012.43,60912.52,Low Activity,Medium Spender
C02824,Widisha Dara,37,Male,Teacher,57155.0,10,488187.88,48818.79,48019.14,Medium Activity,Medium Spender
C02825,Daksha Batra,25,Female,Student,41419.0,19,894462.87,47076.99,43885.16,High Activity,High Spender
C02826,Advik Chaudhuri,40,Female,Student,157567.0,13,664564.96,51120.38,41172.9,Medium Activity,High Spender
C02827,Kritika Natarajan,34,Female,Business Owner,34088.0,12,456182.05,38015.17,31928.53,Medium Activity,Medium Spender
C02828,Chaaya Bir,26,Female,Government Employee,97831.0,9,551211.85,61245.76,78444.05,Medium Activity,Medium Spender
C02829,Samaksh Patel,31,Male,Government Employee,129864.0,11,460303.59,41845.78,37707.02,Medium Activity,Medium Spender
C02830,Chanakya Jain,51,Female,Farmer,62123.0,8,310867.99,38858.5,28216.24,Low Activity,Low Spender
C02831,Janaki Anand,65,Female,Government Employee,169505.0,5,275443.76,55088.75,49602.78,Low Activity,Low Spender
C02832,Brijesh Ravi,45,Male,Farmer,176533.0,13,610031.59,46925.51,39172.54,Medium Activity,High Spender
C02833,Ansh D’Alia,33,Male,Other,181615.0,10,571379.66,57137.97,63335.62,Medium Activity,High Spender
C02834,Krisha Wable,30,Female,Government Employee,23718.0,13,414070.8,31851.6,29503.71,Medium Activity,Medium Spender
C02835,Jasmit Sandhu,30,Female,Business Owner,150926.0,5,324671.35,64934.27,66886.95,Low Activity,Low Spender
C02836,Yauvani Madan,41,Male,Student,88892.0,4,246720.15,61680.04,72473.44,Low Activity,Low Spender
C02837,Ishwar Ravi,54,Male,Sales Executive,52956.0,12,831735.11,69311.26,84673.18,Medium Activity,High Spender
C02838,Tanish Gour,61,Female,Other,45544.0,12,611501.84,50958.49,51693.95,Medium Activity,High Spender
C02839,Ranbir Padmanabhan,23,Male,Doctor,130146.0,14,599242.76,42803.05,36683.16,Medium Activity,High Spender
C02840,Samaksh Dey,65,Male,Other,118974.0,10,382659.68,38265.97,41224.98,Medium Activity,Low Spender
C02841,Bhavani Chaudhari,34,Female,Doctor,70111.0,6,180914.78,30152.46,17417.29,Low Activity,Low Spender
C02842,Harsh Radhakrishnan,64,Male,Government Employee,115366.0,12,718193.72,59849.48,69794.83,Medium Activity,High Spender
C02843,Xiti Muni,22,Female,Accountant,151618.0,10,385312.41,38531.24,30507.26,Medium Activity,Low Spender
C02844,Yuvraj Lala,28,Female,Sales Executive,128541.0,14,915300.28,65378.59,69537.84,Medium Activity,High Spender
C02845,Ayushman Palla,47,Female,Government Employee,162204.0,6,268526.73,44754.45,53228.9,Low Activity,Low Spender
C02846,Dakshesh Memon,48,Female,Teacher,66088.0,9,419344.63,46593.85,40376.74,Medium Activity,Medium Spender
C02847,Watika Rau,50,Female,Government Employee,66372.0,14,665154.13,47511.01,42437.56,Medium Activity,High Spender
C02848,Nikita Anand,56,Male,Farmer,134262.0,7,324993.77,46427.68,43747.11,Low Activity,Low Spender
C02849,Parth Borah,45,Female,Student,186227.0,12,597845.67,49820.47,52633.18,Medium Activity,High Spender
C02850,Alka Suresh,39,Male,Teacher,47213.0,9,458851.35,50983.48,48808.93,Medium Activity,Medium Spender
C02851,Ranbir Dhar,26,Male,Other,127814.0,7,294314.91,42044.99,39730.55,Low Activity,Low Spender
C02852,Chaitaly Subramaniam,27,Female,Other,162798.0,15,690523.1,46034.87,43464.97,Medium Activity,High Spender
C02853,Laban Rastogi,27,Female,Farmer,172366.0,11,422786.95,38435.18,41966.83,Medium Activity,Medium Spender
C02854,Wyatt Mohanty,23,Female,Student,75540.0,6,230177.34,38362.89,39194.43,Low Activity,Low Spender
C02855,Jeevika Sengupta,35,Female,Farmer,119897.0,7,459323.3,65617.61,59969.88,Low Activity,Medium Spender
C02856,Jason Ghosh,28,Male,Sales Executive,52621.0,7,334470.75,47781.54,43521.02,Low Activity,Low Spender
C02857,Fariq Wali,43,Female,Student,189046.0,9,371208.12,41245.35,42963.07,Medium Activity,Low Spender
C02858,Vanya Manne,46,Male,Government Employee,78703.0,10,501037.13,50103.71,59110.17,Medium Activity,Medium Spender
C02859,Caleb Pall,53,Female,Accountant,192669.0,8,342987.09,42873.39,40828.8,Low Activity,Low Spender
C02860,Prisha Purohit,37,Female,Student,196501.0,7,279785.25,39969.32,26708.96,Low Activity,Low Spender
C02861,Orinder Banerjee,36,Male,Student,28565.0,8,463385.12,57923.14,68206.6,Low Activity,Medium Spender
C02862,Faras Pillai,21,Male,Business Owner,118148.0,11,431554.71,39232.25,50028.79,Medium Activity,Medium Spender
C02863,Wakeeta Saini,54,Female,Government Employee,64672.0,11,533714.39,48519.49,51161.01,Medium Activity,Medium Spender
C02864,Chavvi Yohannan,57,Female,Doctor,165683.0,14,541774.44,38698.17,35014.04,Medium Activity,Medium Spender
C02865,Amara Kata,46,Male,Other,188934.0,6,237432.32,39572.05,23802.64,Low Activity,Low Spender
C02866,Hardik Om,46,Male,Other,132486.0,11,521534.45,47412.22,39401.54,Medium Activity,Medium Spender
C02867,Vasudha Bala,29,Female,Business Owner,125675.0,13,604243.68,46480.28,49560.69,Medium Activity,High Spender
C02868,Chanakya Gandhi,41,Male,Student,80547.0,10,485937.91,48593.79,42564.48,Medium Activity,Medium Spender
C02869,Rachana Kumar,27,Male,Farmer,51030.0,4,163237.04,40809.26,47195.52,Low Activity,Low Spender
C02870,Daksha Atwal,61,Female,Accountant,164940.0,6,372110.87,62018.48,60257.43,Low Activity,Low Spender
C02871,Kritika Keer,31,Female,Doctor,44446.0,8,338831.68,42353.96,23672.4,Low Activity,Low Spender
C02872,Tanveer Sani,26,Male,Student,23024.0,7,310113.87,44301.98,45073.21,Low Activity,Low Spender
C02873,Vaishnavi Mandal,61,Male,Software Engineer,182031.0,8,355759.82,44469.98,38340.04,Low Activity,Low Spender
C02874,Jeet Gara,55,Male,Other,120245.0,12,656823.48,54735.29,67260.7,Medium Activity,High Spender
C02875,Janaki Vora,22,Male,Sales Executive,186320.0,17,751899.99,44229.41,52340.83,High Activity,High Spender
C02876,Neel Kar,61,Female,Business Owner,82841.0,13,654245.64,50326.59,54073.13,Medium Activity,High Spender
C02877,Chakradev Varkey,62,Male,Accountant,70811.0,13,644928.5,49609.88,44879.88,Medium Activity,High Spender
C02878,Barkha Deol,55,Male,Student,88283.0,11,583328.37,53029.85,62959.57,Medium Activity,High Spender
C02879,Gaurav Nath,63,Male,Accountant,41748.0,12,562090.58,46840.88,44600.36,Medium Activity,Medium Spender
C02880,Laksh Sami,30,Male,Other,47110.0,13,652536.96,50195.15,57961.13,Medium Activity,High Spender
C02881,Girik Varughese,28,Female,Other,52160.0,5,375603.9,75120.78,74934.09,Low Activity,Low Spender
C02882,Falan Zachariah,27,Male,Accountant,88680.0,7,328074.52,46867.79,32049.25,Low Activity,Low Spender
C02883,Agastya Kari,32,Male,Teacher,149563.0,8,379762.3,47470.29,42851.42,Low Activity,Low Spender
C02884,Wazir Menon,44,Male,Student,46390.0,10,601927.21,60192.72,63272.61,Medium Activity,High Spender
C02885,Nimrat Thaker,52,Male,Student,39287.0,11,728703.96,66245.81,72961.68,Medium Activity,High Spender
C02886,Yauvani Kibe,52,Male,Doctor,130076.0,8,529217.26,66152.16,68572.73,Low Activity,Medium Spender
C02887,Rushil Bhasin,45,Female,Sales Executive,62232.0,6,316573.17,52762.2,59724.88,Low Activity,Low Spender
C02888,Peter Panchal,32,Female,Software Engineer,66839.0,10,571736.43,57173.64,54042.06,Medium Activity,High Spender
C02889,Harita Sanghvi,63,Male,Teacher,109865.0,9,355913.36,39545.93,37549.92,Medium Activity,Low Spender
C02890,Ekaraj Samra,43,Female,Other,177284.0,12,506505.22,42208.77,32624.34,Medium Activity,Medium Spender
C02891,Daksha Mann,55,Male,Business Owner,156773.0,8,387321.76,48415.22,53244.91,Low Activity,Low Spender
C02892,Balhaar Gour,37,Male,Doctor,178888.0,6,136260.1,22710.02,15210.08,Low Activity,Low Spender
C02893,Tanish Sheth,22,Male,Farmer,154150.0,10,448028.37,44802.84,50345.9,Medium Activity,Medium Spender
C02894,Hemani Morar,30,Male,Government Employee,50091.0,6,303098.35,50516.39,51839.8,Low Activity,Low Spender
C02895,Vedant Sani,34,Male,Government Employee,56323.0,12,751705.58,62642.13,63687.9,Medium Activity,High Spender
C02896,Jacob Mand,35,Male,Business Owner,90147.0,13,608002.62,46769.43,44677.95,Medium Activity,High Spender
C02897,Kalpit Sabharwal,38,Female,Doctor,44109.0,5,308943.3,61788.66,47559.91,Low Activity,Low Spender
C02898,Yashodhara Din,43,Female,Sales Executive,149971.0,5,302934.69,60586.94,80856.24,Low Activity,Low Spender
C02899,Nirja Sharma,48,Female,Doctor,85560.0,8,314500.01,39312.5,36941.34,Low Activity,Low Spender
C02900,Logan Krishna,32,Male,Accountant,122976.0,5,322501.84,64500.37,58329.24,Low Activity,Low Spender
C02901,Omkaar Vohra,27,Female,Business Owner,73957.0,11,514975.45,46815.95,42664.07,Medium Activity,Medium Spender
C02902,Dhriti Dugal,52,Female,Sales Executive,131080.0,5,313231.8,62646.36,84489.83,Low Activity,Low Spender
C02903,Gaurika Zachariah,59,Female,Government Employee,183292.0,14,704887.31,50349.09,41690.52,Medium Activity,High Spender
C02904,Advika Sankaran,27,Female,Student,72355.0,11,458637.93,41694.36,36853.03,Medium Activity,Medium Spender
C02905,Anika Butala,57,Female,Government Employee,185858.0,7,367326.31,52475.19,59992.26,Low Activity,Low Spender
C02906,Pooja Sanghvi,25,Female,Business Owner,28849.0,10,583945.09,58394.51,74120.82,Medium Activity,High Spender
C02907,Pahal Raman,53,Female,Other,127428.0,10,319160.38,31916.04,29984.68,Medium Activity,Low Spender
C02908,Chanakya Goda,39,Female,Student,27848.0,9,521370.79,57930.09,57936.35,Medium Activity,Medium Spender
C02909,Reva Arora,28,Male,Government Employee,132561.0,10,458597.74,45859.77,45777.73,Medium Activity,Medium Spender
C02910,Fariq Sastry,32,Female,Doctor,39042.0,6,264275.46,44045.91,36730.84,Low Activity,Low Spender
C02911,Aradhana Barad,34,Female,Government Employee,58021.0,10,585271.33,58527.13,52385.67,Medium Activity,High Spender
C02912,Ekbal Chaudry,41,Male,Software Engineer,103516.0,9,364658.11,40517.57,35118.82,Medium Activity,Low Spender
C02913,Urvi Barad,65,Male,Government Employee,76039.0,13,554584.08,42660.31,46520.15,Medium Activity,Medium Spender
C02914,Raghav Singhal,50,Female,Doctor,167230.0,10,556989.13,55698.91,54096.41,Medium Activity,Medium Spender
C02915,Omaja Sathe,25,Female,Accountant,177758.0,9,353017.54,39224.17,34546.6,Medium Activity,Low Spender
C02916,Kabir Prakash,34,Male,Teacher,167051.0,10,578730.06,57873.01,67658.96,Medium Activity,High Spender
C02917,Urishilla Borde,38,Male,Other,189415.0,7,220197.4,31456.77,14496.02,Low Activity,Low Spender
C02918,Samar Prakash,47,Female,Government Employee,103917.0,7,262169.41,37452.77,29317.73,Low Activity,Low Spender
C02919,Damyanti Loke,33,Male,Software Engineer,149481.0,3,187793.43,62597.81,82379.34,Low Activity,Low Spender
C02920,Rajeshri Khare,52,Male,Accountant,130424.0,8,418513.68,52314.21,46030.63,Low Activity,Medium Spender
C02921,Lavanya Khurana,28,Male,Sales Executive,64863.0,10,511411.44,51141.14,51792.27,Medium Activity,Medium Spender
C02922,Noah Badami,59,Female,Other,120363.0,7,339204.73,48457.82,34558.84,Low Activity,Low Spender
C02923,Mugdha Karpe,36,Male,Accountant,24675.0,13,617344.17,47488.01,44145.1,Medium Activity,High Spender
C02924,Nakul Rana,62,Male,Sales Executive,94544.0,9,598942.25,66549.14,63294.93,Medium Activity,High Spender
C02925,Amruta Sem,29,Female,Software Engineer,159845.0,10,593452.71,59345.27,68663.66,Medium Activity,High Spender
C02926,Caleb Bhatia,54,Male,Government Employee,189024.0,15,550565.1,36704.34,32727.73,Medium Activity,Medium Spender
C02927,Devansh Maharaj,22,Male,Sales Executive,44935.0,7,295621.23,42231.6,35844.63,Low Activity,Low Spender
C02928,Hemal Chhabra,47,Female,Accountant,103149.0,11,534275.26,48570.48,48206.86,Medium Activity,Medium Spender
C02929,Ekavir Gade,43,Female,Teacher,165870.0,11,585004.25,53182.2,52846.41,Medium Activity,High Spender
C02930,Charles Mitter,41,Female,Other,32339.0,18,867555.85,48197.55,47556.26,High Activity,High Spender
C02931,Barkha Jain,46,Female,Sales Executive,149325.0,13,661872.7,50913.28,53513.0,Medium Activity,High Spender
C02932,Urishilla Kale,62,Male,Government Employee,181998.0,7,401347.57,57335.37,52619.57,Low Activity,Low Spender
C02933,Amrita Anne,27,Male,Doctor,32539.0,14,796194.84,56871.06,48512.76,Medium Activity,High Spender
C02934,Rohan Wali,21,Male,Teacher,104635.0,8,308262.83,38532.85,42875.3,Low Activity,Low Spender
C02935,Pushti Kannan,65,Female,Doctor,64614.0,7,499490.74,71355.82,84038.45,Low Activity,Medium Spender
C02936,Aarna Dalal,26,Male,Government Employee,160917.0,7,310541.24,44363.03,35393.68,Low Activity,Low Spender
C02937,Tanvi Kulkarni,21,Male,Accountant,31292.0,9,458697.7,50966.41,44206.36,Medium Activity,Medium Spender
C02938,Vedhika Kuruvilla,28,Male,Accountant,39671.0,13,599433.82,46110.29,43572.01,Medium Activity,High Spender
C02939,Vincent Agrawal,37,Female,Other,119498.0,9,349114.13,38790.46,40190.24,Medium Activity,Low Spender
C02940,Dipta Radhakrishnan,38,Male,Business Owner,172948.0,8,265421.61,33177.7,20989.25,Low Activity,Low Spender
C02941,Zilmil Khosla,50,Male,Business Owner,103711.0,12,752693.3,62724.44,69492.7,Medium Activity,High Spender
C02942,Faras Dara,30,Female,Sales Executive,195173.0,6,347140.18,57856.7,60504.56,Low Activity,Low Spender
C02943,Ijaya Soni,28,Male,Other,145285.0,9,558687.5,62076.39,64613.35,Medium Activity,Medium Spender
C02944,Praneel Sunder,63,Female,Accountant,104387.0,9,494399.28,54933.25,40215.31,Medium Activity,Medium Spender
C02945,Daniel Prakash,51,Male,Teacher,89156.0,11,659581.11,59961.92,63505.93,Medium Activity,High Spender
C02946,Kavya Gour,39,Male,Government Employee,166411.0,10,401716.92,40171.69,33331.3,Medium Activity,Low Spender
C02947,Owen Ram,36,Male,Teacher,39698.0,10,399733.14,39973.31,26801.78,Medium Activity,Low Spender
C02948,Ekaja Warrior,52,Male,Doctor,23441.0,9,475814.69,52868.3,65586.69,Medium Activity,Medium Spender
C02949,Triya Madan,63,Male,Sales Executive,120941.0,7,444662.43,63523.2,72693.95,Low Activity,Medium Spender
C02950,Dhriti Babu,33,Female,Teacher,109246.0,12,798103.62,66508.63,65353.26,Medium Activity,High Spender
C02951,Shravya Pau,34,Female,Accountant,139019.0,18,920178.85,51121.05,61251.24,High Activity,High Spender
C02952,Yashawini Misra,62,Male,Farmer,47698.0,8,510773.72,63846.72,72662.83,Low Activity,Medium Spender
C02953,Priya Varkey,29,Male,Government Employee,121076.0,15,789304.05,52620.27,49774.04,Medium Activity,High Spender
C02954,Upkaar Contractor,49,Male,Student,69270.0,12,742009.63,61834.14,68199.48,Medium Activity,High Spender
C02955,Xiti Misra,25,Female,Student,63043.0,8,427775.72,53471.96,61349.76,Low Activity,Medium Spender
C02956,Shivansh Srivastava,64,Female,Other,189969.0,4,154542.27,38635.57,22252.6,Low Activity,Low Spender
C02957,Jairaj Yohannan,27,Male,Sales Executive,48094.0,12,572419.44,47701.62,49805.62,Medium Activity,High Spender
C02958,Tara Suri,28,Male,Software Engineer,140808.0,6,322044.49,53674.08,56863.19,Low Activity,Low Spender
C02959,Charita Bajaj,32,Female,Software Engineer,144843.0,10,367584.02,36758.4,31604.75,Medium Activity,Low Spender
C02960,Faras Cherian,63,Female,Government Employee,89619.0,9,271134.28,30126.03,22498.19,Medium Activity,Low Spender
C02961,Eiravati Palla,28,Male,Government Employee,133108.0,10,420008.07,42000.81,33182.85,Medium Activity,Medium Spender
C02962,Chameli Grover,34,Male,Student,151646.0,19,910163.66,47903.35,39934.03,High Activity,High Spender
C02963,Eshana Modi,48,Female,Software Engineer,135694.0,5,223050.46,44610.09,24671.04,Low Activity,Low Spender
C02964,Vrishti Palan,38,Female,Teacher,32880.0,13,503948.01,38765.23,40570.99,Medium Activity,Medium Spender
C02965,Vritti Lala,62,Female,Student,70838.0,8,360760.61,45095.08,30897.25,Low Activity,Low Spender
C02966,Nathan Narang,39,Male,Student,66306.0,11,505919.61,45992.69,49882.21,Medium Activity,Medium Spender
C02967,Zaid Atwal,59,Female,Farmer,179238.0,6,336923.3,56153.88,60340.18,Low Activity,Low Spender
C02968,Isaac Dhar,52,Female,Teacher,198562.0,8,357087.37,44635.92,38278.9,Low Activity,Low Spender
C02969,Neelima Lad,24,Male,Teacher,77561.0,8,334378.83,41797.35,30440.54,Low Activity,Low Spender
C02970,Rachana Menon,28,Male,Software Engineer,170793.0,10,592168.95,59216.9,70319.11,Medium Activity,High Spender
C02971,Suhani Bhatnagar,38,Male,Teacher,159495.0,5,219860.18,43972.04,44195.21,Low Activity,Low Spender
C02972,Netra Salvi,27,Female,Doctor,182587.0,12,608615.79,50717.98,56136.3,Medium Activity,High Spender
C02973,Aayush Goyal,65,Female,Student,122992.0,11,600277.5,54570.68,51099.5,Medium Activity,High Spender
C02974,Radha Padmanabhan,27,Male,Accountant,149806.0,13,848121.45,65240.11,73426.25,Medium Activity,High Spender
C02975,Varenya Dara,34,Male,Doctor,111129.0,10,411365.85,41136.58,41747.43,Medium Activity,Medium Spender
C02976,Sneha Vaidya,61,Female,Other,95491.0,7,399438.29,57062.61,61482.43,Low Activity,Low Spender
C02977,Rohan Kala,21,Male,Business Owner,151921.0,10,526107.76,52610.78,49581.27,Medium Activity,Medium Spender
C02978,Manan Sachdeva,65,Female,Accountant,82552.0,12,480591.79,40049.32,52129.9,Medium Activity,Medium Spender
C02979,Peter Master,31,Female,Teacher,63685.0,10,454655.41,45465.54,46450.78,Medium Activity,Medium Spender
C02980,Dipta Char,32,Female,Sales Executive,57180.0,12,800476.0,66706.33,68506.39,Medium Activity,High Spender
C02981,Shravya Bajaj,21,Female,Student,107570.0,10,509121.33,50912.13,63645.8,Medium Activity,Medium Spender
C02982,Zayan Bhandari,22,Male,Accountant,40179.0,14,456358.71,32597.05,28539.66,Medium Activity,Medium Spender
C02983,Prisha Pai,31,Male,Other,112312.0,11,707945.88,64358.72,73027.49,Medium Activity,High Spender
C02984,Riya Chowdhury,51,Male,Sales Executive,84883.0,7,411326.94,58760.99,49358.85,Low Activity,Medium Spender
C02985,Ikbal Palla,51,Male,Software Engineer,24558.0,13,796393.93,61261.07,72888.44,Medium Activity,High Spender
C02986,Gunbir Kala,57,Female,Doctor,157696.0,7,370151.38,52878.77,69909.26,Low Activity,Low Spender
C02987,Quincy Baria,53,Male,Business Owner,44617.0,10,500182.04,50018.2,38801.67,Medium Activity,Medium Spender
C02988,Balendra Mital,27,Female,Government Employee,138650.0,13,743636.49,57202.81,57734.88,Medium Activity,High Spender
C02989,Pratyush Minhas,52,Female,Farmer,87460.0,14,856666.18,61190.44,67959.45,Medium Activity,High Spender
C02990,Sneha Garde,63,Female,Accountant,115496.0,8,415968.12,51996.02,53274.46,Low Activity,Medium Spender
C02991,Chandani Kaul,50,Male,Government Employee,98940.0,11,514973.22,46815.75,36358.3,Medium Activity,Medium Spender
C02992,Qabil Bahri,42,Female,Teacher,90762.0,9,292661.58,32517.95,31491.1,Medium Activity,Low Spender
C02993,Kashvi Gulati,64,Male,Business Owner,127562.0,6,254538.96,42423.16,38741.68,Low Activity,Low Spender
C02994,Kiaan Mody,35,Male,Government Employee,150503.0,7,437411.86,62487.41,80573.69,Low Activity,Medium Spender
C02995,Kamala Talwar,22,Male,Other,132910.0,10,484991.91,48499.19,41471.23,Medium Activity,Medium Spender
C02996,Aarush Nazareth,44,Male,Teacher,70814.0,12,679349.31,56612.44,59580.29,Medium Activity,High Spender
C02997,Falak Sen,45,Male,Accountant,184335.0,8,394572.81,49321.6,46394.58,Low Activity,Low Spender
C02998,Warda Deep,64,Female,Farmer,65862.0,9,641510.4,71278.93,73606.44,Medium Activity,High Spender
C02999,Wakeeta Sandhu,37,Female,Government Employee,122505.0,9,294887.18,32765.24,26924.84,Medium Activity,Low Spender
C03000,Faraj Dave,58,Female,Accountant,101087.0,14,722550.46,51610.75,54628.55,Medium Activity,High Spender
C03001,Om Chahal,33,Male,Other,156335.0,5,221827.77,44365.55,57872.68,Low Activity,Low Spender
C03002,Udyati Raghavan,65,Female,Other,52233.0,10,529435.86,52943.59,60197.76,Medium Activity,Medium Spender
C03003,Zansi Gokhale,48,Female,Other,110963.0,10,546998.94,54699.89,68210.94,Medium Activity,Medium Spender
C03004,Ayushman Purohit,39,Male,Software Engineer,150790.0,8,317025.14,39628.14,33606.02,Low Activity,Low Spender
C03005,Mugdha Chadha,64,Male,Sales Executive,198499.0,11,534686.46,48607.86,49128.29,Medium Activity,Medium Spender
C03006,Simon Vohra,30,Female,Other,166313.0,3,139481.18,46493.73,36745.96,Low Activity,Low Spender
C03007,Quincy Raja,63,Male,Accountant,147618.0,8,370800.78,46350.1,46942.76,Low Activity,Low Spender
C03008,Shivansh Date,39,Male,Accountant,24087.0,11,504015.0,45819.55,44355.11,Medium Activity,Medium Spender
C03009,Nidhi Iyengar,50,Male,Doctor,94191.0,7,320253.58,45750.51,40300.33,Low Activity,Low Spender
C03010,Nisha Dara,58,Male,Software Engineer,148022.0,8,375660.03,46957.5,54997.38,Low Activity,Low Spender
C03011,Omya Mohan,40,Male,Student,112341.0,11,590387.78,53671.62,49580.71,Medium Activity,High Spender
C03012,Tamanna Krishnamurthy,63,Male,Software Engineer,85911.0,11,584851.89,53168.35,43403.66,Medium Activity,High Spender
C03013,Chaman Kar,29,Female,Accountant,151594.0,7,439922.54,62846.08,66553.49,Low Activity,Medium Spender
C03014,Kabir Dhaliwal,63,Male,Teacher,90954.0,7,316628.37,45232.62,53029.7,Low Activity,Low Spender
C03015,Peter Doctor,30,Male,Student,173413.0,10,406198.98,40619.9,30914.6,Medium Activity,Low Spender
C03016,Umang Parmer,26,Female,Doctor,28424.0,8,576896.82,72112.1,78469.83,Low Activity,High Spender
C03017,Eta Yogi,51,Female,Doctor,197864.0,10,447486.21,44748.62,43446.08,Medium Activity,Medium Spender
C03018,Neel Kurian,61,Female,Student,124625.0,9,364784.78,40531.64,44514.4,Medium Activity,Low Spender
C03019,Robert Hari,27,Female,Accountant,176510.0,3,193431.22,64477.07,71708.2,Low Activity,Low Spender
C03020,Reva Vala,40,Male,Other,134246.0,9,429055.46,47672.83,42481.63,Medium Activity,Medium Spender
C03021,Charan Kumar,64,Female,Other,56484.0,12,839703.52,69975.29,82996.32,Medium Activity,High Spender
C03022,Gautam Madan,64,Male,Accountant,55570.0,7,303942.25,43420.32,39303.9,Low Activity,Low Spender
C03023,Xiti Khalsa,47,Male,Accountant,99952.0,13,593162.82,45627.91,57505.16,Medium Activity,High Spender
C03024,Manbir Srivastava,26,Female,Other,184710.0,10,571879.63,57187.96,59625.62,Medium Activity,High Spender
C03025,David Lall,50,Male,Student,134528.0,10,604803.09,60480.31,65487.48,Medium Activity,High Spender
C03026,Alexander Yohannan,27,Male,Farmer,135841.0,5,258044.9,51608.98,48124.34,Low Activity,Low Spender
C03027,Anvi Nadkarni,65,Female,Farmer,199611.0,11,584022.87,53092.99,52600.16,Medium Activity,High Spender
C03028,Edhitha Rattan,43,Female,Government Employee,132110.0,13,791979.97,60921.54,63625.88,Medium Activity,High Spender
C03029,Ekantika Hayre,50,Female,Student,140922.0,13,812749.92,62519.22,77904.06,Medium Activity,High Spender
C03030,Lakshmi Ravi,22,Male,Student,43181.0,19,896526.16,47185.59,46661.7,High Activity,High Spender
C03031,Rachana Wagle,29,Female,Doctor,172128.0,12,664616.07,55384.67,61576.63,Medium Activity,High Spender
C03032,Ranveer Padmanabhan,53,Female,Business Owner,182762.0,10,476773.66,47677.37,42186.51,Medium Activity,Medium Spender
C03033,Urvashi Bhatnagar,55,Female,Software Engineer,122933.0,6,318321.21,53053.54,63556.65,Low Activity,Low Spender
C03034,Devansh Singhal,29,Female,Software Engineer,141322.0,7,321836.93,45976.7,40103.43,Low Activity,Low Spender
C03035,Rishi Bajwa,54,Female,Software Engineer,42192.0,9,534610.63,59401.18,47700.31,Medium Activity,Medium Spender
C03036,Eiravati Sahota,24,Female,Teacher,107420.0,11,647947.84,58904.35,56270.84,Medium Activity,High Spender
C03037,Mohammed Sur,59,Male,Accountant,168227.0,9,324975.16,36108.35,31694.27,Medium Activity,Low Spender
C03038,Nitesh Kulkarni,51,Female,Software Engineer,51835.0,4,157206.83,39301.71,34256.54,Low Activity,Low Spender
C03039,Upma Thakur,58,Male,Doctor,155335.0,11,584334.67,53121.33,74101.92,Medium Activity,High Spender
C03040,Veer Goyal,30,Female,Business Owner,78600.0,8,334183.16,41772.89,39513.92,Low Activity,Low Spender
C03041,Ishwar Parmar,64,Male,Accountant,184689.0,13,661159.87,50858.45,53246.36,Medium Activity,High Spender
C03042,Gautam Ramakrishnan,40,Male,Sales Executive,183489.0,9,523697.63,58188.63,58421.75,Medium Activity,Medium Spender
C03043,Owen Sarma,65,Male,Teacher,37600.0,17,1009870.79,59404.16,57491.01,High Activity,High Spender
C03044,Maya Vala,21,Male,Other,51728.0,13,810760.46,62366.19,69191.87,Medium Activity,High Spender
C03045,Alexander Suri,54,Male,Doctor,73554.0,13,796219.9,61247.68,65556.6,Medium Activity,High Spender
C03046,Elijah Luthra,27,Female,Software Engineer,152593.0,7,326988.1,46712.59,44416.29,Low Activity,Low Spender
C03047,Manbir Shukla,49,Female,Software Engineer,51932.0,18,962481.45,53471.19,55597.46,High Activity,High Spender
C03048,Maanav Patil,40,Female,Sales Executive,68246.0,14,679300.88,48521.49,48131.49,Medium Activity,High Spender
C03049,Nidra Chadha,36,Female,Other,198604.0,10,379270.77,37927.08,35672.79,Medium Activity,Low Spender
C03050,Gaurang Hayer,49,Male,Student,58337.0,13,727085.63,55929.66,46459.19,Medium Activity,High Spender
C03051,Utkarsh Mangat,61,Male,Business Owner,57142.0,10,556671.97,55667.2,50780.29,Medium Activity,Medium Spender
C03052,Ishita Mangal,63,Male,Business Owner,154090.0,11,525862.93,47805.72,37835.4,Medium Activity,Medium Spender
C03053,Sanya Gour,65,Male,Sales Executive,145951.0,7,331778.81,47396.97,54399.75,Low Activity,Low Spender
C03054,Tanmayi Sunder,39,Female,Teacher,174340.0,9,451379.03,50153.23,39164.18,Medium Activity,Medium Spender
C03055,Chaitaly Doshi,52,Female,Accountant,122547.0,8,258614.63,32326.83,26065.4,Low Activity,Low Spender
C03056,Dipta Lal,45,Male,Sales Executive,129286.0,8,362434.13,45304.27,47746.23,Low Activity,Low Spender
C03057,Yasti Desai,48,Male,Software Engineer,94297.0,9,443459.26,49273.25,45987.65,Medium Activity,Medium Spender
C03058,Isha Chand,50,Male,Other,122086.0,13,462073.91,35544.15,17182.67,Medium Activity,Medium Spender
C03059,Aishani Dhar,21,Female,Software Engineer,189111.0,12,628082.81,52340.23,46282.4,Medium Activity,High Spender
C03060,Nisha Chahal,62,Female,Software Engineer,112989.0,12,494029.09,41169.09,31296.12,Medium Activity,Medium Spender
C03061,Yoshita Dhar,29,Female,Sales Executive,92588.0,12,731072.85,60922.74,72832.64,Medium Activity,High Spender
C03062,Netra Setty,21,Male,Government Employee,151239.0,10,575726.28,57572.63,57767.22,Medium Activity,High Spender
C03063,Aarnav Oza,53,Male,Government Employee,157640.0,9,411640.39,45737.82,61835.88,Medium Activity,Medium Spender
C03064,Odika Memon,45,Male,Business Owner,191945.0,7,364185.84,52026.55,41287.47,Low Activity,Low Spender
C03065,Hardik Wadhwa,30,Female,Other,108943.0,12,537339.84,44778.32,45072.48,Medium Activity,Medium Spender
C03066,Fariq Shere,50,Male,Accountant,192607.0,14,671435.39,47959.67,35551.25,Medium Activity,High Spender
C03067,Abhiram Ray,40,Female,Teacher,189118.0,5,228471.53,45694.31,49737.69,Low Activity,Low Spender
C03068,Zansi Dara,51,Female,Sales Executive,178817.0,7,309601.3,44228.76,41995.2,Low Activity,Low Spender
C03069,Kala Arya,63,Male,Other,152901.0,12,730697.24,60891.44,65949.04,Medium Activity,High Spender
C03070,Harita Kulkarni,63,Female,Business Owner,104954.0,7,364614.31,52087.76,50632.31,Low Activity,Low Spender
C03071,Atharv Borra,58,Female,Other,181867.0,9,311447.08,34605.23,23464.84,Medium Activity,Low Spender
C03072,Amruta Khurana,46,Male,Software Engineer,27738.0,9,396797.57,44088.62,33480.06,Medium Activity,Low Spender
C03073,Naveen Morar,31,Male,Teacher,194394.0,12,680325.29,56693.77,60121.37,Medium Activity,High Spender
C03074,Yashoda Prakash,27,Female,Sales Executive,104845.0,11,595718.94,54156.27,55473.05,Medium Activity,High Spender
C03075,Ekaraj Bansal,35,Male,Teacher,65612.0,6,260186.79,43364.46,46487.37,Low Activity,Low Spender
C03076,David Hora,45,Female,Teacher,36233.0,7,292242.09,41748.87,41865.87,Low Activity,Low Spender
C03077,Ati Sachdev,60,Female,Teacher,29808.0,7,403526.68,57646.67,52740.21,Low Activity,Low Spender
C03078,Anika Rastogi,25,Female,Government Employee,178999.0,8,461471.15,57683.89,57980.48,Low Activity,Medium Spender
C03079,Baljiwan Bhalla,61,Male,Business Owner,104189.0,8,455421.43,56927.68,66536.33,Low Activity,Medium Spender
C03080,Vedant Majumdar,27,Female,Student,54921.0,11,568508.61,51682.6,55472.6,Medium Activity,Medium Spender
C03081,Yasti Mani,61,Male,Doctor,86190.0,19,798728.37,42038.34,39080.38,High Activity,High Spender
C03082,Dalbir Chana,52,Female,Accountant,79112.0,10,444379.38,44437.94,45374.06,Medium Activity,Medium Spender
C03083,Idika Om,33,Male,Student,158550.0,16,847541.13,52971.32,60027.72,High Activity,High Spender
C03084,Kashish Date,33,Male,Other,26355.0,8,360084.98,45010.62,49626.76,Low Activity,Low Spender
C03085,Jagrati Pai,61,Male,Doctor,28713.0,12,427718.17,35643.18,27390.78,Medium Activity,Medium Spender
C03086,Mekhala Kumer,29,Male,Government Employee,126961.0,12,516378.65,43031.55,46766.7,Medium Activity,Medium Spender
C03087,Guneet Vora,57,Male,Government Employee,68576.0,13,690341.69,53103.21,48516.35,Medium Activity,High Spender
C03088,Patrick Walia,64,Female,Doctor,74388.0,8,258340.73,32292.59,34421.11,Low Activity,Low Spender
C03089,Jairaj Uppal,57,Female,Farmer,112302.0,7,410573.54,58653.36,56990.72,Low Activity,Medium Spender
C03090,Karan Biswas,43,Male,Teacher,135049.0,8,383905.77,47988.22,54694.3,Low Activity,Low Spender
C03091,Abhiram Ratti,48,Female,Teacher,169199.0,5,286142.41,57228.48,63985.49,Low Activity,Low Spender
C03092,Dominic Wagle,26,Male,Farmer,98178.0,13,673532.84,51810.22,57672.69,Medium Activity,High Spender
C03093,Praneel Datta,27,Male,Sales Executive,80443.0,12,607573.83,50631.15,58037.04,Medium Activity,High Spender
C03094,Jhalak Balan,24,Female,Software Engineer,78725.0,5,246962.31,49392.46,53324.39,Low Activity,Low Spender
C03095,Aadhya Shukla,39,Female,Student,113822.0,12,620299.28,51691.61,47580.96,Medium Activity,High Spender
C03096,Luke Ramakrishnan,25,Male,Accountant,39602.0,12,562143.59,46845.3,46588.08,Medium Activity,Medium Spender
C03097,Lila Dass,55,Male,Farmer,180234.0,6,449853.51,74975.59,84159.31,Low Activity,Medium Spender
C03098,Jagrati Khanna,53,Female,Student,182174.0,11,667357.29,60668.84,70558.71,Medium Activity,High Spender
C03099,Yatin Rai,24,Male,Other,143464.0,13,634179.7,48783.05,59218.05,Medium Activity,High Spender
C03100,Charan Sawhney,37,Male,Software Engineer,108616.0,14,946178.54,67584.18,69219.84,Medium Activity,High Spender
C03101,Panini Dara,47,Female,Doctor,107697.0,7,320346.84,45763.83,51403.58,Low Activity,Low Spender
C03102,Ijaya Pall,24,Male,Doctor,163415.0,4,161978.93,40494.73,39184.93,Low Activity,Low Spender
C03103,Onveer Gulati,42,Male,Doctor,149382.0,13,649881.92,49990.92,55969.84,Medium Activity,High Spender
C03104,Turvi Rastogi,25,Male,Government Employee,38550.0,12,524991.89,43749.32,39962.2,Medium Activity,Medium Spender
C03105,Fariq Mishra,47,Male,Farmer,145507.0,11,457658.29,41605.3,42044.7,Medium Activity,Medium Spender
C03106,Ekaraj Doctor,29,Female,Software Engineer,47279.0,12,556380.48,46365.04,49713.88,Medium Activity,Medium Spender
C03107,Urvi Dada,23,Female,Farmer,79046.0,18,925446.4,51413.69,59188.63,High Activity,High Spender
C03108,Nikita Bansal,62,Female,Student,145198.0,13,486335.65,37410.43,36264.97,Medium Activity,Medium Spender
C03109,Teerth Narasimhan,40,Male,Software Engineer,34511.0,9,395179.21,43908.8,47012.79,Medium Activity,Low Spender
C03110,Daksh Sankaran,22,Male,Farmer,179419.0,11,746193.06,67835.73,67606.92,Medium Activity,High Spender
C03111,Wahab Nori,45,Male,Farmer,146398.0,6,213646.6,35607.77,29170.79,Low Activity,Low Spender
C03112,Sai Shetty,24,Female,Student,52830.0,10,509678.06,50967.81,60916.8,Medium Activity,Medium Spender
C03113,Manthan Prabhu,48,Female,Farmer,56115.0,14,803930.67,57423.62,61620.44,Medium Activity,High Spender
C03114,Charvi Banerjee,28,Female,Teacher,181389.0,8,365525.0,45690.62,43017.6,Low Activity,Low Spender
C03115,Bhanumati Saha,44,Female,Doctor,109948.0,6,380234.31,63372.38,58343.47,Low Activity,Low Spender
C03116,Baghyawati Choudhry,48,Male,Doctor,80826.0,3,221348.69,73782.9,90188.12,Low Activity,Low Spender
C03117,Chandresh Setty,26,Male,Doctor,128282.0,9,499621.85,55513.54,56050.12,Medium Activity,Medium Spender
C03118,Yutika Patil,55,Male,Software Engineer,85515.0,13,676421.7,52032.44,51000.21,Medium Activity,High Spender
C03119,Ojas Bedi,24,Male,Software Engineer,53217.0,7,255582.97,36511.85,30622.22,Low Activity,Low Spender
C03120,Ekavir Sarkar,49,Male,Accountant,31460.0,15,756168.79,50411.25,43284.69,Medium Activity,High Spender
C03121,Tanay Naidu,41,Female,Other,191759.0,13,626367.51,48182.12,45443.06,Medium Activity,High Spender
C03122,Faras Bains,36,Female,Business Owner,178891.0,11,662258.11,60205.28,70824.32,Medium Activity,High Spender
C03123,Vinaya Savant,46,Female,Teacher,192121.0,10,374947.88,37494.79,39916.4,Medium Activity,Low Spender
C03124,Meghana Roy,25,Male,Accountant,162513.0,15,666823.81,44454.92,48920.94,Medium Activity,High Spender
C03125,Brinda Wason,34,Female,Government Employee,77746.0,13,596579.54,45890.73,55980.67,Medium Activity,High Spender
C03126,Tara Peri,49,Female,Government Employee,164547.0,11,540515.87,49137.81,42456.59,Medium Activity,Medium Spender
C03127,Bhavani Dar,39,Male,Farmer,90132.0,8,405627.9,50703.49,55460.62,Low Activity,Low Spender
C03128,Abeer Dayal,41,Male,Software Engineer,110868.0,11,621901.4,56536.49,52448.84,Medium Activity,High Spender
C03129,Yagnesh Karnik,47,Female,Accountant,40564.0,7,269277.01,38468.14,54824.95,Low Activity,Low Spender
C03130,Laksh Srivastava,34,Male,Farmer,80433.0,14,569093.69,40649.55,37626.9,Medium Activity,High Spender
C03131,Urmi Palan,40,Male,Teacher,117619.0,10,504646.68,50464.67,55019.51,Medium Activity,Medium Spender
C03132,Maanas Palla,30,Male,Doctor,135416.0,10,650346.07,65034.61,72570.85,Medium Activity,High Spender
C03133,Zansi Sankar,62,Female,Teacher,25580.0,13,688298.09,52946.01,48609.06,Medium Activity,High Spender
C03134,Nidra Chandra,52,Male,Accountant,92867.0,15,677614.03,45174.27,36639.84,Medium Activity,High Spender
C03135,Aarnav Menon,58,Female,Accountant,42149.0,15,487817.43,32521.16,22690.02,Medium Activity,Medium Spender
C03136,Janani Dhawan,24,Female,Other,120646.0,4,182596.51,45649.13,46540.46,Low Activity,Low Spender
C03137,Michael Deshmukh,52,Male,Student,120837.0,5,277701.03,55540.21,67007.24,Low Activity,Low Spender
C03138,Dhruv Nadig,49,Male,Doctor,73930.0,12,496704.92,41392.08,37022.54,Medium Activity,Medium Spender
C03139,Utkarsh Raman,45,Male,Student,159589.0,16,889077.45,55567.34,57956.01,High Activity,High Spender
C03140,Nidhi Kara,24,Female,Software Engineer,161963.0,11,479072.49,43552.04,36489.47,Medium Activity,Medium Spender
C03141,Ladli Jayaraman,43,Male,Other,108137.0,9,482275.31,53586.15,47929.1,Medium Activity,Medium Spender
C03142,Gagan Ben,37,Male,Software Engineer,109376.0,8,496872.05,62109.01,71888.16,Low Activity,Medium Spender
C03143,Omkaar Bail,60,Female,Student,34973.0,13,785483.26,60421.79,57959.43,Medium Activity,High Spender
C03144,Yatin Swaminathan,27,Female,Accountant,160184.0,7,475501.03,67928.72,73900.24,Low Activity,Medium Spender
C03145,Praneel Sabharwal,50,Female,Other,168977.0,17,815308.4,47959.32,54090.12,High Activity,High Spender
C03146,Varsha Narang,54,Female,Business Owner,119953.0,10,379467.97,37946.8,36212.03,Medium Activity,Low Spender
C03147,Chaitaly Bobal,50,Male,Business Owner,23980.0,13,682983.68,52537.21,52909.16,Medium Activity,High Spender
C03148,Ekta Sarna,38,Female,Teacher,85518.0,9,447430.31,49714.48,44039.38,Medium Activity,Medium Spender
C03149,Gopal Chowdhury,55,Female,Government Employee,169705.0,11,498858.52,45350.77,35360.87,Medium Activity,Medium Spender
C03150,Shravya Divan,46,Male,Other,91898.0,6,299682.83,49947.14,52849.64,Low Activity,Low Spender
C03151,Chandani Mammen,44,Female,Accountant,191188.0,16,892327.51,55770.47,64462.35,High Activity,High Spender
C03152,Dominic Mishra,59,Male,Teacher,100450.0,12,644950.7,53745.89,54631.37,Medium Activity,High Spender
C03153,Yutika Mallick,57,Female,Accountant,66867.0,11,593052.34,53913.85,56964.98,Medium Activity,High Spender
C03154,Irya Aggarwal,49,Female,Software Engineer,135319.0,7,387289.05,55327.01,56284.66,Low Activity,Low Spender
C03155,Yasti Kara,21,Female,Software Engineer,114037.0,16,931022.43,58188.9,56289.04,High Activity,High Spender
C03156,Nilima Mitter,51,Male,Student,35357.0,10,469758.91,46975.89,45532.66,Medium Activity,Medium Spender
C03157,Pallavi Nagi,58,Male,Accountant,179993.0,10,632358.43,63235.84,68050.12,Medium Activity,High Spender
C03158,Mitali Rout,56,Female,Teacher,135458.0,9,424335.23,47148.36,47325.35,Medium Activity,Medium Spender
C03159,Manya Rajan,32,Female,Accountant,88037.0,12,579665.06,48305.42,47352.22,Medium Activity,High Spender
C03160,Chaaya Yohannan,52,Male,Doctor,185239.0,6,267644.33,44607.39,41338.32,Low Activity,Low Spender
C03161,Darsh Sodhi,32,Male,Other,191960.0,11,726301.97,66027.45,68734.08,Medium Activity,High Spender
C03162,Darpan Mukherjee,24,Male,Teacher,191599.0,15,743130.82,49542.05,56721.34,Medium Activity,High Spender
C03163,Ojasvi Gill,23,Male,Farmer,135424.0,10,396844.78,39684.48,33803.32,Medium Activity,Low Spender
C03164,Tripti Dara,58,Female,Software Engineer,165072.0,11,534781.64,48616.51,52990.11,Medium Activity,Medium Spender
C03165,Yash Subramaniam,35,Male,Accountant,87487.0,14,855761.31,61125.81,61957.38,Medium Activity,High Spender
C03166,Atharv Krishna,22,Female,Farmer,31726.0,7,333013.3,47573.33,45106.34,Low Activity,Low Spender
C03167,Zashil Reddy,59,Male,Government Employee,48616.0,12,526878.67,43906.56,40781.1,Medium Activity,Medium Spender
C03168,Gayathri Chawla,25,Female,Teacher,153964.0,10,655014.63,65501.46,72007.77,Medium Activity,High Spender
C03169,Leena Sarin,25,Male,Doctor,105403.0,6,329478.16,54913.03,55847.88,Low Activity,Low Spender
C03170,Widisha Dhaliwal,57,Female,Student,38715.0,7,301505.02,43072.15,44848.29,Low Activity,Low Spender
C03171,Wridesh Sankaran,62,Female,Accountant,57507.0,10,415059.63,41505.96,40763.4,Medium Activity,Medium Spender
C03172,Mitesh Buch,22,Female,Other,114447.0,12,650471.09,54205.92,59877.73,Medium Activity,High Spender
C03173,Isha Choudhary,42,Female,Government Employee,143387.0,9,485227.85,53914.21,64144.5,Medium Activity,Medium Spender
C03174,Simon Mahal,39,Male,Business Owner,116548.0,8,239018.59,29877.32,29645.71,Low Activity,Low Spender
C03175,Logan Peri,23,Female,Business Owner,174986.0,13,633442.75,48726.37,48826.34,Medium Activity,High Spender
C03176,Ekapad Joshi,22,Male,Other,75438.0,6,245636.96,40939.49,34763.93,Low Activity,Low Spender
C03177,Raagini Setty,41,Female,Doctor,119310.0,11,655237.7,59567.06,74111.09,Medium Activity,High Spender
C03178,Fiyaz Dalal,58,Male,Business Owner,119900.0,17,943970.39,55527.67,58865.23,High Activity,High Spender
C03179,Jason Peri,62,Male,Teacher,78872.0,11,316702.65,28791.15,24146.31,Medium Activity,Low Spender
C03180,Chavvi Master,57,Female,Farmer,51782.0,11,510603.78,46418.53,53769.78,Medium Activity,Medium Spender
C03181,Kashvi Bhasin,54,Male,Other,143818.0,17,900515.23,52971.48,54754.5,High Activity,High Spender
C03182,Daksh Bahl,63,Female,Government Employee,90564.0,9,689853.06,76650.34,76436.44,Medium Activity,High Spender
C03183,Leena Zachariah,33,Female,Doctor,106162.0,10,653789.39,65378.94,68578.94,Medium Activity,High Spender
C03184,Triveni Prasad,36,Female,Doctor,139490.0,13,626277.98,48175.23,37155.13,Medium Activity,High Spender
C03185,Sneha Sibal,41,Male,Doctor,136656.0,10,495954.16,49595.42,59734.62,Medium Activity,Medium Spender
C03186,Yashodhara Shroff,47,Female,Teacher,112270.0,9,464165.0,51573.89,35398.95,Medium Activity,Medium Spender
C03187,Fariq Wable,56,Male,Government Employee,191266.0,11,698067.26,63460.66,74421.19,Medium Activity,High Spender
C03188,Harshil Sur,51,Male,Sales Executive,129799.0,11,565272.77,51388.43,61592.22,Medium Activity,Medium Spender
C03189,Gavin Srinivasan,35,Male,Farmer,84210.0,13,598579.22,46044.56,29517.7,Medium Activity,High Spender
C03190,Aashi Dugar,47,Male,Other,88230.0,8,439564.65,54945.58,63503.3,Low Activity,Medium Spender
C03191,Rachita Kala,39,Female,Government Employee,50923.0,6,336029.57,56004.93,67862.2,Low Activity,Low Spender
C03192,Balveer Dhar,26,Female,Student,152389.0,8,451273.47,56409.18,50327.86,Low Activity,Medium Spender
C03193,Jagdish Sundaram,30,Female,Doctor,67163.0,9,532438.64,59159.85,71085.9,Medium Activity,Medium Spender
C03194,Sathvik Natt,50,Male,Business Owner,51664.0,9,352361.74,39151.3,33305.64,Medium Activity,Low Spender
C03195,Wahab Uppal,47,Female,Farmer,143171.0,5,264899.56,52979.91,46787.52,Low Activity,Low Spender
C03196,Ladli Chada,27,Male,Software Engineer,133094.0,7,367241.73,52463.1,38011.99,Low Activity,Low Spender
C03197,Hema Dutt,22,Male,Teacher,54702.0,13,749783.48,57675.65,59114.73,Medium Activity,High Spender
C03198,Fitan Chatterjee,53,Female,Student,112895.0,5,330479.12,66095.82,66063.08,Low Activity,Low Spender
C03199,Ekiya Keer,29,Female,Farmer,83290.0,12,486930.88,40577.57,36896.66,Medium Activity,Medium Spender
C03200,Ati Cheema,39,Male,Government Employee,108248.0,17,745300.95,43841.23,34182.5,High Activity,High Spender
C03201,Darika Venkataraman,58,Male,Software Engineer,39333.0,11,653085.51,59371.41,61186.81,Medium Activity,High Spender
C03202,Nandini Anne,43,Female,Student,185368.0,5,213462.47,42692.49,36151.04,Low Activity,Low Spender
C03203,Vihaan Bansal,49,Female,Accountant,145070.0,7,322410.25,46058.61,46659.53,Low Activity,Low Spender
C03204,Bachittar Saraf,65,Male,Business Owner,174549.0,11,684130.45,62193.68,58294.98,Medium Activity,High Spender
C03205,Warjas Ganesan,53,Male,Business Owner,22040.0,9,486647.05,54071.89,56515.45,Medium Activity,Medium Spender
C03206,Ikbal Boase,58,Female,Sales Executive,119450.0,7,252883.48,36126.21,34806.37,Low Activity,Low Spender
C03207,Devansh Bandi,41,Female,Business Owner,153344.0,13,673064.77,51774.21,48371.19,Medium Activity,High Spender
C03208,Ekalinga Parmer,58,Female,Teacher,80886.0,7,512446.09,73206.58,79336.67,Low Activity,Medium Spender
C03209,Farhan Lala,40,Female,Government Employee,32658.0,6,275761.49,45960.25,38782.96,Low Activity,Low Spender
C03210,Jagdish Saran,57,Female,Accountant,104620.0,9,447686.86,49742.98,48506.38,Medium Activity,Medium Spender
C03211,Yatan Kaul,45,Female,Business Owner,57538.0,7,307091.6,43870.23,31275.14,Low Activity,Low Spender
C03212,Chanchal Murty,23,Male,Student,156088.0,13,654449.06,50342.24,52173.89,Medium Activity,High Spender
C03213,Aadi Khosla,38,Female,Teacher,111054.0,8,483465.72,60433.22,77032.02,Low Activity,Medium Spender
C03214,Omisha Merchant,39,Male,Teacher,95456.0,7,407853.09,58264.73,56569.76,Low Activity,Low Spender
C03215,Leena Nadig,38,Female,Sales Executive,78624.0,13,617181.28,47475.48,49095.78,Medium Activity,High Spender
C03216,Timothy Lanka,31,Female,Accountant,178903.0,15,573338.54,38222.57,25231.95,Medium Activity,High Spender
C03217,Kai Sridhar,27,Male,Accountant,56963.0,6,327398.9,54566.48,61032.56,Low Activity,Low Spender
C03218,Laban Kumer,27,Male,Farmer,153352.0,15,745523.64,49701.58,62867.37,Medium Activity,High Spender
C03219,Meera Rai,31,Male,Other,30418.0,7,284493.07,40641.87,42304.11,Low Activity,Low Spender
C03220,Mahika Varty,55,Male,Software Engineer,148022.0,8,407451.3,50931.41,56908.16,Low Activity,Low Spender
C03221,Harshil Ganesh,22,Female,Doctor,93882.0,11,529830.82,48166.44,50760.89,Medium Activity,Medium Spender
C03222,Adya Mital,57,Female,Sales Executive,156549.0,13,705067.73,54235.98,50049.38,Medium Activity,High Spender
C03223,Omkaar Modi,29,Female,Accountant,48734.0,4,211574.1,52893.52,51822.8,Low Activity,Low Spender
C03224,Girindra Garg,28,Female,Student,149303.0,12,437903.9,36491.99,34040.43,Medium Activity,Medium Spender
C03225,Saumya Mallick,37,Male,Business Owner,92994.0,10,563579.14,56357.91,64588.35,Medium Activity,Medium Spender
C03226,Chakrika Bhatti,63,Male,Government Employee,40726.0,10,529878.13,52987.81,47333.64,Medium Activity,Medium Spender
C03227,Anirudh Anne,35,Male,Government Employee,61085.0,12,581986.89,48498.91,45515.69,Medium Activity,High Spender
C03228,Dhruv Chawla,53,Female,Accountant,138872.0,8,394269.93,49283.74,45528.33,Low Activity,Low Spender
C03229,Hritik Devan,61,Male,Government Employee,30055.0,11,543341.39,49394.67,39019.4,Medium Activity,Medium Spender
C03230,Girindra Kohli,48,Male,Farmer,103237.0,11,502097.38,45645.22,46994.96,Medium Activity,Medium Spender
C03231,Tarak Pandya,33,Male,Software Engineer,84464.0,15,742623.47,49508.23,32743.21,Medium Activity,High Spender
C03232,Anita Chakraborty,29,Female,Doctor,196514.0,12,764895.24,63741.27,73627.82,Medium Activity,High Spender
C03233,Charan Mall,33,Female,Sales Executive,59697.0,11,535254.82,48659.53,67770.49,Medium Activity,Medium Spender
C03234,Ladli Mahajan,52,Male,Sales Executive,94081.0,12,565099.76,47091.65,34432.9,Medium Activity,Medium Spender
C03235,Kevin Bansal,29,Male,Teacher,155346.0,12,614878.98,51239.92,51073.73,Medium Activity,High Spender
C03236,Max Vaidya,34,Male,Student,37632.0,11,587073.96,53370.36,53750.28,Medium Activity,High Spender
C03237,Kashish Srinivasan,52,Male,Business Owner,30174.0,11,552681.76,50243.8,46340.92,Medium Activity,Medium Spender
C03238,Darpan Kala,47,Female,Other,119690.0,5,207236.59,41447.32,45597.85,Low Activity,Low Spender
C03239,Bhanumati Ahluwalia,61,Male,Government Employee,146938.0,8,406300.14,50787.52,49054.01,Low Activity,Low Spender
C03240,Anay Jain,54,Male,Accountant,80789.0,10,519127.41,51912.74,50352.98,Medium Activity,Medium Spender
C03241,Ranveer Sandhu,39,Female,Sales Executive,185157.0,5,197632.63,39526.53,31871.49,Low Activity,Low Spender
C03242,Chakradhar Nath,46,Female,Farmer,146080.0,14,757800.84,54128.63,49487.51,Medium Activity,High Spender
C03243,Ridhi Anand,39,Male,Doctor,49456.0,10,516888.92,51688.89,49123.08,Medium Activity,Medium Spender
C03244,Qabil Ravel,39,Female,Sales Executive,105300.0,7,332888.3,47555.47,48821.5,Low Activity,Low Spender
C03245,Lucky Soni,36,Female,Teacher,66188.0,9,402026.77,44669.64,50133.97,Medium Activity,Low Spender
C03246,Dhruv Sharma,50,Female,Teacher,111115.0,11,459856.56,41805.14,25916.6,Medium Activity,Medium Spender
C03247,Harini Vora,65,Female,Business Owner,146809.0,10,541076.58,54107.66,58115.93,Medium Activity,Medium Spender
C03248,Varsha Dave,52,Female,Doctor,27592.0,14,623717.36,44551.24,46983.95,Medium Activity,High Spender
C03249,Damini Talwar,39,Female,Farmer,76388.0,13,735093.1,56545.62,61098.4,Medium Activity,High Spender
C03250,Gavin Sodhi,47,Male,Farmer,104722.0,12,516609.5,43050.79,47520.32,Medium Activity,Medium Spender
C03251,Manbir Sani,37,Female,Student,122597.0,7,254125.14,36303.59,29378.31,Low Activity,Low Spender
C03252,Teerth Prasad,49,Female,Student,88340.0,12,616082.71,51340.23,53708.68,Medium Activity,High Spender
C03253,Jeremiah Mall,24,Female,Sales Executive,77395.0,9,456665.95,50740.66,47220.38,Medium Activity,Medium Spender
C03254,Nathan Baral,42,Male,Accountant,137345.0,3,108112.31,36037.44,32869.54,Low Activity,Low Spender
C03255,Reva Mangal,47,Male,Other,63656.0,11,495693.31,45063.03,28189.32,Medium Activity,Medium Spender
C03256,Indrajit Nagarajan,55,Male,Teacher,180773.0,13,638147.34,49088.26,54689.98,Medium Activity,High Spender
C03257,Sara Contractor,60,Female,Business Owner,178586.0,12,680364.07,56697.01,47259.9,Medium Activity,High Spender
C03258,Yamini Jayaraman,55,Male,Software Engineer,119401.0,7,331561.02,47365.86,43530.69,Low Activity,Low Spender
C03259,Banjeet Butala,26,Female,Government Employee,164937.0,9,463035.44,51448.38,54842.43,Medium Activity,Medium Spender
C03260,Patrick Varty,25,Male,Farmer,75171.0,11,516719.67,46974.52,41977.3,Medium Activity,Medium Spender
C03261,Ethan Venkataraman,44,Male,Business Owner,160430.0,12,552126.83,46010.57,33777.88,Medium Activity,Medium Spender
C03262,Daksha Hayer,46,Male,Accountant,62311.0,12,592744.82,49395.4,56529.12,Medium Activity,High Spender
C03263,Chanchal Dugar,44,Female,Student,76522.0,12,603512.13,50292.68,45049.32,Medium Activity,High Spender
C03264,Laban Rajan,56,Male,Software Engineer,29456.0,11,700183.92,63653.08,67811.5,Medium Activity,High Spender
C03265,Jason Jhaveri,22,Male,Farmer,124316.0,9,619829.47,68869.94,69787.9,Medium Activity,High Spender
C03266,Harini Ratti,52,Male,Business Owner,94210.0,16,746904.57,46681.54,51239.26,High Activity,High Spender
C03267,Yachana Keer,40,Male,Doctor,185558.0,11,482749.63,43886.33,36499.03,Medium Activity,Medium Spender
C03268,Andrew Vasa,65,Male,Software Engineer,91423.0,13,676763.05,52058.7,35823.12,Medium Activity,High Spender
C03269,Nikita Hegde,28,Female,Student,54391.0,8,476975.09,59621.89,55079.68,Low Activity,Medium Spender
C03270,Krisha Dugar,38,Male,Teacher,39369.0,13,571034.28,43925.71,37202.2,Medium Activity,High Spender
C03271,Tejas Babu,53,Female,Software Engineer,23864.0,13,451684.99,34745.0,25110.76,Medium Activity,Medium Spender
C03272,Harsh Kapoor,55,Male,Teacher,174191.0,8,471019.0,58877.38,66941.26,Low Activity,Medium Spender
C03273,Banjeet Iyengar,46,Male,Other,101838.0,8,417413.23,52176.65,44946.66,Low Activity,Medium Spender
C03274,Jairaj Pradhan,41,Female,Farmer,26142.0,7,180706.8,25815.26,20504.93,Low Activity,Low Spender
C03275,Ayushman Ganguly,40,Female,Sales Executive,73127.0,13,416975.05,32075.0,24479.23,Medium Activity,Medium Spender
C03276,Kevin Lanka,27,Female,Other,143574.0,9,548836.59,60981.84,62401.18,Medium Activity,Medium Spender
C03277,Simon Mukherjee,45,Female,Student,44395.0,11,458991.36,41726.49,45976.12,Medium Activity,Medium Spender
C03278,Rohan Vasa,35,Female,Farmer,93022.0,12,647599.76,53966.65,50427.83,Medium Activity,High Spender
C03279,Keya Misra,51,Female,Farmer,152800.0,8,430078.2,53759.78,56638.74,Low Activity,Medium Spender
C03280,Krishna Bhalla,36,Female,Software Engineer,150294.0,12,613429.01,51119.08,52206.94,Medium Activity,High Spender
C03281,Nikita Chahal,46,Female,Farmer,48391.0,8,457334.32,57166.79,64767.36,Low Activity,Medium Spender
C03282,Madhav Krishnan,49,Male,Other,26525.0,11,516453.95,46950.36,37721.6,Medium Activity,Medium Spender
C03283,Osha Buch,46,Male,Sales Executive,116946.0,10,364738.21,36473.82,36090.36,Medium Activity,Low Spender
C03284,Karan Gole,51,Male,Accountant,107145.0,9,455846.41,50649.6,48884.24,Medium Activity,Medium Spender
C03285,Anamika Toor,30,Male,Teacher,167032.0,6,357906.11,59651.02,64821.74,Low Activity,Low Spender
C03286,Krishna Karnik,31,Male,Sales Executive,175558.0,15,945361.82,63024.12,58212.74,Medium Activity,High Spender
C03287,Arunima Bhasin,36,Male,Business Owner,125695.0,8,420888.92,52611.12,57185.18,Low Activity,Medium Spender
C03288,Ekaja Gokhale,60,Female,Farmer,168541.0,6,239860.14,39976.69,39704.82,Low Activity,Low Spender
C03289,Siddharth Bains,35,Male,Sales Executive,86066.0,7,322119.84,46017.12,42662.26,Low Activity,Low Spender
C03290,Kalpit Varkey,47,Female,Government Employee,59482.0,8,397611.3,49701.41,34791.78,Low Activity,Low Spender
C03291,Lakshit Jha,23,Female,Other,176953.0,3,150865.96,50288.65,66523.65,Low Activity,Low Spender
C03292,Oscar Virk,47,Male,Accountant,74846.0,10,562695.62,56269.56,51258.9,Medium Activity,Medium Spender
C03293,Harsh Thakkar,56,Female,Farmer,151023.0,11,507805.11,46164.1,43310.6,Medium Activity,Medium Spender
C03294,Champak Reddy,41,Male,Government Employee,140945.0,13,729931.78,56148.6,49061.49,Medium Activity,High Spender
C03295,Zinal Palla,51,Male,Teacher,131595.0,17,1031172.26,60657.19,67761.03,High Activity,High Spender
C03296,Xavier Kuruvilla,65,Male,Student,53366.0,10,601556.43,60155.64,50760.86,Medium Activity,High Spender
C03297,Vivaan Keer,21,Male,Farmer,51844.0,11,564121.36,51283.76,50147.72,Medium Activity,Medium Spender
C03298,Vihaan Raval,31,Male,Sales Executive,49796.0,6,170276.51,28379.42,24307.11,Low Activity,Low Spender
C03299,Abhiram Guha,23,Female,Sales Executive,64753.0,10,682034.03,68203.4,76441.06,Medium Activity,High Spender
C03300,Upma Arora,61,Female,Business Owner,163415.0,21,1114557.55,53074.17,58527.08,High Activity,High Spender
C03301,Utkarsh Hayer,47,Female,Software Engineer,97791.0,20,998002.08,49900.1,48917.56,High Activity,High Spender
C03302,Irya Chad,28,Female,Accountant,197388.0,7,293870.47,41981.5,27428.28,Low Activity,Low Spender
C03303,Aadhya Bal,38,Female,Other,117421.0,8,294590.22,36823.78,26114.42,Low Activity,Low Spender
C03304,Panini Oza,57,Male,Business Owner,96073.0,8,302805.58,37850.7,38110.12,Low Activity,Low Spender
C03305,Vaishnavi Raja,54,Male,Other,117321.0,11,673164.73,61196.79,63550.43,Medium Activity,High Spender
C03306,Baghyawati Nagi,54,Female,Sales Executive,141341.0,11,540306.07,49118.73,41357.75,Medium Activity,Medium Spender
C03307,Ayush Krishnan,34,Female,Business Owner,63054.0,18,1000070.7,55559.48,56541.8,High Activity,High Spender
C03308,William Natarajan,54,Female,Software Engineer,103280.0,16,813765.3,50860.33,51260.01,High Activity,High Spender
C03309,Wridesh Kaul,47,Male,Business Owner,143337.0,14,661002.46,47214.46,49090.32,Medium Activity,High Spender
C03310,Oni Nayak,25,Male,Accountant,69197.0,11,583086.24,53007.84,62140.4,Medium Activity,High Spender
C03311,Kashvi Banerjee,33,Male,Farmer,140217.0,7,318015.04,45430.72,52904.08,Low Activity,Low Spender
C03312,Ridhi Sridhar,42,Male,Software Engineer,183832.0,7,470233.35,67176.19,82185.13,Low Activity,Medium Spender
C03313,Liam Malhotra,50,Male,Teacher,111869.0,10,486624.23,48662.42,47027.5,Medium Activity,Medium Spender
C03314,Devansh Pai,61,Male,Government Employee,184841.0,10,507856.02,50785.6,46329.82,Medium Activity,Medium Spender
C03315,Ridhi Chaudhary,21,Male,Accountant,94498.0,13,658541.87,50657.07,51367.53,Medium Activity,High Spender
C03316,Shivansh Agarwal,48,Female,Government Employee,183709.0,13,572327.17,44025.17,43249.91,Medium Activity,High Spender
C03317,Akshay Khatri,46,Female,Farmer,161824.0,14,615475.49,43962.54,41752.95,Medium Activity,High Spender
C03318,Ishita Nayar,62,Male,Teacher,175356.0,9,443452.22,49272.47,38944.76,Medium Activity,Medium Spender
C03319,Baghyawati Deshpande,30,Male,Doctor,93396.0,14,592782.63,42341.62,46262.0,Medium Activity,High Spender
C03320,Ekaraj Datta,32,Female,Other,46823.0,7,333752.21,47678.89,55526.4,Low Activity,Low Spender
C03321,Rajeshri Jhaveri,29,Female,Government Employee,170904.0,11,484157.99,44014.36,45004.4,Medium Activity,Medium Spender
C03322,Tanmayi Varghese,58,Female,Other,195242.0,11,577726.57,52520.6,58765.1,Medium Activity,High Spender
C03323,Yashasvi Krishna,51,Male,Business Owner,20700.0,12,577423.24,48118.6,42228.68,Medium Activity,High Spender
C03324,Damyanti Jain,35,Male,Teacher,181198.0,8,395317.19,49414.65,42104.32,Low Activity,Low Spender
C03325,Aarini Vora,30,Male,Business Owner,144640.0,11,460992.69,41908.43,40449.87,Medium Activity,Medium Spender
C03326,Liam Kanda,21,Female,Teacher,33681.0,8,412195.87,51524.48,49645.26,Low Activity,Medium Spender
C03327,Varenya Barman,29,Female,Student,194284.0,10,459730.99,45973.1,43205.22,Medium Activity,Medium Spender
C03328,Rudra Goswami,51,Female,Accountant,151170.0,12,778557.73,64879.81,70937.26,Medium Activity,High Spender
C03329,Ekbal Palla,28,Male,Farmer,123087.0,9,436486.52,48498.5,42419.74,Medium Activity,Medium Spender
C03330,Bhavani Virk,45,Female,Sales Executive,113058.0,5,83934.71,16786.94,13184.88,Low Activity,Low Spender
C03331,Yauvani Kibe,40,Female,Farmer,40499.0,15,790964.11,52730.94,42273.71,Medium Activity,High Spender
C03332,Sara Panchal,59,Male,Business Owner,186138.0,13,614928.29,47302.18,41879.37,Medium Activity,High Spender
C03333,Vrishti Sehgal,38,Male,Student,166928.0,7,322337.58,46048.23,64368.15,Low Activity,Low Spender
C03334,Darsh Badal,49,Female,Accountant,199665.0,7,301439.44,43062.78,42690.08,Low Activity,Low Spender
C03335,Unnati Iyengar,28,Female,Government Employee,66664.0,13,584365.87,44951.22,40584.08,Medium Activity,High Spender
C03336,Advik Mani,22,Female,Sales Executive,195646.0,5,326755.93,65351.19,78361.93,Low Activity,Low Spender
C03337,Samarth Batta,43,Female,Doctor,181736.0,16,896082.75,56005.17,53205.22,High Activity,High Spender
C03338,Eiravati Hayer,56,Male,Student,118095.0,13,656590.74,50506.98,57666.22,Medium Activity,High Spender
C03339,Vasudha Sura,32,Male,Doctor,135888.0,7,288885.46,41269.35,49742.36,Low Activity,Low Spender
C03340,Aahana Karan,44,Male,Software Engineer,173665.0,5,243009.77,48601.95,66273.74,Low Activity,Low Spender
C03341,Avi Batra,40,Female,Teacher,116696.0,9,539581.17,59953.46,80887.75,Medium Activity,Medium Spender
C03342,Umang Pillay,37,Male,Other,91572.0,5,315063.44,63012.69,64179.7,Low Activity,Low Spender
C03343,Rachita Yohannan,23,Female,Sales Executive,124410.0,12,716582.66,59715.22,55017.75,Medium Activity,High Spender
C03344,Ayush Som,23,Female,Accountant,183910.0,3,148743.5,49581.17,55625.53,Low Activity,Low Spender
C03345,Turvi Pai,24,Male,Sales Executive,179264.0,7,273031.02,39004.43,47083.11,Low Activity,Low Spender
C03346,Chandran Mody,61,Female,Sales Executive,65553.0,13,652475.21,50190.4,66535.22,Medium Activity,High Spender
C03347,Sanaya Edwin,51,Male,Software Engineer,116871.0,8,325126.43,40640.8,40801.65,Low Activity,Low Spender
C03348,Ladli Kashyap,22,Male,Business Owner,54510.0,5,276197.36,55239.47,66197.78,Low Activity,Low Spender
C03349,Irya Hayre,26,Female,Teacher,34692.0,8,486741.42,60842.68,76560.6,Low Activity,Medium Spender
C03350,Gavin Chaudry,49,Male,Government Employee,45552.0,14,658842.78,47060.2,47097.24,Medium Activity,High Spender
C03351,Guneet Rajagopal,55,Female,Doctor,191731.0,13,429792.4,33060.95,20904.37,Medium Activity,Medium Spender
C03352,Samarth Behl,60,Male,Government Employee,196158.0,3,49275.91,16425.3,19432.84,Low Activity,Low Spender
C03353,Yatin Batra,41,Male,Other,116011.0,15,939541.69,62636.11,63587.85,Medium Activity,High Spender
C03354,Chandresh Sem,54,Male,Student,129151.0,8,346802.21,43350.28,41550.47,Low Activity,Low Spender
C03355,Unni Vig,63,Male,Teacher,70578.0,14,695862.21,49704.44,50979.54,Medium Activity,High Spender
C03356,Aadhya Morar,53,Male,Accountant,42011.0,11,536264.86,48751.35,48952.85,Medium Activity,Medium Spender
C03357,Tanmayi Mane,32,Female,Software Engineer,92227.0,11,536437.11,48767.01,39105.02,Medium Activity,Medium Spender
C03358,Ikbal Chad,59,Male,Farmer,127282.0,13,564439.03,43418.39,48534.73,Medium Activity,Medium Spender
C03359,Anya Sandhu,32,Male,Accountant,91765.0,6,309166.86,51527.81,61350.16,Low Activity,Low Spender
C03360,Lipika Venkatesh,56,Female,Teacher,109509.0,10,710607.38,71060.74,77469.23,Medium Activity,High Spender
C03361,Charita Keer,50,Male,Other,141374.0,9,272065.11,30229.46,34493.43,Medium Activity,Low Spender
C03362,Divya Bahri,26,Male,Teacher,67841.0,5,248484.27,49696.85,62722.27,Low Activity,Low Spender
C03363,Chaitaly Dara,26,Male,Government Employee,174966.0,7,284048.75,40578.39,45715.28,Low Activity,Low Spender
C03364,Champak Konda,61,Male,Business Owner,22736.0,13,601595.39,46276.57,45756.68,Medium Activity,High Spender
C03365,Naksh Mahajan,34,Female,Sales Executive,41305.0,10,430920.84,43092.08,34844.75,Medium Activity,Medium Spender
C03366,Elijah Bedi,36,Female,Doctor,54795.0,11,498857.87,45350.72,39616.96,Medium Activity,Medium Spender
C03367,Gayathri Handa,40,Male,Student,95255.0,10,334449.79,33444.98,25950.68,Medium Activity,Low Spender
C03368,Tanveer Jaggi,32,Female,Business Owner,168121.0,8,380150.62,47518.83,36182.66,Low Activity,Low Spender
C03369,Daksh Vasa,41,Female,Doctor,69347.0,15,659321.92,43954.79,36409.63,Medium Activity,High Spender
C03370,Aadi Ganguly,38,Male,Business Owner,97314.0,14,632726.98,45194.78,42866.33,Medium Activity,High Spender
C03371,Manbir Shukla,37,Female,Accountant,44225.0,12,746236.72,62186.39,53761.25,Medium Activity,High Spender
C03372,Quincy Natt,52,Female,Other,115319.0,5,167055.62,33411.12,42344.0,Low Activity,Low Spender
C03373,Inaya Bali,43,Female,Business Owner,29628.0,12,458264.43,38188.7,37458.18,Medium Activity,Medium Spender
C03374,Jagvi Sampath,58,Female,Business Owner,161020.0,12,505676.88,42139.74,38859.56,Medium Activity,Medium Spender
C03375,Saanvi Mann,57,Male,Student,110943.0,10,615409.67,61540.97,66302.28,Medium Activity,High Spender
C03376,Kavya Khare,62,Female,Doctor,109700.0,11,498042.11,45276.56,37876.68,Medium Activity,Medium Spender
C03377,Gaurika Kakar,65,Female,Teacher,154551.0,11,558212.65,50746.6,63318.65,Medium Activity,Medium Spender
C03378,Damyanti Saran,34,Female,Doctor,142601.0,14,552772.52,39483.75,38577.74,Medium Activity,Medium Spender
C03379,Urvashi De,37,Male,Teacher,155536.0,8,404463.09,50557.89,48575.66,Low Activity,Low Spender
C03380,Ladli Seth,63,Male,Sales Executive,56651.0,5,312123.49,62424.7,59904.16,Low Activity,Low Spender
C03381,Ishaan Ranganathan,50,Female,Government Employee,167788.0,10,500572.97,50057.3,58651.06,Medium Activity,Medium Spender
C03382,Samarth Zacharia,45,Male,Government Employee,47423.0,11,493691.63,44881.06,51608.71,Medium Activity,Medium Spender
C03383,Kalpit Hayre,61,Female,Software Engineer,61615.0,8,394765.29,49345.66,57049.32,Low Activity,Low Spender
C03384,Chaaya Savant,47,Female,Government Employee,108256.0,11,563519.4,51229.04,60368.73,Medium Activity,Medium Spender
C03385,Yamini Vala,62,Male,Business Owner,113848.0,6,318600.72,53100.12,46899.23,Low Activity,Low Spender
C03386,Daksha Panchal,40,Male,Sales Executive,163334.0,15,771106.27,51407.08,48141.18,Medium Activity,High Spender
C03387,Ati Sandal,32,Male,Sales Executive,181641.0,9,586131.06,65125.67,60950.76,Medium Activity,High Spender
C03388,Rehaan Wason,50,Female,Student,144144.0,11,598450.35,54404.58,52808.86,Medium Activity,High Spender
C03389,Janaki Chad,36,Female,Government Employee,177533.0,15,886614.14,59107.61,67923.1,Medium Activity,High Spender
C03390,Rachana Radhakrishnan,42,Female,Student,98688.0,5,181244.71,36248.94,34073.22,Low Activity,Low Spender
C03391,Madhavi Pau,23,Male,Farmer,48273.0,17,771791.32,45399.49,43682.15,High Activity,High Spender
C03392,Chaman Swamy,47,Female,Accountant,171385.0,11,539488.38,49044.4,56005.34,Medium Activity,Medium Spender
C03393,Nirja Mallick,46,Male,Business Owner,154271.0,8,440204.04,55025.5,57126.46,Low Activity,Medium Spender
C03394,Tanmayi Chaudhari,31,Female,Other,157385.0,6,301030.33,50171.72,53241.57,Low Activity,Low Spender
C03395,Odika Anand,33,Male,Business Owner,193908.0,12,498131.89,41510.99,33731.92,Medium Activity,Medium Spender
C03396,Naveen Madan,42,Male,Teacher,101074.0,6,295985.06,49330.84,50189.88,Low Activity,Low Spender
C03397,Rohan Vora,30,Female,Sales Executive,123807.0,15,692914.52,46194.3,38039.11,Medium Activity,High Spender
C03398,Hritik Dhillon,31,Female,Software Engineer,192650.0,7,422848.65,60406.95,65109.04,Low Activity,Medium Spender
C03399,Chakradhar Merchant,30,Male,Business Owner,98979.0,3,181874.11,60624.7,62140.99,Low Activity,Low Spender
C03400,Ekaraj Butala,40,Male,Business Owner,81914.0,11,521668.46,47424.41,42435.77,Medium Activity,Medium Spender
C03401,Daniel Kanda,34,Female,Teacher,84155.0,9,365664.08,40629.34,37577.06,Medium Activity,Low Spender
C03402,Nidhi Nagarajan,30,Female,Software Engineer,145132.0,8,425619.75,53202.47,51671.26,Low Activity,Medium Spender
C03403,Pranav Samra,31,Female,Teacher,143417.0,13,622092.16,47853.24,47309.16,Medium Activity,High Spender
C03404,Pahal Oommen,56,Female,Doctor,143812.0,11,651759.35,59250.85,61725.38,Medium Activity,High Spender
C03405,Ati Gala,63,Female,Sales Executive,83633.0,12,763348.25,63612.35,67886.86,Medium Activity,High Spender
C03406,Naksh Kala,27,Female,Business Owner,103455.0,13,676318.78,52024.52,49867.73,Medium Activity,High Spender
C03407,Janya Karpe,29,Female,Government Employee,94237.0,6,187316.85,31219.48,18813.24,Low Activity,Low Spender
C03408,Frederick Thaman,64,Female,Other,123245.0,13,616388.58,47414.51,56678.73,Medium Activity,High Spender
C03409,Upasna Balakrishnan,55,Male,Government Employee,148007.0,10,354298.44,35429.84,37030.61,Medium Activity,Low Spender
C03410,Zaitra Kamdar,63,Male,Doctor,179520.0,13,628108.53,48316.04,30736.14,Medium Activity,High Spender
C03411,Warhi Deol,32,Male,Government Employee,114969.0,10,517013.5,51701.35,51995.63,Medium Activity,Medium Spender
C03412,Yatin Jain,42,Male,Other,177068.0,11,585145.57,53195.05,54614.32,Medium Activity,High Spender
C03413,Waida Solanki,46,Male,Doctor,56196.0,7,377819.97,53974.28,57834.83,Low Activity,Low Spender
C03414,Rachana Balan,52,Male,Software Engineer,75373.0,13,908217.44,69862.88,83490.39,Medium Activity,High Spender
C03415,Rachana Mitra,40,Female,Teacher,109020.0,12,473488.06,39457.34,38644.54,Medium Activity,Medium Spender
C03416,Vedhika Vora,45,Male,Student,59517.0,11,469294.82,42663.17,39310.34,Medium Activity,Medium Spender
C03417,Dakshesh Chad,39,Female,Student,197018.0,12,630401.91,52533.49,63352.73,Medium Activity,High Spender
C03418,Kavya Mahajan,51,Male,Accountant,130555.0,8,307681.64,38460.2,35760.16,Low Activity,Low Spender
C03419,Patrick Kannan,32,Male,Student,198871.0,9,542558.75,60284.31,63349.16,Medium Activity,Medium Spender
C03420,Vrinda Grewal,54,Male,Sales Executive,41663.0,5,275166.59,55033.32,76251.28,Low Activity,Low Spender
C03421,George Bahl,43,Male,Student,23204.0,9,393148.17,43683.13,29758.45,Medium Activity,Low Spender
C03422,Lavanya Mitter,31,Female,Business Owner,170649.0,17,895859.41,52697.61,50498.86,High Activity,High Spender
C03423,Zinal Deshmukh,53,Female,Sales Executive,23037.0,8,365865.29,45733.16,47363.85,Low Activity,Low Spender
C03424,Chasmum Ramakrishnan,52,Female,Student,34289.0,7,246147.38,35163.91,39491.88,Low Activity,Low Spender
C03425,Faris Deshmukh,40,Female,Accountant,186230.0,10,497993.96,49799.4,47254.88,Medium Activity,Medium Spender
C03426,Rehaan Saran,28,Female,Farmer,117733.0,10,475649.0,47564.9,49628.97,Medium Activity,Medium Spender
C03427,Fiyaz Bhalla,51,Female,Farmer,115646.0,7,268904.95,38414.99,32496.01,Low Activity,Low Spender
C03428,Noah Sawhney,28,Male,Student,159385.0,10,343956.34,34395.63,27368.2,Medium Activity,Low Spender
C03429,Pratyush Shukla,45,Male,Business Owner,21823.0,6,224748.88,37458.15,41613.68,Low Activity,Low Spender
C03430,Vritti Chada,42,Female,Doctor,154976.0,13,853944.92,65688.07,68457.14,Medium Activity,High Spender
C03431,Karan Samra,60,Female,Student,32725.0,10,582994.42,58299.44,62009.66,Medium Activity,High Spender
C03432,Ekapad Sridhar,50,Female,Software Engineer,51863.0,12,496321.56,41360.13,29588.96,Medium Activity,Medium Spender
C03433,Siddharth Parmar,52,Female,Government Employee,33126.0,9,436242.5,48471.39,49895.06,Medium Activity,Medium Spender
C03434,Netra Verma,59,Female,Accountant,131595.0,10,564083.05,56408.31,60568.16,Medium Activity,Medium Spender
C03435,Riya Bhakta,42,Female,Software Engineer,162278.0,7,317789.1,45398.44,44501.49,Low Activity,Low Spender
C03436,Wriddhish Dua,38,Male,Accountant,113555.0,10,540753.3,54075.33,60750.92,Medium Activity,Medium Spender
C03437,Pranit Bora,47,Male,Sales Executive,105100.0,17,802587.79,47211.05,46165.13,High Activity,High Spender
C03438,Fitan Yadav,40,Male,Other,49277.0,15,733118.98,48874.6,44495.9,Medium Activity,High Spender
C03439,Abhiram Bajwa,43,Male,Farmer,123865.0,22,996777.86,45308.08,46654.8,High Activity,High Spender
C03440,Xavier Krishnan,36,Male,Teacher,160243.0,7,517658.44,73951.21,88605.01,Low Activity,Medium Spender
C03441,Deepa Brahmbhatt,27,Male,Business Owner,185916.0,9,550964.04,61218.23,67211.41,Medium Activity,Medium Spender
C03442,Hritik Chokshi,52,Female,Accountant,110540.0,9,284867.89,31651.99,17533.78,Medium Activity,Low Spender
C03443,Praneel Bir,50,Male,Farmer,169177.0,5,205756.27,41151.25,19276.98,Low Activity,Low Spender
C03444,Saumya Sahota,50,Male,Teacher,105613.0,10,536460.48,53646.05,50770.96,Medium Activity,Medium Spender
C03445,Chameli Krishna,44,Male,Business Owner,179738.0,11,580093.26,52735.75,49552.85,Medium Activity,High Spender
C03446,Jackson Bal,61,Male,Student,154383.0,7,307028.06,43861.15,31015.32,Low Activity,Low Spender
C03447,Darika Soman,26,Female,Accountant,130763.0,13,782372.5,60182.5,68752.48,Medium Activity,High Spender
C03448,Aarini Seshadri,46,Male,Business Owner,87333.0,6,372740.97,62123.5,64828.5,Low Activity,Low Spender
C03449,Vincent Narang,62,Male,Student,50520.0,10,457054.81,45705.48,42170.5,Medium Activity,Medium Spender
C03450,Qarin Sawhney,33,Female,Accountant,181370.0,5,119422.26,23884.45,12123.56,Low Activity,Low Spender
C03451,Upadhriti Chahal,53,Male,Software Engineer,118103.0,9,486784.52,54087.17,56086.06,Medium Activity,Medium Spender
C03452,Wishi Soman,57,Female,Doctor,134542.0,15,794551.49,52970.1,60546.23,Medium Activity,High Spender
C03453,Eshana Radhakrishnan,38,Male,Accountant,151481.0,12,438688.31,36557.36,31827.52,Medium Activity,Medium Spender
C03454,Chaitanya Goswami,63,Male,Other,124509.0,9,404766.12,44974.01,51452.88,Medium Activity,Low Spender
C03455,Chaitaly Kakar,32,Female,Accountant,21324.0,9,299505.61,33278.4,30451.28,Medium Activity,Low Spender
C03456,Ekavir Gole,47,Male,Software Engineer,128612.0,9,509719.06,56635.45,52804.05,Medium Activity,Medium Spender
C03457,Warda Kothari,63,Male,Accountant,90006.0,4,241132.86,60283.22,51826.56,Low Activity,Low Spender
C03458,Aradhana Venkatesh,50,Female,Teacher,78018.0,6,224865.87,37477.64,39230.04,Low Activity,Low Spender
C03459,Sanaya Bhatia,35,Male,Government Employee,77948.0,12,701252.35,58437.7,53889.61,Medium Activity,High Spender
C03460,Ansh Datta,25,Female,Other,140755.0,9,425247.4,47249.71,46373.83,Medium Activity,Medium Spender
C03461,Wazir Narang,58,Female,Other,106180.0,9,348223.64,38691.52,34990.29,Medium Activity,Low Spender
C03462,Zehaan Swaminathan,55,Female,Sales Executive,166186.0,11,511664.83,46514.98,46018.13,Medium Activity,Medium Spender
C03463,Aradhana Shankar,21,Female,Government Employee,103792.0,7,323278.56,46182.65,29322.17,Low Activity,Low Spender
C03464,Vasudha Misra,43,Female,Business Owner,141096.0,10,372703.0,37270.3,25490.5,Medium Activity,Low Spender
C03465,Libni Mall,52,Male,Farmer,64567.0,10,500258.32,50025.83,53326.66,Medium Activity,Medium Spender
C03466,Abhiram Ganesh,64,Female,Accountant,125627.0,12,644256.99,53688.08,47546.98,Medium Activity,High Spender
C03467,Charita Trivedi,23,Male,Sales Executive,167148.0,14,599184.87,42798.92,44742.46,Medium Activity,High Spender
C03468,Imaran Oza,43,Male,Doctor,158829.0,11,549950.9,49995.54,58661.54,Medium Activity,Medium Spender
C03469,Oni Ghose,44,Female,Accountant,102663.0,8,225751.36,28218.92,23874.12,Low Activity,Low Spender
C03470,Bhavya Keer,49,Female,Software Engineer,60868.0,9,464650.61,51627.85,43147.5,Medium Activity,Medium Spender
C03471,Finn Prabhakar,60,Male,Other,112176.0,5,257498.45,51499.69,50728.59,Low Activity,Low Spender
C03472,Adweta Seshadri,57,Female,Student,26136.0,11,683002.86,62091.17,67313.76,Medium Activity,High Spender
C03473,Urvashi Joshi,39,Female,Doctor,118378.0,8,338029.05,42253.63,42215.26,Low Activity,Low Spender
C03474,Jagdish Banik,55,Male,Student,179153.0,11,466323.43,42393.04,47547.01,Medium Activity,Medium Spender
C03475,Indali Parmer,28,Male,Student,77227.0,5,201008.54,40201.71,25832.53,Low Activity,Low Spender
C03476,Bakhshi Sahota,34,Male,Other,95851.0,7,367016.71,52430.96,47927.69,Low Activity,Low Spender
C03477,Jeevika Mishra,32,Male,Student,164197.0,13,601301.81,46253.99,34354.68,Medium Activity,High Spender
C03478,Shivani Gala,47,Female,Doctor,129623.0,17,759382.8,44669.58,38782.18,High Activity,High Spender
C03479,Gaurangi Kadakia,59,Female,Government Employee,115204.0,15,896050.15,59736.68,59603.17,Medium Activity,High Spender
C03480,Pushti Bhardwaj,61,Male,Government Employee,151676.0,8,457523.46,57190.43,56766.21,Low Activity,Medium Spender
C03481,Jasmit Chakrabarti,55,Female,Doctor,125897.0,7,302042.09,43148.87,26404.27,Low Activity,Low Spender
C03482,Ikbal Bala,52,Female,Accountant,137822.0,15,814549.11,54303.27,65903.77,Medium Activity,High Spender
C03483,Jalsa Sani,31,Male,Student,95604.0,11,563682.36,51243.85,61762.83,Medium Activity,Medium Spender
C03484,Devika Gopal,21,Female,Sales Executive,192016.0,6,356083.19,59347.2,60596.54,Low Activity,Low Spender
C03485,Raghav Lal,32,Male,Student,172084.0,8,387258.09,48407.26,48656.6,Low Activity,Low Spender
C03486,Jyoti Shetty,62,Female,Student,127556.0,9,350292.75,38921.42,31132.19,Medium Activity,Low Spender
C03487,Vyanjana Pradhan,33,Male,Other,78770.0,14,584027.0,41716.21,35295.04,Medium Activity,High Spender
C03488,Aadi Gulati,29,Male,Other,169575.0,14,648402.23,46314.44,44374.02,Medium Activity,High Spender
C03489,Rajeshri Mani,47,Male,Government Employee,179858.0,3,143313.97,47771.32,36343.91,Low Activity,Low Spender
C03490,Faraj Singh,36,Male,Other,183969.0,9,553276.53,61475.17,67121.49,Medium Activity,Medium Spender
C03491,Zaid Mangal,51,Male,Government Employee,25955.0,13,549513.26,42270.25,39333.27,Medium Activity,Medium Spender
C03492,Finn Nazareth,59,Female,Farmer,154043.0,7,244946.87,34992.41,31805.78,Low Activity,Low Spender
C03493,Omisha Anne,33,Male,Sales Executive,116747.0,10,571390.49,57139.05,55759.22,Medium Activity,High Spender
C03494,Chasmum Pau,36,Male,Sales Executive,72372.0,11,628923.97,57174.91,55107.59,Medium Activity,High Spender
C03495,Zilmil Muni,41,Male,Accountant,36990.0,12,690750.54,57562.55,60992.14,Medium Activity,High Spender
C03496,Indali Golla,22,Male,Other,140895.0,10,548992.14,54899.21,61133.8,Medium Activity,Medium Spender
C03497,Veda Parsa,50,Male,Other,136301.0,18,845340.9,46963.38,45512.9,High Activity,High Spender
C03498,Aahana Dugal,36,Male,Sales Executive,151128.0,8,458760.19,57345.02,64371.7,Low Activity,Medium Spender
C03499,Wahab Mahajan,62,Male,Other,106837.0,4,315765.28,78941.32,77730.4,Low Activity,Low Spender
C03500,Isha Narayanan,31,Male,Sales Executive,38308.0,10,579258.97,57925.9,59080.24,Medium Activity,High Spender
C03501,Charan Rana,21,Male,Student,156253.0,15,735460.95,49030.73,42332.38,Medium Activity,High Spender
C03502,Rushil Dubey,51,Female,Teacher,129337.0,9,468367.35,52040.82,53682.86,Medium Activity,Medium Spender
C03503,Wriddhish Chaudhuri,37,Male,Other,189630.0,8,295235.76,36904.47,23448.04,Low Activity,Low Spender
C03504,Turvi Lala,55,Male,Sales Executive,146040.0,9,430399.4,47822.16,49041.96,Medium Activity,Medium Spender
C03505,Udarsh Sinha,24,Female,Student,30461.0,8,284690.42,35586.3,30009.34,Low Activity,Low Spender
C03506,Raksha Jhaveri,44,Female,Farmer,184958.0,14,667984.98,47713.21,45151.4,Medium Activity,High Spender
C03507,Januja Mann,62,Female,Student,52520.0,8,356164.31,44520.54,51423.4,Low Activity,Low Spender
C03508,Advaith Ray,27,Male,Accountant,171994.0,9,435229.54,48358.84,47598.65,Medium Activity,Medium Spender
C03509,Mitesh Iyengar,28,Male,Government Employee,128237.0,9,440129.99,48903.33,53905.96,Medium Activity,Medium Spender
C03510,Joshua Nayar,63,Female,Business Owner,83718.0,8,461749.62,57718.7,68842.48,Low Activity,Medium Spender
C03511,Udyati Prashad,51,Male,Accountant,45460.0,9,361074.15,40119.35,34492.15,Medium Activity,Low Spender
C03512,Girindra Karan,42,Male,Sales Executive,148863.0,4,107841.45,26960.36,17943.54,Low Activity,Low Spender
C03513,Dominic Borra,36,Female,Government Employee,97409.0,9,449776.86,49975.21,55763.36,Medium Activity,Medium Spender
C03514,Priya Kala,65,Female,Government Employee,138063.0,17,898526.46,52854.5,57238.01,High Activity,High Spender
C03515,Diya Kapoor,65,Female,Other,92167.0,8,426134.3,53266.79,63357.16,Low Activity,Medium Spender
C03516,Hemani Nath,59,Male,Business Owner,58803.0,8,424895.45,53111.93,59980.53,Low Activity,Medium Spender
C03517,Lekha Kuruvilla,54,Female,Software Engineer,77939.0,6,358443.38,59740.56,55261.3,Low Activity,Low Spender
C03518,Yamini Palla,44,Female,Accountant,100389.0,8,435892.56,54486.57,58774.95,Low Activity,Medium Spender
C03519,Harshil Narayanan,31,Female,Sales Executive,135307.0,5,284045.99,56809.2,69964.8,Low Activity,Low Spender
C03520,Nilima Sandhu,64,Female,Business Owner,53699.0,20,1034051.51,51702.58,54238.2,High Activity,High Spender
C03521,Eta Seth,30,Female,Student,87451.0,6,196853.12,32808.85,26887.33,Low Activity,Low Spender
C03522,Laksh Walla,61,Male,Software Engineer,75485.0,16,667564.2,41722.76,34898.06,High Activity,High Spender
C03523,Dev Luthra,58,Female,Business Owner,173153.0,7,306300.47,43757.21,41215.63,Low Activity,Low Spender
C03524,Lila Rana,21,Female,Government Employee,153324.0,8,452865.02,56608.13,55002.66,Low Activity,Medium Spender
C03525,Bimala Johal,54,Female,Sales Executive,182125.0,16,833826.48,52114.16,52821.9,High Activity,High Spender
C03526,Abdul Roy,31,Female,Business Owner,173914.0,6,335865.38,55977.56,53613.2,Low Activity,Low Spender
C03527,Indali Hayer,53,Female,Farmer,118136.0,9,298743.01,33193.67,28318.42,Medium Activity,Low Spender
C03528,Nachiket Saini,45,Female,Business Owner,157687.0,15,728202.72,48546.85,59700.83,Medium Activity,High Spender
C03529,Ishani Ramanathan,51,Male,Sales Executive,119581.0,13,829216.71,63785.9,79030.96,Medium Activity,High Spender
C03530,Reva Boase,21,Male,Government Employee,78936.0,13,693146.51,53318.96,47285.3,Medium Activity,High Spender
C03531,Ansh Loyal,40,Male,Doctor,59344.0,8,404324.95,50540.62,51658.96,Low Activity,Low Spender
C03532,Yuvraj Pradhan,38,Male,Doctor,113454.0,10,514363.9,51436.39,47858.55,Medium Activity,Medium Spender
C03533,Yash Nayar,52,Female,Other,187414.0,15,808617.39,53907.83,60370.13,Medium Activity,High Spender
C03534,Tanish Pathak,21,Male,Doctor,115305.0,10,354012.27,35401.23,29537.26,Medium Activity,Low Spender
C03535,Widisha Shanker,63,Male,Student,184207.0,9,606884.65,67431.63,63965.58,Medium Activity,High Spender
C03536,Veda Sahota,27,Female,Farmer,37615.0,13,632218.33,48632.18,45430.03,Medium Activity,High Spender
C03537,Jai Kakar,38,Male,Software Engineer,137082.0,9,361506.67,40167.41,34656.48,Medium Activity,Low Spender
C03538,Tanveer Buch,57,Male,Doctor,87127.0,12,731287.36,60940.61,68844.16,Medium Activity,High Spender
C03539,Alexander Madan,32,Male,Doctor,139554.0,8,483361.68,60420.21,63932.4,Low Activity,Medium Spender
C03540,Tripti Balay,32,Male,Other,89668.0,11,519426.04,47220.55,41957.26,Medium Activity,Medium Spender
C03541,Falguni D’Alia,56,Female,Teacher,69811.0,8,546160.75,68270.09,80100.89,Low Activity,Medium Spender
C03542,Upadhriti Sathe,25,Male,Farmer,99366.0,11,465182.9,42289.35,40866.88,Medium Activity,Medium Spender
C03543,Gautami Choudhary,24,Male,Doctor,83947.0,10,416218.43,41621.84,43683.14,Medium Activity,Medium Spender
C03544,Daksha Sankar,58,Female,Sales Executive,45760.0,11,414034.18,37639.47,37495.2,Medium Activity,Medium Spender
C03545,Maanav Konda,55,Male,Government Employee,186174.0,10,425883.73,42588.37,45995.4,Medium Activity,Medium Spender
C03546,Upkaar Bir,25,Male,Sales Executive,50515.0,11,606268.19,55115.29,63451.17,Medium Activity,High Spender
C03547,Dalaja Chowdhury,49,Male,Sales Executive,71746.0,11,623000.13,56636.38,69990.91,Medium Activity,High Spender
C03548,Jagvi Sandhu,27,Male,Other,147724.0,11,508448.22,46222.57,39251.72,Medium Activity,Medium Spender
C03549,Mugdha Doshi,40,Male,Other,132657.0,11,572363.27,52033.02,67862.26,Medium Activity,High Spender
C03550,Vedhika Majumdar,28,Female,Doctor,174386.0,7,441949.68,63135.67,66329.8,Low Activity,Medium Spender
C03551,Charles Banik,61,Female,Software Engineer,85994.0,17,655224.68,38542.63,37462.65,High Activity,High Spender
C03552,Rayaan Apte,47,Female,Sales Executive,185446.0,15,930950.18,62063.35,61398.27,Medium Activity,High Spender
C03553,Devansh Chakraborty,32,Female,Farmer,146688.0,11,669782.13,60889.28,63213.22,Medium Activity,High Spender
C03554,Unni Dewan,53,Female,Accountant,89258.0,7,365732.74,52247.53,54605.93,Low Activity,Low Spender
C03555,Yachana Kapur,55,Male,Government Employee,92165.0,20,992212.84,49610.64,46292.58,High Activity,High Spender
C03556,Baghyawati Chadha,64,Female,Sales Executive,49221.0,9,436050.22,48450.02,59511.02,Medium Activity,Medium Spender
C03557,Jatin Tara,32,Female,Software Engineer,103678.0,5,178107.46,35621.49,31854.31,Low Activity,Low Spender
C03558,Barkha Sridhar,53,Female,Sales Executive,62763.0,15,732213.88,48814.26,45212.08,Medium Activity,High Spender
C03559,Keya Cheema,32,Male,Student,196416.0,8,453427.83,56678.48,55292.61,Low Activity,Medium Spender
C03560,Oviya Nagi,40,Male,Sales Executive,109766.0,15,860919.84,57394.66,53364.82,Medium Activity,High Spender
C03561,Theodore Bhasin,61,Male,Doctor,48498.0,9,377942.84,41993.65,49263.43,Medium Activity,Low Spender
C03562,Noah Basu,35,Male,Accountant,151538.0,11,571359.42,51941.77,48651.85,Medium Activity,High Spender
C03563,Tara Parmar,40,Female,Farmer,143699.0,9,342791.37,38087.93,39840.72,Medium Activity,Low Spender
C03564,Ronith Palla,27,Female,Other,75126.0,10,479804.08,47980.41,51448.5,Medium Activity,Medium Spender
C03565,Waida Dugar,57,Male,Government Employee,60996.0,10,493113.95,49311.4,46830.24,Medium Activity,Medium Spender
C03566,Viraj Bora,33,Female,Business Owner,61403.0,11,570354.21,51850.38,53141.64,Medium Activity,High Spender
C03567,Ridhi Rege,60,Male,Government Employee,155388.0,8,347776.0,43472.0,41326.44,Low Activity,Low Spender
C03568,Chatura Brar,51,Female,Accountant,79958.0,9,483096.12,53677.35,50992.64,Medium Activity,Medium Spender
C03569,Saanvi Choudhary,37,Female,Accountant,117200.0,15,494947.38,32996.49,32626.36,Medium Activity,Medium Spender
C03570,Balendra Gala,30,Female,Government Employee,112781.0,8,564363.93,70545.49,69844.54,Low Activity,Medium Spender
C03571,Falguni Mangal,41,Female,Accountant,131489.0,11,439634.33,39966.76,36000.19,Medium Activity,Medium Spender
C03572,Yashoda Agate,57,Female,Student,21487.0,11,680704.51,61882.23,71910.63,Medium Activity,High Spender
C03573,Balendra Bali,46,Male,Student,112697.0,5,202340.77,40468.15,35346.02,Low Activity,Low Spender
C03574,Oni Lal,62,Male,Sales Executive,91881.0,11,401066.15,36460.56,24805.47,Medium Activity,Low Spender
C03575,Aarini Mani,22,Male,Doctor,193553.0,13,582692.24,44822.48,47381.0,Medium Activity,High Spender
C03576,Zaitra Desai,37,Female,Government Employee,26207.0,9,396824.98,44091.66,42516.18,Medium Activity,Low Spender
C03577,Sarthak Bath,41,Female,Student,105376.0,9,521835.82,57981.76,72640.21,Medium Activity,Medium Spender
C03578,Oeshi Vig,56,Male,Doctor,181888.0,16,988478.48,61779.9,66951.11,High Activity,High Spender
C03579,Suhani Kaur,53,Female,Accountant,48006.0,12,552002.54,46000.21,51735.37,Medium Activity,Medium Spender
C03580,Hiral Kamdar,25,Male,Business Owner,105323.0,14,851434.61,60816.76,66527.88,Medium Activity,High Spender
C03581,Udyati Bumb,51,Female,Software Engineer,192862.0,9,546099.07,60677.67,70989.53,Medium Activity,Medium Spender
C03582,Turvi Balay,45,Female,Doctor,93437.0,13,753540.44,57964.65,73979.5,Medium Activity,High Spender
C03583,Ekansh Bahl,59,Female,Software Engineer,46591.0,5,126667.78,25333.56,14296.78,Low Activity,Low Spender
C03584,Azad Dugar,24,Female,Accountant,161006.0,10,489200.81,48920.08,50195.37,Medium Activity,Medium Spender
C03585,Jyoti Mitter,44,Female,Accountant,49106.0,1,49220.8,49220.8,49220.8,Low Activity,Low Spender
C03586,Meera Dewan,51,Male,Teacher,105077.0,12,793251.68,66104.31,68473.96,Medium Activity,High Spender
C03587,Shivani Soni,47,Male,Business Owner,174614.0,7,466856.64,66693.81,69617.68,Low Activity,Medium Spender
C03588,Ishanvi Bumb,40,Male,Farmer,43070.0,12,455714.56,37976.21,31932.34,Medium Activity,Medium Spender
C03589,Yashodhara Kapoor,49,Male,Government Employee,170138.0,8,279076.75,34884.59,32664.59,Low Activity,Low Spender
C03590,Liam Bava,55,Female,Farmer,159205.0,9,459046.85,51005.21,44372.13,Medium Activity,Medium Spender
C03591,Barkha Khare,39,Male,Business Owner,37826.0,9,456761.38,50751.26,44442.71,Medium Activity,Medium Spender
C03592,Vansha Chauhan,65,Female,Government Employee,136874.0,11,585620.95,53238.27,47824.82,Medium Activity,High Spender
C03593,Yashvi Manda,34,Male,Government Employee,142768.0,11,666162.89,60560.26,62077.81,Medium Activity,High Spender
C03594,Atharv Yogi,35,Female,Government Employee,107297.0,11,557682.67,50698.42,58762.5,Medium Activity,Medium Spender
C03595,Lakshit Ganesan,33,Female,Accountant,178234.0,13,574145.89,44165.07,43392.29,Medium Activity,High Spender
C03596,Bhavika Varghese,22,Male,Teacher,188359.0,13,618284.43,47560.34,54941.46,Medium Activity,High Spender
C03597,Radhika Yogi,47,Female,Student,147495.0,12,613026.53,51085.54,46085.61,Medium Activity,High Spender
C03598,Ayaan Chanda,24,Male,Farmer,117904.0,8,331133.36,41391.67,29052.62,Low Activity,Low Spender
C03599,Saanvi Rana,22,Female,Software Engineer,152176.0,12,700546.89,58378.91,64202.91,Medium Activity,High Spender
C03600,Chanakya Sarna,41,Female,Accountant,170684.0,12,692882.85,57740.24,64712.61,Medium Activity,High Spender
C03601,Viraj Deshpande,42,Male,Teacher,168191.0,10,570512.51,57051.25,56554.95,Medium Activity,High Spender
C03602,Farhan Acharya,26,Male,Farmer,61477.0,7,248938.33,35562.62,28442.16,Low Activity,Low Spender
C03603,Triya Natarajan,53,Male,Other,142800.0,4,246863.4,61715.85,64753.9,Low Activity,Low Spender
C03604,Maya Srivastava,60,Male,Teacher,199294.0,11,571776.24,51979.66,49851.58,Medium Activity,High Spender
C03605,Krish Yadav,48,Female,Sales Executive,138302.0,6,255052.06,42508.68,45963.2,Low Activity,Low Spender
C03606,Sarthak Bir,30,Female,Teacher,67624.0,12,703947.09,58662.26,59976.84,Medium Activity,High Spender
C03607,Frado Sule,62,Female,Sales Executive,158337.0,10,506336.59,50633.66,49984.4,Medium Activity,Medium Spender
C03608,Daksh Murty,65,Female,Software Engineer,125241.0,9,500952.87,55661.43,55848.09,Medium Activity,Medium Spender
C03609,Vedika Bala,57,Female,Software Engineer,183496.0,15,822243.3,54816.22,64750.07,Medium Activity,High Spender
C03610,Arunima Trivedi,45,Male,Software Engineer,79042.0,12,530578.92,44214.91,36490.92,Medium Activity,Medium Spender
C03611,Anay Uppal,41,Female,Business Owner,87856.0,12,607184.88,50598.74,48189.63,Medium Activity,High Spender
C03612,Jason Goswami,35,Female,Farmer,139997.0,15,493855.1,32923.67,33664.98,Medium Activity,Medium Spender
C03613,Atharv Thakkar,62,Male,Other,112968.0,8,300822.54,37602.82,32412.86,Low Activity,Low Spender
C03614,Parth Nayak,57,Male,Doctor,58871.0,10,412686.08,41268.61,33390.88,Medium Activity,Medium Spender
C03615,Mugdha Sarkar,34,Female,Business Owner,46449.0,12,599483.21,49956.93,51454.43,Medium Activity,High Spender
C03616,Harish Mitter,22,Male,Business Owner,161577.0,6,386730.33,64455.06,72799.2,Low Activity,Low Spender
C03617,Keya Wali,43,Male,Government Employee,102663.0,8,305792.59,38224.07,43218.72,Low Activity,Low Spender
C03618,Benjamin Narasimhan,35,Male,Doctor,99411.0,15,564620.83,37641.39,33715.64,Medium Activity,Medium Spender
C03619,Isaiah Narang,31,Female,Accountant,81074.0,9,561870.98,62430.11,67947.39,Medium Activity,Medium Spender
C03620,Owen Patil,34,Female,Software Engineer,55995.0,5,215113.38,43022.68,46788.67,Low Activity,Low Spender
C03621,Ubika Goswami,49,Male,Student,26664.0,12,840592.81,70049.4,74630.24,Medium Activity,High Spender
C03622,Ekantika Baria,49,Male,Student,32901.0,9,415223.6,46135.96,47577.71,Medium Activity,Medium Spender
C03623,Aahana Pandya,49,Female,Student,72071.0,12,717438.82,59786.57,57356.85,Medium Activity,High Spender
C03624,Krishna Raman,34,Female,Other,52676.0,9,599294.37,66588.26,78752.18,Medium Activity,High Spender
C03625,Rachit Hayre,26,Male,Farmer,171598.0,10,436518.2,43651.82,33239.3,Medium Activity,Medium Spender
C03626,Daksh Chanda,54,Male,Business Owner,74955.0,13,698645.8,53741.98,53870.34,Medium Activity,High Spender
C03627,Megha Shah,28,Female,Other,113949.0,9,569822.62,63313.62,63912.75,Medium Activity,High Spender
C03628,David Menon,41,Female,Doctor,75136.0,11,289829.46,26348.13,24406.8,Medium Activity,Low Spender
C03629,Raksha Dayal,26,Female,Sales Executive,86921.0,9,337591.56,37510.17,17929.58,Medium Activity,Low Spender
C03630,Kevin Mohan,53,Male,Sales Executive,24232.0,12,481924.02,40160.34,39584.8,Medium Activity,Medium Spender
C03631,Hritik Magar,21,Female,Student,124938.0,9,472836.98,52537.44,43953.38,Medium Activity,Medium Spender
C03632,Anay Mani,27,Female,Government Employee,101259.0,5,270475.16,54095.03,58059.0,Low Activity,Low Spender
C03633,Robert Banik,25,Female,Accountant,80125.0,17,843186.88,49599.23,45919.66,High Activity,High Spender
C03634,Qadim Kumar,65,Male,Student,143564.0,12,616385.91,51365.49,44643.12,Medium Activity,High Spender
C03635,Bakhshi Sarma,22,Female,Government Employee,31893.0,10,543014.28,54301.43,57349.43,Medium Activity,Medium Spender
C03636,Sarthak Tara,30,Male,Business Owner,168001.0,11,600785.63,54616.88,74364.52,Medium Activity,High Spender
C03637,Aashi Sheth,21,Male,Farmer,60831.0,13,510988.65,39306.82,29734.3,Medium Activity,Medium Spender
C03638,Balvan Seth,29,Female,Software Engineer,36038.0,9,174475.74,19386.19,4640.07,Medium Activity,Low Spender
C03639,Urmi Tiwari,59,Male,Accountant,117439.0,10,571262.52,57126.25,57230.48,Medium Activity,High Spender
C03640,Udant Sami,60,Female,Business Owner,129901.0,10,517330.47,51733.05,51920.14,Medium Activity,Medium Spender
C03641,Urishilla Hayre,32,Male,Farmer,59683.0,11,441848.85,40168.08,18611.32,Medium Activity,Medium Spender
C03642,Harsh Munshi,63,Male,Government Employee,48676.0,10,467294.49,46729.45,36202.93,Medium Activity,Medium Spender
C03643,Bhavini Dutta,31,Male,Sales Executive,73497.0,8,367898.97,45987.37,42270.1,Low Activity,Low Spender
C03644,Jasmit Sankaran,40,Female,Government Employee,89515.0,10,443723.62,44372.36,46330.93,Medium Activity,Medium Spender
C03645,Gavin Modi,60,Female,Software Engineer,26771.0,10,522462.65,52246.26,55035.78,Medium Activity,Medium Spender
C03646,Lajita Batta,42,Male,Sales Executive,28971.0,16,949726.12,59357.88,61002.08,High Activity,High Spender
C03647,Sarthak Bawa,30,Female,Software Engineer,161420.0,9,458936.79,50992.98,45873.6,Medium Activity,Medium Spender
C03648,Lopa Saraf,45,Male,Business Owner,46244.0,8,444980.75,55622.59,51527.65,Low Activity,Medium Spender
C03649,Tanay Dixit,21,Female,Doctor,44149.0,14,747731.56,53409.4,49158.92,Medium Activity,High Spender
C03650,Chanakya Atwal,47,Male,Teacher,144699.0,8,514836.68,64354.59,73127.36,Low Activity,Medium Spender
C03651,Zaitra Naidu,50,Female,Farmer,135452.0,9,555402.73,61711.41,60993.52,Medium Activity,Medium Spender
C03652,Ryan Suri,29,Male,Accountant,144844.0,14,835641.33,59688.67,61527.1,Medium Activity,High Spender
C03653,Matthew Sani,51,Female,Business Owner,104640.0,10,585843.68,58584.37,65614.54,Medium Activity,High Spender
C03654,Wahab Kaul,63,Female,Other,195225.0,10,673426.8,67342.68,74865.86,Medium Activity,High Spender
C03655,Unnati Ravel,27,Female,Sales Executive,169747.0,11,739900.19,67263.65,81890.4,Medium Activity,High Spender
C03656,Reva Varty,33,Male,Doctor,154934.0,9,373665.46,41518.38,33346.78,Medium Activity,Low Spender
C03657,Omkaar Nath,29,Male,Doctor,192807.0,14,764716.77,54622.63,59266.83,Medium Activity,High Spender
C03658,Damyanti Desai,26,Male,Student,94003.0,6,399137.6,66522.93,73060.43,Low Activity,Low Spender
C03659,Pahal Golla,60,Male,Doctor,79303.0,11,555339.49,50485.41,61514.28,Medium Activity,Medium Spender
C03660,Alexander Bera,37,Male,Accountant,106147.0,7,382908.36,54701.19,47358.89,Low Activity,Low Spender
C03661,Charan Biswas,50,Female,Business Owner,105968.0,5,214661.67,42932.33,51571.49,Low Activity,Low Spender
C03662,Pallavi Kapoor,48,Female,Business Owner,171877.0,11,655490.56,59590.05,64061.79,Medium Activity,High Spender
C03663,Saanvi Raman,23,Female,Software Engineer,71877.0,9,478751.67,53194.63,56632.29,Medium Activity,Medium Spender
C03664,Farhan Tripathi,32,Male,Business Owner,186364.0,9,380265.59,42251.73,36691.37,Medium Activity,Low Spender
C03665,Tanay Krish,23,Male,Business Owner,124009.0,12,499837.2,41653.1,38670.64,Medium Activity,Medium Spender
C03666,Panini Rajan,41,Male,Other,146032.0,11,372997.69,33908.88,32472.21,Medium Activity,Low Spender
C03667,Chameli Bhasin,51,Female,Doctor,184813.0,8,222954.78,27869.35,21989.44,Low Activity,Low Spender
C03668,Ikshita Srivastava,57,Female,Sales Executive,76318.0,6,436186.37,72697.73,77948.42,Low Activity,Medium Spender
C03669,Diya Iyer,50,Female,Farmer,135307.0,12,651836.49,54319.71,54690.23,Medium Activity,High Spender
C03670,Inaya Dugar,28,Female,Farmer,108434.0,17,912915.3,53700.9,66737.82,High Activity,High Spender
C03671,Raagini Butala,42,Male,Accountant,109386.0,6,270547.56,45091.26,38971.29,Low Activity,Low Spender
C03672,Chakradev Mittal,52,Female,Teacher,195115.0,10,620491.24,62049.12,66753.83,Medium Activity,High Spender
C03673,Nidra Karnik,42,Female,Teacher,115793.0,11,451098.31,41008.94,35667.91,Medium Activity,Medium Spender
C03674,Sai Mishra,48,Male,Farmer,53089.0,10,542238.16,54223.82,56158.82,Medium Activity,Medium Spender
C03675,Gaurika Menon,27,Male,Sales Executive,49133.0,10,591684.48,59168.45,68101.26,Medium Activity,High Spender
C03676,Tristan Manda,28,Female,Business Owner,111127.0,12,539889.55,44990.8,35731.04,Medium Activity,Medium Spender
C03677,Tripti Kapur,40,Female,Student,165043.0,9,574858.96,63873.22,67034.13,Medium Activity,High Spender
C03678,Yashoda Balan,26,Male,Student,153930.0,7,287731.66,41104.52,18070.38,Low Activity,Low Spender
C03679,Aadhya Mahajan,33,Male,Doctor,24382.0,9,526557.96,58506.44,56971.52,Medium Activity,Medium Spender
C03680,Maya Bains,33,Female,Farmer,177531.0,9,540599.55,60066.62,64424.65,Medium Activity,Medium Spender
C03681,Fiyaz Pandya,30,Male,Farmer,115068.0,18,634105.64,35228.09,26066.32,High Activity,High Spender
C03682,Yash Tank,55,Male,Farmer,63713.0,9,462348.81,51372.09,52661.08,Medium Activity,Medium Spender
C03683,Christopher Yogi,44,Male,Teacher,198361.0,8,458583.73,57322.97,61567.89,Low Activity,Medium Spender
C03684,Waida Wali,31,Male,Business Owner,161773.0,8,472058.04,59007.26,68726.42,Low Activity,Medium Spender
C03685,Tristan Balan,60,Female,Doctor,92986.0,7,325168.35,46452.62,44819.19,Low Activity,Low Spender
C03686,Vanya Amble,24,Female,Accountant,122176.0,11,376284.43,34207.68,21137.66,Medium Activity,Low Spender
C03687,Abhiram Comar,54,Female,Sales Executive,142684.0,12,676679.62,56389.97,50408.89,Medium Activity,High Spender
C03688,Yagnesh Garde,41,Male,Accountant,20092.0,8,422038.05,52754.76,50864.55,Low Activity,Medium Spender
C03689,Gayathri Shah,25,Female,Farmer,195143.0,6,258878.9,43146.48,25259.26,Low Activity,Low Spender
C03690,Amruta Agrawal,40,Male,Other,175709.0,8,412705.48,51588.18,59619.52,Low Activity,Medium Spender
C03691,Zansi Chaudhari,25,Male,Student,56779.0,10,480928.05,48092.8,53846.34,Medium Activity,Medium Spender
C03692,Udarsh Parikh,30,Female,Business Owner,83560.0,8,362571.43,45321.43,36157.59,Low Activity,Low Spender
C03693,Theodore Wable,46,Male,Student,122498.0,15,715286.87,47685.79,55381.25,Medium Activity,High Spender
C03694,Brinda Bahl,58,Male,Doctor,111857.0,13,792284.28,60944.94,62651.87,Medium Activity,High Spender
C03695,Dominic Sarkar,25,Male,Accountant,56815.0,10,651514.52,65151.45,73683.52,Medium Activity,High Spender
C03696,Janya Bal,46,Male,Other,196243.0,10,300136.47,30013.65,24710.93,Medium Activity,Low Spender
C03697,Kashvi Varty,30,Male,Sales Executive,57331.0,10,602277.27,60227.73,63952.23,Medium Activity,High Spender
C03698,Lila Swaminathan,64,Female,Government Employee,22823.0,18,947710.46,52650.58,55722.32,High Activity,High Spender
C03699,Nathaniel Karan,61,Male,Farmer,101568.0,9,369437.2,41048.58,38470.29,Medium Activity,Low Spender
C03700,Theodore Chandran,54,Male,Other,143498.0,10,286698.79,28669.88,24571.04,Medium Activity,Low Spender
C03701,Yuvraj Parsa,35,Female,Accountant,52732.0,7,367492.17,52498.88,59769.22,Low Activity,Low Spender
C03702,Bhavna Bath,55,Female,Business Owner,38455.0,8,471924.81,58990.6,49622.58,Low Activity,Medium Spender
C03703,Atharv Ahuja,42,Female,Software Engineer,120008.0,14,712942.6,50924.47,65817.37,Medium Activity,High Spender
C03704,Mitali Verma,37,Male,Sales Executive,131649.0,11,528158.75,48014.43,61572.77,Medium Activity,Medium Spender
C03705,Lekha Kar,58,Male,Sales Executive,96311.0,9,384449.85,42716.65,45284.4,Medium Activity,Low Spender
C03706,Zansi Puri,35,Male,Teacher,178155.0,10,490812.28,49081.23,53665.84,Medium Activity,Medium Spender
C03707,Leena Kothari,59,Female,Doctor,194302.0,13,737086.65,56698.97,60940.89,Medium Activity,High Spender
C03708,Tripti Deshmukh,52,Female,Student,34851.0,18,815339.18,45296.62,42653.25,High Activity,High Spender
C03709,Samuel Sama,61,Male,Accountant,92316.0,8,260529.28,32566.16,23796.16,Low Activity,Low Spender
C03710,Jasmit Varkey,37,Female,Student,194844.0,8,421959.53,52744.94,58529.28,Low Activity,Medium Spender
C03711,Zayan Gala,37,Female,Teacher,23388.0,10,510260.22,51026.02,41119.68,Medium Activity,Medium Spender
C03712,Lopa Gulati,27,Female,Doctor,173559.0,12,709420.96,59118.41,69571.44,Medium Activity,High Spender
C03713,Agastya Raju,52,Male,Other,133709.0,13,794692.87,61130.22,54694.41,Medium Activity,High Spender
C03714,Rajata Anne,63,Female,Teacher,147890.0,7,416746.83,59535.26,64578.78,Low Activity,Medium Spender
C03715,Naveen Mallick,56,Female,Other,156044.0,7,446830.25,63832.89,67049.0,Low Activity,Medium Spender
C03716,Rachita Pandey,63,Female,Software Engineer,177722.0,12,629496.22,52458.02,42511.28,Medium Activity,High Spender
C03717,Wyatt Taneja,27,Male,Other,44881.0,10,706168.76,70616.88,78743.32,Medium Activity,High Spender
C03718,Vansha Dugal,28,Male,Government Employee,172075.0,7,319573.55,45653.36,50012.76,Low Activity,Low Spender
C03719,Inaya Wadhwa,64,Female,Student,30450.0,13,654044.58,50311.12,51211.84,Medium Activity,High Spender
C03720,Falak Chad,43,Female,Sales Executive,170298.0,9,546530.64,60725.63,66136.16,Medium Activity,Medium Spender
C03721,Ganga Rao,54,Male,Student,184657.0,17,850737.89,50043.41,52671.54,High Activity,High Spender
C03722,Qabil Nayak,48,Male,Doctor,168617.0,14,730841.75,52202.98,57715.51,Medium Activity,High Spender
C03723,Madhavi Kala,32,Male,Government Employee,45900.0,9,565279.53,62808.84,67826.6,Medium Activity,Medium Spender
C03724,Irya Narayanan,39,Female,Software Engineer,139701.0,5,274540.52,54908.1,59197.56,Low Activity,Low Spender
C03725,Sanya Chaudhari,37,Female,Government Employee,112373.0,12,511282.41,42606.87,52024.48,Medium Activity,Medium Spender
C03726,Jagvi Kadakia,36,Female,Sales Executive,32530.0,8,366623.41,45827.93,55938.36,Low Activity,Low Spender
C03727,Wishi Jha,41,Female,Accountant,62098.0,9,412792.82,45865.87,38648.0,Medium Activity,Medium Spender
C03728,Zaid Bal,34,Female,Student,111367.0,7,324669.21,46381.32,35507.71,Low Activity,Low Spender
C03729,Aadhya Doctor,32,Female,Teacher,107494.0,11,447614.7,40692.25,38254.78,Medium Activity,Medium Spender
C03730,Naksh Nagarajan,43,Male,Government Employee,100172.0,10,522021.23,52202.12,54202.99,Medium Activity,Medium Spender
C03731,Baljiwan Toor,27,Male,Student,102031.0,12,593524.47,49460.37,55352.42,Medium Activity,High Spender
C03732,Ekaraj Chacko,60,Female,Business Owner,120321.0,10,402259.15,40225.92,34548.09,Medium Activity,Low Spender
C03733,Wazir Nadig,33,Female,Sales Executive,111906.0,15,751244.32,50082.95,56249.28,Medium Activity,High Spender
C03734,Indira Bhavsar,42,Female,Government Employee,61737.0,8,436578.24,54572.28,58613.69,Low Activity,Medium Spender
C03735,Abha Karnik,31,Female,Software Engineer,49223.0,9,425922.52,47324.72,42910.69,Medium Activity,Medium Spender
C03736,Dalaja Radhakrishnan,33,Female,Farmer,188377.0,10,610155.84,61015.58,75540.2,Medium Activity,High Spender
C03737,Vaishnavi Andra,56,Female,Farmer,161100.0,8,519670.78,64958.85,69530.15,Low Activity,Medium Spender
C03738,Abha Dash,32,Female,Other,39905.0,11,587663.56,53423.96,52550.41,Medium Activity,High Spender
C03739,Ganga D’Alia,33,Male,Teacher,176754.0,18,873955.67,48553.09,42978.62,High Activity,High Spender
C03740,Ekansh Raghavan,63,Female,Accountant,58211.0,4,303712.65,75928.16,74906.53,Low Activity,Low Spender
C03741,Pavani Chanda,42,Female,Student,54873.0,11,603749.91,54886.36,61578.5,Medium Activity,High Spender
C03742,Arin Bhattacharyya,45,Male,Accountant,180804.0,9,444005.03,49333.89,45850.45,Medium Activity,Medium Spender
C03743,Mahika Sem,57,Male,Government Employee,78936.0,9,434578.74,48286.53,45464.42,Medium Activity,Medium Spender
C03744,Kavya Patil,49,Male,Doctor,163651.0,10,532914.46,53291.45,60507.31,Medium Activity,Medium Spender
C03745,Gagan Bahri,30,Female,Software Engineer,149628.0,7,403299.3,57614.19,60872.84,Low Activity,Low Spender
C03746,Vedant Korpal,35,Male,Doctor,79200.0,8,455851.58,56981.45,56024.74,Low Activity,Medium Spender
C03747,Maanas Dubey,49,Male,Business Owner,23255.0,9,333075.9,37008.43,34207.28,Medium Activity,Low Spender
C03748,Omkaar Magar,39,Male,Software Engineer,180489.0,6,337286.54,56214.42,61547.48,Low Activity,Low Spender
C03749,Warhi Gour,51,Female,Student,165836.0,5,334216.55,66843.31,59012.14,Low Activity,Low Spender
C03750,Falan Varty,56,Male,Student,68773.0,14,617089.89,44077.85,43314.34,Medium Activity,High Spender
C03751,Nirja Kadakia,54,Female,Other,121476.0,15,730176.54,48678.44,48521.55,Medium Activity,High Spender
C03752,Bhavna Walla,37,Female,Accountant,133066.0,4,287686.96,71921.74,79197.53,Low Activity,Low Spender
C03753,Forum Bhakta,44,Female,Doctor,103926.0,10,520700.43,52070.04,46144.5,Medium Activity,Medium Spender
C03754,William Bhat,55,Female,Teacher,55256.0,6,299209.4,49868.23,39105.77,Low Activity,Low Spender
C03755,Owen Borah,41,Male,Farmer,171770.0,8,310504.89,38813.11,38338.01,Low Activity,Low Spender
C03756,Max Suri,29,Male,Farmer,144711.0,14,595658.46,42547.03,44348.48,Medium Activity,High Spender
C03757,Arya Dua,55,Female,Teacher,178358.0,8,239153.9,29894.24,19740.05,Low Activity,Low Spender
C03758,Gautami Bandi,35,Female,Farmer,78710.0,11,693493.44,63044.86,65181.3,Medium Activity,High Spender
C03759,Eiravati Sarin,50,Female,Other,33946.0,8,436210.21,54526.28,58323.16,Low Activity,Medium Spender
C03760,Jeet Bhargava,50,Female,Sales Executive,174943.0,11,439795.91,39981.45,32172.06,Medium Activity,Medium Spender
C03761,Alka Gade,48,Male,Business Owner,25797.0,10,608157.66,60815.77,68658.17,Medium Activity,High Spender
C03762,Wridesh Subramanian,56,Female,Farmer,190466.0,9,313993.5,34888.17,36821.97,Medium Activity,Low Spender
C03763,Samuel Varghese,24,Female,Sales Executive,58765.0,13,593273.77,45636.44,38943.46,Medium Activity,High Spender
C03764,Raksha Munshi,25,Female,Teacher,92375.0,7,477365.49,68195.07,73680.65,Low Activity,Medium Spender
C03765,Nimrat Devi,57,Female,Software Engineer,176693.0,11,589624.74,53602.25,44431.2,Medium Activity,High Spender
C03766,Tristan Dhawan,52,Female,Business Owner,123873.0,12,667884.73,55657.06,56454.2,Medium Activity,High Spender
C03767,Warda Raju,34,Female,Accountant,161137.0,11,309618.72,28147.16,19481.31,Medium Activity,Low Spender
C03768,Harini Naidu,65,Female,Government Employee,80965.0,9,341410.47,37934.5,16489.56,Medium Activity,Low Spender
C03769,Arin Chhabra,57,Female,Business Owner,161456.0,13,772155.15,59396.55,47577.84,Medium Activity,High Spender
C03770,Hemani Saran,64,Female,Software Engineer,179801.0,3,90174.16,30058.05,21356.76,Low Activity,Low Spender
C03771,Warhi Dayal,24,Female,Other,51374.0,11,585090.63,53190.06,45012.66,Medium Activity,High Spender
C03772,Theodore Murthy,25,Male,Farmer,128451.0,6,278857.77,46476.3,35681.6,Low Activity,Low Spender
C03773,Jonathan D’Alia,31,Male,Doctor,177686.0,9,431535.67,47948.41,53211.39,Medium Activity,Medium Spender
C03774,Charles Narayan,32,Male,Software Engineer,190238.0,9,546234.25,60692.69,60630.24,Medium Activity,Medium Spender
C03775,Ekalinga Sunder,52,Male,Government Employee,43358.0,6,330187.77,55031.3,58455.38,Low Activity,Low Spender
C03776,Leena Dalal,27,Female,Other,199661.0,13,835523.64,64271.05,71564.22,Medium Activity,High Spender
C03777,Ijaya Kunda,45,Female,Student,144363.0,17,963588.4,56681.67,59333.56,High Activity,High Spender
C03778,Avni Bhattacharyya,29,Female,Business Owner,45129.0,9,407737.04,45304.12,33102.94,Medium Activity,Low Spender
C03779,Ekta Bora,40,Female,Business Owner,132816.0,13,757601.04,58277.0,50279.2,Medium Activity,High Spender
C03780,Kabir Garde,37,Female,Teacher,68382.0,13,556591.2,42814.71,37219.52,Medium Activity,Medium Spender
C03781,Nihal Dani,37,Female,Doctor,79412.0,11,502503.81,45682.16,43861.69,Medium Activity,Medium Spender
C03782,Oliver Sani,43,Male,Government Employee,138417.0,8,393320.31,49165.04,43423.68,Low Activity,Low Spender
C03783,Zinal Murty,27,Female,Software Engineer,178901.0,11,531809.54,48346.32,48675.7,Medium Activity,Medium Spender
C03784,Reyansh Patil,24,Male,Government Employee,45032.0,8,304573.76,38071.72,30697.86,Low Activity,Low Spender
C03785,Utkarsh Edwin,31,Male,Farmer,23297.0,3,194672.46,64890.82,65731.29,Low Activity,Low Spender
C03786,Veda Doctor,21,Female,Student,100285.0,15,687147.92,45809.86,42254.45,Medium Activity,High Spender
C03787,Dalbir Banik,22,Female,Teacher,65191.0,8,507859.61,63482.45,64785.05,Low Activity,Medium Spender
C03788,Unni Dara,33,Female,Business Owner,160303.0,8,408526.66,51065.83,42395.34,Low Activity,Low Spender
C03789,Luke Badal,34,Female,Teacher,199091.0,13,555032.79,42694.83,33340.93,Medium Activity,Medium Spender
C03790,Chaaya Krishnan,30,Female,Other,66380.0,14,678973.08,48498.08,41476.54,Medium Activity,High Spender
C03791,Alka Chander,49,Male,Farmer,59020.0,6,302263.26,50377.21,54558.48,Low Activity,Low Spender
C03792,Amol Nanda,49,Male,Other,30164.0,12,648892.48,54074.37,51441.8,Medium Activity,High Spender
C03793,Gaurav Agate,55,Male,Accountant,96396.0,15,958612.1,63907.47,68220.7,Medium Activity,High Spender
C03794,Isha Kulkarni,27,Female,Business Owner,174692.0,14,895820.36,63987.17,73272.44,Medium Activity,High Spender
C03795,Thomas Sen,54,Male,Teacher,150456.0,6,182047.5,30341.25,22749.9,Low Activity,Low Spender
C03796,Jagdish Sane,33,Male,Other,108446.0,12,561688.26,46807.36,50445.14,Medium Activity,Medium Spender
C03797,Oeshi Saini,50,Female,Sales Executive,50508.0,6,450536.89,75089.48,74681.43,Low Activity,Medium Spender
C03798,Agastya Ahuja,63,Male,Government Employee,84545.0,6,223204.36,37200.73,34212.26,Low Activity,Low Spender
C03799,Indali Hayer,44,Male,Doctor,148651.0,7,241974.54,34567.79,41820.35,Low Activity,Low Spender
C03800,Balendra Babu,33,Female,Software Engineer,113931.0,8,464599.66,58074.96,60671.15,Low Activity,Medium Spender
C03801,Upasna Chandra,24,Female,Other,45894.0,7,303827.13,43403.88,47753.43,Low Activity,Low Spender
C03802,Theodore Majumdar,54,Male,Government Employee,158238.0,8,532915.2,66614.4,74952.44,Low Activity,Medium Spender
C03803,Damyanti Gera,57,Female,Farmer,188610.0,11,650266.37,59115.12,50820.8,Medium Activity,High Spender
C03804,Aarna Choudhry,33,Female,Government Employee,55514.0,9,545186.19,60576.24,52731.13,Medium Activity,Medium Spender
C03805,Noah Nadkarni,49,Male,Accountant,184191.0,9,365911.39,40656.82,34766.86,Medium Activity,Low Spender
C03806,Urishilla Dey,48,Female,Student,118845.0,9,356259.79,39584.42,32819.78,Medium Activity,Low Spender
C03807,Naveen Barad,26,Female,Software Engineer,148775.0,16,757267.45,47329.22,48855.98,High Activity,High Spender
C03808,Maanav Kashyap,27,Female,Farmer,146905.0,10,493086.02,49308.6,53152.08,Medium Activity,Medium Spender
C03809,Eesha Lanka,60,Female,Accountant,150446.0,7,388905.86,55557.98,62294.08,Low Activity,Low Spender
C03810,Janya Aggarwal,39,Male,Farmer,30913.0,7,324094.16,46299.17,52451.68,Low Activity,Low Spender
C03811,Baghyawati Dara,33,Male,Accountant,174001.0,12,472203.44,39350.29,29594.82,Medium Activity,Medium Spender
C03812,Wazir Sahota,57,Male,Government Employee,32571.0,15,607074.05,40471.6,32958.29,Medium Activity,High Spender
C03813,Zashil Bir,55,Male,Software Engineer,99415.0,11,619941.4,56358.31,52239.42,Medium Activity,High Spender
C03814,Waida Rau,45,Male,Government Employee,160971.0,9,627445.49,69716.17,64388.82,Medium Activity,High Spender
C03815,Vansha Pandey,24,Female,Farmer,157359.0,5,386432.41,77286.48,93039.65,Low Activity,Low Spender
C03816,Matthew Bhatt,32,Female,Software Engineer,76228.0,9,446793.84,49643.76,61423.53,Medium Activity,Medium Spender
C03817,Jonathan Bala,27,Female,Business Owner,78082.0,9,329363.17,36595.91,25528.72,Medium Activity,Low Spender
C03818,Vivaan Sibal,41,Male,Doctor,149833.0,8,472834.93,59104.37,59027.48,Low Activity,Medium Spender
C03819,Darsh Oza,34,Male,Software Engineer,120004.0,11,456900.33,41536.39,36391.29,Medium Activity,Medium Spender
C03820,Kavya Das,34,Male,Accountant,21242.0,13,625704.07,48131.08,35165.0,Medium Activity,High Spender
C03821,Libni Rai,36,Female,Business Owner,122214.0,15,726742.57,48449.5,50026.25,Medium Activity,High Spender
C03822,Eta Kanda,35,Female,Student,31732.0,8,405434.0,50679.25,58791.96,Low Activity,Low Spender
C03823,Zehaan Srinivasan,30,Male,Other,84532.0,9,483330.67,53703.41,66819.5,Medium Activity,Medium Spender
C03824,Yashica Sarkar,60,Female,Student,198361.0,15,815638.7,54375.91,65443.42,Medium Activity,High Spender
C03825,Chatura Parikh,57,Female,Doctor,191268.0,11,447642.64,40694.79,41182.32,Medium Activity,Medium Spender
C03826,Radhika Goel,38,Female,Software Engineer,129022.0,10,579945.3,57994.53,67859.2,Medium Activity,High Spender
C03827,Neel Mani,47,Female,Accountant,69675.0,10,395637.19,39563.72,47821.96,Medium Activity,Low Spender
C03828,Dalaja Comar,52,Female,Other,22734.0,8,483540.39,60442.55,71500.81,Low Activity,Medium Spender
C03829,Praneel Kala,61,Female,Software Engineer,137736.0,8,366868.35,45858.54,49537.5,Low Activity,Low Spender
C03830,Nilima Sabharwal,29,Male,Teacher,187142.0,15,660460.95,44030.73,24110.35,Medium Activity,High Spender
C03831,Aarav Soni,28,Male,Business Owner,148066.0,18,1133416.5,62967.58,71759.05,High Activity,High Spender
C03832,Wishi Buch,25,Male,Farmer,105820.0,10,587999.1,58799.91,63458.73,Medium Activity,High Spender
C03833,Madhav Mand,31,Female,Student,94660.0,10,347438.03,34743.8,32943.82,Medium Activity,Low Spender
C03834,Isha Solanki,55,Female,Accountant,169450.0,11,641062.02,58278.37,53669.37,Medium Activity,High Spender
C03835,Mason Seshadri,37,Male,Teacher,123522.0,13,857500.48,65961.58,74976.96,Medium Activity,High Spender
C03836,Wriddhish Aggarwal,33,Male,Farmer,150539.0,9,448181.35,49797.93,70886.71,Medium Activity,Medium Spender
C03837,Joshua Mangal,33,Male,Farmer,29357.0,6,379449.84,63241.64,73531.37,Low Activity,Low Spender
C03838,Laksh Varghese,51,Female,Teacher,49204.0,10,637020.86,63702.09,67219.11,Medium Activity,High Spender
C03839,Chaitanya Menon,35,Male,Student,68359.0,9,515528.31,57280.92,55331.11,Medium Activity,Medium Spender
C03840,Netra Narayan,26,Male,Doctor,134281.0,7,368155.07,52593.58,53581.21,Low Activity,Low Spender
C03841,Pushti Gulati,60,Female,Sales Executive,57423.0,9,377949.32,41994.37,39035.73,Medium Activity,Low Spender
C03842,Banjeet Lala,49,Male,Farmer,69537.0,17,847523.32,49854.31,51204.47,High Activity,High Spender
C03843,Joshua Sarkar,34,Female,Software Engineer,169107.0,15,718762.62,47917.51,48910.38,Medium Activity,High Spender
C03844,Ati Sekhon,21,Male,Government Employee,85746.0,11,543482.95,49407.54,54042.58,Medium Activity,Medium Spender
C03845,Ranbir Merchant,32,Female,Sales Executive,72599.0,8,471781.65,58972.71,57731.09,Low Activity,Medium Spender
C03846,Lucky Magar,62,Male,Student,119623.0,4,180174.15,45043.54,46466.58,Low Activity,Low Spender
C03847,Zayyan Kulkarni,30,Female,Farmer,36685.0,11,320896.07,29172.37,31482.84,Medium Activity,Low Spender
C03848,Daksh Sidhu,35,Male,Doctor,108051.0,10,505069.98,50507.0,40428.38,Medium Activity,Medium Spender
C03849,Theodore Andra,63,Female,Software Engineer,135482.0,5,203672.39,40734.48,38371.79,Low Activity,Low Spender
C03850,Alka Balay,25,Male,Other,158557.0,12,542778.21,45231.52,41981.4,Medium Activity,Medium Spender
C03851,Sachi Lalla,39,Male,Business Owner,163425.0,9,449167.07,49907.45,50832.48,Medium Activity,Medium Spender
C03852,Kritika Peri,41,Male,Teacher,199506.0,9,551398.84,61266.54,60345.24,Medium Activity,Medium Spender
C03853,Yash Zachariah,25,Female,Farmer,160056.0,11,578382.07,52580.19,54245.51,Medium Activity,High Spender
C03854,Hemani Banerjee,22,Male,Government Employee,117090.0,10,686403.12,68640.31,67355.08,Medium Activity,High Spender
C03855,Nirja Iyengar,23,Male,Teacher,199389.0,15,630202.64,42013.51,43043.03,Medium Activity,High Spender
C03856,Pooja Rai,35,Male,Student,20896.0,9,469166.11,52129.57,61284.25,Medium Activity,Medium Spender
C03857,Dalaja Krishna,57,Male,Student,168623.0,17,731536.51,43031.56,38792.05,High Activity,High Spender
C03858,Odika Gara,28,Male,Software Engineer,167754.0,7,326131.17,46590.17,50105.18,Low Activity,Low Spender
C03859,Amaira Dhaliwal,55,Male,Software Engineer,190095.0,16,706354.32,44147.14,46965.6,High Activity,High Spender
C03860,Anjali Char,51,Female,Accountant,199728.0,17,937149.19,55126.42,51469.1,High Activity,High Spender
C03861,Balvan Pandya,60,Female,Sales Executive,82303.0,12,538629.82,44885.82,41729.37,Medium Activity,Medium Spender
C03862,David Sood,64,Female,Other,85547.0,10,455824.44,45582.44,39668.62,Medium Activity,Medium Spender
C03863,Warinder Bera,43,Female,Sales Executive,60144.0,13,736278.15,56636.78,54678.5,Medium Activity,High Spender
C03864,Neelima Rastogi,50,Female,Doctor,57855.0,10,495622.03,49562.2,54190.86,Medium Activity,Medium Spender
C03865,Mason Vora,39,Male,Student,87426.0,6,172720.4,28786.73,23425.5,Low Activity,Low Spender
C03866,Yashodhara Shetty,31,Female,Software Engineer,133177.0,12,451796.65,37649.72,33925.77,Medium Activity,Medium Spender
C03867,Upadhriti Mammen,40,Male,Software Engineer,140568.0,8,347661.25,43457.66,38890.75,Low Activity,Low Spender
C03868,Kashish Randhawa,47,Male,Student,52774.0,18,890313.46,49461.86,46034.28,High Activity,High Spender
C03869,Tanvi Chaudhry,61,Female,Doctor,126376.0,13,651323.52,50101.81,50683.29,Medium Activity,High Spender
C03870,Ati Murthy,47,Female,Sales Executive,138570.0,8,442348.21,55293.53,50153.7,Low Activity,Medium Spender
C03871,Maanav Bhardwaj,49,Female,Sales Executive,115305.0,9,330899.02,36766.56,38916.64,Medium Activity,Low Spender
C03872,Jonathan Bahri,42,Female,Student,54895.0,11,541092.78,49190.25,65450.61,Medium Activity,Medium Spender
C03873,Charvi Kakar,54,Male,Doctor,76874.0,17,1002550.65,58973.57,63296.92,High Activity,High Spender
C03874,Daksh Kar,33,Male,Other,115267.0,6,255916.58,42652.76,36530.98,Low Activity,Low Spender
C03875,Madhav Bahl,50,Female,Government Employee,188820.0,8,374520.48,46815.06,43548.52,Low Activity,Low Spender
C03876,Udant Chahal,40,Male,Student,57049.0,5,207412.07,41482.41,43185.15,Low Activity,Low Spender
C03877,Advaith Varkey,51,Male,Farmer,190980.0,8,262123.27,32765.41,33816.37,Low Activity,Low Spender
C03878,Girindra Chakrabarti,49,Female,Other,128034.0,8,436397.89,54549.74,54911.1,Low Activity,Medium Spender
C03879,Inaya Chowdhury,24,Male,Doctor,108521.0,8,393484.59,49185.57,49638.94,Low Activity,Low Spender
C03880,Jairaj Majumdar,56,Male,Student,155659.0,8,305145.99,38143.25,32271.17,Low Activity,Low Spender
C03881,Rachita Dora,48,Male,Sales Executive,26248.0,8,384128.88,48016.11,45989.42,Low Activity,Low Spender
C03882,Kamya Dube,65,Male,Student,168738.0,8,392932.72,49116.59,48018.48,Low Activity,Low Spender
C03883,Harsh Chaudhuri,63,Male,Accountant,198423.0,14,585492.69,41820.91,38394.61,Medium Activity,High Spender
C03884,Devika Manne,57,Male,Student,170750.0,5,226865.04,45373.01,49372.93,Low Activity,Low Spender
C03885,Yashawini Gulati,33,Male,Student,102966.0,5,173936.19,34787.24,24325.8,Low Activity,Low Spender
C03886,Lohit Patil,50,Male,Business Owner,147581.0,9,452919.25,50324.36,38765.75,Medium Activity,Medium Spender
C03887,Aradhana Ganguly,41,Male,Teacher,37133.0,15,652970.12,43531.34,38326.2,Medium Activity,High Spender
C03888,Avni Nagi,26,Male,Software Engineer,33828.0,10,401093.88,40109.39,34569.6,Medium Activity,Low Spender
C03889,Chaitanya Dugar,42,Male,Government Employee,113505.0,10,648394.67,64839.47,78059.59,Medium Activity,High Spender
C03890,Libni Savant,33,Male,Doctor,100625.0,11,521928.75,47448.07,55492.47,Medium Activity,Medium Spender
C03891,Simon Keer,25,Female,Other,102706.0,7,292824.78,41832.11,41448.16,Low Activity,Low Spender
C03892,Mason Konda,58,Female,Sales Executive,108767.0,10,533941.01,53394.1,59232.66,Medium Activity,Medium Spender
C03893,Netra Brahmbhatt,32,Female,Accountant,46607.0,6,228062.51,38010.42,37175.64,Low Activity,Low Spender
C03894,Pavani Sridhar,56,Male,Business Owner,62796.0,6,215196.48,35866.08,34152.39,Low Activity,Low Spender
C03895,Om Balay,47,Male,Farmer,182080.0,8,362307.13,45288.39,50090.8,Low Activity,Low Spender
C03896,Lakshit Singhal,47,Male,Farmer,164787.0,10,356595.55,35659.56,31347.34,Medium Activity,Low Spender
C03897,Darika Lanka,61,Female,Accountant,85376.0,12,747726.99,62310.58,71722.99,Medium Activity,High Spender
C03898,Tanveer Krishnamurthy,28,Male,Sales Executive,45446.0,11,482300.33,43845.48,40844.11,Medium Activity,Medium Spender
C03899,Osha Tak,23,Male,Student,143945.0,10,531213.68,53121.37,51388.74,Medium Activity,Medium Spender
C03900,Tristan Mutti,45,Female,Business Owner,25230.0,11,424191.78,38562.89,37005.01,Medium Activity,Medium Spender
C03901,Arjun Randhawa,58,Female,Sales Executive,173325.0,9,424788.83,47198.76,34709.74,Medium Activity,Medium Spender
C03902,Ayush Nagar,57,Male,Sales Executive,25205.0,14,686201.16,49014.37,54804.91,Medium Activity,High Spender
C03903,Falguni Ranganathan,52,Female,Government Employee,42284.0,13,560114.96,43085.77,24945.96,Medium Activity,Medium Spender
C03904,Wriddhish Chana,44,Male,Business Owner,55374.0,8,336041.92,42005.24,35429.61,Low Activity,Low Spender
C03905,Yochana Bhatnagar,60,Female,Student,59186.0,13,426574.33,32813.41,20572.93,Medium Activity,Medium Spender
C03906,Advaith Sehgal,28,Male,Government Employee,96637.0,11,473627.31,43057.03,41695.12,Medium Activity,Medium Spender
C03907,Januja Bumb,26,Female,Other,149695.0,10,449894.97,44989.5,42535.27,Medium Activity,Medium Spender
C03908,Arunima Jha,22,Female,Business Owner,115739.0,9,635425.03,70602.78,86997.56,Medium Activity,High Spender
C03909,Samesh Mall,37,Male,Farmer,93464.0,16,954561.9,59660.12,59382.97,High Activity,High Spender
C03910,Lajita Ben,54,Male,Sales Executive,103510.0,7,357104.05,51014.86,59103.32,Low Activity,Low Spender
C03911,Ganga Rana,31,Male,Doctor,100382.0,11,590798.74,53708.98,68310.0,Medium Activity,High Spender
C03912,Samar Swamy,37,Female,Student,108478.0,12,617372.21,51447.68,49016.57,Medium Activity,High Spender
C03913,Vansha Sunder,23,Female,Sales Executive,192860.0,9,355266.36,39474.04,43893.09,Medium Activity,Low Spender
C03914,Chandani Bala,26,Female,Farmer,28224.0,12,699259.12,58271.59,63682.56,Medium Activity,High Spender
C03915,Ekanta Bansal,29,Male,Other,25036.0,9,545262.17,60584.69,59085.99,Medium Activity,Medium Spender
C03916,Dhriti Palla,40,Female,Doctor,143239.0,5,218147.61,43629.52,45488.46,Low Activity,Low Spender
C03917,Vaishnavi Kapoor,45,Female,Software Engineer,196135.0,6,421013.71,70168.95,83944.73,Low Activity,Medium Spender
C03918,Unnati Kurian,38,Female,Government Employee,116152.0,9,508677.64,56519.74,65720.1,Medium Activity,Medium Spender
C03919,Ati Bhalla,53,Female,Student,109686.0,8,373193.36,46649.17,46788.14,Low Activity,Low Spender
C03920,Lohit Gala,29,Female,Accountant,164803.0,12,443660.72,36971.73,32022.03,Medium Activity,Medium Spender
C03921,Ekantika Bera,33,Female,Accountant,89906.0,9,391333.67,43481.52,41551.19,Medium Activity,Low Spender
C03922,Farhan Chauhan,26,Female,Teacher,194646.0,12,607986.04,50665.5,57651.04,Medium Activity,High Spender
C03923,Neelima Chawla,41,Male,Software Engineer,53692.0,7,372431.36,53204.48,50531.85,Low Activity,Low Spender
C03924,Warhi Padmanabhan,27,Male,Teacher,66427.0,6,343230.47,57205.08,68010.74,Low Activity,Low Spender
C03925,Faris Baral,44,Male,Business Owner,169922.0,9,505919.29,56213.25,77522.05,Medium Activity,Medium Spender
C03926,Forum Narain,36,Male,Teacher,22528.0,12,735012.41,61251.03,61474.75,Medium Activity,High Spender
C03927,Oeshi Shanker,21,Female,Other,38450.0,7,306627.63,43803.95,36790.8,Low Activity,Low Spender
C03928,Ojas Vyas,30,Female,Government Employee,194309.0,9,368031.41,40892.38,37575.04,Medium Activity,Low Spender
C03929,Advik Brar,27,Male,Software Engineer,56363.0,21,999039.7,47573.32,40835.23,High Activity,High Spender
C03930,Benjamin Keer,33,Male,Business Owner,44039.0,14,805276.97,57519.78,69536.39,Medium Activity,High Spender
C03931,Azaan Dhillon,26,Male,Student,199726.0,11,690102.73,62736.61,62149.77,Medium Activity,High Spender
C03932,Nathan Shetty,35,Male,Software Engineer,40817.0,5,325133.1,65026.62,62543.94,Low Activity,Low Spender
C03933,Neelima Suresh,45,Female,Farmer,70499.0,10,420282.51,42028.25,40650.59,Medium Activity,Medium Spender
C03934,Tarak Bhardwaj,51,Male,Sales Executive,178717.0,12,451178.39,37598.2,35046.93,Medium Activity,Medium Spender
C03935,Omisha Murthy,32,Female,Accountant,197251.0,11,442799.68,40254.52,41716.81,Medium Activity,Medium Spender
C03936,Abeer Thakkar,58,Male,Sales Executive,68477.0,13,685141.03,52703.16,61043.84,Medium Activity,High Spender
C03937,Wriddhish Chawla,53,Male,Teacher,66098.0,9,440714.15,48968.24,51001.16,Medium Activity,Medium Spender
C03938,Saanvi Tata,33,Female,Business Owner,162081.0,11,500322.31,45483.85,53609.75,Medium Activity,Medium Spender
C03939,Victor Oza,57,Male,Teacher,39865.0,2,118331.35,59165.68,59165.68,Low Activity,Low Spender
C03940,Januja Patla,33,Male,Government Employee,79694.0,17,783235.25,46072.66,52343.67,High Activity,High Spender
C03941,Ranbir Dutta,31,Female,Other,97783.0,16,991010.83,61938.18,68879.72,High Activity,High Spender
C03942,Chasmum Viswanathan,59,Female,Farmer,187928.0,9,496371.8,55152.42,58317.55,Medium Activity,Medium Spender
C03943,Harshil Walia,39,Male,Student,85784.0,5,186186.72,37237.34,49086.14,Low Activity,Low Spender
C03944,Faras Dube,43,Male,Farmer,21830.0,7,285660.02,40808.57,44969.37,Low Activity,Low Spender
C03945,Rushil Ghose,62,Female,Accountant,62274.0,6,355311.98,59218.66,70850.56,Low Activity,Low Spender
C03946,Nidhi Golla,25,Male,Teacher,149478.0,4,191523.65,47880.91,39709.45,Low Activity,Low Spender
C03947,Quincy Dhillon,43,Male,Other,132746.0,10,703646.74,70364.67,68075.05,Medium Activity,High Spender
C03948,Samar Nath,26,Female,Software Engineer,196816.0,12,561857.35,46821.45,41514.26,Medium Activity,Medium Spender
C03949,Harini Venkataraman,26,Female,Other,114759.0,10,365696.93,36569.69,39193.6,Medium Activity,Low Spender
C03950,Devika Gaba,65,Male,Other,88796.0,13,668933.43,51456.42,49781.15,Medium Activity,High Spender
C03951,Eta Garg,41,Female,Government Employee,145946.0,12,419547.76,34962.31,34729.15,Medium Activity,Medium Spender
C03952,Charan Mahajan,44,Female,Accountant,148211.0,13,580501.45,44653.96,33729.84,Medium Activity,High Spender
C03953,Veda Shanker,41,Male,Doctor,173938.0,11,513994.68,46726.79,53143.68,Medium Activity,Medium Spender
C03954,Vanya Chana,31,Male,Government Employee,127408.0,14,781702.99,55835.93,46788.93,Medium Activity,High Spender
C03955,Peter Kohli,50,Female,Government Employee,125707.0,13,638069.33,49082.26,49123.79,Medium Activity,High Spender
C03956,Max Kant,50,Female,Sales Executive,60025.0,6,291253.41,48542.24,57261.38,Low Activity,Low Spender
C03957,Chanchal Balasubramanian,30,Female,Student,26417.0,11,615753.13,55977.56,57304.91,Medium Activity,High Spender
C03958,Pallavi Agate,29,Female,Student,185725.0,10,617366.4,61736.64,68242.74,Medium Activity,High Spender
C03959,Chandani Anand,30,Female,Government Employee,23656.0,6,241901.72,40316.95,40514.0,Low Activity,Low Spender
C03960,Advik Mohan,48,Male,Business Owner,175434.0,6,393378.34,65563.06,72972.24,Low Activity,Low Spender
C03961,Darsh Mitra,32,Male,Teacher,24296.0,11,539991.51,49090.14,51991.18,Medium Activity,Medium Spender
C03962,Azaan Mody,46,Female,Business Owner,91012.0,6,319331.61,53221.94,56783.9,Low Activity,Low Spender
C03963,Abeer Raman,42,Male,Software Engineer,150370.0,13,787866.97,60605.15,66280.66,Medium Activity,High Spender
C03964,Anya Banik,46,Male,Accountant,164003.0,14,878989.97,62785.0,66385.72,Medium Activity,High Spender
C03965,Lakshit Bhatti,38,Male,Doctor,147542.0,8,445043.98,55630.5,48167.24,Low Activity,Medium Spender
C03966,Laban Om,59,Female,Student,134060.0,8,329189.35,41148.67,47090.78,Low Activity,Low Spender
C03967,Baghyawati Trivedi,31,Female,Software Engineer,112633.0,8,565242.36,70655.3,81053.62,Low Activity,Medium Spender
C03968,Yatan Palla,27,Male,Government Employee,144964.0,9,514445.43,57160.6,55373.81,Medium Activity,Medium Spender
C03969,Maanav Borde,59,Female,Business Owner,81643.0,8,386819.13,48352.39,44583.68,Low Activity,Low Spender
C03970,Amol Bali,54,Female,Doctor,129142.0,10,467816.38,46781.64,53992.56,Medium Activity,Medium Spender
C03971,Dipta Loke,52,Male,Accountant,185546.0,8,504102.83,63012.85,68279.3,Low Activity,Medium Spender
C03972,Ishani Soni,31,Female,Accountant,199321.0,12,643057.72,53588.14,60756.6,Medium Activity,High Spender
C03973,Januja Pant,60,Female,Other,51941.0,12,579915.15,48326.26,32955.23,Medium Activity,High Spender
C03974,Viraj Bhagat,59,Male,Farmer,93897.0,12,679794.19,56649.52,58692.99,Medium Activity,High Spender
C03975,Manthan Sachar,42,Female,Business Owner,116879.0,9,315040.63,35004.51,35468.28,Medium Activity,Low Spender
C03976,Abdul Yadav,57,Female,Teacher,24642.0,14,700321.85,50022.99,41403.64,Medium Activity,High Spender
C03977,Rajeshri Choudhry,49,Female,Student,84516.0,12,600907.68,50075.64,40051.32,Medium Activity,High Spender
C03978,Charles Char,34,Female,Doctor,101929.0,10,410368.38,41036.84,36145.05,Medium Activity,Low Spender
C03979,Neel Sachar,61,Female,Accountant,165488.0,10,413024.95,41302.5,50273.1,Medium Activity,Medium Spender
C03980,Vasudha Patla,42,Female,Doctor,53327.0,10,477146.97,47714.7,43815.46,Medium Activity,Medium Spender
C03981,Naveen Kapoor,41,Male,Other,179747.0,11,536122.64,48738.42,43715.27,Medium Activity,Medium Spender
C03982,Warjas Vig,36,Male,Sales Executive,167665.0,13,656374.92,50490.38,51119.34,Medium Activity,High Spender
C03983,Advaith Shetty,51,Male,Government Employee,153945.0,14,748355.13,53453.94,54378.7,Medium Activity,High Spender
C03984,Vinaya Sinha,27,Female,Business Owner,183474.0,7,463498.9,66214.13,71870.64,Low Activity,Medium Spender
C03985,Yochana Gulati,41,Male,Farmer,148697.0,10,561387.89,56138.79,63715.29,Medium Activity,Medium Spender
C03986,Rishi Bera,50,Female,Teacher,137829.0,9,400431.2,44492.36,38024.99,Medium Activity,Low Spender
C03987,Zehaan Baral,45,Male,Accountant,57508.0,10,402928.16,40292.82,34234.34,Medium Activity,Low Spender
C03988,Gunbir Sanghvi,44,Male,Sales Executive,84640.0,19,806741.27,42460.07,36125.5,High Activity,High Spender
C03989,Jai Kapadia,35,Male,Government Employee,113367.0,4,221905.15,55476.29,57244.74,Low Activity,Low Spender
C03990,Bimala Sarkar,60,Female,Farmer,58304.0,9,485069.69,53896.63,57684.05,Medium Activity,Medium Spender
C03991,Yug Bhasin,38,Female,Sales Executive,102357.0,12,644113.6,53676.13,68690.98,Medium Activity,High Spender
C03992,Vasudha Dixit,59,Male,Doctor,176653.0,9,443640.61,49293.4,54253.49,Medium Activity,Medium Spender
C03993,Bina Rao,59,Male,Accountant,35876.0,12,610186.89,50848.91,47980.46,Medium Activity,High Spender
C03994,Harsh Sabharwal,33,Female,Doctor,118568.0,10,459494.06,45949.41,48117.1,Medium Activity,Medium Spender
C03995,Lila Kar,48,Male,Accountant,88416.0,7,499152.95,71307.56,71348.67,Low Activity,Medium Spender
C03996,Jagrati Roy,34,Male,Accountant,26627.0,8,410548.53,51318.57,46351.14,Low Activity,Medium Spender
C03997,Chakrika Rau,22,Female,Teacher,116634.0,12,619394.2,51616.18,57297.86,Medium Activity,High Spender
C03998,Ekta Rama,50,Male,Sales Executive,184073.0,9,491577.8,54619.76,53211.11,Medium Activity,Medium Spender
C03999,Gayathri Sama,45,Male,Other,136428.0,8,525298.69,65662.34,66583.87,Low Activity,Medium Spender
C04000,Tejas Bhakta,41,Male,Accountant,139522.0,17,814229.72,47895.87,44130.19,High Activity,High Spender
C04001,Tara Wable,38,Male,Other,138838.0,13,713006.68,54846.67,68896.41,Medium Activity,High Spender
C04002,Yashodhara Menon,39,Male,Other,53694.0,13,608449.28,46803.79,52163.37,Medium Activity,High Spender
C04003,Chakradev Agate,41,Male,Teacher,33742.0,13,453502.4,34884.8,29603.77,Medium Activity,Medium Spender
C04004,Girindra Bhasin,41,Female,Government Employee,57159.0,10,490320.72,49032.07,51312.66,Medium Activity,Medium Spender
C04005,Tanay Bhargava,41,Female,Farmer,26675.0,7,403552.72,57650.39,67965.0,Low Activity,Low Spender
C04006,Kabir Mohanty,61,Female,Government Employee,123687.0,9,612016.64,68001.85,78363.59,Medium Activity,High Spender
C04007,Watika Kata,32,Female,Other,29052.0,10,491033.4,49103.34,45962.72,Medium Activity,Medium Spender
C04008,Avni Vohra,62,Female,Government Employee,168273.0,6,429578.68,71596.45,72389.59,Low Activity,Medium Spender
C04009,Ekta Grewal,57,Male,Farmer,34643.0,6,172842.95,28807.16,26717.62,Low Activity,Low Spender
C04010,Tara Bava,29,Female,Teacher,37798.0,15,638702.45,42580.16,39846.82,Medium Activity,High Spender
C04011,Krishna Agate,29,Male,Teacher,157043.0,13,677044.08,52080.31,51630.8,Medium Activity,High Spender
C04012,Daksh Garde,31,Male,Teacher,114454.0,15,730971.43,48731.43,42810.19,Medium Activity,High Spender
C04013,Omaja Choudhury,43,Female,Teacher,128171.0,10,247822.93,24782.29,19303.48,Medium Activity,Low Spender
C04014,Elijah Thaman,42,Male,Sales Executive,125004.0,10,449817.86,44981.79,53189.17,Medium Activity,Medium Spender
C04015,Dhruv Acharya,55,Male,Farmer,129144.0,11,536235.09,48748.64,52875.93,Medium Activity,Medium Spender
C04016,Champak Banerjee,62,Female,Business Owner,163680.0,8,463177.33,57897.17,48849.16,Low Activity,Medium Spender
C04017,Gabriel Din,26,Male,Sales Executive,61696.0,5,128756.15,25751.23,15504.52,Low Activity,Low Spender
C04018,Ekapad Vora,28,Female,Doctor,82721.0,12,592488.31,49374.03,48310.66,Medium Activity,High Spender
C04019,Jagdish Batta,24,Male,Software Engineer,188533.0,10,468779.12,46877.91,35411.74,Medium Activity,Medium Spender
C04020,Farhan Kale,65,Male,Sales Executive,31113.0,9,455314.09,50590.45,39746.32,Medium Activity,Medium Spender
C04021,Yauvani Goswami,23,Male,Doctor,60011.0,12,602307.03,50192.25,47791.1,Medium Activity,High Spender
C04022,Faqid Ranganathan,29,Female,Government Employee,121587.0,4,182893.58,45723.4,47289.96,Low Activity,Low Spender
C04023,Tara Raman,61,Female,Software Engineer,153758.0,9,332583.1,36953.68,33882.72,Medium Activity,Low Spender
C04024,Idika Wali,39,Female,Software Engineer,195542.0,14,662928.41,47352.03,41809.16,Medium Activity,High Spender
C04025,Indira Jha,65,Female,Farmer,37815.0,9,474822.42,52758.05,36637.81,Medium Activity,Medium Spender
C04026,Ira Bhattacharyya,23,Male,Other,29438.0,9,585484.75,65053.86,70793.09,Medium Activity,High Spender
C04027,Yash Bhatt,34,Male,Other,148834.0,13,600322.21,46178.63,46125.39,Medium Activity,High Spender
C04028,Vrinda Thakkar,21,Female,Teacher,172458.0,15,755469.69,50364.65,50459.33,Medium Activity,High Spender
C04029,Barkha Chacko,44,Male,Student,75778.0,16,839415.07,52463.44,43865.45,High Activity,High Spender
C04030,Ekani Balakrishnan,30,Male,Other,93771.0,10,415509.77,41550.98,45107.74,Medium Activity,Medium Spender
C04031,Tejas Dass,38,Female,Farmer,121821.0,17,683834.24,40225.54,35973.54,High Activity,High Spender
C04032,Pratyush Ranganathan,31,Male,Other,87181.0,14,826512.16,59036.58,67709.06,Medium Activity,High Spender
C04033,Akshay Divan,42,Male,Government Employee,88247.0,10,589783.52,58978.35,71050.15,Medium Activity,High Spender
C04034,Chavvi Dewan,46,Male,Accountant,138397.0,8,459299.28,57412.41,64030.87,Low Activity,Medium Spender
C04035,Aachal Parmar,22,Female,Other,190762.0,11,784935.96,71357.81,77292.44,Medium Activity,High Spender
C04036,Oeshi Buch,63,Female,Doctor,68452.0,10,335123.52,33512.35,21442.73,Medium Activity,Low Spender
C04037,Lucky Shroff,28,Male,Student,47978.0,12,531629.4,44302.45,42552.44,Medium Activity,Medium Spender
C04038,Anika Rajagopalan,34,Male,Other,98278.0,8,355108.63,44388.58,47032.68,Low Activity,Low Spender
C04039,Jason Jayaraman,65,Male,Other,99526.0,7,237052.14,33864.59,15729.26,Low Activity,Low Spender
C04040,Omisha Dhaliwal,44,Female,Software Engineer,189824.0,9,287607.17,31956.35,25985.24,Medium Activity,Low Spender
C04041,Udarsh Keer,61,Male,Other,86147.0,5,250466.41,50093.28,54604.36,Low Activity,Low Spender
C04042,Panini Pandey,34,Male,Accountant,23240.0,9,523431.82,58159.09,75783.62,Medium Activity,Medium Spender
C04043,Sneha Cheema,34,Male,Government Employee,74094.0,14,755146.54,53939.04,65678.3,Medium Activity,High Spender
C04044,Pratyush Kannan,52,Female,Government Employee,140031.0,13,415713.3,31977.95,22749.06,Medium Activity,Medium Spender
C04045,Thomas Chad,46,Male,Sales Executive,145875.0,11,514290.02,46753.64,43716.18,Medium Activity,Medium Spender
C04046,Irya Merchant,56,Female,Doctor,40361.0,20,1093560.68,54678.03,54481.04,High Activity,High Spender
C04047,Advika Konda,60,Male,Software Engineer,28178.0,10,460882.89,46088.29,36195.29,Medium Activity,Medium Spender
C04048,Christopher Lala,60,Male,Software Engineer,91888.0,11,706641.78,64240.16,82175.89,Medium Activity,High Spender
C04049,Advay Buch,21,Female,Sales Executive,119987.0,15,784459.53,52297.3,52919.63,Medium Activity,High Spender
C04050,Tanish Dani,57,Male,Teacher,34034.0,11,585271.13,53206.47,63749.42,Medium Activity,High Spender
C04051,Peter Sule,44,Male,Doctor,130930.0,9,421622.18,46846.91,43758.43,Medium Activity,Medium Spender
C04052,Jasmit Bhardwaj,44,Male,Accountant,129441.0,12,664513.3,55376.11,66590.82,Medium Activity,High Spender
C04053,Amara Dalal,62,Male,Accountant,29173.0,16,778241.76,48640.11,43375.0,High Activity,High Spender
C04054,Ryan Borra,28,Female,Business Owner,88871.0,4,186394.31,46598.58,42622.64,Low Activity,Low Spender
C04055,Urmi Kala,50,Male,Teacher,186909.0,13,501778.02,38598.31,39614.54,Medium Activity,Medium Spender
C04056,Yuvraj Memon,64,Male,Sales Executive,65765.0,11,402741.96,36612.91,29561.74,Medium Activity,Low Spender
C04057,Krishna Sharaf,21,Male,Teacher,81552.0,9,447120.67,49680.07,52895.59,Medium Activity,Medium Spender
C04058,Hema Raja,50,Female,Accountant,25913.0,9,480661.7,53406.86,35885.71,Medium Activity,Medium Spender
C04059,Ranbir Gulati,65,Female,Teacher,60185.0,12,458727.81,38227.32,31240.82,Medium Activity,Medium Spender
C04060,Caleb Subramanian,34,Male,Student,197738.0,14,681194.39,48656.74,46869.42,Medium Activity,High Spender
C04061,Ishwar Choudhry,45,Male,Software Engineer,150396.0,8,309499.29,38687.41,23647.74,Low Activity,Low Spender
C04062,Harita Sanghvi,48,Female,Student,65881.0,6,384999.37,64166.56,75512.87,Low Activity,Low Spender
C04063,Kevin Ratta,21,Male,Teacher,93616.0,6,278714.17,46452.36,47768.43,Low Activity,Low Spender
C04064,Tejas Gade,39,Female,Doctor,90067.0,7,412694.22,58956.32,52658.63,Low Activity,Medium Spender
C04065,Sara Dara,22,Female,Doctor,81556.0,14,733538.76,52395.63,50655.26,Medium Activity,High Spender
C04066,Gaurika Patil,65,Female,Software Engineer,190441.0,3,158256.71,52752.24,59521.17,Low Activity,Low Spender
C04067,Pahal Viswanathan,23,Female,Farmer,148064.0,8,397424.4,49678.05,50224.58,Low Activity,Low Spender
C04068,Jeremiah Nadkarni,35,Male,Accountant,115429.0,6,249200.27,41533.38,36571.14,Low Activity,Low Spender
C04069,Imaran Nath,26,Female,Sales Executive,143856.0,5,327717.7,65543.54,64498.35,Low Activity,Low Spender
C04070,Daksha Chandra,55,Male,Government Employee,192648.0,14,669572.67,47826.62,41089.24,Medium Activity,High Spender
C04071,Yashica Rai,44,Male,Government Employee,187592.0,14,782755.01,55911.07,57716.22,Medium Activity,High Spender
C04072,Ishanvi Bali,43,Female,Business Owner,172099.0,12,629559.75,52463.31,54659.16,Medium Activity,High Spender
C04073,Charan Saxena,46,Female,Sales Executive,111078.0,11,616420.39,56038.22,57080.04,Medium Activity,High Spender
C04074,Amaira Barman,39,Male,Sales Executive,197133.0,9,460418.56,51157.62,55877.76,Medium Activity,Medium Spender
C04075,Ranveer Sampath,55,Female,Government Employee,133170.0,11,562199.44,51109.04,56954.66,Medium Activity,Medium Spender
C04076,Matthew Mody,26,Female,Business Owner,107242.0,8,399115.84,49889.48,55651.96,Low Activity,Low Spender
C04077,Chakradev Halder,43,Female,Sales Executive,161351.0,6,327862.11,54643.68,53223.02,Low Activity,Low Spender
C04078,Robert Johal,64,Male,Software Engineer,110034.0,4,262278.8,65569.7,65379.02,Low Activity,Low Spender
C04079,Tarak Kurian,53,Male,Other,109561.0,8,312139.97,39017.5,37362.88,Low Activity,Low Spender
C04080,Oeshi Doctor,55,Male,Other,56574.0,10,335098.73,33509.87,26872.22,Medium Activity,Low Spender
C04081,Jeremiah Prashad,34,Female,Teacher,129832.0,13,704122.08,54163.24,50097.6,Medium Activity,High Spender
C04082,Dalbir Bal,28,Male,Farmer,47214.0,11,488928.1,44448.01,47439.48,Medium Activity,Medium Spender
C04083,Oliver Pandit,57,Male,Accountant,164296.0,9,488881.5,54320.17,51894.16,Medium Activity,Medium Spender
C04084,Anmol Ramakrishnan,63,Male,Doctor,199309.0,9,402437.63,44715.29,44851.36,Medium Activity,Low Spender
C04085,Garima Kumer,42,Female,Teacher,105324.0,8,364067.27,45508.41,47682.91,Low Activity,Low Spender
C04086,Amaira Rout,44,Female,Farmer,192200.0,10,485342.83,48534.28,53308.85,Medium Activity,Medium Spender
C04087,Mason Virk,46,Male,Other,112047.0,14,754725.21,53908.94,53935.14,Medium Activity,High Spender
C04088,Bhavini Palla,47,Male,Doctor,187895.0,7,271233.54,38747.65,40826.0,Low Activity,Low Spender
C04089,Wridesh Saran,62,Female,Business Owner,69369.0,16,814107.04,50881.69,56425.85,High Activity,High Spender
C04090,Avni Acharya,21,Male,Sales Executive,57841.0,17,826705.24,48629.72,41475.82,High Activity,High Spender
C04091,Barkha Bajwa,25,Female,Doctor,126461.0,9,380690.01,42298.89,43410.07,Medium Activity,Low Spender
C04092,Daksh Lalla,40,Male,Farmer,187313.0,10,417437.26,41743.73,39304.57,Medium Activity,Medium Spender
C04093,Aarini Pau,27,Male,Software Engineer,24251.0,12,627765.82,52313.82,59316.5,Medium Activity,High Spender
C04094,Balvan Dara,22,Female,Teacher,74286.0,9,466853.39,51872.6,56320.91,Medium Activity,Medium Spender
C04095,Michael Andra,32,Male,Teacher,86436.0,12,678800.36,56566.7,56692.8,Medium Activity,High Spender
C04096,Farhan Sodhi,49,Male,Student,113720.0,10,444666.36,44466.64,48778.3,Medium Activity,Medium Spender
C04097,Mohammed Chauhan,63,Female,Software Engineer,176646.0,12,521744.33,43478.69,39162.12,Medium Activity,Medium Spender
C04098,Urishilla Bora,40,Female,Student,118281.0,6,419670.87,69945.14,70897.08,Low Activity,Medium Spender
C04099,Lakshit Suresh,34,Female,Student,182334.0,15,717488.88,47832.59,42527.79,Medium Activity,High Spender
C04100,Bimala Baral,58,Female,Other,175539.0,17,806286.22,47428.6,39605.11,High Activity,High Spender
C04101,Qabil Chaudhuri,23,Female,Software Engineer,151070.0,10,326489.17,32648.92,31906.76,Medium Activity,Low Spender
C04102,Gaurang Pai,41,Female,Software Engineer,87051.0,13,728436.49,56033.58,61272.76,Medium Activity,High Spender
C04103,Januja Walla,65,Female,Student,161300.0,8,344964.28,43120.54,42379.17,Low Activity,Low Spender
C04104,Liam Rege,27,Female,Other,182590.0,8,220772.26,27596.53,18882.41,Low Activity,Low Spender
C04105,Chandani Batta,43,Female,Software Engineer,119606.0,10,527706.24,52770.62,57040.36,Medium Activity,Medium Spender
C04106,Dayita Contractor,23,Female,Teacher,144484.0,8,398187.58,49773.45,53625.46,Low Activity,Low Spender
C04107,Krishna Padmanabhan,37,Male,Teacher,84327.0,10,506620.7,50662.07,52094.16,Medium Activity,Medium Spender
C04108,Bhavna Dhar,61,Male,Sales Executive,119575.0,3,123252.33,41084.11,28450.74,Low Activity,Low Spender
C04109,Qasim Mitra,42,Male,Other,143018.0,6,303881.9,50646.98,53643.64,Low Activity,Low Spender
C04110,Girindra Thaker,23,Female,Accountant,164867.0,4,193105.0,48276.25,38524.43,Low Activity,Low Spender
C04111,Naveen Raj,49,Male,Other,127638.0,12,676245.28,56353.77,57476.84,Medium Activity,High Spender
C04112,Gunbir Rai,27,Male,Business Owner,175563.0,11,600356.27,54577.84,52842.89,Medium Activity,High Spender
C04113,Jeet Sahota,64,Male,Farmer,136504.0,11,554113.34,50373.94,55275.36,Medium Activity,Medium Spender
C04114,Deepa Prasad,25,Male,Sales Executive,92021.0,13,528549.73,40657.67,31917.72,Medium Activity,Medium Spender
C04115,Ucchal Kanda,65,Female,Farmer,191364.0,5,168007.68,33601.54,10213.85,Low Activity,Low Spender
C04116,Advaith Chanda,24,Female,Other,50846.0,14,569568.25,40683.45,42096.18,Medium Activity,High Spender
C04117,Pranit Agate,65,Female,Business Owner,138417.0,6,274513.22,45752.2,43180.47,Low Activity,Low Spender
C04118,Girish Nazareth,39,Male,Software Engineer,96096.0,8,392890.31,49111.29,49624.44,Low Activity,Low Spender
C04119,Hema Wali,59,Female,Student,48750.0,10,484853.9,48485.39,36303.32,Medium Activity,Medium Spender
C04120,Harrison Rajagopalan,64,Male,Teacher,72198.0,12,616004.29,51333.69,52541.8,Medium Activity,High Spender
C04121,Yashvi Kothari,51,Female,Doctor,21492.0,11,557240.87,50658.26,54279.78,Medium Activity,Medium Spender
C04122,Manan Bath,45,Male,Student,31501.0,9,475073.02,52785.89,50911.89,Medium Activity,Medium Spender
C04123,Tanay Jayaraman,40,Male,Doctor,109147.0,5,258474.3,51694.86,44528.49,Low Activity,Low Spender
C04124,Nakul Ramaswamy,64,Female,Doctor,136566.0,9,371897.34,41321.93,30660.31,Medium Activity,Low Spender
C04125,Harsh Nagy,65,Male,Teacher,63105.0,8,318943.91,39867.99,41174.48,Low Activity,Low Spender
C04126,Yuvraj Basak,29,Male,Other,167526.0,6,287320.7,47886.78,41356.61,Low Activity,Low Spender
C04127,Waida Bansal,22,Female,Sales Executive,116121.0,7,437883.62,62554.8,68419.11,Low Activity,Medium Spender
C04128,Charita Dass,65,Female,Software Engineer,157671.0,7,303428.03,43346.86,39278.09,Low Activity,Low Spender
C04129,Gopal Bawa,65,Female,Farmer,47873.0,16,841832.32,52614.52,54102.48,High Activity,High Spender
C04130,Girish Garde,47,Female,Software Engineer,93112.0,8,298164.39,37270.55,34583.92,Low Activity,Low Spender
C04131,Chatura Char,48,Female,Teacher,37085.0,6,395052.51,65842.09,71468.08,Low Activity,Low Spender
C04132,Omaja Batta,26,Female,Government Employee,144420.0,9,432832.22,48092.47,59087.28,Medium Activity,Medium Spender
C04133,Udant Sule,46,Male,Business Owner,51722.0,9,293546.31,32616.26,26912.3,Medium Activity,Low Spender
C04134,Aahana Saini,22,Male,Teacher,169532.0,14,807887.94,57706.28,63096.74,Medium Activity,High Spender
C04135,Leena Pingle,32,Male,Sales Executive,192978.0,13,611670.41,47051.57,49483.46,Medium Activity,High Spender
C04136,Pratyush Bhagat,55,Female,Farmer,88945.0,14,795493.8,56820.99,62950.75,Medium Activity,High Spender
C04137,Daksh Singhal,51,Male,Business Owner,172599.0,10,340125.18,34012.52,27593.48,Medium Activity,Low Spender
C04138,Qarin Lad,47,Male,Farmer,30421.0,14,741642.96,52974.5,54543.49,Medium Activity,High Spender
C04139,Kalpit Pall,35,Male,Business Owner,98733.0,6,281378.96,46896.49,37579.36,Low Activity,Low Spender
C04140,Bimala Vora,29,Female,Software Engineer,117480.0,11,600150.19,54559.11,63366.89,Medium Activity,High Spender
C04141,Oeshi Nadkarni,24,Male,Teacher,157511.0,10,516467.76,51646.78,57205.34,Medium Activity,Medium Spender
C04142,Ayush Hayer,63,Female,Other,159072.0,3,175232.6,58410.87,66788.5,Low Activity,Low Spender
C04143,Upkaar Sharaf,21,Female,Business Owner,103762.0,10,508763.82,50876.38,43945.08,Medium Activity,Medium Spender
C04144,Leela Narayan,36,Female,Doctor,69457.0,10,436284.89,43628.49,44567.31,Medium Activity,Medium Spender
C04145,Yamini Garde,63,Female,Sales Executive,145497.0,14,479246.32,34231.88,33154.46,Medium Activity,Medium Spender
C04146,Kashish Sanghvi,34,Male,Business Owner,121674.0,12,589995.76,49166.31,51588.68,Medium Activity,High Spender
C04147,Zashil Keer,56,Male,Business Owner,194871.0,10,519650.66,51965.07,51162.16,Medium Activity,Medium Spender
C04148,Utkarsh Hora,29,Male,Teacher,145223.0,10,483470.8,48347.08,53394.05,Medium Activity,Medium Spender
C04149,Wriddhish Pant,53,Male,Other,63183.0,11,712086.85,64735.17,63008.02,Medium Activity,High Spender
C04150,Dipta Chaudhry,36,Female,Government Employee,79072.0,10,585632.25,58563.22,64390.14,Medium Activity,High Spender
C04151,Wahab Karan,37,Female,Software Engineer,133212.0,9,453227.4,50358.6,40500.38,Medium Activity,Medium Spender
C04152,Zashil Radhakrishnan,23,Female,Student,27252.0,11,373794.85,33981.35,28550.63,Medium Activity,Low Spender
C04153,Harsh Rege,33,Female,Student,137919.0,10,662303.79,66230.38,74156.8,Medium Activity,High Spender
C04154,Harinakshi Bawa,59,Male,Business Owner,145662.0,13,566558.16,43581.4,50690.37,Medium Activity,Medium Spender
C04155,Upkaar Krishna,60,Female,Business Owner,83265.0,9,443015.63,49223.96,51265.66,Medium Activity,Medium Spender
C04156,Sudiksha Jha,59,Female,Sales Executive,39675.0,8,490046.01,61255.75,81588.74,Low Activity,Medium Spender
C04157,Vyanjana Savant,48,Male,Student,37389.0,16,677446.61,42340.41,34707.26,High Activity,High Spender
C04158,Ati Peri,56,Male,Business Owner,188139.0,14,646331.67,46166.55,42971.82,Medium Activity,High Spender
C04159,Lakshmi Raju,23,Female,Accountant,123092.0,11,583122.23,53011.11,52196.6,Medium Activity,High Spender
C04160,Varenya Gopal,38,Female,Government Employee,99559.0,11,722418.72,65674.43,65021.63,Medium Activity,High Spender
C04161,Peter Dutt,55,Female,Accountant,143184.0,10,435219.2,43521.92,41066.94,Medium Activity,Medium Spender
C04162,Bhavini Balay,53,Female,Student,174549.0,10,348607.0,34860.7,32650.78,Medium Activity,Low Spender
C04163,Ekansh Gaba,65,Male,Sales Executive,108362.0,7,404545.25,57792.18,57930.99,Low Activity,Low Spender
C04164,Aahana Kaur,26,Female,Government Employee,159654.0,9,325639.49,36182.17,28202.04,Medium Activity,Low Spender
C04165,Arunima Dora,54,Male,Accountant,184920.0,17,1016413.22,59789.01,66679.85,High Activity,High Spender
C04166,Meera Suresh,38,Female,Accountant,175827.0,7,267081.27,38154.47,48766.52,Low Activity,Low Spender
C04167,Madhavi Palla,53,Male,Government Employee,104977.0,13,558611.15,42970.09,41000.75,Medium Activity,Medium Spender
C04168,Watika Sha,36,Male,Government Employee,100307.0,9,520240.17,57804.46,64558.03,Medium Activity,Medium Spender
C04169,Daksh Rana,33,Female,Farmer,197235.0,12,671646.7,55970.56,54880.11,Medium Activity,High Spender
C04170,Harita Deshmukh,47,Female,Accountant,176699.0,10,509865.37,50986.54,52980.59,Medium Activity,Medium Spender
C04171,Zehaan Dora,48,Male,Other,56510.0,8,418397.91,52299.74,41300.02,Low Activity,Medium Spender
C04172,Dayita Gulati,65,Female,Doctor,199825.0,14,894510.04,63893.57,71744.15,Medium Activity,High Spender
C04173,Pahal Bala,44,Female,Doctor,141291.0,3,180765.81,60255.27,56565.93,Low Activity,Low Spender
C04174,Bahadurjit Dayal,58,Male,Teacher,96404.0,5,120473.1,24094.62,29644.7,Low Activity,Low Spender
C04175,Qarin Sarma,61,Male,Doctor,176796.0,8,457369.8,57171.22,51868.25,Low Activity,Medium Spender
C04176,Baghyawati Lala,61,Female,Business Owner,189732.0,10,541761.68,54176.17,60721.88,Medium Activity,Medium Spender
C04177,Daksha Desai,52,Female,Doctor,122663.0,9,369687.22,41076.36,45651.09,Medium Activity,Low Spender
C04178,Ira Parmar,51,Female,Other,140344.0,7,346017.25,49431.04,59632.74,Low Activity,Low Spender
C04179,Aachal Arya,55,Female,Business Owner,86774.0,8,380891.91,47611.49,50145.88,Low Activity,Low Spender
C04180,Nitara Acharya,59,Male,Accountant,52618.0,12,545236.27,45436.36,42586.2,Medium Activity,Medium Spender
C04181,Gaurang Pradhan,45,Female,Software Engineer,37444.0,8,403193.57,50399.2,50876.26,Low Activity,Low Spender
C04182,Abha Aggarwal,33,Female,Sales Executive,139212.0,11,489069.26,44460.84,36956.62,Medium Activity,Medium Spender
C04183,Aashi Madan,56,Female,Farmer,168754.0,12,788121.38,65676.78,72861.18,Medium Activity,High Spender
C04184,Bhavika Raman,47,Male,Accountant,33367.0,13,488879.48,37606.11,36018.63,Medium Activity,Medium Spender
C04185,Jack Narain,48,Female,Other,48332.0,11,370158.05,33650.73,32518.49,Medium Activity,Low Spender
C04186,Chandresh Sami,51,Female,Student,102088.0,11,633358.67,57578.06,65704.35,Medium Activity,High Spender
C04187,Sai Khatri,28,Male,Business Owner,52221.0,13,690873.54,53144.12,46968.82,Medium Activity,High Spender
C04188,Inaya Dhawan,44,Male,Software Engineer,38423.0,16,747854.59,46740.91,40181.88,High Activity,High Spender
C04189,Eshana Yohannan,38,Male,Farmer,160305.0,10,550976.03,55097.6,55793.22,Medium Activity,Medium Spender
C04190,Kevin Master,38,Male,Teacher,130956.0,9,458957.73,50995.3,57664.32,Medium Activity,Medium Spender
C04191,Vritti Chatterjee,34,Male,Other,35697.0,10,546772.63,54677.26,64683.72,Medium Activity,Medium Spender
C04192,Vedika Chacko,21,Male,Government Employee,183672.0,6,350210.46,58368.41,64562.07,Low Activity,Low Spender
C04193,Finn Acharya,38,Female,Student,83092.0,12,485878.89,40489.91,37662.82,Medium Activity,Medium Spender
C04194,Indrajit Basu,35,Male,Other,178246.0,12,470776.03,39231.34,30619.07,Medium Activity,Medium Spender
C04195,Harinakshi Raja,57,Female,Farmer,112681.0,6,316387.22,52731.2,54967.46,Low Activity,Low Spender
C04196,Hema Lala,36,Male,Software Engineer,165151.0,7,419389.04,59912.72,67053.98,Low Activity,Medium Spender
C04197,Wahab Arya,58,Female,Doctor,65047.0,9,403311.58,44812.4,46497.5,Medium Activity,Low Spender
C04198,Siddharth Gulati,45,Male,Farmer,181558.0,11,692687.96,62971.63,70528.08,Medium Activity,High Spender
C04199,Nakul Soni,22,Male,Teacher,169747.0,9,548380.92,60931.21,56196.93,Medium Activity,Medium Spender
C04200,Harini Chopra,60,Female,Sales Executive,52653.0,5,190066.17,38013.23,37932.36,Low Activity,Low Spender
C04201,Idika Goswami,27,Male,Student,77926.0,11,400114.18,36374.02,25594.68,Medium Activity,Low Spender
C04202,Zansi Sami,36,Female,Other,63422.0,10,635053.75,63505.38,65665.26,Medium Activity,High Spender
C04203,Mitali Bhardwaj,32,Male,Accountant,48150.0,10,446774.47,44677.45,39853.03,Medium Activity,Medium Spender
C04204,Varenya Peri,21,Male,Accountant,134083.0,10,631399.67,63139.97,70563.96,Medium Activity,High Spender
C04205,Zansi Konda,58,Female,Sales Executive,75938.0,8,462082.83,57760.35,66071.75,Low Activity,Medium Spender
C04206,Yamini Chopra,35,Male,Teacher,127094.0,5,273506.09,54701.22,47267.8,Low Activity,Low Spender
C04207,Lekha Ramanathan,49,Female,Business Owner,120787.0,10,536335.06,53633.51,51195.7,Medium Activity,Medium Spender
C04208,Bimala Lall,60,Female,Software Engineer,161889.0,8,367893.93,45986.74,49465.3,Low Activity,Low Spender
C04209,Frederick Subramanian,38,Male,Sales Executive,134465.0,10,404183.49,40418.35,37413.34,Medium Activity,Low Spender
C04210,Onkar Sha,54,Female,Government Employee,25430.0,9,494645.97,54960.66,61899.08,Medium Activity,Medium Spender
C04211,Ishaan Bhatia,52,Female,Sales Executive,179004.0,9,458514.13,50946.01,46512.8,Medium Activity,Medium Spender
C04212,Yash Mangat,34,Female,Business Owner,40278.0,13,718511.39,55270.11,69654.75,Medium Activity,High Spender
C04213,Radha Kant,59,Female,Business Owner,125907.0,8,479990.13,59998.77,64220.28,Low Activity,Medium Spender
C04214,Girik Morar,34,Male,Government Employee,112606.0,8,457549.55,57193.69,60429.92,Low Activity,Medium Spender
C04215,Raagini Pradhan,46,Female,Doctor,96199.0,11,513265.44,46660.49,48272.62,Medium Activity,Medium Spender
C04216,Tamanna Bhasin,35,Female,Other,143132.0,14,700133.87,50009.56,41013.54,Medium Activity,High Spender
C04217,Udant Brahmbhatt,22,Male,Teacher,138553.0,8,443155.06,55394.38,58640.38,Low Activity,Medium Spender
C04218,Mahika Dora,22,Female,Other,110487.0,5,259388.31,51877.66,60990.36,Low Activity,Low Spender
C04219,Niharika Raghavan,44,Female,Software Engineer,148701.0,12,408042.58,34003.55,22222.25,Medium Activity,Low Spender
C04220,Yamini Pai,48,Female,Student,43451.0,10,601485.95,60148.59,61925.03,Medium Activity,High Spender
C04221,Gopal Kurian,48,Female,Government Employee,79914.0,17,726276.43,42722.14,35012.96,High Activity,High Spender
C04222,Pallavi Chaudhary,38,Female,Accountant,145443.0,15,895468.61,59697.91,60365.4,Medium Activity,High Spender
C04223,Utkarsh Rao,31,Male,Doctor,173483.0,8,496643.07,62080.38,59873.4,Low Activity,Medium Spender
C04224,Robert Master,62,Male,Software Engineer,119993.0,12,540916.88,45076.41,46116.76,Medium Activity,Medium Spender
C04225,Dayita Kapur,44,Male,Doctor,43585.0,9,310706.52,34522.95,39640.26,Medium Activity,Low Spender
C04226,Pallavi Narang,31,Male,Other,164919.0,10,536835.5,53683.55,54232.64,Medium Activity,Medium Spender
C04227,Mahika Badami,24,Female,Teacher,157692.0,8,326515.97,40814.5,39990.8,Low Activity,Low Spender
C04228,Adweta Sengupta,37,Female,Business Owner,96848.0,12,883692.06,73641.0,80786.67,Medium Activity,High Spender
C04229,Falan Narang,30,Female,Accountant,68764.0,11,572621.36,52056.49,46786.46,Medium Activity,High Spender
C04230,Onveer Walia,35,Female,Accountant,63680.0,12,706591.82,58882.65,58015.2,Medium Activity,High Spender
C04231,Jackson Sarraf,54,Male,Doctor,44188.0,11,485135.4,44103.22,36974.78,Medium Activity,Medium Spender
C04232,Raghav Ravi,60,Male,Other,191605.0,14,682917.83,48779.84,53616.18,Medium Activity,High Spender
C04233,Balvan Tiwari,32,Female,Farmer,143272.0,10,566676.33,56667.63,58692.72,Medium Activity,Medium Spender
C04234,Logan Suresh,48,Male,Doctor,24504.0,5,255217.79,51043.56,45272.6,Low Activity,Low Spender
C04235,Ethan Chopra,33,Male,Teacher,46610.0,11,677182.42,61562.04,73197.74,Medium Activity,High Spender
C04236,Abeer Kar,38,Male,Farmer,52541.0,10,592927.44,59292.74,62781.16,Medium Activity,High Spender
C04237,Lopa Sodhi,50,Female,Business Owner,60034.0,13,663896.61,51068.97,73758.83,Medium Activity,High Spender
C04238,Arunima Tripathi,55,Male,Doctor,22292.0,14,665774.87,47555.35,49153.9,Medium Activity,High Spender
C04239,Bahadurjit Mall,41,Male,Accountant,154544.0,6,271609.88,45268.31,43062.14,Low Activity,Low Spender
C04240,Pahal Chaudhuri,22,Male,Student,55376.0,16,525085.77,32817.86,29715.86,High Activity,Medium Spender
C04241,Dev Keer,31,Male,Sales Executive,60870.0,14,493059.45,35218.53,30553.19,Medium Activity,Medium Spender
C04242,Ekalinga Chaudhuri,29,Male,Other,116256.0,10,531313.79,53131.38,45750.87,Medium Activity,Medium Spender
C04243,Peter Kapur,57,Female,Sales Executive,84432.0,17,684402.74,40258.98,35659.61,High Activity,High Spender
C04244,Kashvi Purohit,50,Male,Teacher,85068.0,6,348190.4,58031.73,60943.86,Low Activity,Low Spender
C04245,Vyanjana Mandal,31,Male,Teacher,118939.0,5,170520.28,34104.06,28822.6,Low Activity,Low Spender
C04246,Upadhriti Arya,29,Male,Accountant,140788.0,11,617404.22,56127.66,52446.93,Medium Activity,High Spender
C04247,Benjamin Sagar,54,Female,Student,164261.0,11,632082.97,57462.09,56337.32,Medium Activity,High Spender
C04248,Teerth Bandi,55,Female,Farmer,142321.0,6,178024.39,29670.73,23597.46,Low Activity,Low Spender
C04249,Diya Sastry,62,Female,Other,171380.0,10,709644.93,70964.49,69787.02,Medium Activity,High Spender
C04250,Mason Amble,46,Female,Farmer,126870.0,13,542209.37,41708.41,48584.75,Medium Activity,Medium Spender
C04251,Ria Deep,31,Female,Business Owner,29546.0,8,508368.31,63546.04,66909.54,Low Activity,Medium Spender
C04252,Charles Gaba,34,Male,Other,116338.0,9,490974.05,54552.67,53716.39,Medium Activity,Medium Spender
C04253,Ikshita Iyer,40,Male,Other,128111.0,5,250986.35,50197.27,55028.6,Low Activity,Low Spender
C04254,Pahal Sami,45,Female,Accountant,117943.0,3,103236.9,34412.3,17775.26,Low Activity,Low Spender
C04255,Baljiwan Borde,22,Female,Sales Executive,72088.0,9,447478.39,49719.82,67390.93,Medium Activity,Medium Spender
C04256,Maanas Bhavsar,22,Male,Student,187366.0,2,141865.33,70932.66,70932.66,Low Activity,Low Spender
C04257,Nidra Majumdar,30,Female,Other,56659.0,18,901313.47,50072.97,57028.39,High Activity,High Spender
C04258,Caleb Thaman,62,Female,Student,84092.0,6,407913.07,67985.51,65518.12,Low Activity,Low Spender
C04259,Prisha Mane,30,Male,Doctor,135088.0,9,596947.23,66327.47,68631.91,Medium Activity,High Spender
C04260,Aarini Choudhry,37,Female,Student,142250.0,9,345739.23,38415.47,41597.9,Medium Activity,Low Spender
C04261,Finn Rai,50,Female,Doctor,141451.0,10,448235.69,44823.57,39077.4,Medium Activity,Medium Spender
C04262,Vamakshi Thakkar,29,Female,Software Engineer,84321.0,11,535859.63,48714.51,47427.23,Medium Activity,Medium Spender
C04263,Reyansh Divan,30,Male,Accountant,118051.0,8,386234.77,48279.35,37642.84,Low Activity,Low Spender
C04264,Gabriel Kamdar,24,Female,Sales Executive,121333.0,13,746379.7,57413.82,59941.15,Medium Activity,High Spender
C04265,Naksh Kalita,62,Female,Teacher,176824.0,7,363135.09,51876.44,41834.8,Low Activity,Low Spender
C04266,Shivani Butala,39,Female,Farmer,164600.0,18,743167.78,41287.1,35266.75,High Activity,High Spender
C04267,Sathvik Radhakrishnan,51,Male,Sales Executive,37761.0,8,418254.75,52281.84,47065.04,Low Activity,Medium Spender
C04268,Yachana Soman,43,Female,Doctor,101354.0,10,451668.51,45166.85,42993.16,Medium Activity,Medium Spender
C04269,Michael Nayar,53,Male,Software Engineer,46555.0,6,358011.02,59668.5,68855.32,Low Activity,Low Spender
C04270,Gaurav Sarraf,30,Female,Software Engineer,26470.0,7,338145.06,48306.44,55085.76,Low Activity,Low Spender
C04271,Gauri Raghavan,53,Male,Farmer,117325.0,10,413006.25,41300.62,38496.02,Medium Activity,Medium Spender
C04272,Adya Lata,22,Female,Student,107566.0,13,656834.99,50525.77,42099.02,Medium Activity,High Spender
C04273,Gaurang Garde,60,Female,Government Employee,182993.0,9,358267.76,39807.53,44615.96,Medium Activity,Low Spender
C04274,Ishanvi Raja,41,Female,Government Employee,33347.0,8,365284.3,45660.54,48583.48,Low Activity,Low Spender
C04275,Veda Bhandari,54,Male,Sales Executive,147799.0,11,641825.34,58347.76,56038.98,Medium Activity,High Spender
C04276,Eiravati Venkataraman,48,Male,Farmer,168465.0,8,286115.22,35764.4,33707.98,Low Activity,Low Spender
C04277,Ekalinga Edwin,53,Male,Business Owner,119070.0,8,341779.36,42722.42,42223.07,Low Activity,Low Spender
C04278,Wyatt Chaudhuri,42,Female,Accountant,57736.0,9,356743.36,39638.15,37262.59,Medium Activity,Low Spender
C04279,Isaiah Bala,30,Male,Teacher,181709.0,11,486271.98,44206.54,32756.47,Medium Activity,Medium Spender
C04280,Nathan Dey,45,Female,Student,77733.0,8,363915.29,45489.41,38798.28,Low Activity,Low Spender
C04281,Krisha Kapoor,23,Male,Accountant,23175.0,10,381395.91,38139.59,38270.9,Medium Activity,Low Spender
C04282,Quincy Balan,29,Male,Student,169237.0,9,568324.24,63147.14,70679.73,Medium Activity,Medium Spender
C04283,Wyatt Sarin,33,Female,Business Owner,131912.0,8,523356.78,65419.6,81601.87,Low Activity,Medium Spender
C04284,Mohini Sha,56,Female,Doctor,20148.0,7,475143.28,67877.61,67359.81,Low Activity,Medium Spender
C04285,Damini Panchal,25,Male,Software Engineer,89601.0,7,239937.5,34276.79,27080.41,Low Activity,Low Spender
C04286,Sara Sha,51,Male,Doctor,142763.0,14,740166.35,52869.02,43745.22,Medium Activity,High Spender
C04287,Max Manne,31,Female,Teacher,40963.0,7,333845.92,47692.27,36117.96,Low Activity,Low Spender
C04288,Bhavna Kumer,63,Female,Government Employee,181689.0,10,526914.98,52691.5,60510.5,Medium Activity,Medium Spender
C04289,Qabil Balakrishnan,44,Female,Accountant,171268.0,9,332094.16,36899.35,17795.86,Medium Activity,Low Spender
C04290,Eesha Balakrishnan,56,Female,Government Employee,158073.0,11,509234.96,46294.09,37459.77,Medium Activity,Medium Spender
C04291,Tara Krish,30,Female,Other,84303.0,6,239272.35,39878.72,34414.2,Low Activity,Low Spender
C04292,Brijesh Wason,35,Male,Student,146719.0,14,830861.71,59347.26,56138.1,Medium Activity,High Spender
C04293,Eiravati Garde,38,Female,Farmer,98792.0,8,362945.36,45368.17,45588.41,Low Activity,Low Spender
C04294,Aashi Shah,52,Female,Software Engineer,175108.0,8,355540.27,44442.53,46829.12,Low Activity,Low Spender
C04295,Aarav Chaudhari,40,Female,Teacher,58789.0,13,635365.68,48874.28,46236.23,Medium Activity,High Spender
C04296,Odika Chada,56,Male,Doctor,85205.0,12,710246.8,59187.23,62412.72,Medium Activity,High Spender
C04297,Maanas Thaker,50,Male,Teacher,162136.0,7,351142.67,50163.24,56695.81,Low Activity,Low Spender
C04298,Aradhana Sinha,53,Female,Student,124818.0,8,344245.42,43030.68,41743.04,Low Activity,Low Spender
C04299,Turvi Buch,47,Female,Accountant,41267.0,11,509240.4,46294.58,39459.5,Medium Activity,Medium Spender
C04300,Alexander Borde,36,Male,Other,146136.0,9,580320.52,64480.06,65384.54,Medium Activity,High Spender
C04301,Prisha Prabhakar,63,Male,Government Employee,34916.0,10,414909.45,41490.94,37572.68,Medium Activity,Medium Spender
C04302,Avni Parmar,48,Female,Student,60382.0,11,624534.7,56775.88,62832.03,Medium Activity,High Spender
C04303,Warinder Chacko,47,Female,Software Engineer,107499.0,5,184954.68,36990.94,42923.74,Low Activity,Low Spender
C04304,Henry Shanker,44,Male,Accountant,81782.0,9,564445.73,62716.19,77381.78,Medium Activity,Medium Spender
C04305,Hitesh Sankaran,52,Female,Student,174251.0,12,738640.31,61553.36,52475.75,Medium Activity,High Spender
C04306,Mekhala Thakkar,34,Female,Student,81633.0,6,321443.16,53573.86,54408.33,Low Activity,Low Spender
C04307,Maya Manda,39,Male,Other,63226.0,14,581260.54,41518.61,35417.08,Medium Activity,High Spender
C04308,Advika Savant,42,Male,Other,105758.0,11,475065.16,43187.74,30866.63,Medium Activity,Medium Spender
C04309,Dayamai Boase,58,Female,Teacher,46387.0,10,468516.31,46851.63,44526.11,Medium Activity,Medium Spender
C04310,Jai Mani,26,Male,Software Engineer,59333.0,17,927722.69,54571.92,45827.56,High Activity,High Spender
C04311,Chavvi Patil,55,Female,Sales Executive,44199.0,6,269298.16,44883.03,54280.27,Low Activity,Low Spender
C04312,Faras Venkataraman,65,Male,Software Engineer,20547.0,10,418926.51,41892.65,33702.1,Medium Activity,Medium Spender
C04313,Bhavini Sharma,51,Male,Software Engineer,54991.0,7,394904.35,56414.91,55904.69,Low Activity,Low Spender
C04314,Ekbal Dara,39,Female,Government Employee,194603.0,10,476171.59,47617.16,50716.59,Medium Activity,Medium Spender
C04315,Idika Kaur,57,Male,Software Engineer,63311.0,14,861595.25,61542.52,70436.88,Medium Activity,High Spender
C04316,Widisha Baria,40,Female,Teacher,30208.0,11,629754.69,57250.43,65078.96,Medium Activity,High Spender
C04317,Vedhika Lal,58,Male,Software Engineer,181051.0,9,333674.78,37074.98,30356.2,Medium Activity,Low Spender
C04318,Kevin Agate,21,Male,Business Owner,122462.0,13,721570.94,55505.46,67223.94,Medium Activity,High Spender
C04319,Vivaan Choudhary,52,Male,Accountant,175548.0,10,498318.96,49831.9,45409.72,Medium Activity,Medium Spender
C04320,Bhavika D’Alia,39,Male,Other,94565.0,18,1061978.87,58998.83,56784.7,High Activity,High Spender
C04321,Ansh Boase,29,Male,Sales Executive,178903.0,9,576581.62,64064.62,74318.15,Medium Activity,High Spender
C04322,Logan Grewal,37,Male,Farmer,45197.0,8,410385.71,51298.21,50161.42,Low Activity,Low Spender
C04323,Qasim Merchant,52,Male,Accountant,28397.0,10,583478.87,58347.89,55629.84,Medium Activity,High Spender
C04324,Guneet Mukhopadhyay,46,Female,Business Owner,143905.0,10,329551.19,32955.12,20972.59,Medium Activity,Low Spender
C04325,Raksha Kohli,49,Female,Farmer,100320.0,9,400719.98,44524.44,41915.33,Medium Activity,Low Spender
C04326,Bimala Rana,39,Female,Student,81636.0,9,429408.28,47712.03,49635.55,Medium Activity,Medium Spender
C04327,Bina Kara,40,Female,Doctor,83093.0,15,632693.74,42179.58,31079.66,Medium Activity,High Spender
C04328,Shravya Rattan,50,Male,Business Owner,29646.0,13,785014.65,60385.74,67361.16,Medium Activity,High Spender
C04329,Abhimanyu Dhar,26,Male,Other,50859.0,11,600583.61,54598.51,57561.28,Medium Activity,High Spender
C04330,Ishwar Khanna,30,Male,Sales Executive,53058.0,6,313848.57,52308.1,51168.87,Low Activity,Low Spender
C04331,Falguni Ramesh,30,Male,Accountant,107222.0,18,1119721.3,62206.74,74040.0,High Activity,High Spender
C04332,Ronith Rajagopal,65,Female,Other,82719.0,7,251685.94,35955.13,37204.19,Low Activity,Low Spender
C04333,Saanvi Raju,51,Female,Student,52143.0,14,907244.9,64803.21,62092.88,Medium Activity,High Spender
C04334,Upma Randhawa,62,Female,Doctor,144053.0,12,527286.4,43940.53,54496.68,Medium Activity,Medium Spender
C04335,Sachi Garg,62,Male,Government Employee,61033.0,13,620614.14,47739.55,45590.89,Medium Activity,High Spender
C04336,Nirja Purohit,46,Male,Government Employee,37316.0,7,347096.3,49585.19,56275.39,Low Activity,Low Spender
C04337,Laksh Ramesh,24,Male,Accountant,122120.0,15,689975.95,45998.4,51321.29,Medium Activity,High Spender
C04338,Neha Nadkarni,32,Female,Sales Executive,192577.0,6,342784.31,57130.72,55128.64,Low Activity,Low Spender
C04339,Deepa Bawa,46,Female,Sales Executive,54839.0,8,569520.02,71190.0,66226.57,Low Activity,High Spender
C04340,Warhi Joshi,41,Female,Government Employee,168522.0,12,649273.91,54106.16,56080.42,Medium Activity,High Spender
C04341,Ekavir Korpal,65,Male,Software Engineer,63038.0,14,530121.62,37865.83,32506.38,Medium Activity,Medium Spender
C04342,Chasmum Tata,37,Female,Teacher,147636.0,11,390854.25,35532.2,25894.76,Medium Activity,Low Spender
C04343,Kritika Nagy,42,Male,Software Engineer,56789.0,14,786630.11,56187.86,63644.27,Medium Activity,High Spender
C04344,Faraj Bera,36,Female,Accountant,73020.0,13,597776.13,45982.78,40960.75,Medium Activity,High Spender
C04345,Rayaan Halder,32,Female,Software Engineer,22418.0,9,564420.6,62713.4,84137.27,Medium Activity,Medium Spender
C04346,Manan Doshi,61,Female,Government Employee,181186.0,15,574738.2,38315.88,34128.64,Medium Activity,High Spender
C04347,Gabriel Acharya,44,Female,Software Engineer,47419.0,11,618448.44,56222.59,61176.4,Medium Activity,High Spender
C04348,Girish Shanker,51,Male,Doctor,58746.0,15,702661.36,46844.09,53639.76,Medium Activity,High Spender
C04349,Umang Padmanabhan,42,Female,Farmer,122417.0,14,668378.0,47741.29,43003.43,Medium Activity,High Spender
C04350,Vivaan Sekhon,54,Male,Student,30335.0,13,403264.78,31020.37,17502.92,Medium Activity,Low Spender
C04351,Gavin Chahal,50,Female,Farmer,139652.0,9,546468.83,60718.76,64717.65,Medium Activity,Medium Spender
C04352,Reyansh Seshadri,23,Female,Government Employee,24696.0,9,347880.25,38653.36,37858.51,Medium Activity,Low Spender
C04353,Maya Panchal,47,Male,Sales Executive,129378.0,5,175687.08,35137.42,23543.02,Low Activity,Low Spender
C04354,Jairaj Solanki,50,Male,Government Employee,174899.0,9,458244.15,50916.02,45365.26,Medium Activity,Medium Spender
C04355,Noah Rana,35,Female,Accountant,98717.0,8,349356.78,43669.6,36274.93,Low Activity,Low Spender
C04356,Aishani Patla,62,Male,Doctor,195225.0,10,519818.33,51981.83,59877.88,Medium Activity,Medium Spender
C04357,Jagat Mittal,58,Female,Student,89564.0,15,924378.97,61625.26,60909.04,Medium Activity,High Spender
C04358,Hemani Iyer,21,Male,Software Engineer,78143.0,9,433642.03,48182.45,48397.38,Medium Activity,Medium Spender
C04359,Rushil Handa,49,Male,Student,20589.0,10,664871.15,66487.12,62261.78,Medium Activity,High Spender
C04360,Zayan Pant,48,Male,Teacher,91731.0,10,486197.23,48619.72,49128.65,Medium Activity,Medium Spender
C04361,Meera Manne,55,Female,Software Engineer,151531.0,12,689239.37,57436.61,57558.79,Medium Activity,High Spender
C04362,Jagrati Kunda,61,Female,Other,193883.0,15,473631.21,31575.41,26256.72,Medium Activity,Medium Spender
C04363,Vincent Khare,24,Female,Other,75945.0,6,174751.67,29125.28,26222.24,Low Activity,Low Spender
C04364,Gabriel Puri,55,Female,Teacher,81560.0,5,198132.65,39626.53,48268.54,Low Activity,Low Spender
C04365,Manan Agrawal,45,Female,Business Owner,162885.0,10,414600.83,41460.08,40654.86,Medium Activity,Medium Spender
C04366,Vasatika Pillay,62,Male,Software Engineer,199590.0,12,505184.12,42098.68,38466.16,Medium Activity,Medium Spender
C04367,Diya Garg,48,Male,Government Employee,189566.0,8,302656.77,37832.1,28419.26,Low Activity,Low Spender
C04368,Rachana Koshy,36,Female,Software Engineer,46072.0,10,578399.12,57839.91,68150.28,Medium Activity,High Spender
C04369,Vrinda Vala,29,Female,Business Owner,192348.0,11,424114.7,38555.88,39727.28,Medium Activity,Medium Spender
C04370,Ojasvi Ganesh,39,Female,Student,62431.0,12,504341.78,42028.48,43136.62,Medium Activity,Medium Spender
C04371,Gauri Saxena,48,Male,Business Owner,114746.0,9,502591.87,55843.54,50814.7,Medium Activity,Medium Spender
C04372,Mahika Handa,27,Female,Accountant,162165.0,13,623304.57,47946.51,51726.97,Medium Activity,High Spender
C04373,Onveer Bir,65,Male,Teacher,60781.0,7,372209.87,53172.84,67842.85,Low Activity,Low Spender
C04374,Tamanna Bhattacharyya,28,Male,Doctor,37296.0,17,805620.5,47389.44,51031.01,High Activity,High Spender
C04375,Faqid Bora,38,Male,Teacher,138303.0,11,616991.17,56090.11,58649.44,Medium Activity,High Spender
C04376,Ganga Bajwa,42,Male,Farmer,160140.0,9,463151.89,51461.32,35057.28,Medium Activity,Medium Spender
C04377,Bhavani Iyengar,50,Male,Sales Executive,195111.0,12,628209.07,52350.76,51050.32,Medium Activity,High Spender
C04378,Chaitaly Murty,60,Female,Teacher,113391.0,13,574374.79,44182.68,38220.89,Medium Activity,High Spender
C04379,Turvi Nayak,26,Female,Business Owner,121680.0,5,191640.96,38328.19,44431.68,Low Activity,Low Spender
C04380,Guneet Bhatnagar,33,Female,Software Engineer,182618.0,14,553397.77,39528.41,36946.79,Medium Activity,Medium Spender
C04381,Zarna Tella,26,Male,Business Owner,58223.0,6,241603.68,40267.28,46827.06,Low Activity,Low Spender
C04382,Chakrika Patil,42,Male,Farmer,160197.0,12,613478.23,51123.19,45218.88,Medium Activity,High Spender
C04383,Adweta Agate,33,Female,Government Employee,27809.0,9,467003.74,51889.3,52428.43,Medium Activity,Medium Spender
C04384,Udant Patel,42,Female,Student,47150.0,11,559366.15,50851.47,55719.95,Medium Activity,Medium Spender
C04385,Gauri Hora,53,Female,Doctor,63915.0,10,554982.85,55498.28,63916.4,Medium Activity,Medium Spender
C04386,Abeer Lata,33,Female,Other,37537.0,7,302505.03,43215.0,27855.72,Low Activity,Low Spender
C04387,Niharika De,35,Female,Farmer,140023.0,10,206571.4,20657.14,18681.31,Medium Activity,Low Spender
C04388,Krisha Dutta,45,Female,Government Employee,72196.0,13,798785.91,61445.07,71346.27,Medium Activity,High Spender
C04389,Qabil Jaggi,23,Male,Sales Executive,69304.0,10,380720.29,38072.03,27183.74,Medium Activity,Low Spender
C04390,Samuel Pillai,21,Female,Software Engineer,194215.0,14,812994.25,58071.02,60355.22,Medium Activity,High Spender
C04391,Kavya Mitter,44,Female,Student,21949.0,10,478262.86,47826.29,41546.4,Medium Activity,Medium Spender
C04392,Tara Prashad,41,Female,Teacher,55148.0,10,522393.49,52239.35,51480.6,Medium Activity,Medium Spender
C04393,Thomas Dugal,27,Male,Other,55591.0,17,961880.61,56581.21,55460.29,High Activity,High Spender
C04394,Wazir Ramanathan,51,Female,Farmer,164599.0,19,845915.88,44521.89,37133.04,High Activity,High Spender
C04395,Tanveer Sani,42,Male,Other,28514.0,18,992774.53,55154.14,58914.88,High Activity,High Spender
C04396,Kiaan Suri,61,Female,Doctor,101804.0,10,325908.89,32590.89,14427.1,Medium Activity,Low Spender
C04397,Dalaja Yadav,55,Female,Accountant,30207.0,12,643637.81,53636.48,56126.96,Medium Activity,High Spender
C04398,Matthew Sehgal,27,Male,Accountant,194279.0,11,625415.64,56855.97,51690.07,Medium Activity,High Spender
C04399,Laban Bawa,29,Female,Student,60117.0,10,656868.65,65686.87,83343.64,Medium Activity,High Spender
C04400,Nidra Aggarwal,38,Female,Student,39502.0,10,561825.21,56182.52,57066.5,Medium Activity,Medium Spender
C04401,Fariq Panchal,54,Female,Teacher,150622.0,9,248810.61,27645.62,19589.27,Medium Activity,Low Spender
C04402,Wridesh Modi,40,Female,Student,25959.0,12,674566.35,56213.86,53755.3,Medium Activity,High Spender
C04403,Tristan Mistry,22,Female,Government Employee,68437.0,10,441222.88,44122.29,49993.36,Medium Activity,Medium Spender
C04404,Oeshi Chauhan,26,Male,Farmer,178048.0,11,657676.26,59788.75,61653.2,Medium Activity,High Spender
C04405,Veda Char,59,Male,Government Employee,49720.0,8,407299.99,50912.5,46978.42,Low Activity,Low Spender
C04406,Aarini Swaminathan,27,Female,Government Employee,103443.0,7,237627.78,33946.83,38439.13,Low Activity,Low Spender
C04407,Turvi Kashyap,28,Male,Other,75655.0,11,588979.73,53543.61,46215.63,Medium Activity,High Spender
C04408,Henry Ramaswamy,58,Male,Doctor,32865.0,12,646233.01,53852.75,61876.83,Medium Activity,High Spender
C04409,Indali Mannan,38,Female,Farmer,161900.0,6,341873.45,56978.91,60298.4,Low Activity,Low Spender
C04410,Caleb Divan,26,Female,Farmer,192464.0,13,665057.52,51158.27,36452.52,Medium Activity,High Spender
C04411,Nakul Goel,40,Male,Student,30679.0,12,564301.64,47025.14,46998.82,Medium Activity,Medium Spender
C04412,Rayaan Bhardwaj,40,Female,Teacher,192463.0,6,305631.45,50938.58,46886.18,Low Activity,Low Spender
C04413,Widisha Nagi,42,Female,Software Engineer,55885.0,10,487523.84,48752.38,52279.64,Medium Activity,Medium Spender
C04414,Advaith Bhatti,25,Male,Other,21051.0,16,806106.93,50381.68,47130.77,High Activity,High Spender
C04415,Abha Dube,27,Female,Software Engineer,143004.0,10,552833.19,55283.32,56899.86,Medium Activity,Medium Spender
C04416,Yadavi Narayanan,44,Female,Farmer,48020.0,10,566664.61,56666.46,60209.68,Medium Activity,Medium Spender
C04417,Yasti Malhotra,37,Male,Other,167112.0,12,793096.03,66091.34,84423.68,Medium Activity,High Spender
C04418,Anvi Suri,36,Male,Government Employee,64139.0,8,512088.23,64011.03,69664.42,Low Activity,Medium Spender
C04419,Hitesh Sengupta,32,Male,Software Engineer,143290.0,10,595831.73,59583.17,64426.78,Medium Activity,High Spender
C04420,Wishi Tripathi,34,Male,Business Owner,198899.0,12,628902.9,52408.58,59334.05,Medium Activity,High Spender
C04421,Vritti Rattan,53,Male,Student,21385.0,11,519859.73,47259.98,26731.03,Medium Activity,Medium Spender
C04422,Devika Vaidya,64,Female,Other,69165.0,14,866995.87,61928.28,69722.09,Medium Activity,High Spender
C04423,Zilmil Sabharwal,52,Male,Software Engineer,132649.0,13,682037.82,52464.45,46294.02,Medium Activity,High Spender
C04424,Lohit D’Alia,34,Female,Doctor,158354.0,6,356918.96,59486.49,60033.52,Low Activity,Low Spender
C04425,Siddharth Lad,39,Female,Business Owner,126042.0,10,583173.42,58317.34,60590.97,Medium Activity,High Spender
C04426,Niharika Divan,58,Female,Other,95409.0,10,456628.46,45662.85,38520.99,Medium Activity,Medium Spender
C04427,Jagvi Panchal,38,Male,Other,52675.0,11,691188.15,62835.29,75569.03,Medium Activity,High Spender
C04428,Elijah Ratti,47,Female,Other,150463.0,13,764057.36,58773.64,58034.18,Medium Activity,High Spender
C04429,Bhavya Bajaj,21,Male,Student,174858.0,7,322542.64,46077.52,48517.89,Low Activity,Low Spender
C04430,Chanchal Lad,33,Female,Business Owner,171156.0,11,567972.04,51633.82,56717.36,Medium Activity,Medium Spender
C04431,Charles Upadhyay,32,Male,Doctor,54720.0,13,598886.25,46068.17,46661.61,Medium Activity,High Spender
C04432,Ekta Mohanty,23,Male,Doctor,32206.0,16,889551.15,55596.95,60481.98,High Activity,High Spender
C04433,Anvi Hayer,25,Female,Business Owner,77182.0,11,523387.26,47580.66,49582.49,Medium Activity,Medium Spender
C04434,Reyansh Patil,38,Male,Other,20738.0,12,741002.35,61750.2,63281.34,Medium Activity,High Spender
C04435,Anthony Deshmukh,62,Male,Teacher,23607.0,11,546533.09,49684.83,42058.52,Medium Activity,Medium Spender
C04436,Om Karan,47,Male,Government Employee,74089.0,12,529758.38,44146.53,31326.91,Medium Activity,Medium Spender
C04437,Yachana Sibal,49,Male,Business Owner,189859.0,6,236282.92,39380.49,36346.68,Low Activity,Low Spender
C04438,Vyanjana Balasubramanian,28,Female,Government Employee,127774.0,6,275947.69,45991.28,37569.54,Low Activity,Low Spender
C04439,Deepa Chahal,45,Female,Sales Executive,193832.0,12,693305.29,57775.44,58653.54,Medium Activity,High Spender
C04440,Gaurav Char,33,Male,Doctor,122029.0,16,786067.09,49129.19,45769.48,High Activity,High Spender
C04441,Henry Suresh,43,Male,Doctor,148427.0,7,486891.56,69555.94,87635.33,Low Activity,Medium Spender
C04442,Kevin Thaman,52,Female,Student,32827.0,7,463207.37,66172.48,62473.75,Low Activity,Medium Spender
C04443,Nihal Roy,37,Male,Student,141525.0,15,660165.37,44011.02,45552.12,Medium Activity,High Spender
C04444,Jason Krish,31,Male,Software Engineer,140257.0,6,235619.81,39269.97,41682.57,Low Activity,Low Spender
C04445,Faqid Dalal,54,Female,Doctor,128371.0,4,186449.93,46612.48,51971.5,Low Activity,Low Spender
C04446,Arunima Dada,28,Female,Business Owner,94303.0,5,175498.49,35099.7,27569.83,Low Activity,Low Spender
C04447,Barkha Vala,38,Male,Student,23609.0,7,383808.75,54829.82,65274.66,Low Activity,Low Spender
C04448,Yatan Setty,51,Male,Other,139125.0,7,340585.08,48655.01,29610.04,Low Activity,Low Spender
C04449,Raksha Devi,43,Female,Doctor,137792.0,4,192190.4,48047.6,44220.67,Low Activity,Low Spender
C04450,Akshay Keer,33,Female,Sales Executive,122392.0,9,449828.15,49980.91,42386.15,Medium Activity,Medium Spender
C04451,Saumya Shah,38,Male,Sales Executive,77819.0,12,521777.81,43481.48,49788.86,Medium Activity,Medium Spender
C04452,Balhaar Sheth,49,Male,Software Engineer,81452.0,12,595540.3,49628.36,49647.67,Medium Activity,High Spender
C04453,Brinda Varma,62,Female,Student,77376.0,8,441974.92,55246.86,60516.4,Low Activity,Medium Spender
C04454,Arunima Chad,56,Male,Teacher,90169.0,13,606703.76,46669.52,46757.48,Medium Activity,High Spender
C04455,Urvi Chandra,44,Female,Teacher,91253.0,11,672798.25,61163.48,75505.59,Medium Activity,High Spender
C04456,Girish Babu,63,Female,Student,25321.0,16,838300.04,52393.75,53077.16,High Activity,High Spender
C04457,Ikbal Bhavsar,25,Male,Doctor,94137.0,13,570275.23,43867.33,35087.0,Medium Activity,High Spender
C04458,Jhalak Venkatesh,37,Male,Farmer,180850.0,12,471848.66,39320.72,30095.06,Medium Activity,Medium Spender
C04459,Oliver Deep,57,Male,Sales Executive,158497.0,5,197500.72,39500.14,18079.41,Low Activity,Low Spender
C04460,Manan Talwar,21,Male,Software Engineer,105819.0,13,718751.35,55288.57,59581.36,Medium Activity,High Spender
C04461,Indali Bajaj,65,Female,Other,109468.0,13,671787.5,51675.96,56143.74,Medium Activity,High Spender
C04462,Robert Chad,21,Female,Doctor,69118.0,16,1095079.16,68442.45,76665.5,High Activity,High Spender
C04463,Sai Nayar,27,Female,Student,85842.0,9,564357.3,62706.37,57825.48,Medium Activity,Medium Spender
C04464,Ekansh Kapoor,65,Female,Other,72289.0,4,58816.4,14704.1,17449.92,Low Activity,Low Spender
C04465,Pooja Ganesan,61,Female,Other,168167.0,9,554896.2,61655.13,68608.78,Medium Activity,Medium Spender
C04466,Charles Gaba,57,Female,Teacher,119594.0,10,461546.61,46154.66,52532.85,Medium Activity,Medium Spender
C04467,Devika Murthy,51,Male,Doctor,105122.0,10,517468.88,51746.89,57887.76,Medium Activity,Medium Spender
C04468,Sara Vala,23,Female,Government Employee,143570.0,11,631825.52,57438.68,76957.29,Medium Activity,High Spender
C04469,Jasmit Patla,36,Female,Sales Executive,79658.0,12,826092.28,68841.02,66032.76,Medium Activity,High Spender
C04470,Bimala Sastry,48,Male,Teacher,47051.0,12,796241.25,66353.44,69406.4,Medium Activity,High Spender
C04471,Xiti Kant,57,Male,Doctor,127671.0,8,398907.5,49863.44,52646.6,Low Activity,Low Spender
C04472,Warjas Batra,23,Male,Sales Executive,128097.0,7,377677.6,53953.94,50821.78,Low Activity,Low Spender
C04473,Ishanvi Khurana,55,Male,Teacher,198509.0,7,317435.19,45347.88,53309.38,Low Activity,Low Spender
C04474,Tejas Dutt,56,Female,Business Owner,77863.0,14,826352.95,59025.21,58492.13,Medium Activity,High Spender
C04475,Maya Krishnan,34,Male,Government Employee,45390.0,10,545381.33,54538.13,60817.52,Medium Activity,Medium Spender
C04476,Kabir Dash,23,Female,Software Engineer,174009.0,12,615312.57,51276.05,49615.18,Medium Activity,High Spender
C04477,Devansh Mane,47,Male,Accountant,188563.0,10,722835.74,72283.57,74554.28,Medium Activity,High Spender
C04478,Vaishnavi Kadakia,58,Female,Doctor,44505.0,4,224690.88,56172.72,52206.24,Low Activity,Low Spender
C04479,Samarth Karpe,42,Male,Other,51137.0,8,260408.33,32551.04,22797.36,Low Activity,Low Spender
C04480,Hemal Subramanian,26,Female,Other,160742.0,8,375150.89,46893.86,45635.72,Low Activity,Low Spender
C04481,Anika Kashyap,61,Male,Software Engineer,144783.0,3,106976.3,35658.77,27519.99,Low Activity,Low Spender
C04482,Girindra Bora,65,Female,Farmer,63787.0,7,294258.49,42036.93,38237.2,Low Activity,Low Spender
C04483,Sanya Khatri,63,Male,Sales Executive,76717.0,11,629294.57,57208.6,59010.19,Medium Activity,High Spender
C04484,Yahvi Mitra,47,Female,Teacher,43254.0,10,638392.27,63839.23,60655.36,Medium Activity,High Spender
C04485,Yasti Mitra,53,Male,Other,92789.0,7,309139.23,44162.75,44395.78,Low Activity,Low Spender
C04486,Jackson Kulkarni,21,Female,Government Employee,113559.0,12,803438.7,66953.22,74389.47,Medium Activity,High Spender
C04487,Zayan Barad,49,Male,Software Engineer,45561.0,7,341960.73,48851.53,45815.21,Low Activity,Low Spender
C04488,Vedant Gopal,61,Male,Accountant,70474.0,9,444332.9,49370.32,46221.87,Medium Activity,Medium Spender
C04489,Rachita Som,32,Male,Doctor,31850.0,6,314799.06,52466.51,51197.5,Low Activity,Low Spender
C04490,Baghyawati Modi,32,Male,Doctor,71811.0,14,780158.75,55725.62,56735.09,Medium Activity,High Spender
C04491,Hemal Choudhury,29,Female,Sales Executive,36062.0,10,546139.09,54613.91,46961.96,Medium Activity,Medium Spender
C04492,Chanchal Chakrabarti,63,Female,Doctor,182174.0,8,269217.72,33652.21,25146.78,Low Activity,Low Spender
C04493,Amrita Varma,29,Male,Teacher,73520.0,10,500531.12,50053.11,58159.38,Medium Activity,Medium Spender
C04494,Bahadurjit Lall,44,Female,Student,60351.0,11,591644.97,53785.91,60128.83,Medium Activity,High Spender
C04495,Balveer Gaba,65,Male,Business Owner,144185.0,9,377070.33,41896.7,45240.81,Medium Activity,Low Spender
C04496,Mohammed Chauhan,45,Male,Business Owner,118182.0,10,565995.19,56599.52,62489.74,Medium Activity,Medium Spender
C04497,Onkar Shroff,23,Male,Student,48449.0,12,580952.25,48412.69,44137.8,Medium Activity,High Spender
C04498,Om Gara,26,Male,Doctor,39192.0,7,323763.0,46251.86,49028.69,Low Activity,Low Spender
C04499,Varsha Sarna,30,Female,Teacher,133932.0,7,340226.32,48603.76,45816.59,Low Activity,Low Spender
C04500,Jeevika Bansal,35,Male,Accountant,156383.0,6,273885.42,45647.57,27773.23,Low Activity,Low Spender
C04501,Arjun Guha,56,Female,Sales Executive,61260.0,13,712703.22,54823.32,62270.71,Medium Activity,High Spender
C04502,Warda Radhakrishnan,59,Male,Sales Executive,131381.0,9,472311.58,52479.06,61627.18,Medium Activity,Medium Spender
C04503,George Sani,32,Female,Accountant,102766.0,13,581039.53,44695.35,41789.46,Medium Activity,High Spender
C04504,Meera Seshadri,37,Male,Software Engineer,71450.0,9,548023.74,60891.53,62911.11,Medium Activity,Medium Spender
C04505,Nicholas Mander,46,Female,Student,160364.0,8,416422.1,52052.76,47266.16,Low Activity,Medium Spender
C04506,Yahvi Pingle,50,Male,Other,50237.0,8,604594.75,75574.34,80918.55,Low Activity,High Spender
C04507,Aarnav Chahal,65,Male,Software Engineer,80224.0,9,475449.71,52827.75,52493.92,Medium Activity,Medium Spender
C04508,Keya Buch,65,Male,Farmer,145651.0,10,380216.34,38021.63,29523.14,Medium Activity,Low Spender
C04509,Harsh Gandhi,46,Male,Software Engineer,155778.0,8,346192.36,43274.04,43107.01,Low Activity,Low Spender
C04510,Faris Bhargava,32,Male,Business Owner,83041.0,13,627095.48,48238.11,49605.58,Medium Activity,High Spender
C04511,William Mohanty,24,Male,Doctor,161296.0,8,315405.25,39425.66,37777.2,Low Activity,Low Spender
C04512,Aahana Bal,56,Male,Government Employee,157645.0,10,625439.17,62543.92,77486.37,Medium Activity,High Spender
C04513,Rajata Lala,55,Male,Accountant,88456.0,14,738502.77,52750.2,45990.46,Medium Activity,High Spender
C04514,Eshana Bir,42,Male,Business Owner,31539.0,15,489471.45,32631.43,27463.06,Medium Activity,Medium Spender
C04515,Ekansh Narang,48,Female,Doctor,56624.0,11,560286.46,50935.13,58072.82,Medium Activity,Medium Spender
C04516,Xiti Mall,35,Male,Farmer,58750.0,11,487828.69,44348.06,34868.59,Medium Activity,Medium Spender
C04517,Kashvi Pai,60,Female,Teacher,130656.0,9,643975.02,71552.78,81696.69,Medium Activity,High Spender
C04518,Aashi Patla,61,Male,Government Employee,140821.0,7,297790.11,42541.44,40008.07,Low Activity,Low Spender
C04519,Pranav Tiwari,31,Female,Government Employee,27853.0,11,589328.35,53575.3,52709.48,Medium Activity,High Spender
C04520,Fariq Char,23,Male,Software Engineer,194294.0,9,425425.88,47269.54,39169.82,Medium Activity,Medium Spender
C04521,Chandresh Palla,65,Male,Software Engineer,41924.0,12,614388.15,51199.01,60802.61,Medium Activity,High Spender
C04522,Darika Nair,41,Male,Other,41250.0,14,969173.19,69226.66,79102.3,Medium Activity,High Spender
C04523,Eiravati Shanker,26,Male,Sales Executive,45758.0,11,517335.64,47030.51,56786.97,Medium Activity,Medium Spender
C04524,Ekta Contractor,49,Female,Software Engineer,185372.0,8,398313.67,49789.21,49445.39,Low Activity,Low Spender
C04525,Joshua Shetty,59,Male,Business Owner,112625.0,8,362981.84,45372.73,33662.82,Low Activity,Low Spender
C04526,Urishilla Agarwal,41,Female,Teacher,152125.0,18,1198996.26,66610.9,75732.06,High Activity,High Spender
C04527,Arin Buch,62,Female,Accountant,88368.0,15,581512.24,38767.48,35601.23,Medium Activity,High Spender
C04528,Lavanya Jaggi,31,Male,Farmer,58782.0,9,513387.37,57043.04,57433.77,Medium Activity,Medium Spender
C04529,Bhavini Vohra,59,Female,Accountant,148749.0,10,563512.25,56351.22,65608.52,Medium Activity,Medium Spender
C04530,Kritika Dasgupta,54,Male,Business Owner,66065.0,8,581600.31,72700.04,83284.18,Low Activity,High Spender
C04531,Jhalak Sahota,39,Male,Government Employee,119469.0,10,564415.06,56441.51,58455.86,Medium Activity,Medium Spender
C04532,Owen Virk,51,Male,Farmer,133951.0,15,480946.88,32063.13,34849.77,Medium Activity,Medium Spender
C04533,Reva Tiwari,50,Male,Software Engineer,177079.0,13,818422.38,62955.57,73001.98,Medium Activity,High Spender
C04534,Gopal Loke,24,Male,Accountant,84385.0,9,518664.04,57629.34,52745.55,Medium Activity,Medium Spender
C04535,Nilima Barman,45,Female,Government Employee,43249.0,14,800573.07,57183.79,57103.11,Medium Activity,High Spender
C04536,Samaksh Gola,44,Female,Farmer,59310.0,7,333412.31,47630.33,54081.96,Low Activity,Low Spender
C04537,Ayushman Kalla,46,Female,Other,52228.0,8,400606.49,50075.81,43051.46,Low Activity,Low Spender
C04538,Tejas Anne,36,Female,Business Owner,90624.0,13,716209.69,55093.05,52895.62,Medium Activity,High Spender
C04539,Yashoda Chana,53,Male,Government Employee,116879.0,8,481937.14,60242.14,56583.42,Low Activity,Medium Spender
C04540,Azad Nagy,63,Male,Government Employee,101297.0,13,649623.54,49971.04,50391.05,Medium Activity,High Spender
C04541,Nathaniel Pal,31,Female,Software Engineer,164845.0,11,688522.62,62592.97,60767.49,Medium Activity,High Spender
C04542,Vedika Badal,23,Female,Software Engineer,126622.0,9,480411.78,53379.09,53782.75,Medium Activity,Medium Spender
C04543,Nandini Ganguly,34,Male,Student,177837.0,7,269000.96,38428.71,28584.95,Low Activity,Low Spender
C04544,Abhimanyu Pandya,60,Female,Other,113081.0,14,580098.13,41435.58,35430.12,Medium Activity,High Spender
C04545,Prisha Kala,22,Male,Business Owner,36912.0,12,670698.11,55891.51,45110.92,Medium Activity,High Spender
C04546,Rachana Sem,24,Female,Software Engineer,52089.0,8,360079.18,45009.9,42134.5,Low Activity,Low Spender
C04547,Chanakya Shroff,46,Female,Farmer,52575.0,9,404724.59,44969.4,41747.97,Medium Activity,Low Spender
C04548,Neel Dhingra,56,Male,Accountant,183991.0,7,382544.29,54649.18,52515.44,Low Activity,Low Spender
C04549,Janani Gera,37,Male,Farmer,144162.0,8,526420.82,65802.6,64804.2,Low Activity,Medium Spender
C04550,Ucchal Nanda,52,Male,Farmer,70818.0,7,451820.53,64545.79,64868.53,Low Activity,Medium Spender
C04551,Vihaan Jaggi,45,Male,Farmer,189801.0,12,513437.51,42786.46,50147.0,Medium Activity,Medium Spender
C04552,Madhavi Pingle,25,Female,Accountant,83498.0,7,206202.15,29457.45,28332.78,Low Activity,Low Spender
C04553,Inaya Jayaraman,30,Male,Business Owner,124879.0,13,699411.28,53800.87,58431.86,Medium Activity,High Spender
C04554,Damyanti Chand,60,Female,Business Owner,156766.0,9,658481.93,73164.66,81480.97,Medium Activity,High Spender
C04555,William Rajagopal,57,Female,Student,98010.0,9,489663.35,54407.04,46088.36,Medium Activity,Medium Spender
C04556,Yashoda Dasgupta,31,Male,Doctor,130047.0,11,415492.92,37772.08,30615.09,Medium Activity,Medium Spender
C04557,Rajeshri More,29,Female,Farmer,132954.0,13,680918.97,52378.38,54898.36,Medium Activity,High Spender
C04558,Agastya Balakrishnan,34,Male,Accountant,86020.0,12,611304.19,50942.02,61411.38,Medium Activity,High Spender
C04559,Yatin Kara,26,Female,Software Engineer,122284.0,8,288141.34,36017.67,33198.23,Low Activity,Low Spender
C04560,Parth Borde,39,Female,Business Owner,112976.0,9,407176.21,45241.8,50013.43,Medium Activity,Low Spender
C04561,Rudra Bath,44,Female,Software Engineer,68913.0,12,594511.32,49542.61,47094.94,Medium Activity,High Spender
C04562,Avni Chauhan,46,Male,Government Employee,109110.0,9,520433.02,57825.89,62483.01,Medium Activity,Medium Spender
C04563,Aarini Thakkar,55,Male,Accountant,70245.0,11,565243.81,51385.8,57076.34,Medium Activity,Medium Spender
C04564,Henry Jani,22,Male,Sales Executive,118899.0,10,556694.04,55669.4,45658.87,Medium Activity,Medium Spender
C04565,Aarini Kala,40,Female,Accountant,96179.0,8,431136.03,53892.0,51210.47,Low Activity,Medium Spender
C04566,Peter Handa,53,Male,Doctor,48564.0,7,376758.23,53822.6,46770.15,Low Activity,Low Spender
C04567,Urvi Muni,44,Male,Farmer,151326.0,10,587732.36,58773.24,62705.43,Medium Activity,High Spender
C04568,Barkha Sundaram,54,Male,Accountant,106914.0,14,689116.26,49222.59,52922.89,Medium Activity,High Spender
C04569,Quincy Bhandari,29,Female,Other,36129.0,12,726214.64,60517.89,60309.54,Medium Activity,High Spender
C04570,Guneet Salvi,64,Female,Software Engineer,95942.0,8,464980.56,58122.57,61774.72,Low Activity,Medium Spender
C04571,Varenya Ranganathan,64,Male,Accountant,82604.0,12,583329.28,48610.77,55477.05,Medium Activity,High Spender
C04572,Anthony Lalla,34,Male,Doctor,113077.0,10,483269.39,48326.94,61024.44,Medium Activity,Medium Spender
C04573,Aachal Venkataraman,33,Female,Other,102594.0,15,814190.79,54279.39,64677.48,Medium Activity,High Spender
C04574,Laban Reddy,28,Female,Doctor,57071.0,10,617660.97,61766.1,62851.05,Medium Activity,High Spender
C04575,Yachana Oak,27,Male,Teacher,177248.0,8,368750.8,46093.85,56331.58,Low Activity,Low Spender
C04576,Brinda Magar,50,Female,Teacher,162705.0,12,486254.98,40521.25,29635.68,Medium Activity,Medium Spender
C04577,Oviya Wable,24,Male,Doctor,175534.0,12,657807.31,54817.28,51763.52,Medium Activity,High Spender
C04578,Vedant Bhavsar,26,Male,Sales Executive,76828.0,10,586431.76,58643.18,68578.11,Medium Activity,High Spender
C04579,Jeet Dayal,29,Female,Government Employee,79170.0,7,449721.63,64245.95,73413.5,Low Activity,Medium Spender
C04580,Ekta Arya,23,Female,Software Engineer,40143.0,9,353250.65,39250.07,22976.11,Medium Activity,Low Spender
C04581,Vasana Trivedi,26,Female,Government Employee,122063.0,12,701991.59,58499.3,59145.74,Medium Activity,High Spender
C04582,Jeevika Merchant,27,Female,Farmer,126744.0,13,595922.02,45840.16,43559.99,Medium Activity,High Spender
C04583,Ekantika Date,56,Male,Software Engineer,68451.0,8,380766.91,47595.86,50750.88,Low Activity,Low Spender
C04584,Isaac Varkey,34,Male,Software Engineer,173640.0,11,491729.58,44702.69,45294.39,Medium Activity,Medium Spender
C04585,Madhavi Rajagopalan,27,Female,Student,49363.0,15,741957.5,49463.83,58700.07,Medium Activity,High Spender
C04586,Garima Bose,56,Male,Other,157329.0,12,562750.02,46895.84,40569.18,Medium Activity,Medium Spender
C04587,Riya Nayak,21,Male,Student,107517.0,8,361221.78,45152.72,41549.07,Low Activity,Low Spender
C04588,Advika Wagle,51,Female,Accountant,94356.0,10,537238.65,53723.87,52218.71,Medium Activity,Medium Spender
C04589,Chameli Mohanty,59,Male,Student,20805.0,14,694774.26,49626.73,44422.78,Medium Activity,High Spender
C04590,Kala Bhagat,60,Male,Student,116444.0,11,545039.3,49549.03,44008.93,Medium Activity,Medium Spender
C04591,Veer Mohanty,60,Female,Business Owner,35189.0,7,425128.28,60732.61,60381.37,Low Activity,Medium Spender
C04592,Zarna Bahri,25,Female,Other,38589.0,12,543692.18,45307.68,44474.56,Medium Activity,Medium Spender
C04593,Waida Solanki,28,Female,Teacher,161355.0,11,589628.52,53602.59,61218.67,Medium Activity,High Spender
C04594,Aachal Sen,39,Male,Doctor,124071.0,8,554764.68,69345.59,71678.58,Low Activity,Medium Spender
C04595,Thomas Sengupta,54,Female,Government Employee,26914.0,9,423817.96,47090.88,55465.95,Medium Activity,Medium Spender
C04596,Ranbir Kari,58,Male,Student,71040.0,10,558253.19,55825.32,57608.72,Medium Activity,Medium Spender
C04597,Sarthak Krishnamurthy,31,Male,Doctor,179008.0,9,575772.75,63974.75,69996.4,Medium Activity,High Spender
C04598,Dalaja Prabhakar,59,Male,Teacher,82951.0,8,387848.96,48481.12,41411.07,Low Activity,Low Spender
C04599,Tamanna Narain,49,Female,Government Employee,108524.0,14,719346.91,51381.92,50533.62,Medium Activity,High Spender
C04600,Hemani Sule,47,Male,Teacher,86885.0,13,630453.96,48496.46,38436.59,Medium Activity,High Spender
C04601,Jagdish Dasgupta,23,Female,Business Owner,156231.0,11,604669.1,54969.92,65259.74,Medium Activity,High Spender
C04602,Balveer Sura,55,Female,Software Engineer,116163.0,11,447589.72,40689.97,35858.61,Medium Activity,Medium Spender
C04603,Amruta Pandit,61,Male,Government Employee,82298.0,10,467601.4,46760.14,53476.63,Medium Activity,Medium Spender
C04604,Champak Chowdhury,52,Female,Student,134129.0,17,1012716.32,59571.55,70386.03,High Activity,High Spender
C04605,Mitesh Murty,23,Male,Teacher,53760.0,5,219129.1,43825.82,32780.2,Low Activity,Low Spender
C04606,Zehaan Sharaf,48,Male,Software Engineer,70577.0,10,523895.88,52389.59,49114.27,Medium Activity,Medium Spender
C04607,Tanveer Chauhan,24,Male,Government Employee,122390.0,8,390097.57,48762.2,54392.27,Low Activity,Low Spender
C04608,Pahal Banik,46,Male,Software Engineer,121262.0,11,363706.13,33064.19,24168.93,Medium Activity,Low Spender
C04609,Theodore Kibe,30,Female,Teacher,103985.0,10,374270.77,37427.08,38483.77,Medium Activity,Low Spender
C04610,Turvi Gaba,34,Male,Business Owner,77305.0,9,322142.48,35793.61,21462.87,Medium Activity,Low Spender
C04611,Chaitaly Pal,37,Female,Government Employee,33645.0,4,137246.6,34311.65,27406.89,Low Activity,Low Spender
C04612,Xalak Narasimhan,48,Male,Student,169957.0,6,318824.96,53137.49,54878.14,Low Activity,Low Spender
C04613,Sanaya Hayre,27,Female,Sales Executive,131273.0,10,565428.05,56542.81,68739.4,Medium Activity,Medium Spender
C04614,Zansi Bhagat,56,Male,Other,75275.0,14,513016.94,36644.07,26134.92,Medium Activity,Medium Spender
C04615,Ekaja Upadhyay,54,Female,Accountant,30575.0,10,682093.3,68209.33,68123.11,Medium Activity,High Spender
C04616,Atharv Setty,28,Male,Accountant,165366.0,11,567899.01,51627.18,56413.85,Medium Activity,Medium Spender
C04617,Pallavi Parmar,21,Female,Doctor,109812.0,9,517510.63,57501.18,48505.35,Medium Activity,Medium Spender
C04618,Wriddhish Acharya,40,Male,Sales Executive,194878.0,11,623169.84,56651.8,56833.52,Medium Activity,High Spender
C04619,Gautami Pandit,56,Male,Student,32090.0,6,164190.58,27365.1,23240.98,Low Activity,Low Spender
C04620,Vinaya Batta,34,Male,Government Employee,181089.0,14,924328.39,66023.46,78059.0,Medium Activity,High Spender
C04621,Ranveer Oak,28,Male,Teacher,194856.0,11,566259.7,51478.15,58062.83,Medium Activity,Medium Spender
C04622,Ekavir Nair,44,Female,Software Engineer,178775.0,14,659596.25,47114.02,56189.44,Medium Activity,High Spender
C04623,Chakrika Grewal,24,Female,Other,172264.0,13,685180.01,52706.15,47863.88,Medium Activity,High Spender
C04624,Jacob Sampath,25,Female,Accountant,170493.0,9,352209.33,39134.37,22352.18,Medium Activity,Low Spender
C04625,Urishilla Ratti,32,Male,Sales Executive,86910.0,8,351225.92,43903.24,42335.85,Low Activity,Low Spender
C04626,Anirudh Sinha,58,Male,Student,176722.0,5,260541.83,52108.37,40361.43,Low Activity,Low Spender
C04627,Jacob Naik,57,Female,Other,170133.0,7,351558.16,50222.59,63328.98,Low Activity,Low Spender
C04628,Daniel Karan,45,Female,Farmer,188230.0,11,557589.14,50689.92,44967.39,Medium Activity,Medium Spender
C04629,Lakshmi Vohra,59,Female,Teacher,156894.0,7,252056.13,36008.02,35565.17,Low Activity,Low Spender
C04630,William Dalal,39,Male,Farmer,115992.0,6,273040.99,45506.83,38625.98,Low Activity,Low Spender
C04631,Samesh Pandey,58,Female,Other,85064.0,8,380880.38,47610.05,47699.98,Low Activity,Low Spender
C04632,Yashodhara Mammen,30,Female,Other,46986.0,12,484544.71,40378.73,44537.74,Medium Activity,Medium Spender
C04633,Zaid Nath,39,Male,Farmer,101158.0,9,388368.4,43152.04,25661.17,Medium Activity,Low Spender
C04634,Hritik Mani,57,Male,Business Owner,69905.0,6,270758.58,45126.43,39340.96,Low Activity,Low Spender
C04635,Sai Chokshi,27,Male,Doctor,97183.0,12,568363.05,47363.59,40275.09,Medium Activity,Medium Spender
C04636,Amol Reddy,30,Female,Student,167826.0,11,460127.24,41829.75,43708.51,Medium Activity,Medium Spender
C04637,Onkar Jaggi,56,Male,Student,183110.0,12,592319.18,49359.93,46212.5,Medium Activity,High Spender
C04638,Joshua Bhandari,65,Male,Farmer,143988.0,10,588141.81,58814.18,57580.84,Medium Activity,High Spender
C04639,Laban Raghavan,30,Female,Teacher,139847.0,8,279963.06,34995.38,23450.27,Low Activity,Low Spender
C04640,Hitesh Malhotra,47,Male,Sales Executive,65590.0,11,523892.58,47626.6,38188.32,Medium Activity,Medium Spender
C04641,Krishna Raman,34,Female,Farmer,79797.0,8,401255.65,50156.96,57338.03,Low Activity,Low Spender
C04642,Vidhi Bhatnagar,54,Male,Government Employee,195674.0,11,603836.53,54894.23,63542.15,Medium Activity,High Spender
C04643,Tejas Kapadia,63,Female,Doctor,156369.0,12,606516.63,50543.05,50865.93,Medium Activity,High Spender
C04644,Aahana Kannan,29,Male,Accountant,20805.0,9,242355.3,26928.37,11345.65,Medium Activity,Low Spender
C04645,Chatura Datta,43,Female,Teacher,57344.0,8,416602.45,52075.31,57836.43,Low Activity,Medium Spender
C04646,Arya Palla,65,Female,Government Employee,27848.0,7,401150.21,57307.17,56245.15,Low Activity,Low Spender
C04647,Kritika Krishnamurthy,56,Male,Student,174799.0,12,671444.03,55953.67,62060.28,Medium Activity,High Spender
C04648,Jhalak Badal,43,Male,Student,193255.0,14,598516.67,42751.19,41250.87,Medium Activity,High Spender
C04649,Ojasvi Kulkarni,38,Male,Farmer,120252.0,12,551075.91,45922.99,54931.38,Medium Activity,Medium Spender
C04650,Rushil Kalla,57,Female,Government Employee,126672.0,10,539815.12,53981.51,51590.1,Medium Activity,Medium Spender
C04651,Manbir Bumb,61,Male,Doctor,23914.0,9,439034.96,48781.66,54930.95,Medium Activity,Medium Spender
C04652,Rayaan Dutt,56,Female,Student,45756.0,9,319351.43,35483.49,32965.74,Medium Activity,Low Spender
C04653,Vyanjana Din,64,Male,Doctor,158544.0,8,309567.51,38695.94,31418.02,Low Activity,Low Spender
C04654,Chatura Suri,41,Female,Teacher,86042.0,13,611727.47,47055.96,29061.64,Medium Activity,High Spender
C04655,Yashoda Dubey,33,Female,Student,161942.0,14,672928.11,48066.29,45928.06,Medium Activity,High Spender
C04656,Ojasvi Arora,30,Male,Other,101459.0,14,677956.36,48425.45,51466.51,Medium Activity,High Spender
C04657,Hemal Sarraf,53,Female,Software Engineer,27721.0,11,591664.5,53787.68,64522.8,Medium Activity,High Spender
C04658,Mohammed Sama,31,Female,Doctor,20256.0,11,568668.4,51697.13,57806.83,Medium Activity,Medium Spender
C04659,Tamanna Rastogi,21,Female,Other,122412.0,10,602911.1,60291.11,76807.1,Medium Activity,High Spender
C04660,Rohan Saran,45,Male,Software Engineer,50614.0,11,629319.71,57210.88,45811.73,Medium Activity,High Spender
C04661,Harrison Chana,45,Male,Teacher,41289.0,11,479850.31,43622.76,51641.73,Medium Activity,Medium Spender
C04662,Wriddhish Mani,63,Male,Other,107776.0,9,334473.64,37163.74,39661.15,Medium Activity,Low Spender
C04663,Jagdish Nagarajan,22,Male,Teacher,118354.0,12,447500.22,37291.68,30199.82,Medium Activity,Medium Spender
C04664,Kashvi Ravi,54,Male,Other,189944.0,5,366064.48,73212.9,78156.28,Low Activity,Low Spender
C04665,Benjamin Varma,38,Male,Accountant,185114.0,15,632904.83,42193.66,42736.22,Medium Activity,High Spender
C04666,Mitesh Buch,59,Male,Government Employee,34240.0,12,581165.24,48430.44,45185.8,Medium Activity,High Spender
C04667,Advik Rastogi,50,Female,Business Owner,185029.0,7,423536.36,60505.19,52909.0,Low Activity,Medium Spender
C04668,Anusha Ahuja,54,Male,Other,136212.0,11,484162.25,44014.75,35856.02,Medium Activity,Medium Spender
C04669,Eiravati Mohanty,62,Female,Business Owner,33185.0,9,435606.53,48400.73,48545.47,Medium Activity,Medium Spender
C04670,Jackson Sule,44,Male,Accountant,90810.0,9,478627.34,53180.82,63260.65,Medium Activity,Medium Spender
C04671,Aashi Srivastava,22,Female,Sales Executive,136049.0,10,741414.98,74141.5,85849.46,Medium Activity,High Spender
C04672,Yuvraj Sathe,59,Female,Student,62549.0,15,561263.52,37417.57,27403.6,Medium Activity,Medium Spender
C04673,Tarak Iyer,24,Female,Business Owner,125701.0,8,493197.54,61649.69,60782.56,Low Activity,Medium Spender
C04674,Bhavya Cherian,47,Male,Other,55964.0,13,463144.66,35626.51,35681.43,Medium Activity,Medium Spender
C04675,Urishilla Peri,43,Male,Farmer,44135.0,9,413402.39,45933.6,38011.5,Medium Activity,Medium Spender
C04676,Meera Madan,52,Female,Student,32502.0,7,240183.39,34311.91,12788.54,Low Activity,Low Spender
C04677,Onveer Shetty,31,Male,Accountant,25959.0,7,322149.26,46021.32,45815.18,Low Activity,Low Spender
C04678,Vedhika Datta,46,Female,Teacher,71188.0,9,364334.58,40481.62,40162.73,Medium Activity,Low Spender
C04679,Daksha Ramesh,33,Male,Sales Executive,80847.0,9,481745.89,53527.32,53095.25,Medium Activity,Medium Spender
C04680,Jalsa Kothari,26,Male,Government Employee,113815.0,11,764056.95,69459.72,77632.87,Medium Activity,High Spender
C04681,Ubika Issac,31,Male,Government Employee,125201.0,9,538259.74,59806.64,56004.56,Medium Activity,Medium Spender
C04682,Gaurangi Gole,27,Female,Farmer,40748.0,8,433365.42,54170.68,57883.52,Low Activity,Medium Spender
C04683,Laban Brar,50,Male,Doctor,63063.0,11,491759.4,44705.4,40914.27,Medium Activity,Medium Spender
C04684,Idika Soman,64,Male,Teacher,178053.0,9,472326.56,52480.73,43120.17,Medium Activity,Medium Spender
C04685,Praneel Doctor,31,Male,Student,49522.0,8,409829.62,51228.7,47872.88,Low Activity,Low Spender
C04686,Hitesh Pathak,35,Female,Doctor,154557.0,9,412638.41,45848.71,43122.82,Medium Activity,Medium Spender
C04687,Ethan Sahota,63,Female,Business Owner,142612.0,15,839497.73,55966.52,58024.96,Medium Activity,High Spender
C04688,Yauvani Sarraf,52,Female,Student,51788.0,5,213128.6,42625.72,19129.02,Low Activity,Low Spender
C04689,Chakrika Goyal,33,Male,Sales Executive,39486.0,11,590333.51,53666.68,56664.16,Medium Activity,High Spender
C04690,Shravya Cherian,63,Female,Accountant,89362.0,9,372760.41,41417.82,43939.03,Medium Activity,Low Spender
C04691,Triya Bhakta,58,Male,Business Owner,171730.0,13,672077.67,51698.28,54214.59,Medium Activity,High Spender
C04692,Januja Arora,41,Male,Business Owner,123701.0,9,662066.83,73562.98,68929.07,Medium Activity,High Spender
C04693,Panini Saran,39,Male,Teacher,133025.0,5,320060.94,64012.19,67946.01,Low Activity,Low Spender
C04694,Xavier Bajwa,38,Female,Software Engineer,81999.0,9,426085.38,47342.82,41137.23,Medium Activity,Medium Spender
C04695,Pahal Mishra,49,Male,Accountant,46637.0,11,553012.19,50273.84,61157.54,Medium Activity,Medium Spender
C04696,Yahvi Nagar,46,Female,Farmer,48385.0,11,502691.27,45699.21,48730.11,Medium Activity,Medium Spender
C04697,Devika Kakar,30,Female,Sales Executive,194922.0,12,503138.04,41928.17,31840.7,Medium Activity,Medium Spender
C04698,Zaid Acharya,53,Male,Business Owner,39707.0,11,526037.94,47821.63,57617.65,Medium Activity,Medium Spender
C04699,Zayyan Suresh,21,Male,Teacher,148863.0,8,451975.27,56496.91,58062.52,Low Activity,Medium Spender
C04700,Vidhi Hegde,58,Male,Teacher,184696.0,8,366779.29,45847.41,34579.46,Low Activity,Low Spender
C04701,Qushi Behl,33,Female,Farmer,130065.0,15,880795.17,58719.68,63287.34,Medium Activity,High Spender
C04702,Anya Rastogi,31,Female,Sales Executive,178988.0,15,660084.95,44005.66,31884.69,Medium Activity,High Spender
C04703,Kavya Dora,49,Male,Student,80720.0,9,346010.6,38445.62,30671.47,Medium Activity,Low Spender
C04704,Anmol Bhargava,55,Male,Teacher,155082.0,9,568935.18,63215.02,64751.53,Medium Activity,High Spender
C04705,Wridesh Pandya,32,Female,Student,27643.0,16,802728.65,50170.54,46368.16,High Activity,High Spender
C04706,Nachiket Yohannan,42,Male,Other,137871.0,9,365643.93,40627.1,47685.39,Medium Activity,Low Spender
C04707,Timothy Kuruvilla,22,Female,Other,162763.0,10,356447.53,35644.75,24032.5,Medium Activity,Low Spender
C04708,Ikbal Dada,61,Female,Student,198453.0,10,454921.64,45492.16,54033.54,Medium Activity,Medium Spender
C04709,Rajeshri Sengupta,28,Female,Sales Executive,36014.0,9,428031.34,47559.04,41857.38,Medium Activity,Medium Spender
C04710,Falak Badami,46,Female,Doctor,126190.0,15,820946.37,54729.76,60177.82,Medium Activity,High Spender
C04711,Ishanvi Merchant,54,Male,Software Engineer,115705.0,9,450208.59,50023.18,56276.81,Medium Activity,Medium Spender
C04712,Zilmil Narayan,21,Female,Farmer,57651.0,13,764964.99,58843.46,69004.51,Medium Activity,High Spender
C04713,Praneel Doctor,26,Male,Business Owner,78696.0,14,666126.79,47580.48,46408.61,Medium Activity,High Spender
C04714,Unnati Nagar,61,Female,Government Employee,196654.0,11,605873.32,55079.39,65560.57,Medium Activity,High Spender
C04715,Oviya Setty,31,Male,Student,197929.0,12,530583.62,44215.3,44178.94,Medium Activity,Medium Spender
C04716,Kavya Narayanan,63,Female,Software Engineer,107831.0,15,1071028.25,71401.88,75809.91,Medium Activity,High Spender
C04717,Amara Mannan,55,Female,Teacher,89444.0,11,589029.99,53548.18,46265.62,Medium Activity,High Spender
C04718,Chaitanya Chander,46,Male,Teacher,157058.0,10,613016.84,61301.68,68231.49,Medium Activity,High Spender
C04719,Yahvi Sood,62,Male,Teacher,169584.0,5,289493.57,57898.71,57363.76,Low Activity,Low Spender
C04720,Manbir Karnik,29,Female,Other,124315.0,11,539413.1,49037.55,46681.38,Medium Activity,Medium Spender
C04721,Girindra Nagar,50,Male,Farmer,174830.0,15,884236.88,58949.13,62775.36,Medium Activity,High Spender
C04722,Jalsa Babu,55,Female,Doctor,132711.0,13,811062.28,62389.41,61065.31,Medium Activity,High Spender
C04723,Chaaya Mishra,60,Female,Farmer,24237.0,17,891866.66,52462.74,52161.35,High Activity,High Spender
C04724,Isaiah Hegde,31,Male,Software Engineer,106738.0,10,529222.16,52922.22,55370.59,Medium Activity,Medium Spender
C04725,Reva Khare,23,Male,Farmer,133547.0,6,350741.9,58456.98,72292.46,Low Activity,Low Spender
C04726,Abeer Wason,59,Female,Farmer,96511.0,11,510287.66,46389.79,50244.7,Medium Activity,Medium Spender
C04727,Damini Thakkar,62,Male,Accountant,178753.0,11,520684.53,47334.96,58579.21,Medium Activity,Medium Spender
C04728,Jagvi Devan,42,Male,Teacher,94335.0,10,468358.31,46835.83,50513.96,Medium Activity,Medium Spender
C04729,Ranveer Baria,43,Female,Farmer,153047.0,11,623320.85,56665.53,53715.87,Medium Activity,High Spender
C04730,Jonathan Rama,50,Male,Sales Executive,44029.0,7,499951.03,71421.58,89933.6,Low Activity,Medium Spender
C04731,Kabir Sarna,43,Male,Doctor,162598.0,12,726891.24,60574.27,72210.92,Medium Activity,High Spender
C04732,Faras Wable,46,Female,Student,145200.0,10,530008.7,53000.87,58505.5,Medium Activity,Medium Spender
C04733,Sanaya Talwar,33,Male,Software Engineer,181371.0,6,264171.28,44028.55,43859.87,Low Activity,Low Spender
C04734,Jasmit Kothari,49,Female,Student,40445.0,13,734253.85,56481.07,63501.91,Medium Activity,High Spender
C04735,Alexander Balan,60,Male,Sales Executive,149734.0,14,733982.8,52427.34,59270.25,Medium Activity,High Spender
C04736,Ria Srinivas,60,Female,Student,162075.0,9,504482.36,56053.6,52988.58,Medium Activity,Medium Spender
C04737,Madhavi Tailor,30,Female,Farmer,150344.0,12,740987.55,61748.96,66386.48,Medium Activity,High Spender
C04738,Robert Datta,30,Male,Government Employee,155296.0,8,333102.34,41637.79,34189.64,Low Activity,Low Spender
C04739,Hemangini Dhingra,57,Male,Sales Executive,30008.0,9,488292.89,54254.77,40971.64,Medium Activity,Medium Spender
C04740,Isaac Parikh,62,Female,Farmer,20171.0,12,613426.31,51118.86,48369.74,Medium Activity,High Spender
C04741,Siddharth Venkataraman,46,Male,Doctor,116647.0,12,483721.33,40310.11,35964.37,Medium Activity,Medium Spender
C04742,Anay Chander,24,Female,Software Engineer,193950.0,12,596009.07,49667.42,47696.34,Medium Activity,High Spender
C04743,Krishna Singhal,44,Female,Student,182408.0,6,378191.93,63031.99,70273.42,Low Activity,Low Spender
C04744,Banjeet Chaudhuri,42,Female,Other,30044.0,12,704792.03,58732.67,59485.28,Medium Activity,High Spender
C04745,Michael Ahluwalia,22,Male,Business Owner,93294.0,11,448202.95,40745.72,28073.17,Medium Activity,Medium Spender
C04746,Ekansh Khurana,55,Male,Government Employee,118180.0,14,732038.5,52288.46,55774.93,Medium Activity,High Spender
C04747,Anya Oommen,38,Female,Business Owner,157254.0,7,397837.59,56833.94,60505.73,Low Activity,Low Spender
C04748,Raagini Gokhale,46,Female,Other,123302.0,7,420370.29,60052.9,67358.04,Low Activity,Medium Spender
C04749,Pallavi Dutt,33,Male,Government Employee,180271.0,9,309600.95,34400.11,25292.75,Medium Activity,Low Spender
C04750,Krish Mody,39,Male,Doctor,186185.0,11,645361.02,58669.18,59552.32,Medium Activity,High Spender
C04751,Bahadurjit Kale,29,Female,Student,78247.0,6,418731.7,69788.62,72816.36,Low Activity,Medium Spender
C04752,Manan Pillay,33,Male,Government Employee,126142.0,18,947282.71,52626.82,61460.28,High Activity,High Spender
C04753,Jyoti Bhatti,31,Female,Teacher,199429.0,11,548007.6,49818.87,45028.23,Medium Activity,Medium Spender
C04754,Bhavna Agate,64,Female,Business Owner,159733.0,13,478449.65,36803.82,27649.25,Medium Activity,Medium Spender
C04755,Saanvi Baria,42,Female,Business Owner,110007.0,5,182108.8,36421.76,22586.38,Low Activity,Low Spender
C04756,Nihal Wason,45,Male,Other,65051.0,14,709746.43,50696.17,50056.98,Medium Activity,High Spender
C04757,Baghyawati Aggarwal,46,Male,Doctor,110000.0,14,676559.65,48325.69,50572.8,Medium Activity,High Spender
C04758,Adya Prasad,54,Female,Teacher,78603.0,13,723011.03,55616.23,51734.71,Medium Activity,High Spender
C04759,Janani Ramaswamy,53,Male,Farmer,122555.0,9,541162.09,60129.12,61004.59,Medium Activity,Medium Spender
C04760,Deepa Kohli,44,Female,Software Engineer,189298.0,10,361280.13,36128.01,21848.7,Medium Activity,Low Spender
C04761,Yutika De,52,Female,Student,166455.0,8,431681.12,53960.14,57997.28,Low Activity,Medium Spender
C04762,George Bajaj,41,Male,Other,104001.0,9,373629.27,41514.36,30133.14,Medium Activity,Low Spender
C04763,Raksha Rout,52,Female,Accountant,78774.0,12,609466.09,50788.84,46095.7,Medium Activity,High Spender
C04764,Jeevika Dash,21,Male,Accountant,184659.0,13,638386.8,49106.68,57473.13,Medium Activity,High Spender
C04765,Yachana Chandran,60,Male,Farmer,171247.0,9,460117.09,51124.12,70912.04,Medium Activity,Medium Spender
C04766,Tanish Pall,25,Male,Sales Executive,177024.0,15,691654.85,46110.32,50685.42,Medium Activity,High Spender
C04767,Abhimanyu Srinivasan,51,Male,Software Engineer,72205.0,8,466417.96,58302.24,62403.5,Low Activity,Medium Spender
C04768,Irya Sodhi,54,Female,Other,81870.0,8,379213.38,47401.67,50878.71,Low Activity,Low Spender
C04769,David Karnik,38,Male,Teacher,115479.0,13,714464.63,54958.82,56548.34,Medium Activity,High Spender
C04770,Lucky Bawa,34,Female,Accountant,43123.0,12,569740.45,47478.37,46300.82,Medium Activity,High Spender
C04771,Akshay Bedi,41,Female,Sales Executive,48186.0,14,652287.44,46591.96,49272.88,Medium Activity,High Spender
C04772,Pranit Acharya,41,Female,Doctor,48107.0,7,339471.88,48495.98,48862.35,Low Activity,Low Spender
C04773,Tristan Sinha,34,Male,Government Employee,182366.0,10,407924.96,40792.5,26051.36,Medium Activity,Low Spender
C04774,Udarsh Narayanan,34,Female,Sales Executive,157501.0,10,526526.44,52652.64,56656.48,Medium Activity,Medium Spender
C04775,Leela Raj,27,Male,Student,137264.0,10,470351.79,47035.18,46649.52,Medium Activity,Medium Spender
C04776,Rajata Balay,41,Male,Software Engineer,182731.0,9,414466.04,46051.78,48157.85,Medium Activity,Medium Spender
C04777,Janya Ratta,38,Male,Teacher,94312.0,6,304791.77,50798.63,52399.18,Low Activity,Low Spender
C04778,Kritika Arya,26,Male,Government Employee,66484.0,11,664534.03,60412.18,54402.97,Medium Activity,High Spender
C04779,Om Padmanabhan,50,Female,Other,158729.0,13,740558.3,56966.02,59470.33,Medium Activity,High Spender
C04780,Harrison Sem,28,Female,Farmer,35765.0,7,398845.69,56977.96,70372.46,Low Activity,Low Spender
C04781,Sneha Patil,59,Male,Sales Executive,21763.0,10,481965.09,48196.51,49794.1,Medium Activity,Medium Spender
C04782,Harsh Mann,38,Female,Business Owner,81606.0,4,241933.05,60483.26,59475.0,Low Activity,Low Spender
C04783,Bhavya Wason,53,Female,Student,62674.0,10,522996.57,52299.66,49350.67,Medium Activity,Medium Spender
C04784,Isaiah Setty,29,Female,Farmer,132237.0,11,575793.82,52344.89,52871.57,Medium Activity,High Spender
C04785,Aarnav Sengupta,47,Male,Government Employee,172978.0,13,563318.48,43332.19,32868.43,Medium Activity,Medium Spender
C04786,Krish Agarwal,53,Female,Sales Executive,161273.0,11,438848.87,39895.35,40474.67,Medium Activity,Medium Spender
C04787,Nicholas Balakrishnan,49,Female,Accountant,63932.0,8,543653.45,67956.68,69626.62,Low Activity,Medium Spender
C04788,Lopa Memon,29,Female,Government Employee,153748.0,10,474841.9,47484.19,42234.68,Medium Activity,Medium Spender
C04789,Bhavika Buch,42,Female,Farmer,185720.0,14,675324.38,48237.46,43557.42,Medium Activity,High Spender
C04790,Amara Uppal,42,Female,Government Employee,103185.0,8,454864.47,56858.06,53178.01,Low Activity,Medium Spender
C04791,Adweta Bhatnagar,60,Female,Business Owner,151604.0,9,417731.0,46414.56,46703.12,Medium Activity,Medium Spender
C04792,Triveni Krishna,29,Female,Other,51105.0,12,462220.68,38518.39,40519.4,Medium Activity,Medium Spender
C04793,Nilima Sha,26,Female,Government Employee,26657.0,10,547343.08,54734.31,52145.62,Medium Activity,Medium Spender
C04794,Tanmayi Samra,29,Male,Software Engineer,31239.0,11,573010.92,52091.9,60959.85,Medium Activity,High Spender
C04795,Priya Karnik,30,Female,Government Employee,187553.0,8,399506.27,49938.28,48062.87,Low Activity,Low Spender
C04796,Yashawini Bhatnagar,35,Male,Teacher,81976.0,9,482736.99,53637.44,51809.02,Medium Activity,Medium Spender
C04797,Wazir Srivastava,29,Male,Government Employee,103198.0,13,610922.33,46994.03,35697.68,Medium Activity,High Spender
C04798,Ayaan Varkey,25,Male,Software Engineer,104928.0,12,545729.5,45477.46,33053.95,Medium Activity,Medium Spender
C04799,Chaman Zacharia,42,Female,Software Engineer,156783.0,9,518641.02,57626.78,55828.19,Medium Activity,Medium Spender
C04800,Bhanumati Baria,34,Female,Farmer,67749.0,11,630711.57,57337.42,63375.36,Medium Activity,High Spender
C04801,Baljiwan Padmanabhan,64,Male,Accountant,99498.0,11,483508.04,43955.28,44035.76,Medium Activity,Medium Spender
C04802,Gauri Sant,39,Female,Student,173730.0,10,417895.29,41789.53,38702.71,Medium Activity,Medium Spender
C04803,Kai Swaminathan,60,Female,Business Owner,150963.0,15,782877.98,52191.87,56101.51,Medium Activity,High Spender
C04804,Nidhi Kohli,65,Male,Student,137703.0,9,350849.33,38983.26,36558.19,Medium Activity,Low Spender
C04805,Balveer Wason,61,Female,Accountant,188596.0,11,452727.56,41157.05,34078.51,Medium Activity,Medium Spender
C04806,Pranit Krish,47,Male,Software Engineer,54009.0,11,514278.14,46752.56,58170.94,Medium Activity,Medium Spender
C04807,Reyansh Deshmukh,44,Male,Government Employee,95474.0,5,241955.22,48391.04,35078.96,Low Activity,Low Spender
C04808,Raghav Iyer,34,Male,Farmer,77262.0,15,882806.98,58853.8,51293.91,Medium Activity,High Spender
C04809,Arin Chanda,32,Male,Business Owner,69918.0,12,691417.81,57618.15,57398.58,Medium Activity,High Spender
C04810,Advik Shah,25,Male,Doctor,179011.0,9,376742.46,41860.27,39100.26,Medium Activity,Low Spender
C04811,Ekta Lata,30,Male,Accountant,183595.0,9,433533.87,48170.43,62310.01,Medium Activity,Medium Spender
C04812,Logan Kalita,26,Male,Student,22127.0,12,674916.2,56243.02,50377.51,Medium Activity,High Spender
C04813,Amrita Dalal,26,Male,Student,88784.0,11,473917.63,43083.42,36971.19,Medium Activity,Medium Spender
C04814,Dipta Prakash,52,Male,Doctor,164899.0,8,376802.91,47100.36,40910.84,Low Activity,Low Spender
C04815,Idika Shanker,50,Female,Software Engineer,159595.0,9,293198.58,32577.62,26184.11,Medium Activity,Low Spender
C04816,Adya Joshi,31,Female,Student,155969.0,6,258719.26,43119.88,36459.02,Low Activity,Low Spender
C04817,Faraj Setty,26,Female,Business Owner,67360.0,16,825973.35,51623.33,56459.06,High Activity,High Spender
C04818,Nirja Atwal,43,Female,Sales Executive,104108.0,8,260887.39,32610.92,30890.25,Low Activity,Low Spender
C04819,Vrishti Sarraf,37,Female,Farmer,184556.0,5,320889.28,64177.86,70316.05,Low Activity,Low Spender
C04820,Sudiksha Banik,38,Female,Business Owner,119328.0,4,214801.05,53700.26,62558.27,Low Activity,Low Spender
C04821,Theodore Kara,30,Male,Government Employee,57341.0,10,540551.02,54055.1,54899.18,Medium Activity,Medium Spender
C04822,Yashodhara Kurian,60,Male,Farmer,195579.0,8,421976.54,52747.07,39346.5,Low Activity,Medium Spender
C04823,Warinder Solanki,50,Female,Farmer,83200.0,8,567812.29,70976.54,83111.68,Low Activity,Medium Spender
C04824,Anjali Vora,27,Female,Software Engineer,164015.0,8,290475.3,36309.41,36133.51,Low Activity,Low Spender
C04825,Reva Tata,32,Female,Teacher,189193.0,15,666792.07,44452.8,38961.77,Medium Activity,High Spender
C04826,Ijaya Bhavsar,51,Male,Teacher,139843.0,12,722452.29,60204.36,73182.72,Medium Activity,High Spender
C04827,Ekani Narasimhan,64,Male,Doctor,136103.0,8,305168.5,38146.06,29818.32,Low Activity,Low Spender
C04828,Ucchal Munshi,34,Male,Software Engineer,105412.0,8,430837.79,53854.72,56810.32,Low Activity,Medium Spender
C04829,Tejas Wable,32,Male,Business Owner,171164.0,8,478425.14,59803.14,67721.79,Low Activity,Medium Spender
C04830,Xalak Kala,57,Male,Student,64877.0,11,511240.59,46476.42,37129.07,Medium Activity,Medium Spender
C04831,Lohit Tak,27,Female,Government Employee,192293.0,3,129520.82,43173.61,54097.82,Low Activity,Low Spender
C04832,Eshana Patil,58,Male,Accountant,81937.0,11,624429.37,56766.31,54819.39,Medium Activity,High Spender
C04833,Jatin Mohanty,56,Male,Doctor,63663.0,15,642940.17,42862.68,39086.11,Medium Activity,High Spender
C04834,Zarna Mitra,41,Female,Doctor,171415.0,7,371836.74,53119.53,56383.18,Low Activity,Low Spender
C04835,Qarin Bumb,55,Male,Government Employee,165737.0,8,404131.76,50516.47,44658.04,Low Activity,Low Spender
C04836,Vedant Sandhu,40,Female,Student,52022.0,14,593025.3,42358.95,34763.32,Medium Activity,High Spender
C04837,Vasudha Prabhakar,52,Female,Sales Executive,77374.0,12,623072.92,51922.74,55783.35,Medium Activity,High Spender
C04838,Maanas Padmanabhan,31,Female,Accountant,84785.0,11,536724.98,48793.18,40614.56,Medium Activity,Medium Spender
C04839,Amaira Chanda,22,Female,Accountant,86557.0,9,476989.24,52998.8,46674.59,Medium Activity,Medium Spender
C04840,Yatan Thaker,57,Female,Other,50534.0,13,701377.52,53952.12,52642.83,Medium Activity,High Spender
C04841,Krishna Ratti,32,Female,Other,172637.0,10,580987.05,58098.7,56800.5,Medium Activity,High Spender
C04842,Vaishnavi Mohan,49,Male,Business Owner,169695.0,9,375678.98,41742.11,48898.19,Medium Activity,Low Spender
C04843,Tristan Toor,32,Female,Teacher,62490.0,12,547003.61,45583.63,31805.24,Medium Activity,Medium Spender
C04844,Hritik Thakur,24,Female,Doctor,194776.0,7,211531.11,30218.73,17271.28,Low Activity,Low Spender
C04845,Dominic Prashad,59,Female,Farmer,150469.0,4,95915.24,23978.81,7800.4,Low Activity,Low Spender
C04846,Timothy Narang,28,Male,Sales Executive,105688.0,11,740993.07,67363.01,68705.97,Medium Activity,High Spender
C04847,Dalbir Tailor,29,Male,Business Owner,59122.0,12,732049.55,61004.13,55991.49,Medium Activity,High Spender
C04848,Libni Sangha,22,Male,Business Owner,115500.0,12,649572.07,54131.01,48973.23,Medium Activity,High Spender
C04849,Libni Pradhan,46,Male,Farmer,69398.0,8,326115.64,40764.46,45397.92,Low Activity,Low Spender
C04850,Matthew Karpe,32,Male,Software Engineer,89549.0,8,337411.56,42176.44,39957.15,Low Activity,Low Spender
C04851,Jacob Swamy,56,Female,Other,199834.0,9,560869.26,62318.81,67383.24,Medium Activity,Medium Spender
C04852,Bhanumati Zacharia,50,Female,Government Employee,199200.0,11,600508.69,54591.7,57233.94,Medium Activity,High Spender
C04853,Ojas Cheema,34,Female,Farmer,113680.0,13,784613.44,60354.88,72182.01,Medium Activity,High Spender
C04854,Tejas Swamy,32,Male,Farmer,123375.0,12,509268.62,42439.05,32045.14,Medium Activity,Medium Spender
C04855,Viraj Vig,24,Male,Doctor,24544.0,7,224764.71,32109.24,30246.62,Low Activity,Low Spender
C04856,Vedant Wali,38,Female,Doctor,121672.0,15,542286.36,36152.42,36449.87,Medium Activity,Medium Spender
C04857,Sai Bose,62,Male,Other,170431.0,6,257988.0,42998.0,31836.72,Low Activity,Low Spender
C04858,Girish Raju,41,Male,Sales Executive,37408.0,6,284617.31,47436.22,40465.63,Low Activity,Low Spender
C04859,Devansh Loyal,43,Male,Doctor,169557.0,14,646083.27,46148.8,50504.24,Medium Activity,High Spender
C04860,Kavya Lad,26,Male,Business Owner,188535.0,13,607879.63,46759.97,32090.57,Medium Activity,High Spender
C04861,Mekhala Sama,57,Male,Other,111291.0,7,341392.26,48770.32,40794.59,Low Activity,Low Spender
C04862,Isaiah Sant,63,Male,Teacher,99374.0,7,457677.19,65382.46,63824.08,Low Activity,Medium Spender
C04863,Vedhika Kapoor,33,Female,Accountant,191377.0,11,475054.08,43186.73,38835.96,Medium Activity,Medium Spender
C04864,Rachita Dhaliwal,53,Male,Software Engineer,180453.0,11,634602.14,57691.1,53319.33,Medium Activity,High Spender
C04865,Ranveer Kara,33,Male,Other,128942.0,5,302467.85,60493.57,54663.47,Low Activity,Low Spender
C04866,Robert Banerjee,51,Male,Doctor,175578.0,13,748694.35,57591.87,64804.59,Medium Activity,High Spender
C04867,Warda Varty,52,Male,Other,50191.0,6,239581.4,39930.23,37891.68,Low Activity,Low Spender
C04868,Veer Mander,30,Female,Software Engineer,186013.0,11,599908.34,54537.12,51317.78,Medium Activity,High Spender
C04869,Zilmil Maharaj,30,Male,Teacher,74328.0,17,783981.16,46116.54,52990.19,High Activity,High Spender
C04870,Anmol Kala,31,Male,Sales Executive,127508.0,14,897307.41,64093.39,68078.31,Medium Activity,High Spender
C04871,Pavani Gara,50,Male,Software Engineer,50190.0,13,698024.28,53694.18,42065.98,Medium Activity,High Spender
C04872,Nilima Garg,59,Male,Teacher,49546.0,12,682221.21,56851.77,57058.44,Medium Activity,High Spender
C04873,Pratyush Deol,45,Female,Teacher,53948.0,14,893444.06,63817.43,65704.86,Medium Activity,High Spender
C04874,Nihal Chakrabarti,32,Male,Teacher,181876.0,8,426099.82,53262.48,52069.64,Low Activity,Medium Spender
C04875,Harini Dewan,23,Female,Business Owner,109899.0,11,737720.88,67065.53,71258.84,Medium Activity,High Spender
C04876,Harrison Randhawa,63,Female,Doctor,71891.0,9,574590.09,63843.34,55756.75,Medium Activity,High Spender
C04877,Indira Thaman,60,Male,Software Engineer,96968.0,8,413437.41,51679.68,45634.53,Low Activity,Medium Spender
C04878,Gauri Dugal,57,Male,Student,119689.0,12,615979.58,51331.63,45585.75,Medium Activity,High Spender
C04879,Udarsh Lanka,42,Male,Farmer,23515.0,12,491177.57,40931.46,37464.74,Medium Activity,Medium Spender
C04880,Ranveer Wali,63,Male,Sales Executive,190557.0,9,392093.29,43565.92,24519.91,Medium Activity,Low Spender
C04881,Wriddhish Iyer,63,Female,Farmer,47165.0,10,563888.57,56388.86,56252.02,Medium Activity,Medium Spender
C04882,Gaurav Goyal,30,Female,Business Owner,46334.0,18,977639.73,54313.32,66624.75,High Activity,High Spender
C04883,Atharv Chaudhari,26,Female,Software Engineer,166377.0,11,558857.64,50805.24,64828.9,Medium Activity,Medium Spender
C04884,Tamanna Lad,64,Female,Farmer,56860.0,13,485081.17,37313.94,26848.64,Medium Activity,Medium Spender
C04885,Barkha Tandon,42,Male,Other,194305.0,11,796499.93,72409.08,82230.09,Medium Activity,High Spender
C04886,Luke Dugal,41,Male,Business Owner,176322.0,8,456467.54,57058.44,66753.51,Low Activity,Medium Spender
C04887,Keya Contractor,39,Female,Business Owner,24486.0,11,599918.43,54538.04,53425.96,Medium Activity,High Spender
C04888,Anika Nair,58,Male,Government Employee,111743.0,5,290355.28,58071.06,62623.0,Low Activity,Low Spender
C04889,Ekta Korpal,45,Male,Software Engineer,76260.0,6,278254.32,46375.72,45901.16,Low Activity,Low Spender
C04890,Meera Cherian,63,Female,Business Owner,172950.0,8,433909.52,54238.69,50984.66,Low Activity,Medium Spender
C04891,Yahvi Ray,52,Male,Teacher,79995.0,9,579079.53,64342.17,55803.79,Medium Activity,High Spender
C04892,Nitesh Chakrabarti,50,Male,Business Owner,92210.0,8,317012.13,39626.52,37278.15,Low Activity,Low Spender
C04893,Michael Shere,33,Female,Government Employee,164099.0,10,461111.19,46111.12,49224.49,Medium Activity,Medium Spender
C04894,Arin Brahmbhatt,41,Female,Student,100463.0,15,735006.09,49000.41,50371.94,Medium Activity,High Spender
C04895,Devansh Dasgupta,29,Male,Software Engineer,87988.0,8,476228.97,59528.62,68123.26,Low Activity,Medium Spender
C04896,Bishakha Yogi,25,Male,Software Engineer,56921.0,7,376925.67,53846.52,50180.64,Low Activity,Low Spender
C04897,Girish Chauhan,51,Male,Student,52273.0,6,483264.31,80544.05,82094.72,Low Activity,Medium Spender
C04898,Abhimanyu Madan,44,Male,Sales Executive,80504.0,9,317373.98,35263.78,37452.06,Medium Activity,Low Spender
C04899,Mugdha Wagle,56,Female,Accountant,35809.0,11,544132.46,49466.59,50715.17,Medium Activity,Medium Spender
C04900,Garima Prabhakar,31,Male,Sales Executive,42380.0,13,637082.91,49006.38,49356.96,Medium Activity,High Spender
C04901,Fariq Nayak,48,Female,Other,25866.0,6,312572.22,52095.37,61859.88,Low Activity,Low Spender
C04902,Brijesh Shah,47,Male,Business Owner,53156.0,11,565165.92,51378.72,48728.67,Medium Activity,Medium Spender
C04903,Aadi Kalita,39,Male,Government Employee,103738.0,5,278524.94,55704.99,61358.63,Low Activity,Low Spender
C04904,Maanas Bajaj,37,Male,Software Engineer,78153.0,8,516933.44,64616.68,61938.09,Low Activity,Medium Spender
C04905,Gaurang Dhar,65,Female,Software Engineer,85456.0,7,268905.99,38415.14,42183.86,Low Activity,Low Spender
C04906,Bhanumati Jain,24,Male,Software Engineer,181516.0,8,343104.28,42888.04,36764.54,Low Activity,Low Spender
C04907,Jeet Mallick,44,Female,Sales Executive,167961.0,9,480753.17,53417.02,49121.28,Medium Activity,Medium Spender
C04908,Veer Narain,61,Female,Government Employee,130936.0,11,618149.94,56195.45,49304.06,Medium Activity,High Spender
C04909,Upadhriti Bakshi,40,Male,Government Employee,136080.0,10,385878.48,38587.85,26025.63,Medium Activity,Low Spender
C04910,Quincy Dua,58,Female,Government Employee,94722.0,12,719687.86,59973.99,60753.06,Medium Activity,High Spender
C04911,Finn Barad,48,Male,Doctor,85871.0,16,731356.25,45709.77,43006.0,High Activity,High Spender
C04912,Sara Chakrabarti,51,Male,Business Owner,85824.0,10,532603.84,53260.38,48472.3,Medium Activity,Medium Spender
C04913,Kiaan Sharma,50,Female,Software Engineer,48982.0,16,939816.2,58738.51,59804.88,High Activity,High Spender
C04914,Om Chokshi,23,Male,Teacher,154789.0,10,562991.73,56299.17,52763.88,Medium Activity,Medium Spender
C04915,Chanakya Oza,28,Male,Doctor,26984.0,8,380330.07,47541.26,32232.62,Low Activity,Low Spender
C04916,Ekaraj Garde,47,Male,Teacher,137788.0,11,580036.04,52730.55,61773.19,Medium Activity,High Spender
C04917,Sathvik Grover,46,Female,Teacher,148184.0,6,312221.89,52036.98,45158.41,Low Activity,Low Spender
C04918,Meghana Zachariah,31,Female,Farmer,31173.0,7,330490.21,47212.89,39236.0,Low Activity,Low Spender
C04919,Pratyush Karpe,55,Male,Farmer,45540.0,10,482149.81,48214.98,49144.45,Medium Activity,Medium Spender
C04920,Lopa Mitter,63,Female,Sales Executive,48154.0,9,522058.59,58006.51,61170.85,Medium Activity,Medium Spender
C04921,Balveer Chahal,30,Male,Teacher,109841.0,9,458808.69,50978.74,63706.74,Medium Activity,Medium Spender
C04922,Turvi Shah,24,Female,Teacher,71245.0,6,257458.96,42909.83,33770.8,Low Activity,Low Spender
C04923,Rajata Jani,53,Male,Student,138741.0,9,552636.15,61404.02,71008.59,Medium Activity,Medium Spender
C04924,Liam Kadakia,27,Male,Software Engineer,141096.0,13,739617.63,56893.66,50053.36,Medium Activity,High Spender
C04925,Jasmit Kuruvilla,35,Female,Teacher,32530.0,11,685730.2,62339.11,68141.23,Medium Activity,High Spender
C04926,Divya Merchant,39,Female,Farmer,92233.0,11,438031.43,39821.04,41917.38,Medium Activity,Medium Spender
C04927,Lopa Halder,52,Female,Doctor,125019.0,13,457316.71,35178.21,29314.89,Medium Activity,Medium Spender
C04928,Garima Chaudhry,32,Male,Doctor,26498.0,6,301222.35,50203.72,55892.92,Low Activity,Low Spender
C04929,Saanvi Bandi,22,Female,Business Owner,111470.0,4,132993.26,33248.32,31963.25,Low Activity,Low Spender
C04930,Ekapad Walla,55,Female,Sales Executive,131649.0,14,604143.15,43153.08,40088.68,Medium Activity,High Spender
C04931,Diya Bahl,48,Female,Sales Executive,27781.0,11,710105.99,64555.09,74363.92,Medium Activity,High Spender
C04932,Lipika Yogi,34,Male,Farmer,21433.0,11,641326.77,58302.43,58328.09,Medium Activity,High Spender
C04933,Nidhi Gandhi,42,Male,Doctor,179111.0,6,375288.82,62548.14,62915.09,Low Activity,Low Spender
C04934,Ekavir Bains,46,Male,Sales Executive,86642.0,7,399324.64,57046.38,55109.24,Low Activity,Low Spender
C04935,Harshil Kala,48,Female,Student,59036.0,9,421842.13,46871.35,57422.67,Medium Activity,Medium Spender
C04936,Aditya Hayre,26,Female,Other,36796.0,11,496598.05,45145.28,47342.82,Medium Activity,Medium Spender
C04937,Anay Bedi,54,Male,Business Owner,144519.0,15,874757.87,58317.19,67336.65,Medium Activity,High Spender
C04938,Jackson Sathe,22,Male,Software Engineer,89731.0,7,350713.71,50101.96,48701.63,Low Activity,Low Spender
C04939,Nakul Seshadri,46,Female,Student,46258.0,14,560711.75,40050.84,30645.66,Medium Activity,Medium Spender
C04940,Logan Rana,40,Female,Other,26536.0,11,488316.05,44392.37,47885.87,Medium Activity,Medium Spender
C04941,Jason Lala,25,Male,Software Engineer,137160.0,5,261920.03,52384.01,54655.51,Low Activity,Low Spender
C04942,Fiyaz Roy,58,Female,Sales Executive,52590.0,8,386723.34,48340.42,45292.61,Low Activity,Low Spender
C04943,Warda Narayanan,37,Male,Software Engineer,191731.0,9,353024.07,39224.9,33825.04,Medium Activity,Low Spender
C04944,Gauri Kade,37,Male,Farmer,164712.0,5,361578.19,72315.64,72493.68,Low Activity,Low Spender
C04945,Ekapad Kohli,25,Female,Other,20793.0,15,853849.79,56923.32,50638.06,Medium Activity,High Spender
C04946,Yadavi Bali,41,Male,Teacher,103012.0,8,523088.92,65386.12,67688.98,Low Activity,Medium Spender
C04947,Turvi Raval,32,Male,Accountant,180054.0,14,720642.23,51474.44,37990.46,Medium Activity,High Spender
C04948,Ishita Sankaran,59,Male,Other,98021.0,12,479636.42,39969.7,30671.65,Medium Activity,Medium Spender
C04949,Ojas Narula,62,Female,Student,178887.0,9,359808.36,39978.71,39233.57,Medium Activity,Low Spender
C04950,Jacob Gandhi,54,Female,Doctor,189876.0,9,436248.93,48472.1,55012.97,Medium Activity,Medium Spender
C04951,Nitesh Samra,25,Male,Sales Executive,174748.0,9,544290.7,60476.74,79792.66,Medium Activity,Medium Spender
C04952,Ladli Goda,49,Male,Student,120197.0,10,461352.13,46135.21,41870.1,Medium Activity,Medium Spender
C04953,Pahal Dhaliwal,59,Female,Teacher,127711.0,7,381574.29,54510.61,53663.01,Low Activity,Low Spender
C04954,Forum Master,45,Male,Business Owner,76697.0,8,342225.77,42778.22,26029.48,Low Activity,Low Spender
C04955,Charita Kurian,52,Female,Software Engineer,147145.0,12,645267.29,53772.27,57021.66,Medium Activity,High Spender
C04956,Lakshit Mannan,51,Female,Doctor,81157.0,5,263595.43,52719.09,47761.57,Low Activity,Low Spender
C04957,Ekanta Kalita,32,Female,Student,67976.0,15,728508.16,48567.21,37953.79,Medium Activity,High Spender
C04958,Jagvi Goel,34,Female,Other,169019.0,12,705766.59,58813.88,72524.08,Medium Activity,High Spender
C04959,Amol Kar,28,Female,Software Engineer,37562.0,5,209458.49,41891.7,31935.34,Low Activity,Low Spender
C04960,Sara Varkey,37,Male,Student,193099.0,10,377643.66,37764.37,32838.64,Medium Activity,Low Spender
C04961,Varenya Magar,29,Male,Doctor,142491.0,6,398658.77,66443.13,63530.88,Low Activity,Low Spender
C04962,Victor Chand,24,Female,Farmer,64965.0,8,338036.67,42254.58,31206.31,Low Activity,Low Spender
C04963,Vanya Dass,27,Male,Student,34397.0,6,290746.3,48457.72,43127.46,Low Activity,Low Spender
C04964,Amrita Shankar,31,Male,Accountant,44924.0,10,471402.14,47140.21,43226.56,Medium Activity,Medium Spender
C04965,Dhriti Kothari,55,Male,Doctor,116829.0,9,418068.25,46452.03,28515.03,Medium Activity,Medium Spender
C04966,Banjeet Bava,64,Female,Business Owner,49348.0,4,313000.53,78250.13,79164.2,Low Activity,Low Spender
C04967,Orinder Chaudhry,26,Female,Software Engineer,160902.0,8,477453.09,59681.64,69489.42,Low Activity,Medium Spender
C04968,Onveer Bhattacharyya,53,Female,Farmer,28004.0,13,799802.16,61523.24,65081.54,Medium Activity,High Spender
C04969,Faris Lata,25,Female,Accountant,99721.0,14,777409.55,55529.25,57883.82,Medium Activity,High Spender
C04970,Devansh Sarna,55,Male,Business Owner,51520.0,12,340507.84,28375.65,23980.5,Medium Activity,Low Spender
C04971,Nandini Kulkarni,49,Female,Farmer,154517.0,8,437963.38,54745.42,57930.95,Low Activity,Medium Spender
C04972,Devansh Gulati,35,Female,Farmer,117989.0,12,855546.17,71295.51,77684.55,Medium Activity,High Spender
C04973,Divya Borde,49,Male,Farmer,65239.0,9,440475.0,48941.67,52885.23,Medium Activity,Medium Spender
C04974,Arjun Sarna,24,Male,Accountant,161582.0,8,331999.59,41499.95,39846.84,Low Activity,Low Spender
C04975,Shaurya Bhatti,23,Female,Sales Executive,103938.0,9,456305.65,50700.63,52642.8,Medium Activity,Medium Spender
C04976,Dakshesh Datta,51,Male,Business Owner,69522.0,14,590575.31,42183.95,40685.28,Medium Activity,High Spender
C04977,Samarth Agate,45,Male,Accountant,176154.0,13,742114.78,57085.75,72300.81,Medium Activity,High Spender
C04978,Sarthak Ramesh,46,Male,Teacher,61374.0,9,562527.12,62503.01,55234.4,Medium Activity,Medium Spender
C04979,Pavani Magar,53,Female,Other,90887.0,4,236681.38,59170.34,68274.83,Low Activity,Low Spender
C04980,Praneel Dora,31,Female,Farmer,152300.0,6,273003.48,45500.58,42576.13,Low Activity,Low Spender
C04981,Elijah Lal,30,Female,Student,171675.0,11,450427.87,40947.99,37163.14,Medium Activity,Medium Spender
C04982,Sneha Ray,63,Female,Software Engineer,90027.0,10,653895.27,65389.53,73766.68,Medium Activity,High Spender
C04983,Peter Joshi,23,Female,Doctor,50910.0,7,365101.24,52157.32,63867.47,Low Activity,Low Spender
C04984,Chasmum Shenoy,37,Male,Other,131023.0,10,491093.82,49109.38,57311.01,Medium Activity,Medium Spender
C04985,Bhavya Desai,28,Female,Student,31539.0,13,763983.59,58767.97,69613.06,Medium Activity,High Spender
C04986,Timothy Doshi,52,Male,Business Owner,147796.0,7,426722.95,60960.42,64123.9,Low Activity,Medium Spender
C04987,Ethan Sarraf,39,Male,Government Employee,118929.0,7,222713.45,31816.21,35028.99,Low Activity,Low Spender
C04988,Jonathan Patil,43,Male,Sales Executive,172314.0,9,464504.62,51611.62,58328.87,Medium Activity,Medium Spender
C04989,Yoshita Kala,63,Female,Business Owner,96768.0,7,450675.86,64382.27,60089.41,Low Activity,Medium Spender
C04990,Vasatika Rattan,61,Male,Other,130528.0,12,653402.79,54450.23,49829.94,Medium Activity,High Spender
C04991,Aishani Desai,65,Female,Other,118648.0,15,649964.39,43330.96,49871.12,Medium Activity,High Spender
C04992,Xiti Wali,45,Male,Accountant,180380.0,14,685329.98,48952.14,49041.18,Medium Activity,High Spender
C04993,Yasti Konda,48,Male,Accountant,138766.0,11,475543.0,43231.18,39656.25,Medium Activity,Medium Spender
C04994,Yashvi D’Alia,53,Female,Business Owner,36976.0,9,449775.37,49975.04,52999.93,Medium Activity,Medium Spender
C04995,Matthew Tailor,49,Male,Business Owner,167019.0,5,128978.87,25795.77,21217.77,Low Activity,Low Spender
C04996,Dayamai Pillai,42,Male,Student,57313.0,13,618713.67,47593.36,51713.43,Medium Activity,High Spender
C04997,Aishani Raju,31,Female,Other,83742.0,10,375098.66,37509.87,41458.62,Medium Activity,Low Spender
C04998,Maya Raghavan,61,Female,Accountant,162244.0,10,575988.59,57598.86,41346.43,Medium Activity,High Spender
C04999,Vaishnavi Devan,55,Male,Software Engineer,151735.0,8,349529.06,43691.13,51342.1,Low Activity,Low Spender
C05000,Leena Chanda,57,Male,Accountant,160147.0,8,317819.45,39727.43,30942.15,Low Activity,Low Spender
