account_id,customer_id,branch_id,account_type,opening_date,balance,account_status
A00001,C00001,B012,Current,2023-05-25,499296.6,Active
A00002,C00002,B023,Business,2023-11-15,58440.43,Active
A00003,C00003,B016,Business,2026-01-26,447749.02,Active
A00004,C00004,B006,Current,2024-12-06,26676.48,Active
A00005,C00005,B011,Savings,2021-11-03,203301.11,Active
A00006,C00006,B030,Current,2024-06-28,183356.51,Active
A00007,C00007,B025,Salary,2025-05-08,250318.02,Active
A00008,C00008,B004,Savings,2024-08-01,217314.27,Active
A00009,C00009,B028,Current,2024-06-10,350022.2,Active
A00010,C00010,B001,Business,2022-02-21,204022.05,Active
A00011,C00011,B016,Business,2025-07-09,448804.97,Active
A00012,C00012,B025,Current,2026-08-12,351596.33,Active
A00013,C00013,B018,Savings,2025-12-23,433817.88,Inactive
A00014,C00014,B027,Current,2022-04-15,52964.56,Active
A00015,C00015,B015,Salary,2023-07-10,209781.24,Active
A00016,C00016,B026,Current,2026-09-04,420668.64,Active
A00017,C00017,B030,Business,2021-12-07,315162.1,Active
A00018,C00018,B018,Business,2021-11-25,310151.74,Active
A00019,C00019,B023,Business,2024-05-26,349757.25,Inactive
A00020,C00020,B010,Business,2026-02-19,285774.59,Active
A00021,C00021,B011,Salary,2024-02-13,296234.33,Active
A00022,C00022,B026,Savings,2025-07-09,59769.76,Active
A00023,C00023,B024,Current,2024-04-18,34001.1,Inactive
A00024,C00024,B012,Current,2021-12-24,350010.49,Inactive
A00025,C00025,B029,Savings,2025-01-20,178874.22,Active
A00026,C00026,B016,Savings,2024-05-05,214128.67,Active
A00027,C00027,B008,Business,2022-12-27,107535.06,Active
A00028,C00028,B008,Business,2022-07-21,488052.79,Active
A00029,C00029,B004,Salary,2025-09-22,167188.65,Active
A00030,C00030,B013,Business,2024-08-25,8800.77,Active
A00031,C00031,B020,Salary,2023-02-19,404461.81,Active
A00032,C00032,B017,Salary,2021-11-22,93569.13,Active
A00033,C00033,B030,Business,2025-01-23,499326.81,Active
A00034,C00034,B026,Business,2025-05-31,218513.3,Inactive
A00035,C00035,B002,Salary,2021-11-17,395643.07,Active
A00036,C00036,B006,Savings,2023-12-14,410994.73,Active
A00037,C00037,B011,Business,2023-11-02,433263.3,Inactive
A00038,C00038,B025,Business,2025-04-25,173258.79,Active
A00039,C00039,B019,Business,2023-07-01,392345.83,Active
A00040,C00040,B025,Salary,2022-11-01,482555.13,Active
A00041,C00041,B026,Savings,2025-04-12,215449.97,Active
A00042,C00042,B028,Salary,2026-08-20,132753.83,Inactive
A00043,C00043,B029,Business,2024-11-23,392723.16,Active
A00044,C00044,B025,Business,2023-03-09,171571.13,Active
A00045,C00045,B002,Savings,2023-11-10,201262.74,Active
A00046,C00046,B020,Salary,2026-05-07,118306.55,Active
A00047,C00047,B001,Business,2026-07-07,84330.75,Active
A00048,C00048,B004,Current,2023-10-13,80317.13,Active
A00049,C00049,B025,Business,2024-03-11,216950.08,Inactive
A00050,C00050,B023,Business,2022-07-23,158755.05,Active
A00051,C00051,B025,Salary,2023-04-02,308570.2,Inactive
A00052,C00052,B001,Savings,2026-07-11,44137.21,Active
A00053,C00053,B023,Savings,2026-08-07,50688.58,Active
A00054,C00054,B018,Business,2023-08-15,496719.89,Active
A00055,C00055,B025,Savings,2021-10-13,58632.19,Inactive
A00056,C00056,B016,Business,2023-04-07,495860.3,Active
A00057,C00057,B007,Savings,2024-01-05,90580.13,Active
A00058,C00058,B015,Savings,2022-05-14,465837.76,Active
A00059,C00059,B015,Current,2024-06-22,497136.93,Inactive
A00060,C00060,B026,Salary,2026-06-19,427107.19,Inactive
A00061,C00061,B003,Current,2024-02-23,366571.2,Active
A00062,C00062,B002,Current,2024-10-24,266737.13,Active
A00063,C00063,B024,Business,2023-03-19,174364.41,Inactive
A00064,C00064,B012,Business,2026-06-05,433867.2,Active
A00065,C00065,B015,Salary,2026-08-24,486982.94,Active
A00066,C00066,B012,Salary,2022-09-28,474254.06,Active
A00067,C00067,B010,Current,2022-01-30,66085.92,Active
A00068,C00068,B017,Salary,2025-03-31,439931.73,Active
A00069,C00069,B026,Salary,2023-12-25,28338.79,Inactive
A00070,C00070,B009,Salary,2023-11-06,328146.52,Active
A00071,C00071,B021,Business,2023-05-14,172576.91,Active
A00072,C00072,B028,Current,2024-12-24,423527.42,Active
A00073,C00073,B004,Current,2025-02-15,472509.85,Active
A00074,C00074,B030,Business,2022-05-13,146305.65,Inactive
A00075,C00075,B022,Savings,2023-03-05,228121.31,Inactive
A00076,C00076,B025,Current,2026-07-13,125233.62,Active
A00077,C00077,B021,Current,2022-01-10,247196.18,Active
A00078,C00078,B007,Business,2025-11-26,344116.08,Active
A00079,C00079,B029,Business,2025-11-06,180046.94,Active
A00080,C00080,B021,Savings,2023-06-25,401592.08,Active
A00081,C00081,B020,Business,2025-11-15,481346.52,Active
A00082,C00082,B009,Salary,2025-11-15,358805.3,Active
A00083,C00083,B002,Business,2024-10-18,306395.99,Active
A00084,C00084,B011,Current,2023-01-29,137048.84,Active
A00085,C00085,B011,Current,2022-03-11,441142.8,Active
A00086,C00086,B002,Savings,2024-08-01,259777.6,Inactive
A00087,C00087,B015,Business,2021-12-23,255052.46,Active
A00088,C00088,B027,Business,2025-08-12,175943.49,Active
A00089,C00089,B009,Salary,2022-12-24,130924.68,Active
A00090,C00090,B009,Salary,2025-07-21,216611.25,Active
A00091,C00091,B027,Salary,2022-11-05,345774.84,Inactive
A00092,C00092,B020,Current,2023-02-15,227916.54,Active
A00093,C00093,B001,Salary,2025-04-30,124257.17,Active
A00094,C00094,B005,Business,2022-09-13,480370.77,Active
A00095,C00095,B028,Business,2023-10-05,402933.03,Inactive
A00096,C00096,B019,Current,2025-09-27,442975.61,Active
A00097,C00097,B010,Salary,2022-02-18,243214.22,Active
A00098,C00098,B027,Business,2023-12-06,56803.79,Inactive
A00099,C00099,B022,Current,2024-05-09,130627.59,Active
A00100,C00100,B002,Savings,2024-06-15,431614.71,Inactive
A00101,C00101,B023,Salary,2022-03-03,91639.63,Active
A00102,C00102,B029,Current,2024-02-04,416662.57,Active
A00103,C00103,B019,Business,2026-07-10,85553.35,Active
A00104,C00104,B008,Savings,2024-05-21,79719.2,Active
A00105,C00105,B021,Business,2024-02-12,19891.36,Active
A00106,C00106,B029,Current,2024-03-07,491785.69,Active
A00107,C00107,B023,Current,2024-02-18,88052.71,Active
A00108,C00108,B002,Savings,2024-10-25,12376.9,Active
A00109,C00109,B006,Savings,2024-04-07,13057.34,Inactive
A00110,C00110,B015,Business,2025-05-26,192804.2,Active
A00111,C00111,B030,Savings,2025-12-20,256421.98,Inactive
A00112,C00112,B023,Business,2023-11-08,65242.84,Active
A00113,C00113,B027,Salary,2025-06-17,98728.66,Inactive
A00114,C00114,B026,Savings,2026-03-24,147938.12,Active
A00115,C00115,B029,Salary,2025-04-21,464635.31,Active
A00116,C00116,B021,Savings,2022-09-04,296868.15,Active
A00117,C00117,B026,Business,2025-01-01,141799.97,Active
A00118,C00118,B007,Salary,2025-05-12,158118.36,Active
A00119,C00119,B027,Savings,2026-01-13,22260.26,Active
A00120,C00120,B024,Savings,2025-08-12,231236.81,Inactive
A00121,C00121,B030,Current,2023-10-23,6736.61,Active
A00122,C00122,B011,Business,2022-09-04,221579.76,Active
A00123,C00123,B011,Savings,2026-02-15,451955.0,Active
A00124,C00124,B014,Business,2026-02-09,486359.83,Inactive
A00125,C00125,B014,Salary,2021-10-02,50553.63,Active
A00126,C00126,B029,Business,2022-08-09,458489.24,Active
A00127,C00127,B028,Savings,2024-08-20,355934.59,Active
A00128,C00128,B010,Savings,2024-03-10,404842.61,Active
A00129,C00129,B004,Business,2024-08-02,308988.66,Active
A00130,C00130,B025,Business,2026-01-08,25769.04,Active
A00131,C00131,B012,Current,2026-08-01,217798.77,Active
A00132,C00132,B010,Current,2022-12-13,192070.72,Inactive
A00133,C00133,B006,Business,2026-05-12,305431.96,Active
A00134,C00134,B017,Current,2022-08-16,272268.13,Active
A00135,C00135,B016,Business,2025-05-05,391886.69,Active
A00136,C00136,B012,Savings,2023-01-26,188642.9,Inactive
A00137,C00137,B006,Salary,2021-12-17,229499.48,Active
A00138,C00138,B019,Business,2023-11-09,448912.13,Active
A00139,C00139,B023,Current,2024-01-23,67619.58,Active
A00140,C00140,B005,Business,2025-03-11,441183.86,Active
A00141,C00141,B015,Current,2024-02-23,193169.51,Active
A00142,C00142,B003,Savings,2023-09-25,381720.95,Active
A00143,C00143,B030,Current,2025-11-17,470668.86,Inactive
A00144,C00144,B012,Salary,2024-12-11,257695.9,Active
A00145,C00145,B015,Business,2025-09-27,231174.49,Active
A00146,C00146,B022,Current,2026-07-18,246697.49,Inactive
A00147,C00147,B020,Current,2025-04-21,393108.89,Active
A00148,C00148,B018,Current,2025-10-14,143763.79,Inactive
A00149,C00149,B005,Business,2023-03-04,136804.21,Active
A00150,C00150,B005,Business,2024-08-15,170462.38,Active
A00151,C00151,B015,Savings,2026-09-09,406525.57,Active
A00152,C00152,B024,Salary,2026-03-17,136868.52,Active
A00153,C00153,B004,Salary,2022-08-23,342102.55,Active
A00154,C00154,B016,Savings,2021-12-09,162885.42,Active
A00155,C00155,B001,Current,2023-05-15,67532.62,Active
A00156,C00156,B016,Savings,2024-08-10,356601.78,Active
A00157,C00157,B024,Savings,2025-06-18,36367.82,Inactive
A00158,C00158,B008,Salary,2023-12-07,207954.33,Active
A00159,C00159,B015,Current,2024-01-01,109579.7,Active
A00160,C00160,B009,Business,2025-06-02,495980.34,Active
A00161,C00161,B030,Salary,2026-08-29,444274.96,Active
A00162,C00162,B001,Savings,2022-12-31,49034.91,Active
A00163,C00163,B006,Salary,2023-10-28,359953.0,Active
A00164,C00164,B003,Current,2026-02-01,496874.47,Active
A00165,C00165,B013,Salary,2024-11-12,8092.26,Active
A00166,C00166,B002,Salary,2023-11-17,471770.72,Active
A00167,C00167,B003,Savings,2022-09-04,289308.67,Active
A00168,C00168,B020,Current,2022-10-29,422701.05,Active
A00169,C00169,B027,Savings,2026-07-28,160916.77,Inactive
A00170,C00170,B003,Savings,2021-11-27,373214.75,Active
A00171,C00171,B027,Business,2023-07-10,31353.86,Active
A00172,C00172,B007,Savings,2022-06-12,21249.88,Active
A00173,C00173,B026,Business,2026-01-21,298855.98,Active
A00174,C00174,B001,Business,2024-12-27,131930.71,Active
A00175,C00175,B029,Salary,2023-01-13,283078.32,Active
A00176,C00176,B023,Salary,2025-06-09,117366.65,Active
A00177,C00177,B026,Business,2023-09-09,209536.16,Active
A00178,C00178,B028,Business,2023-09-22,175583.82,Active
A00179,C00179,B009,Business,2022-08-05,384165.6,Inactive
A00180,C00180,B027,Savings,2024-02-15,479871.4,Active
A00181,C00181,B016,Current,2025-06-12,403362.87,Active
A00182,C00182,B007,Savings,2022-04-02,22583.23,Active
A00183,C00183,B002,Current,2023-10-28,179138.53,Inactive
A00184,C00184,B008,Current,2024-10-29,39016.77,Active
A00185,C00185,B007,Salary,2021-12-01,221735.95,Active
A00186,C00186,B011,Current,2025-08-14,213235.05,Active
A00187,C00187,B013,Salary,2024-09-25,489611.73,Inactive
A00188,C00188,B002,Business,2024-04-21,226663.3,Active
A00189,C00189,B023,Salary,2025-11-11,446042.9,Active
A00190,C00190,B018,Salary,2025-09-23,483998.14,Active
A00191,C00191,B026,Current,2023-10-04,194399.41,Active
A00192,C00192,B013,Current,2025-11-17,272395.1,Active
A00193,C00193,B011,Savings,2024-08-22,225530.46,Inactive
A00194,C00194,B030,Salary,2024-04-29,353820.52,Inactive
A00195,C00195,B012,Business,2023-09-30,311837.94,Active
A00196,C00196,B003,Salary,2021-10-21,480655.86,Active
A00197,C00197,B007,Current,2022-04-08,365947.33,Active
A00198,C00198,B020,Savings,2022-06-03,272716.87,Active
A00199,C00199,B029,Salary,2024-11-06,58034.37,Inactive
A00200,C00200,B021,Salary,2024-05-04,366656.84,Active
A00201,C00201,B029,Current,2025-09-13,54366.29,Active
A00202,C00202,B004,Business,2023-06-13,390560.04,Inactive
A00203,C00203,B004,Savings,2025-04-16,75450.48,Active
A00204,C00204,B023,Business,2021-12-19,342578.7,Active
A00205,C00205,B022,Current,2024-01-04,88254.09,Active
A00206,C00206,B013,Salary,2024-07-24,460091.74,Active
A00207,C00207,B027,Salary,2024-01-14,350823.14,Active
A00208,C00208,B022,Current,2022-07-05,499114.39,Active
A00209,C00209,B022,Current,2026-04-06,95209.24,Active
A00210,C00210,B026,Salary,2024-11-08,436601.86,Active
A00211,C00211,B001,Current,2025-01-21,430666.14,Active
A00212,C00212,B003,Salary,2022-10-31,59941.93,Active
A00213,C00213,B028,Current,2023-01-05,453720.27,Active
A00214,C00214,B026,Salary,2024-01-29,222876.5,Active
A00215,C00215,B002,Business,2022-05-29,144847.18,Inactive
A00216,C00216,B004,Business,2022-04-22,353571.31,Active
A00217,C00217,B015,Savings,2022-11-11,465721.41,Active
A00218,C00218,B021,Savings,2026-07-05,457160.37,Active
A00219,C00219,B002,Savings,2026-07-25,491370.75,Active
A00220,C00220,B022,Current,2022-04-24,485068.19,Active
A00221,C00221,B007,Savings,2024-06-12,6487.08,Active
A00222,C00222,B005,Savings,2023-03-09,439752.0,Inactive
A00223,C00223,B002,Salary,2024-03-24,36882.69,Active
A00224,C00224,B021,Savings,2021-11-03,477928.82,Active
A00225,C00225,B029,Current,2021-09-28,480122.96,Active
A00226,C00226,B012,Current,2026-01-30,455104.77,Active
A00227,C00227,B005,Savings,2024-03-12,183866.26,Active
A00228,C00228,B002,Savings,2022-09-17,206740.75,Inactive
A00229,C00229,B019,Savings,2023-05-19,323842.03,Inactive
A00230,C00230,B019,Business,2024-06-11,471737.77,Active
A00231,C00231,B003,Business,2021-12-28,359978.77,Inactive
A00232,C00232,B009,Savings,2022-11-08,390255.49,Active
A00233,C00233,B016,Salary,2023-08-16,348722.16,Active
A00234,C00234,B023,Current,2021-11-14,332795.12,Active
A00235,C00235,B010,Salary,2024-11-20,431634.57,Active
A00236,C00236,B001,Business,2025-08-04,247934.37,Inactive
A00237,C00237,B025,Current,2023-08-30,170416.27,Active
A00238,C00238,B007,Current,2023-11-24,318277.14,Active
A00239,C00239,B003,Business,2024-08-04,110195.7,Inactive
A00240,C00240,B011,Salary,2022-03-27,69353.9,Inactive
A00241,C00241,B006,Salary,2022-03-25,57355.09,Active
A00242,C00242,B006,Savings,2023-09-02,315729.49,Active
A00243,C00243,B008,Current,2023-06-10,157319.06,Active
A00244,C00244,B003,Savings,2024-03-01,369928.24,Active
A00245,C00245,B019,Savings,2024-07-03,323359.76,Inactive
A00246,C00246,B027,Savings,2023-03-22,181303.9,Active
A00247,C00247,B021,Business,2026-06-25,257666.19,Active
A00248,C00248,B001,Current,2022-02-24,443767.23,Active
A00249,C00249,B003,Business,2023-11-06,199328.13,Active
A00250,C00250,B026,Current,2026-04-30,310051.82,Active
A00251,C00251,B010,Salary,2026-02-24,479055.45,Inactive
A00252,C00252,B011,Business,2026-07-21,165022.42,Active
A00253,C00253,B003,Current,2023-08-05,298742.45,Inactive
A00254,C00254,B010,Current,2024-03-29,200644.46,Active
A00255,C00255,B027,Current,2026-06-27,212444.73,Active
A00256,C00256,B026,Savings,2025-05-05,442948.42,Active
A00257,C00257,B015,Salary,2026-02-09,180092.94,Active
A00258,C00258,B003,Salary,2023-03-18,233662.15,Inactive
A00259,C00259,B029,Savings,2022-07-17,348977.01,Active
A00260,C00260,B001,Business,2022-04-22,61694.55,Active
A00261,C00261,B027,Current,2021-10-09,116696.64,Active
A00262,C00262,B006,Current,2024-04-19,218567.3,Active
A00263,C00263,B004,Current,2024-12-30,38424.96,Active
A00264,C00264,B017,Business,2023-08-14,362780.75,Active
A00265,C00265,B019,Savings,2021-09-25,219698.75,Active
A00266,C00266,B017,Business,2023-04-11,109660.82,Active
A00267,C00267,B011,Savings,2022-08-05,366513.36,Active
A00268,C00268,B019,Business,2021-09-24,346682.36,Inactive
A00269,C00269,B006,Savings,2023-05-02,193951.28,Active
A00270,C00270,B023,Savings,2022-11-12,376454.17,Active
A00271,C00271,B030,Current,2022-12-17,241981.35,Active
A00272,C00272,B003,Business,2024-07-02,306284.96,Active
A00273,C00273,B017,Business,2025-01-27,450111.27,Active
A00274,C00274,B011,Salary,2022-11-06,433785.16,Active
A00275,C00275,B017,Current,2022-04-08,88220.07,Inactive
A00276,C00276,B006,Savings,2022-01-17,31717.3,Active
A00277,C00277,B020,Salary,2023-03-05,270644.02,Active
A00278,C00278,B005,Current,2024-09-29,34284.0,Active
A00279,C00279,B009,Salary,2026-08-08,246200.97,Active
A00280,C00280,B021,Current,2024-03-26,366915.42,Active
A00281,C00281,B003,Business,2025-04-17,487099.35,Active
A00282,C00282,B019,Current,2022-02-07,352044.89,Active
A00283,C00283,B024,Savings,2022-03-09,68152.43,Active
A00284,C00284,B002,Salary,2022-09-02,468866.79,Active
A00285,C00285,B008,Current,2025-10-30,69639.33,Inactive
A00286,C00286,B016,Salary,2022-02-21,425990.81,Active
A00287,C00287,B023,Savings,2023-05-14,125631.13,Active
A00288,C00288,B002,Current,2024-03-02,254152.37,Inactive
A00289,C00289,B011,Savings,2022-01-18,206543.21,Inactive
A00290,C00290,B007,Savings,2021-09-16,342680.06,Active
A00291,C00291,B012,Current,2022-11-04,467776.85,Inactive
A00292,C00292,B015,Business,2023-04-02,181150.17,Active
A00293,C00293,B020,Current,2022-01-01,70349.49,Active
A00294,C00294,B022,Savings,2022-01-18,327621.83,Active
A00295,C00295,B014,Savings,2023-01-08,237489.85,Inactive
A00296,C00296,B028,Savings,2024-05-21,430997.3,Active
A00297,C00297,B019,Current,2024-03-09,64069.16,Active
A00298,C00298,B009,Current,2025-07-02,421862.69,Active
A00299,C00299,B003,Business,2024-04-09,198981.62,Active
A00300,C00300,B019,Savings,2025-06-28,401721.93,Active
A00301,C00301,B004,Business,2022-07-25,245989.7,Active
A00302,C00302,B012,Business,2026-02-22,280804.12,Active
A00303,C00303,B027,Business,2023-05-15,421510.13,Inactive
A00304,C00304,B015,Savings,2023-12-04,194666.53,Inactive
A00305,C00305,B030,Current,2023-09-03,46635.77,Inactive
A00306,C00306,B012,Salary,2026-07-21,34920.06,Active
A00307,C00307,B025,Salary,2025-04-23,153749.03,Active
A00308,C00308,B015,Business,2022-10-18,198800.54,Active
A00309,C00309,B022,Salary,2023-10-14,304306.28,Active
A00310,C00310,B023,Current,2024-09-02,285938.68,Active
A00311,C00311,B001,Salary,2024-07-10,325375.5,Inactive
A00312,C00312,B006,Business,2022-06-24,98937.51,Active
A00313,C00313,B013,Current,2024-06-05,219750.74,Active
A00314,C00314,B003,Salary,2024-02-22,484485.45,Active
A00315,C00315,B007,Business,2024-05-22,334404.98,Active
A00316,C00316,B021,Salary,2022-07-27,136944.75,Active
A00317,C00317,B004,Savings,2024-09-27,269231.47,Inactive
A00318,C00318,B020,Savings,2023-06-26,371253.12,Inactive
A00319,C00319,B005,Current,2025-10-12,363555.67,Active
A00320,C00320,B022,Business,2025-05-05,135516.51,Active
A00321,C00321,B018,Salary,2022-08-07,403473.98,Active
A00322,C00322,B024,Salary,2021-10-26,473881.18,Active
A00323,C00323,B029,Salary,2022-03-06,335021.67,Active
A00324,C00324,B018,Current,2026-09-08,116331.86,Active
A00325,C00325,B007,Savings,2024-01-10,405413.82,Active
A00326,C00326,B003,Savings,2022-12-25,354670.89,Active
A00327,C00327,B028,Business,2025-08-02,205805.56,Active
A00328,C00328,B024,Salary,2023-08-05,188048.49,Inactive
A00329,C00329,B025,Business,2025-08-02,458488.11,Active
A00330,C00330,B016,Salary,2023-04-05,399052.69,Inactive
A00331,C00331,B019,Salary,2021-09-21,362264.12,Active
A00332,C00332,B007,Salary,2024-10-29,483691.9,Inactive
A00333,C00333,B012,Business,2026-05-30,495608.46,Active
A00334,C00334,B013,Business,2022-10-13,465940.69,Inactive
A00335,C00335,B026,Savings,2024-11-16,218299.47,Active
A00336,C00336,B005,Savings,2025-02-02,92656.18,Active
A00337,C00337,B012,Savings,2025-12-24,270065.78,Active
A00338,C00338,B019,Salary,2021-09-28,463020.05,Active
A00339,C00339,B017,Savings,2021-11-03,408309.14,Active
A00340,C00340,B025,Business,2022-08-14,299992.55,Active
A00341,C00341,B026,Salary,2024-10-27,289979.71,Inactive
A00342,C00342,B010,Business,2025-10-10,94953.31,Active
A00343,C00343,B001,Business,2024-04-22,435707.3,Active
A00344,C00344,B005,Current,2024-08-06,187131.65,Active
A00345,C00345,B009,Current,2023-01-02,195478.95,Active
A00346,C00346,B002,Salary,2024-10-10,327079.25,Active
A00347,C00347,B008,Current,2026-07-11,470774.53,Active
A00348,C00348,B010,Salary,2024-08-01,443634.79,Active
A00349,C00349,B023,Savings,2025-01-17,229138.56,Inactive
A00350,C00350,B008,Business,2026-03-21,116872.71,Active
A00351,C00351,B001,Savings,2026-01-07,250362.8,Active
A00352,C00352,B030,Current,2024-06-01,75333.93,Active
A00353,C00353,B003,Salary,2024-06-02,366295.28,Inactive
A00354,C00354,B003,Salary,2026-09-05,162576.14,Active
A00355,C00355,B012,Salary,2024-11-22,370866.57,Active
A00356,C00356,B014,Business,2021-10-23,133581.99,Inactive
A00357,C00357,B002,Savings,2021-09-22,251123.94,Active
A00358,C00358,B028,Savings,2022-12-26,347292.99,Inactive
A00359,C00359,B026,Salary,2026-03-12,438279.48,Active
A00360,C00360,B008,Business,2022-08-23,234085.55,Active
A00361,C00361,B019,Business,2025-05-18,203150.98,Active
A00362,C00362,B014,Current,2022-02-27,101514.7,Active
A00363,C00363,B004,Salary,2025-05-28,455958.24,Active
A00364,C00364,B030,Salary,2022-01-31,408569.09,Inactive
A00365,C00365,B030,Savings,2026-04-20,17170.37,Active
A00366,C00366,B011,Savings,2024-02-24,23001.44,Active
A00367,C00367,B016,Current,2025-08-07,366096.67,Active
A00368,C00368,B010,Current,2025-07-11,163295.36,Active
A00369,C00369,B004,Business,2025-08-30,18102.53,Active
A00370,C00370,B008,Savings,2023-03-12,385773.49,Active
A00371,C00371,B025,Business,2024-05-06,266897.86,Active
A00372,C00372,B016,Current,2023-07-22,454674.39,Active
A00373,C00373,B004,Current,2025-05-12,192151.31,Active
A00374,C00374,B012,Current,2022-11-05,261458.25,Inactive
A00375,C00375,B006,Savings,2022-01-07,302461.86,Active
A00376,C00376,B019,Business,2024-12-01,393126.05,Active
A00377,C00377,B005,Salary,2023-04-09,483348.3,Active
A00378,C00378,B027,Current,2025-12-16,455224.58,Active
A00379,C00379,B006,Current,2024-03-27,321768.63,Inactive
A00380,C00380,B008,Current,2023-09-08,447342.63,Active
A00381,C00381,B001,Salary,2022-11-10,184977.33,Inactive
A00382,C00382,B023,Current,2025-05-09,392020.06,Active
A00383,C00383,B005,Current,2024-08-07,214497.29,Active
A00384,C00384,B017,Salary,2021-12-15,486136.47,Inactive
A00385,C00385,B013,Savings,2022-09-18,454162.01,Inactive
A00386,C00386,B002,Current,2022-04-23,197599.53,Inactive
A00387,C00387,B026,Savings,2026-09-04,383423.16,Active
A00388,C00388,B027,Current,2023-07-24,193660.83,Active
A00389,C00389,B001,Business,2025-03-27,66717.24,Inactive
A00390,C00390,B004,Salary,2025-07-23,324179.05,Active
A00391,C00391,B029,Current,2025-04-18,354513.05,Inactive
A00392,C00392,B022,Business,2025-10-03,461906.23,Active
A00393,C00393,B018,Salary,2022-03-01,390778.6,Inactive
A00394,C00394,B007,Salary,2023-03-21,224095.03,Active
A00395,C00395,B005,Current,2023-04-10,108860.99,Active
A00396,C00396,B023,Current,2023-03-02,75109.03,Active
A00397,C00397,B030,Savings,2026-08-28,319196.52,Active
A00398,C00398,B009,Current,2026-02-13,176322.53,Active
A00399,C00399,B023,Current,2023-07-20,93425.91,Active
A00400,C00400,B013,Savings,2023-07-10,191628.33,Active
A00401,C00401,B007,Salary,2024-04-26,329764.41,Inactive
A00402,C00402,B008,Business,2024-01-21,432924.16,Active
A00403,C00403,B003,Savings,2022-01-31,268128.46,Active
A00404,C00404,B013,Business,2023-02-08,141510.96,Active
A00405,C00405,B001,Business,2025-04-08,336156.18,Active
A00406,C00406,B028,Salary,2021-12-31,387224.25,Active
A00407,C00407,B005,Savings,2025-09-08,444796.92,Active
A00408,C00408,B008,Business,2022-05-22,91384.82,Active
A00409,C00409,B017,Salary,2023-11-22,333665.25,Active
A00410,C00410,B019,Business,2022-05-31,330141.23,Inactive
A00411,C00411,B003,Salary,2022-05-27,366596.3,Inactive
A00412,C00412,B002,Salary,2022-01-30,162618.12,Active
A00413,C00413,B026,Current,2022-09-02,468707.83,Active
A00414,C00414,B012,Savings,2025-07-31,216918.94,Active
A00415,C00415,B003,Savings,2025-10-03,285282.09,Active
A00416,C00416,B011,Business,2026-01-07,139451.5,Active
A00417,C00417,B019,Business,2022-08-25,298250.41,Active
A00418,C00418,B019,Salary,2026-01-07,228175.34,Inactive
A00419,C00419,B012,Current,2026-07-01,34798.07,Active
A00420,C00420,B026,Current,2022-04-10,13989.28,Active
A00421,C00421,B014,Current,2026-06-07,334998.45,Active
A00422,C00422,B020,Business,2025-08-23,52566.52,Active
A00423,C00423,B005,Salary,2026-03-07,41279.35,Active
A00424,C00424,B019,Current,2025-02-15,377189.39,Inactive
A00425,C00425,B029,Business,2023-12-10,234064.92,Inactive
A00426,C00426,B013,Savings,2025-01-18,285365.37,Inactive
A00427,C00427,B007,Savings,2022-10-07,86661.97,Inactive
A00428,C00428,B029,Business,2022-03-18,119505.48,Active
A00429,C00429,B005,Business,2021-10-13,327756.99,Active
A00430,C00430,B015,Salary,2025-03-29,349249.17,Inactive
A00431,C00431,B021,Business,2022-01-08,179446.35,Active
A00432,C00432,B021,Salary,2022-06-02,105492.57,Active
A00433,C00433,B021,Business,2026-06-03,167763.76,Active
A00434,C00434,B001,Salary,2026-03-31,94936.06,Active
A00435,C00435,B005,Savings,2022-04-29,83477.07,Active
A00436,C00436,B012,Savings,2025-11-28,388424.89,Inactive
A00437,C00437,B026,Business,2022-12-21,139782.28,Active
A00438,C00438,B019,Business,2025-05-15,400772.75,Active
A00439,C00439,B016,Savings,2023-05-05,356928.39,Active
A00440,C00440,B005,Business,2026-08-09,484243.94,Inactive
A00441,C00441,B013,Salary,2022-01-20,158047.48,Inactive
A00442,C00442,B016,Business,2021-11-04,152383.22,Inactive
A00443,C00443,B019,Business,2024-10-18,462061.84,Active
A00444,C00444,B014,Current,2025-08-05,195900.18,Active
A00445,C00445,B014,Savings,2025-12-04,132181.12,Active
A00446,C00446,B002,Savings,2022-08-15,206319.49,Active
A00447,C00447,B011,Current,2026-01-07,237778.59,Active
A00448,C00448,B019,Business,2026-04-06,487650.49,Inactive
A00449,C00449,B020,Current,2025-07-19,481628.6,Inactive
A00450,C00450,B003,Savings,2023-11-24,441952.3,Active
A00451,C00451,B005,Business,2023-09-30,115256.38,Active
A00452,C00452,B002,Salary,2025-09-12,298814.4,Active
A00453,C00453,B006,Salary,2025-07-24,178133.46,Active
A00454,C00454,B017,Current,2026-02-02,234022.91,Active
A00455,C00455,B014,Salary,2025-07-22,121211.52,Active
A00456,C00456,B028,Salary,2022-10-05,308970.35,Active
A00457,C00457,B020,Business,2023-10-18,177597.07,Active
A00458,C00458,B014,Business,2025-01-19,127766.77,Active
A00459,C00459,B025,Salary,2025-04-03,437956.21,Active
A00460,C00460,B024,Current,2026-02-24,157158.82,Active
A00461,C00461,B026,Savings,2021-12-14,396895.02,Active
A00462,C00462,B020,Savings,2022-12-11,200783.35,Active
A00463,C00463,B025,Current,2022-04-07,417722.78,Active
A00464,C00464,B009,Business,2022-07-28,146119.0,Active
A00465,C00465,B029,Business,2024-03-14,135578.21,Active
A00466,C00466,B005,Current,2024-07-09,28633.4,Active
A00467,C00467,B017,Business,2022-06-14,68510.33,Inactive
A00468,C00468,B024,Current,2025-03-17,494221.95,Active
A00469,C00469,B004,Current,2025-07-18,83058.2,Active
A00470,C00470,B029,Business,2025-06-29,68898.94,Active
A00471,C00471,B004,Business,2025-08-14,382033.44,Inactive
A00472,C00472,B011,Salary,2022-05-23,450122.7,Active
A00473,C00473,B007,Salary,2023-05-30,316997.14,Inactive
A00474,C00474,B012,Salary,2025-05-10,238945.73,Active
A00475,C00475,B028,Current,2022-10-05,23459.72,Active
A00476,C00476,B002,Salary,2023-05-18,142678.14,Inactive
A00477,C00477,B028,Salary,2024-03-04,193843.22,Active
A00478,C00478,B005,Current,2026-05-24,285453.9,Active
A00479,C00479,B005,Salary,2022-07-21,57784.86,Active
A00480,C00480,B007,Business,2023-07-11,169992.64,Inactive
A00481,C00481,B028,Salary,2024-04-23,266738.68,Inactive
A00482,C00482,B007,Salary,2025-07-15,293263.39,Inactive
A00483,C00483,B001,Business,2025-08-12,485571.91,Active
A00484,C00484,B030,Current,2024-11-24,472469.01,Active
A00485,C00485,B023,Salary,2026-01-17,278512.48,Active
A00486,C00486,B009,Salary,2024-03-31,201291.64,Active
A00487,C00487,B003,Savings,2024-05-10,115297.03,Active
A00488,C00488,B002,Current,2021-11-12,151828.59,Active
A00489,C00489,B007,Business,2024-08-16,82997.81,Active
A00490,C00490,B002,Current,2022-01-01,101476.89,Inactive
A00491,C00491,B010,Current,2024-12-13,136235.95,Active
A00492,C00492,B021,Savings,2021-12-12,14264.7,Active
A00493,C00493,B022,Business,2025-08-31,358531.78,Inactive
A00494,C00494,B017,Business,2022-08-16,391808.32,Active
A00495,C00495,B002,Salary,2023-08-16,356824.03,Active
A00496,C00496,B019,Salary,2022-02-15,193807.4,Active
A00497,C00497,B005,Savings,2023-08-27,325083.41,Inactive
A00498,C00498,B015,Salary,2025-01-29,36883.59,Active
A00499,C00499,B007,Savings,2022-09-09,154538.55,Active
A00500,C00500,B002,Current,2024-01-02,118048.54,Active
A00501,C00501,B002,Current,2024-02-24,85183.58,Active
A00502,C00502,B014,Business,2025-12-13,172478.53,Inactive
A00503,C00503,B025,Salary,2023-09-29,366267.19,Active
A00504,C00504,B007,Current,2023-09-25,71070.9,Active
A00505,C00505,B020,Current,2026-03-09,9613.04,Active
A00506,C00506,B005,Salary,2026-03-10,203629.97,Active
A00507,C00507,B007,Current,2022-05-05,439518.29,Active
A00508,C00508,B001,Current,2025-07-26,102647.94,Inactive
A00509,C00509,B015,Business,2026-08-13,38521.8,Active
A00510,C00510,B022,Business,2022-06-28,392740.04,Active
A00511,C00511,B030,Savings,2025-06-30,221582.1,Inactive
A00512,C00512,B005,Business,2026-02-20,306787.89,Active
A00513,C00513,B025,Salary,2023-02-12,128316.11,Active
A00514,C00514,B006,Salary,2024-04-17,322668.7,Active
A00515,C00515,B002,Savings,2024-08-31,471073.25,Active
A00516,C00516,B030,Current,2026-09-04,368684.48,Active
A00517,C00517,B027,Business,2022-06-17,89460.52,Active
A00518,C00518,B007,Salary,2024-03-26,359785.74,Active
A00519,C00519,B002,Current,2023-04-23,272390.96,Inactive
A00520,C00520,B003,Savings,2026-09-09,49979.15,Active
A00521,C00521,B006,Current,2025-04-12,149873.67,Active
A00522,C00522,B002,Business,2022-05-10,408090.48,Inactive
A00523,C00523,B030,Salary,2026-01-05,331974.16,Inactive
A00524,C00524,B024,Savings,2022-05-26,416690.04,Inactive
A00525,C00525,B021,Business,2022-01-26,163951.89,Active
A00526,C00526,B014,Savings,2025-01-20,313037.8,Active
A00527,C00527,B030,Salary,2024-05-10,29772.99,Active
A00528,C00528,B021,Current,2024-06-19,270727.35,Inactive
A00529,C00529,B005,Business,2023-09-26,316316.54,Active
A00530,C00530,B017,Savings,2024-12-25,94039.96,Active
A00531,C00531,B020,Savings,2026-08-31,402318.9,Active
A00532,C00532,B013,Business,2025-03-22,380333.48,Active
A00533,C00533,B023,Salary,2023-08-11,457854.76,Active
A00534,C00534,B008,Business,2024-07-02,128306.37,Active
A00535,C00535,B015,Savings,2024-07-21,398242.44,Active
A00536,C00536,B005,Savings,2023-05-08,47546.57,Active
A00537,C00537,B004,Business,2024-01-19,483175.08,Active
A00538,C00538,B008,Salary,2022-03-26,491347.51,Inactive
A00539,C00539,B026,Savings,2022-10-20,336456.77,Active
A00540,C00540,B015,Savings,2026-09-04,432162.16,Inactive
A00541,C00541,B010,Savings,2025-11-06,399979.19,Active
A00542,C00542,B020,Current,2023-12-18,179498.28,Active
A00543,C00543,B023,Salary,2024-02-04,93210.38,Active
A00544,C00544,B024,Savings,2025-04-08,249525.92,Active
A00545,C00545,B006,Current,2024-08-30,453131.44,Inactive
A00546,C00546,B024,Salary,2024-06-18,128637.8,Inactive
A00547,C00547,B006,Current,2025-10-04,15624.69,Active
A00548,C00548,B005,Current,2022-09-27,60928.5,Active
A00549,C00549,B013,Salary,2026-06-26,344124.11,Active
A00550,C00550,B019,Business,2024-09-24,425748.7,Active
A00551,C00551,B030,Current,2021-09-26,371318.76,Active
A00552,C00552,B023,Current,2025-10-19,105166.55,Active
A00553,C00553,B010,Salary,2026-07-04,224195.22,Active
A00554,C00554,B010,Business,2026-03-11,256744.41,Active
A00555,C00555,B001,Salary,2021-10-10,234989.34,Active
A00556,C00556,B001,Salary,2024-03-13,308855.59,Inactive
A00557,C00557,B025,Salary,2024-03-19,40328.86,Active
A00558,C00558,B007,Business,2025-10-06,250933.42,Active
A00559,C00559,B013,Business,2022-05-04,319157.11,Active
A00560,C00560,B006,Salary,2026-08-12,209986.85,Active
A00561,C00561,B006,Business,2024-03-25,461034.54,Inactive
A00562,C00562,B011,Current,2025-08-16,84208.9,Active
A00563,C00563,B019,Current,2024-10-18,13680.75,Active
A00564,C00564,B029,Business,2023-09-03,177898.39,Active
A00565,C00565,B005,Current,2023-05-08,18749.6,Active
A00566,C00566,B019,Current,2026-06-20,79700.14,Active
A00567,C00567,B004,Savings,2022-11-04,164677.26,Inactive
A00568,C00568,B007,Savings,2025-04-23,80059.21,Active
A00569,C00569,B011,Business,2023-03-08,120132.74,Active
A00570,C00570,B015,Current,2023-02-22,324647.54,Active
A00571,C00571,B027,Salary,2022-08-10,333719.75,Active
A00572,C00572,B002,Business,2023-12-09,191606.69,Active
A00573,C00573,B022,Salary,2024-09-29,313633.68,Active
A00574,C00574,B021,Salary,2024-05-09,53062.54,Active
A00575,C00575,B024,Savings,2022-10-05,115402.47,Active
A00576,C00576,B002,Salary,2026-08-23,289078.83,Active
A00577,C00577,B023,Current,2025-05-08,36795.01,Active
A00578,C00578,B006,Current,2024-02-27,51708.8,Active
A00579,C00579,B026,Savings,2022-06-28,189196.03,Active
A00580,C00580,B017,Savings,2022-04-17,357058.26,Active
A00581,C00581,B028,Business,2023-07-25,274002.73,Inactive
A00582,C00582,B013,Salary,2022-02-06,447346.6,Active
A00583,C00583,B025,Savings,2025-07-04,267764.96,Active
A00584,C00584,B018,Savings,2023-05-08,197784.39,Active
A00585,C00585,B025,Current,2023-07-13,419399.98,Active
A00586,C00586,B002,Business,2025-01-05,92942.37,Inactive
A00587,C00587,B015,Business,2021-09-29,126053.22,Active
A00588,C00588,B017,Salary,2022-07-09,389089.5,Inactive
A00589,C00589,B021,Business,2024-01-23,144475.64,Inactive
A00590,C00590,B024,Salary,2022-12-27,388660.04,Active
A00591,C00591,B020,Business,2023-03-06,363489.13,Active
A00592,C00592,B010,Current,2025-03-28,60337.57,Active
A00593,C00593,B023,Business,2022-12-31,405288.34,Active
A00594,C00594,B003,Current,2024-04-23,95595.76,Active
A00595,C00595,B023,Savings,2024-02-03,27508.71,Active
A00596,C00596,B020,Salary,2024-01-25,268289.28,Active
A00597,C00597,B010,Business,2023-02-12,469142.15,Active
A00598,C00598,B003,Business,2022-08-26,432036.92,Inactive
A00599,C00599,B005,Business,2025-08-14,296123.12,Active
A00600,C00600,B019,Savings,2022-01-16,327585.4,Active
A00601,C00601,B004,Savings,2023-03-26,33221.46,Inactive
A00602,C00602,B014,Business,2023-09-20,15363.7,Active
A00603,C00603,B023,Savings,2021-11-18,35882.04,Active
A00604,C00604,B030,Current,2024-11-03,375257.89,Active
A00605,C00605,B007,Business,2022-01-05,98333.27,Active
A00606,C00606,B001,Salary,2025-06-04,317745.11,Active
A00607,C00607,B026,Current,2022-08-29,138725.63,Active
A00608,C00608,B018,Savings,2021-09-14,467982.19,Active
A00609,C00609,B030,Business,2026-09-12,422013.38,Active
A00610,C00610,B022,Savings,2025-09-11,34522.44,Inactive
A00611,C00611,B018,Business,2025-01-17,86186.98,Inactive
A00612,C00612,B025,Business,2025-10-10,467113.38,Active
A00613,C00613,B006,Current,2025-04-18,441597.0,Inactive
A00614,C00614,B022,Current,2026-07-16,111172.63,Inactive
A00615,C00615,B014,Savings,2024-04-09,255300.8,Active
A00616,C00616,B029,Business,2022-10-28,92631.4,Inactive
A00617,C00617,B004,Current,2025-05-02,219856.45,Active
A00618,C00618,B025,Savings,2022-04-07,5406.14,Active
A00619,C00619,B007,Current,2024-04-19,333592.89,Active
A00620,C00620,B007,Current,2022-10-31,359863.65,Active
A00621,C00621,B004,Current,2026-06-02,177917.17,Active
A00622,C00622,B015,Savings,2025-05-09,266535.71,Active
A00623,C00623,B023,Savings,2026-04-14,206000.01,Inactive
A00624,C00624,B016,Business,2021-09-18,52011.1,Active
A00625,C00625,B014,Salary,2026-06-20,413633.28,Active
A00626,C00626,B001,Savings,2023-03-14,428868.8,Active
A00627,C00627,B008,Savings,2025-01-30,312479.11,Inactive
A00628,C00628,B020,Business,2025-10-12,478478.63,Active
A00629,C00629,B015,Savings,2022-04-19,179409.93,Inactive
A00630,C00630,B019,Current,2023-03-16,272803.8,Active
A00631,C00631,B012,Business,2024-02-03,93206.56,Active
A00632,C00632,B023,Current,2025-10-14,352240.13,Inactive
A00633,C00633,B012,Business,2022-12-07,269263.96,Active
A00634,C00634,B020,Salary,2023-02-28,289499.34,Active
A00635,C00635,B005,Salary,2022-05-10,226867.6,Active
A00636,C00636,B020,Current,2026-07-14,174997.15,Active
A00637,C00637,B020,Salary,2022-06-22,337225.42,Active
A00638,C00638,B025,Business,2023-11-25,370396.19,Active
A00639,C00639,B019,Savings,2025-02-17,225300.64,Inactive
A00640,C00640,B005,Business,2024-10-23,214410.42,Active
A00641,C00641,B003,Business,2026-06-16,289176.68,Inactive
A00642,C00642,B016,Savings,2026-09-04,283405.75,Inactive
A00643,C00643,B010,Business,2024-01-21,131180.5,Active
A00644,C00644,B022,Salary,2023-05-25,205785.91,Active
A00645,C00645,B017,Current,2022-11-02,402350.21,Active
A00646,C00646,B004,Business,2026-03-06,233711.45,Active
A00647,C00647,B027,Business,2024-10-11,261898.84,Active
A00648,C00648,B007,Business,2021-10-06,367872.69,Active
A00649,C00649,B013,Salary,2024-05-26,389320.84,Active
A00650,C00650,B009,Salary,2023-08-07,161438.36,Active
A00651,C00651,B022,Business,2024-01-28,438539.95,Active
A00652,C00652,B006,Savings,2024-05-12,418668.66,Active
A00653,C00653,B006,Business,2025-10-11,74072.79,Inactive
A00654,C00654,B002,Business,2023-12-12,203106.31,Active
A00655,C00655,B001,Current,2023-10-25,138926.99,Active
A00656,C00656,B012,Savings,2023-11-02,386235.36,Active
A00657,C00657,B018,Current,2024-04-24,438092.34,Active
A00658,C00658,B011,Business,2024-07-28,156035.03,Active
A00659,C00659,B020,Business,2022-10-22,134646.19,Active
A00660,C00660,B018,Salary,2021-11-11,210917.05,Active
A00661,C00661,B001,Current,2024-09-10,463099.9,Inactive
A00662,C00662,B026,Salary,2022-12-26,458023.29,Active
A00663,C00663,B001,Current,2022-09-13,27732.51,Active
A00664,C00664,B024,Business,2023-06-21,381087.28,Inactive
A00665,C00665,B004,Salary,2022-07-15,324299.41,Active
A00666,C00666,B030,Salary,2023-06-10,196764.27,Active
A00667,C00667,B018,Salary,2024-12-10,384790.79,Active
A00668,C00668,B027,Business,2024-09-22,489480.22,Active
A00669,C00669,B014,Business,2023-04-25,286893.7,Inactive
A00670,C00670,B030,Savings,2023-07-09,328545.71,Inactive
A00671,C00671,B006,Business,2023-09-09,439702.5,Active
A00672,C00672,B001,Savings,2025-03-10,317356.58,Active
A00673,C00673,B014,Salary,2025-12-19,444835.02,Active
A00674,C00674,B002,Current,2026-04-24,139334.74,Active
A00675,C00675,B010,Salary,2023-06-29,70105.72,Active
A00676,C00676,B013,Business,2024-10-14,140758.08,Active
A00677,C00677,B014,Business,2023-11-08,410157.6,Active
A00678,C00678,B006,Salary,2022-06-29,470299.27,Inactive
A00679,C00679,B005,Current,2022-01-15,62830.43,Active
A00680,C00680,B020,Business,2026-02-04,436760.13,Active
A00681,C00681,B011,Business,2022-10-25,385218.61,Active
A00682,C00682,B028,Current,2026-03-19,66817.67,Active
A00683,C00683,B011,Current,2023-07-18,111650.15,Active
A00684,C00684,B015,Savings,2023-06-27,133016.8,Active
A00685,C00685,B016,Business,2023-02-25,155269.13,Active
A00686,C00686,B022,Salary,2024-09-27,189320.88,Active
A00687,C00687,B020,Business,2024-12-24,166497.51,Active
A00688,C00688,B028,Current,2022-06-17,269516.89,Active
A00689,C00689,B001,Business,2022-05-01,416066.17,Active
A00690,C00690,B010,Salary,2024-02-13,365683.81,Active
A00691,C00691,B004,Current,2026-09-07,352250.81,Active
A00692,C00692,B001,Current,2022-10-05,200221.29,Active
A00693,C00693,B003,Savings,2024-05-05,465001.38,Inactive
A00694,C00694,B008,Current,2025-12-03,318487.13,Inactive
A00695,C00695,B016,Current,2022-04-02,215671.35,Active
A00696,C00696,B018,Current,2025-10-17,310655.32,Active
A00697,C00697,B023,Salary,2023-03-13,279301.2,Active
A00698,C00698,B006,Salary,2025-12-27,89304.03,Active
A00699,C00699,B005,Salary,2023-11-07,55194.56,Active
A00700,C00700,B017,Salary,2023-01-20,247180.5,Active
A00701,C00701,B015,Savings,2023-08-05,32095.87,Active
A00702,C00702,B017,Savings,2023-02-09,184820.04,Active
A00703,C00703,B009,Business,2026-03-05,229783.47,Active
A00704,C00704,B016,Current,2026-05-19,383519.45,Active
A00705,C00705,B012,Current,2024-12-13,152293.74,Active
A00706,C00706,B004,Business,2023-11-08,63945.83,Active
A00707,C00707,B023,Business,2022-04-24,103722.2,Active
A00708,C00708,B028,Current,2022-02-19,23140.28,Active
A00709,C00709,B016,Savings,2024-12-19,115011.54,Active
A00710,C00710,B017,Current,2022-10-12,213536.22,Active
A00711,C00711,B023,Current,2026-01-01,123624.73,Active
A00712,C00712,B014,Savings,2023-09-24,258925.03,Active
A00713,C00713,B026,Savings,2023-01-11,179550.06,Active
A00714,C00714,B016,Business,2023-10-07,102168.13,Active
A00715,C00715,B027,Business,2023-09-03,96057.47,Active
A00716,C00716,B011,Current,2025-08-06,65502.43,Active
A00717,C00717,B014,Salary,2024-10-06,416707.46,Active
A00718,C00718,B030,Salary,2025-11-30,365824.58,Inactive
A00719,C00719,B026,Savings,2024-08-18,55255.95,Active
A00720,C00720,B012,Business,2025-01-05,344351.74,Active
A00721,C00721,B010,Salary,2026-02-24,435331.48,Inactive
A00722,C00722,B003,Business,2024-09-20,224133.08,Inactive
A00723,C00723,B030,Current,2024-10-29,298282.48,Inactive
A00724,C00724,B019,Savings,2022-04-22,493533.78,Active
A00725,C00725,B007,Business,2023-05-04,72593.1,Active
A00726,C00726,B029,Business,2022-06-22,316406.97,Inactive
A00727,C00727,B009,Salary,2026-07-19,31065.85,Active
A00728,C00728,B023,Savings,2024-11-19,60521.94,Active
A00729,C00729,B016,Current,2022-12-23,290832.52,Active
A00730,C00730,B027,Salary,2023-06-25,86044.29,Active
A00731,C00731,B018,Business,2023-01-07,333467.71,Active
A00732,C00732,B029,Salary,2025-01-12,89249.59,Active
A00733,C00733,B013,Salary,2023-03-27,369380.67,Active
A00734,C00734,B020,Business,2025-11-12,293505.27,Inactive
A00735,C00735,B006,Salary,2022-06-11,412823.18,Inactive
A00736,C00736,B011,Salary,2024-01-30,378345.69,Active
A00737,C00737,B017,Savings,2022-02-19,422080.58,Active
A00738,C00738,B006,Current,2023-02-16,40371.27,Inactive
A00739,C00739,B024,Savings,2023-01-20,410900.83,Active
A00740,C00740,B017,Current,2024-07-16,321452.39,Inactive
A00741,C00741,B029,Savings,2023-04-22,233750.44,Active
A00742,C00742,B025,Salary,2025-05-20,458372.52,Active
A00743,C00743,B030,Salary,2022-09-24,406388.17,Active
A00744,C00744,B026,Current,2025-12-27,215599.76,Active
A00745,C00745,B017,Business,2025-08-19,491111.07,Active
A00746,C00746,B003,Current,2023-02-15,364429.13,Active
A00747,C00747,B007,Salary,2023-05-29,377232.82,Active
A00748,C00748,B025,Savings,2025-01-27,291170.52,Inactive
A00749,C00749,B027,Savings,2024-06-17,141175.61,Active
A00750,C00750,B019,Savings,2025-09-22,444316.44,Active
A00751,C00751,B024,Current,2022-03-28,417530.28,Inactive
A00752,C00752,B015,Savings,2024-10-17,188351.23,Active
A00753,C00753,B018,Business,2022-08-21,462682.78,Active
A00754,C00754,B008,Salary,2026-02-28,49267.98,Active
A00755,C00755,B024,Savings,2022-02-18,378499.36,Inactive
A00756,C00756,B024,Savings,2025-02-21,385557.09,Active
A00757,C00757,B007,Current,2022-12-15,338300.6,Active
A00758,C00758,B024,Savings,2022-09-13,65320.97,Active
A00759,C00759,B026,Savings,2022-08-05,10165.44,Active
A00760,C00760,B028,Business,2025-05-27,157150.02,Active
A00761,C00761,B012,Savings,2025-05-30,125457.91,Inactive
A00762,C00762,B002,Savings,2023-02-11,346591.8,Active
A00763,C00763,B027,Savings,2023-11-19,428514.7,Active
A00764,C00764,B002,Salary,2022-08-21,167231.44,Active
A00765,C00765,B010,Current,2024-09-02,358743.66,Active
A00766,C00766,B013,Savings,2025-12-09,453359.55,Inactive
A00767,C00767,B007,Business,2026-02-22,379975.37,Active
A00768,C00768,B030,Business,2022-07-20,44038.62,Active
A00769,C00769,B017,Business,2025-03-17,286333.22,Active
A00770,C00770,B012,Current,2024-08-13,400247.18,Active
A00771,C00771,B023,Savings,2022-06-29,315182.51,Active
A00772,C00772,B028,Business,2026-01-23,49722.05,Active
A00773,C00773,B015,Current,2022-08-01,47544.37,Active
A00774,C00774,B028,Business,2026-08-21,411103.62,Active
A00775,C00775,B019,Business,2026-09-04,286209.41,Active
A00776,C00776,B012,Savings,2025-10-27,55124.69,Active
A00777,C00777,B008,Business,2025-09-04,478476.8,Active
A00778,C00778,B022,Current,2022-11-30,419967.99,Active
A00779,C00779,B016,Business,2022-07-21,94946.83,Active
A00780,C00780,B028,Current,2025-02-26,274627.63,Inactive
A00781,C00781,B025,Business,2025-03-06,207880.32,Active
A00782,C00782,B030,Current,2025-01-08,151017.71,Active
A00783,C00783,B013,Salary,2023-04-29,131930.25,Inactive
A00784,C00784,B003,Savings,2023-09-02,447184.17,Inactive
A00785,C00785,B011,Current,2026-05-03,170707.24,Active
A00786,C00786,B014,Salary,2024-04-24,26212.58,Active
A00787,C00787,B004,Savings,2025-01-18,98510.14,Active
A00788,C00788,B005,Business,2022-07-23,490163.96,Active
A00789,C00789,B009,Current,2025-11-01,245870.17,Active
A00790,C00790,B014,Current,2026-01-21,467145.33,Active
A00791,C00791,B009,Salary,2023-01-31,339833.94,Inactive
A00792,C00792,B004,Current,2022-02-14,298028.95,Active
A00793,C00793,B030,Savings,2023-08-29,289795.51,Active
A00794,C00794,B014,Business,2026-04-26,204055.31,Active
A00795,C00795,B019,Current,2022-07-04,90700.94,Active
A00796,C00796,B020,Business,2021-10-21,383804.08,Active
A00797,C00797,B025,Salary,2022-11-10,60383.49,Active
A00798,C00798,B027,Salary,2026-08-26,271130.6,Inactive
A00799,C00799,B005,Business,2023-11-14,66026.51,Active
A00800,C00800,B029,Current,2026-08-30,15530.13,Inactive
A00801,C00801,B026,Savings,2026-01-12,395473.91,Inactive
A00802,C00802,B027,Salary,2022-07-24,388951.53,Active
A00803,C00803,B007,Salary,2023-06-23,473819.96,Active
A00804,C00804,B017,Business,2025-12-12,106745.48,Inactive
A00805,C00805,B015,Salary,2023-02-17,481091.29,Active
A00806,C00806,B024,Current,2024-11-29,111152.28,Active
A00807,C00807,B025,Business,2026-04-19,227506.03,Active
A00808,C00808,B004,Current,2024-03-14,360142.76,Active
A00809,C00809,B020,Savings,2025-05-11,471329.39,Active
A00810,C00810,B007,Business,2022-08-02,484815.69,Active
A00811,C00811,B018,Current,2026-08-27,200969.51,Active
A00812,C00812,B009,Current,2022-02-15,485094.77,Active
A00813,C00813,B003,Current,2025-04-29,431866.44,Active
A00814,C00814,B029,Savings,2024-01-25,307550.49,Active
A00815,C00815,B015,Business,2023-09-02,71305.5,Active
A00816,C00816,B025,Salary,2026-07-14,37810.95,Active
A00817,C00817,B023,Business,2025-12-21,346286.19,Active
A00818,C00818,B004,Current,2026-05-02,83982.71,Active
A00819,C00819,B025,Current,2023-08-21,420893.4,Active
A00820,C00820,B002,Business,2025-07-01,358720.56,Active
A00821,C00821,B004,Current,2025-02-18,76378.2,Active
A00822,C00822,B018,Business,2024-08-24,18939.83,Inactive
A00823,C00823,B005,Business,2024-07-06,491566.97,Inactive
A00824,C00824,B007,Current,2024-06-27,92840.75,Active
A00825,C00825,B016,Salary,2023-10-23,397758.21,Active
A00826,C00826,B010,Savings,2024-02-29,136182.29,Active
A00827,C00827,B006,Business,2022-11-02,54341.0,Active
A00828,C00828,B002,Current,2021-11-01,156211.99,Inactive
A00829,C00829,B004,Business,2023-05-26,111480.55,Inactive
A00830,C00830,B001,Current,2024-08-26,275346.9,Inactive
A00831,C00831,B023,Current,2026-01-28,32764.82,Active
A00832,C00832,B025,Savings,2022-01-16,20739.78,Active
A00833,C00833,B025,Current,2025-10-15,198507.25,Inactive
A00834,C00834,B024,Current,2024-05-16,39688.83,Active
A00835,C00835,B007,Business,2021-09-15,479425.91,Active
A00836,C00836,B001,Salary,2026-01-14,235098.94,Active
A00837,C00837,B001,Savings,2024-01-08,52410.95,Active
A00838,C00838,B005,Salary,2021-09-16,477880.9,Active
A00839,C00839,B001,Business,2023-05-14,112013.0,Inactive
A00840,C00840,B003,Current,2026-06-25,377554.44,Active
A00841,C00841,B021,Business,2023-09-10,89974.26,Active
A00842,C00842,B004,Current,2022-10-29,272565.25,Inactive
A00843,C00843,B019,Savings,2024-09-09,372905.98,Inactive
A00844,C00844,B029,Savings,2023-10-19,329267.56,Inactive
A00845,C00845,B005,Current,2025-04-28,64375.4,Active
A00846,C00846,B011,Salary,2025-04-01,373023.35,Active
A00847,C00847,B016,Savings,2022-11-18,286892.31,Active
A00848,C00848,B016,Savings,2024-01-10,230120.14,Active
A00849,C00849,B008,Business,2025-12-04,31627.82,Active
A00850,C00850,B027,Current,2026-04-21,380990.25,Active
A00851,C00851,B028,Current,2025-02-08,95915.23,Active
A00852,C00852,B003,Business,2023-05-27,12621.39,Active
A00853,C00853,B006,Current,2026-06-16,456127.9,Active
A00854,C00854,B025,Savings,2026-03-22,75248.46,Active
A00855,C00855,B019,Salary,2025-12-14,156020.0,Inactive
A00856,C00856,B026,Business,2026-01-07,442234.46,Inactive
A00857,C00857,B020,Savings,2026-08-08,108080.84,Active
A00858,C00858,B014,Salary,2024-03-03,161324.1,Active
A00859,C00859,B030,Current,2025-05-01,237810.76,Active
A00860,C00860,B021,Business,2026-07-19,303325.56,Active
A00861,C00861,B024,Savings,2023-01-21,485403.11,Active
A00862,C00862,B009,Salary,2025-07-24,414444.82,Active
A00863,C00863,B019,Salary,2024-09-24,60413.64,Active
A00864,C00864,B005,Savings,2022-07-09,57618.81,Active
A00865,C00865,B011,Savings,2024-07-26,89511.12,Inactive
A00866,C00866,B018,Business,2025-07-08,496717.02,Active
A00867,C00867,B024,Business,2021-10-06,131373.13,Inactive
A00868,C00868,B026,Business,2026-01-08,67816.35,Inactive
A00869,C00869,B013,Savings,2024-10-17,454388.03,Active
A00870,C00870,B010,Business,2022-05-31,133114.86,Active
A00871,C00871,B015,Savings,2022-09-06,488476.74,Active
A00872,C00872,B019,Savings,2023-01-22,247894.37,Active
A00873,C00873,B003,Business,2021-09-22,153883.89,Active
A00874,C00874,B013,Current,2026-08-01,199553.87,Active
A00875,C00875,B027,Current,2024-01-06,393784.41,Active
A00876,C00876,B009,Salary,2023-04-03,257381.45,Active
A00877,C00877,B015,Savings,2024-05-10,254563.99,Active
A00878,C00878,B008,Business,2022-01-22,162687.76,Inactive
A00879,C00879,B006,Current,2025-06-29,358635.87,Active
A00880,C00880,B006,Savings,2024-04-29,498946.18,Active
A00881,C00881,B024,Business,2026-07-12,344728.02,Active
A00882,C00882,B028,Savings,2022-10-11,182843.41,Active
A00883,C00883,B001,Current,2021-10-29,381874.43,Active
A00884,C00884,B002,Savings,2026-06-07,13995.98,Inactive
A00885,C00885,B008,Salary,2024-05-26,373169.48,Inactive
A00886,C00886,B015,Current,2023-09-04,298903.13,Active
A00887,C00887,B001,Savings,2025-09-10,65052.45,Active
A00888,C00888,B013,Savings,2022-06-27,16455.61,Active
A00889,C00889,B013,Current,2022-04-13,411097.99,Active
A00890,C00890,B022,Business,2022-08-20,104763.06,Inactive
A00891,C00891,B024,Business,2022-04-22,371306.25,Active
A00892,C00892,B013,Savings,2026-02-10,273179.63,Active
A00893,C00893,B010,Savings,2024-06-30,471687.36,Inactive
A00894,C00894,B016,Salary,2021-10-04,197311.4,Active
A00895,C00895,B002,Savings,2022-12-21,461072.88,Active
A00896,C00896,B022,Current,2025-11-30,128275.38,Active
A00897,C00897,B029,Savings,2025-04-10,362891.2,Active
A00898,C00898,B015,Savings,2026-08-13,465136.71,Active
A00899,C00899,B011,Savings,2024-09-01,332765.64,Active
A00900,C00900,B023,Salary,2024-05-31,168214.41,Active
A00901,C00901,B025,Salary,2024-02-05,79290.21,Active
A00902,C00902,B007,Salary,2024-01-23,403435.33,Active
A00903,C00903,B003,Salary,2026-06-23,105709.38,Active
A00904,C00904,B009,Business,2024-09-24,208502.33,Inactive
A00905,C00905,B011,Business,2024-12-04,472007.57,Active
A00906,C00906,B010,Salary,2025-08-07,432298.94,Inactive
A00907,C00907,B015,Current,2022-11-26,359476.45,Active
A00908,C00908,B002,Current,2025-07-07,137163.3,Active
A00909,C00909,B026,Current,2025-10-01,354638.28,Active
A00910,C00910,B023,Current,2024-09-06,460722.0,Active
A00911,C00911,B017,Business,2025-05-30,300249.44,Active
A00912,C00912,B001,Current,2024-03-06,480681.34,Inactive
A00913,C00913,B005,Savings,2023-09-01,267784.83,Active
A00914,C00914,B016,Salary,2024-06-19,345969.45,Active
A00915,C00915,B015,Current,2025-08-03,395885.97,Active
A00916,C00916,B021,Current,2023-12-01,208734.99,Active
A00917,C00917,B030,Current,2025-04-17,175498.2,Inactive
A00918,C00918,B001,Savings,2024-08-28,150856.33,Active
A00919,C00919,B020,Savings,2026-08-19,496282.73,Active
A00920,C00920,B018,Salary,2023-04-04,58055.52,Active
A00921,C00921,B022,Business,2024-05-09,469442.71,Active
A00922,C00922,B026,Salary,2023-03-31,176246.03,Active
A00923,C00923,B010,Business,2025-05-30,61639.02,Active
A00924,C00924,B002,Business,2023-06-21,302799.45,Active
A00925,C00925,B002,Salary,2023-03-16,216102.92,Active
A00926,C00926,B002,Savings,2022-05-08,68254.48,Active
A00927,C00927,B017,Current,2024-10-22,231849.21,Active
A00928,C00928,B003,Current,2025-08-05,104249.4,Active
A00929,C00929,B019,Business,2025-09-07,38978.67,Active
A00930,C00930,B005,Savings,2022-10-21,329157.66,Active
A00931,C00931,B018,Salary,2024-03-08,10706.53,Inactive
A00932,C00932,B014,Salary,2022-10-23,116072.24,Active
A00933,C00933,B010,Business,2023-03-25,364076.02,Active
A00934,C00934,B021,Current,2025-10-11,447447.66,Inactive
A00935,C00935,B014,Current,2025-10-03,426804.46,Active
A00936,C00936,B013,Savings,2022-09-20,58000.11,Active
A00937,C00937,B011,Current,2025-06-10,8387.57,Inactive
A00938,C00938,B024,Current,2024-01-13,482199.24,Active
A00939,C00939,B016,Current,2025-04-03,133439.13,Active
A00940,C00940,B018,Business,2025-05-05,46121.71,Inactive
A00941,C00941,B018,Current,2024-10-11,85775.04,Active
A00942,C00942,B025,Savings,2021-10-02,375979.36,Active
A00943,C00943,B027,Business,2023-03-30,335748.36,Active
A00944,C00944,B013,Business,2026-05-13,493498.49,Inactive
A00945,C00945,B028,Business,2026-08-29,353278.22,Inactive
A00946,C00946,B030,Salary,2024-03-07,466281.74,Inactive
A00947,C00947,B005,Current,2022-09-30,141650.66,Active
A00948,C00948,B030,Business,2023-05-10,442517.7,Inactive
A00949,C00949,B028,Business,2022-08-13,257765.18,Active
A00950,C00950,B026,Salary,2022-09-10,239285.97,Active
A00951,C00951,B022,Current,2025-08-27,291199.64,Active
A00952,C00952,B012,Savings,2024-08-06,23067.22,Active
A00953,C00953,B026,Salary,2026-09-13,252796.28,Inactive
A00954,C00954,B010,Current,2021-09-24,67149.27,Active
A00955,C00955,B028,Salary,2025-09-22,406789.04,Active
A00956,C00956,B002,Salary,2026-03-15,364398.81,Inactive
A00957,C00957,B018,Current,2022-02-12,473999.77,Active
A00958,C00958,B003,Salary,2023-08-14,396361.8,Inactive
A00959,C00959,B027,Salary,2024-04-08,304277.62,Active
A00960,C00960,B006,Salary,2023-12-24,132105.07,Active
A00961,C00961,B001,Business,2022-05-20,331662.78,Active
A00962,C00962,B026,Salary,2025-09-16,323194.96,Active
A00963,C00963,B025,Savings,2024-09-20,55032.3,Inactive
A00964,C00964,B025,Current,2023-11-24,275617.48,Active
A00965,C00965,B017,Current,2024-02-13,234481.66,Active
A00966,C00966,B028,Business,2025-09-26,120583.35,Active
A00967,C00967,B011,Salary,2026-02-05,252719.18,Active
A00968,C00968,B024,Savings,2024-07-02,266476.37,Active
A00969,C00969,B019,Business,2026-08-25,270735.97,Inactive
A00970,C00970,B013,Salary,2022-12-30,433754.81,Active
A00971,C00971,B012,Savings,2026-08-20,409196.54,Active
A00972,C00972,B006,Savings,2022-02-22,84693.94,Active
A00973,C00973,B010,Current,2021-10-16,329973.2,Active
A00974,C00974,B003,Current,2025-03-16,127331.61,Active
A00975,C00975,B004,Business,2025-07-23,30224.06,Inactive
A00976,C00976,B001,Current,2024-06-28,250852.27,Active
A00977,C00977,B023,Business,2026-07-17,31171.33,Active
A00978,C00978,B007,Current,2024-03-24,35928.58,Active
A00979,C00979,B004,Business,2024-05-09,277625.6,Active
A00980,C00980,B003,Savings,2025-06-02,404755.93,Active
A00981,C00981,B001,Current,2025-10-09,152417.94,Inactive
A00982,C00982,B027,Savings,2022-03-24,124147.42,Inactive
A00983,C00983,B024,Savings,2022-09-26,296898.53,Inactive
A00984,C00984,B025,Business,2025-12-04,27565.65,Active
A00985,C00985,B029,Business,2022-07-02,442632.52,Active
A00986,C00986,B025,Salary,2025-02-18,343452.74,Active
A00987,C00987,B024,Salary,2025-06-01,53768.48,Active
A00988,C00988,B028,Business,2023-03-11,411630.43,Active
A00989,C00989,B028,Salary,2023-06-21,461025.93,Active
A00990,C00990,B003,Current,2024-08-20,479311.19,Active
A00991,C00991,B008,Salary,2024-02-22,267404.02,Active
A00992,C00992,B001,Business,2022-11-03,461698.87,Inactive
A00993,C00993,B017,Savings,2022-08-25,238478.56,Inactive
A00994,C00994,B020,Savings,2022-03-17,358954.14,Inactive
A00995,C00995,B004,Business,2025-04-22,57362.89,Active
A00996,C00996,B018,Savings,2022-06-07,390702.63,Inactive
A00997,C00997,B027,Current,2022-03-02,69240.35,Active
A00998,C00998,B022,Business,2023-06-22,129400.53,Inactive
A00999,C00999,B025,Savings,2021-11-11,270059.55,Inactive
A01000,C01000,B011,Current,2022-12-05,24957.6,Inactive
A01001,C01001,B018,Savings,2025-09-18,450336.8,Active
A01002,C01002,B006,Salary,2023-05-18,275779.79,Active
A01003,C01003,B026,Salary,2025-09-12,235433.43,Active
A01004,C01004,B001,Current,2024-10-17,327409.26,Active
A01005,C01005,B007,Current,2025-10-09,110577.2,Inactive
A01006,C01006,B006,Current,2024-09-22,485287.55,Active
A01007,C01007,B013,Savings,2025-03-16,395724.3,Inactive
A01008,C01008,B020,Business,2024-10-30,277985.59,Inactive
A01009,C01009,B009,Business,2022-08-04,334858.99,Active
A01010,C01010,B013,Business,2024-04-24,342708.93,Active
A01011,C01011,B003,Business,2022-10-22,311773.15,Active
A01012,C01012,B008,Salary,2022-11-04,350005.82,Active
A01013,C01013,B003,Salary,2023-11-26,32184.76,Active
A01014,C01014,B027,Business,2022-08-30,447851.31,Active
A01015,C01015,B013,Savings,2022-05-30,7183.85,Active
A01016,C01016,B007,Current,2024-11-15,185169.45,Active
A01017,C01017,B029,Current,2021-12-20,144624.3,Active
A01018,C01018,B023,Savings,2022-11-15,311901.38,Active
A01019,C01019,B019,Current,2024-11-07,147836.41,Active
A01020,C01020,B017,Savings,2022-07-02,114093.37,Active
A01021,C01021,B010,Savings,2026-08-26,370602.15,Active
A01022,C01022,B027,Savings,2026-01-08,161614.45,Active
A01023,C01023,B002,Current,2025-11-01,54962.33,Active
A01024,C01024,B013,Business,2025-08-11,361249.1,Inactive
A01025,C01025,B023,Salary,2025-05-13,205118.54,Active
A01026,C01026,B008,Salary,2022-12-23,120172.91,Active
A01027,C01027,B003,Savings,2025-03-28,166296.56,Active
A01028,C01028,B029,Salary,2025-01-19,456481.57,Inactive
A01029,C01029,B009,Current,2024-09-21,247839.07,Inactive
A01030,C01030,B028,Savings,2024-04-16,163428.36,Active
A01031,C01031,B018,Salary,2022-01-13,163871.05,Active
A01032,C01032,B005,Savings,2021-10-10,453387.25,Inactive
A01033,C01033,B011,Savings,2024-02-10,71323.27,Active
A01034,C01034,B025,Business,2021-12-14,255811.38,Active
A01035,C01035,B012,Salary,2024-06-13,81608.42,Active
A01036,C01036,B025,Business,2023-02-22,84584.2,Inactive
A01037,C01037,B001,Current,2025-10-30,151339.72,Active
A01038,C01038,B014,Salary,2021-12-17,386992.43,Inactive
A01039,C01039,B025,Business,2025-10-29,236939.09,Active
A01040,C01040,B012,Savings,2021-10-11,223563.76,Active
A01041,C01041,B015,Current,2022-07-14,35267.34,Inactive
A01042,C01042,B004,Salary,2023-07-05,195215.67,Active
A01043,C01043,B025,Business,2022-03-05,268121.53,Active
A01044,C01044,B016,Savings,2023-06-04,112173.95,Inactive
A01045,C01045,B011,Salary,2022-09-21,489456.57,Active
A01046,C01046,B025,Current,2023-11-07,444890.3,Active
A01047,C01047,B027,Savings,2023-02-04,421065.63,Active
A01048,C01048,B023,Business,2023-06-17,337500.88,Inactive
A01049,C01049,B002,Current,2024-12-11,283498.13,Active
A01050,C01050,B009,Business,2025-12-03,344199.34,Inactive
A01051,C01051,B005,Business,2023-05-04,97038.56,Active
A01052,C01052,B002,Business,2025-01-24,211226.63,Active
A01053,C01053,B005,Savings,2023-12-27,225433.18,Inactive
A01054,C01054,B022,Current,2022-06-06,76189.34,Active
A01055,C01055,B028,Current,2023-04-12,471824.17,Active
A01056,C01056,B024,Business,2024-01-15,240564.56,Active
A01057,C01057,B012,Current,2023-06-03,112854.61,Inactive
A01058,C01058,B024,Business,2023-02-12,305653.82,Inactive
A01059,C01059,B029,Savings,2022-04-20,399678.9,Inactive
A01060,C01060,B019,Current,2024-02-23,92300.63,Active
A01061,C01061,B025,Salary,2022-06-17,389823.28,Active
A01062,C01062,B001,Salary,2025-12-22,395162.35,Active
A01063,C01063,B016,Current,2024-05-04,290966.7,Active
A01064,C01064,B029,Salary,2023-05-16,300109.69,Inactive
A01065,C01065,B014,Salary,2026-06-24,389373.27,Active
A01066,C01066,B007,Salary,2023-02-15,208689.47,Active
A01067,C01067,B024,Business,2024-08-08,252594.85,Inactive
A01068,C01068,B016,Salary,2024-01-14,175409.64,Active
A01069,C01069,B014,Savings,2021-10-10,295414.78,Active
A01070,C01070,B008,Salary,2025-11-30,77845.48,Active
A01071,C01071,B016,Current,2021-12-28,430855.13,Active
A01072,C01072,B015,Current,2024-08-26,94229.88,Active
A01073,C01073,B006,Current,2022-01-27,243661.94,Active
A01074,C01074,B025,Savings,2025-12-01,418778.72,Active
A01075,C01075,B021,Business,2022-12-12,215833.55,Active
A01076,C01076,B016,Savings,2025-08-15,214352.52,Active
A01077,C01077,B025,Salary,2026-06-15,83019.24,Active
A01078,C01078,B004,Salary,2023-08-09,137761.41,Inactive
A01079,C01079,B019,Current,2025-03-17,21029.06,Active
A01080,C01080,B004,Business,2024-09-30,477900.19,Active
A01081,C01081,B007,Current,2023-12-30,97654.32,Active
A01082,C01082,B024,Business,2022-06-17,497476.39,Active
A01083,C01083,B004,Salary,2024-02-26,96270.44,Inactive
A01084,C01084,B009,Business,2026-05-14,415268.5,Active
A01085,C01085,B014,Savings,2024-11-01,434834.01,Inactive
A01086,C01086,B015,Savings,2021-12-26,461187.62,Active
A01087,C01087,B013,Current,2023-04-29,225595.87,Active
A01088,C01088,B029,Salary,2021-09-21,344199.19,Active
A01089,C01089,B010,Current,2026-02-12,108295.89,Inactive
A01090,C01090,B027,Business,2025-02-17,95852.21,Active
A01091,C01091,B013,Current,2021-11-14,427141.71,Inactive
A01092,C01092,B006,Salary,2026-08-23,392347.27,Inactive
A01093,C01093,B008,Savings,2024-03-31,272265.96,Active
A01094,C01094,B024,Business,2023-12-07,379334.88,Active
A01095,C01095,B009,Savings,2024-01-07,82355.51,Active
A01096,C01096,B020,Salary,2025-10-03,58819.23,Active
A01097,C01097,B024,Current,2024-09-06,67974.18,Active
A01098,C01098,B025,Business,2021-12-15,94190.27,Active
A01099,C01099,B006,Savings,2025-03-30,412012.0,Active
A01100,C01100,B012,Savings,2026-03-13,152740.24,Inactive
A01101,C01101,B002,Current,2025-04-19,416070.36,Inactive
A01102,C01102,B015,Business,2021-12-08,324711.42,Active
A01103,C01103,B015,Current,2021-12-07,278717.56,Active
A01104,C01104,B012,Current,2024-03-02,296115.49,Active
A01105,C01105,B020,Salary,2023-10-19,16580.49,Active
A01106,C01106,B017,Business,2024-12-08,154169.55,Active
A01107,C01107,B014,Business,2024-10-24,496890.07,Inactive
A01108,C01108,B028,Savings,2026-08-10,88974.85,Active
A01109,C01109,B022,Savings,2025-11-24,284697.15,Active
A01110,C01110,B020,Savings,2022-12-05,87122.46,Active
A01111,C01111,B029,Salary,2022-01-26,389431.61,Active
A01112,C01112,B029,Current,2025-12-24,311749.78,Active
A01113,C01113,B009,Savings,2023-05-14,294466.88,Active
A01114,C01114,B029,Current,2024-09-15,177505.47,Active
A01115,C01115,B008,Current,2023-03-25,90790.01,Active
A01116,C01116,B008,Salary,2025-08-12,38281.65,Active
A01117,C01117,B026,Salary,2024-09-19,453404.76,Active
A01118,C01118,B012,Savings,2025-03-29,61193.44,Active
A01119,C01119,B011,Salary,2021-10-28,167637.59,Active
A01120,C01120,B008,Business,2023-08-19,292543.16,Active
A01121,C01121,B023,Current,2023-12-06,313771.91,Active
A01122,C01122,B007,Current,2023-08-22,150798.91,Active
A01123,C01123,B013,Current,2024-09-10,298087.27,Active
A01124,C01124,B001,Savings,2022-02-12,176675.71,Active
A01125,C01125,B004,Current,2024-01-04,416668.38,Active
A01126,C01126,B025,Salary,2022-05-15,49780.6,Active
A01127,C01127,B015,Salary,2022-07-31,376921.64,Inactive
A01128,C01128,B011,Current,2024-11-26,475932.53,Active
A01129,C01129,B005,Current,2025-04-29,483655.52,Inactive
A01130,C01130,B007,Savings,2023-03-13,243155.45,Active
A01131,C01131,B019,Salary,2023-03-11,142538.32,Active
A01132,C01132,B030,Savings,2022-05-16,195045.74,Active
A01133,C01133,B021,Savings,2026-02-24,285346.82,Inactive
A01134,C01134,B011,Savings,2024-09-10,295048.64,Active
A01135,C01135,B013,Business,2023-01-06,42626.7,Active
A01136,C01136,B004,Business,2023-04-08,189326.63,Inactive
A01137,C01137,B005,Business,2024-05-27,428210.6,Active
A01138,C01138,B016,Salary,2026-06-22,79816.66,Inactive
A01139,C01139,B009,Business,2022-08-21,55928.38,Active
A01140,C01140,B023,Savings,2024-09-02,445726.34,Inactive
A01141,C01141,B004,Business,2025-02-21,405282.52,Active
A01142,C01142,B001,Savings,2026-04-25,287685.54,Active
A01143,C01143,B022,Salary,2025-12-30,161125.5,Active
A01144,C01144,B009,Savings,2025-02-01,99570.67,Active
A01145,C01145,B003,Salary,2025-01-08,347086.2,Active
A01146,C01146,B012,Savings,2024-06-19,162308.55,Active
A01147,C01147,B007,Current,2023-09-29,54681.92,Active
A01148,C01148,B010,Current,2026-02-04,334764.24,Active
A01149,C01149,B017,Business,2024-09-05,245131.66,Inactive
A01150,C01150,B021,Current,2025-08-31,134159.52,Active
A01151,C01151,B012,Salary,2025-08-14,430684.92,Active
A01152,C01152,B003,Current,2023-11-15,355557.01,Active
A01153,C01153,B021,Salary,2023-04-22,351703.93,Active
A01154,C01154,B019,Current,2024-12-29,369297.12,Active
A01155,C01155,B010,Business,2025-07-14,248855.89,Inactive
A01156,C01156,B016,Business,2024-01-21,415609.83,Active
A01157,C01157,B007,Current,2024-11-16,379989.08,Inactive
A01158,C01158,B012,Savings,2022-06-05,182194.38,Active
A01159,C01159,B006,Salary,2024-01-13,236298.62,Active
A01160,C01160,B014,Salary,2025-05-03,33378.38,Active
A01161,C01161,B021,Salary,2022-06-01,368944.24,Active
A01162,C01162,B027,Current,2024-01-05,486466.96,Active
A01163,C01163,B023,Business,2023-08-21,356747.72,Inactive
A01164,C01164,B005,Business,2025-09-22,395325.37,Active
A01165,C01165,B024,Salary,2024-03-10,201959.8,Active
A01166,C01166,B022,Current,2024-07-15,184394.24,Active
A01167,C01167,B028,Salary,2023-08-15,369871.34,Active
A01168,C01168,B026,Business,2024-09-20,88542.64,Active
A01169,C01169,B006,Current,2025-04-20,435440.31,Active
A01170,C01170,B025,Savings,2023-02-10,268975.4,Active
A01171,C01171,B024,Business,2022-06-12,88161.31,Active
A01172,C01172,B015,Current,2022-09-06,278472.96,Active
A01173,C01173,B019,Salary,2022-02-25,441001.88,Active
A01174,C01174,B003,Current,2022-07-23,397494.87,Active
A01175,C01175,B030,Salary,2022-11-05,48158.81,Active
A01176,C01176,B020,Savings,2024-09-11,395090.2,Inactive
A01177,C01177,B013,Current,2022-05-19,416580.26,Inactive
A01178,C01178,B002,Current,2025-09-20,207905.12,Active
A01179,C01179,B009,Salary,2025-01-04,414875.46,Active
A01180,C01180,B019,Salary,2026-04-29,218002.74,Active
A01181,C01181,B003,Business,2025-05-01,418797.17,Active
A01182,C01182,B001,Current,2023-06-08,309189.0,Active
A01183,C01183,B024,Savings,2026-01-21,289585.81,Active
A01184,C01184,B012,Current,2023-12-01,271677.94,Active
A01185,C01185,B005,Current,2025-06-24,152449.92,Inactive
A01186,C01186,B003,Savings,2025-10-25,475070.67,Active
A01187,C01187,B013,Savings,2026-06-28,348939.78,Inactive
A01188,C01188,B001,Current,2024-01-28,233394.78,Active
A01189,C01189,B011,Business,2023-11-29,144088.37,Active
A01190,C01190,B030,Business,2023-05-05,416321.96,Active
A01191,C01191,B016,Business,2024-11-01,435802.65,Inactive
A01192,C01192,B010,Current,2023-05-28,355812.21,Active
A01193,C01193,B001,Savings,2026-02-26,288359.24,Active
A01194,C01194,B015,Current,2022-02-18,103943.17,Inactive
A01195,C01195,B003,Business,2022-04-17,413950.37,Active
A01196,C01196,B028,Current,2022-04-01,338281.85,Active
A01197,C01197,B028,Current,2022-04-20,394317.85,Active
A01198,C01198,B001,Salary,2022-02-22,145141.57,Active
A01199,C01199,B014,Salary,2026-03-30,72922.36,Active
A01200,C01200,B023,Savings,2023-07-07,197599.26,Active
A01201,C01201,B029,Salary,2022-08-06,62570.58,Active
A01202,C01202,B015,Current,2024-12-12,234641.4,Inactive
A01203,C01203,B017,Salary,2022-03-09,240921.35,Inactive
A01204,C01204,B029,Savings,2025-03-01,213884.97,Active
A01205,C01205,B026,Salary,2024-07-29,304180.56,Active
A01206,C01206,B020,Savings,2023-03-08,410300.78,Inactive
A01207,C01207,B026,Savings,2026-01-22,239323.83,Active
A01208,C01208,B004,Business,2026-07-10,14787.55,Active
A01209,C01209,B027,Business,2022-11-29,311762.67,Active
A01210,C01210,B006,Salary,2022-03-22,350179.94,Active
A01211,C01211,B029,Current,2026-08-15,147080.41,Active
A01212,C01212,B015,Salary,2024-03-12,136971.31,Active
A01213,C01213,B003,Business,2024-08-06,88268.04,Active
A01214,C01214,B012,Business,2024-07-16,391547.87,Active
A01215,C01215,B017,Business,2022-09-11,288436.75,Inactive
A01216,C01216,B019,Savings,2024-04-04,86926.36,Active
A01217,C01217,B025,Salary,2026-09-11,373951.85,Inactive
A01218,C01218,B027,Current,2026-02-03,211920.7,Active
A01219,C01219,B009,Business,2025-02-12,90613.52,Inactive
A01220,C01220,B024,Salary,2022-07-10,36293.54,Active
A01221,C01221,B001,Salary,2022-05-19,117432.58,Active
A01222,C01222,B021,Salary,2022-05-23,243445.85,Active
A01223,C01223,B006,Savings,2022-12-17,198453.34,Active
A01224,C01224,B008,Salary,2025-08-29,391213.79,Active
A01225,C01225,B027,Savings,2023-02-21,292867.77,Active
A01226,C01226,B016,Savings,2025-09-11,134615.87,Inactive
A01227,C01227,B002,Salary,2026-06-20,246920.73,Inactive
A01228,C01228,B024,Savings,2025-12-13,150332.01,Inactive
A01229,C01229,B017,Salary,2024-08-29,141524.65,Inactive
A01230,C01230,B002,Business,2023-09-20,365232.02,Active
A01231,C01231,B018,Business,2023-06-16,422404.47,Active
A01232,C01232,B029,Business,2022-09-15,131921.57,Inactive
A01233,C01233,B028,Business,2024-08-21,70029.93,Inactive
A01234,C01234,B025,Current,2022-05-26,205045.42,Active
A01235,C01235,B012,Salary,2024-02-06,441722.68,Active
A01236,C01236,B017,Salary,2023-12-02,409155.83,Active
A01237,C01237,B002,Current,2024-06-19,229141.68,Active
A01238,C01238,B019,Savings,2026-07-30,10491.02,Active
A01239,C01239,B011,Savings,2022-06-27,350264.63,Inactive
A01240,C01240,B001,Salary,2025-08-11,488265.03,Active
A01241,C01241,B014,Business,2023-07-20,21466.77,Active
A01242,C01242,B008,Current,2025-04-21,224882.48,Inactive
A01243,C01243,B019,Current,2026-07-17,109580.64,Inactive
A01244,C01244,B016,Business,2025-08-18,334606.59,Active
A01245,C01245,B027,Business,2025-01-24,238146.59,Active
A01246,C01246,B018,Current,2024-05-10,95603.01,Active
A01247,C01247,B014,Business,2023-06-09,444487.02,Inactive
A01248,C01248,B030,Salary,2024-07-19,389170.25,Active
A01249,C01249,B025,Business,2023-06-27,256502.2,Inactive
A01250,C01250,B011,Current,2024-06-11,253678.77,Active
A01251,C01251,B022,Savings,2022-10-22,196669.36,Active
A01252,C01252,B019,Business,2025-05-15,106153.41,Active
A01253,C01253,B023,Business,2023-12-26,493768.65,Active
A01254,C01254,B024,Salary,2026-03-29,400415.88,Active
A01255,C01255,B028,Savings,2022-05-05,422702.04,Active
A01256,C01256,B019,Current,2023-01-05,73804.46,Active
A01257,C01257,B023,Business,2024-03-24,34047.94,Inactive
A01258,C01258,B025,Savings,2022-11-02,274807.2,Inactive
A01259,C01259,B022,Business,2023-09-01,19721.08,Inactive
A01260,C01260,B007,Current,2025-11-05,420273.27,Active
A01261,C01261,B013,Current,2026-02-03,291050.81,Active
A01262,C01262,B016,Current,2024-07-15,472035.16,Active
A01263,C01263,B025,Savings,2022-01-19,338087.43,Active
A01264,C01264,B016,Savings,2021-09-29,283116.88,Inactive
A01265,C01265,B023,Salary,2022-07-11,483058.87,Active
A01266,C01266,B025,Current,2024-04-30,234507.02,Inactive
A01267,C01267,B024,Savings,2022-07-31,269277.26,Active
A01268,C01268,B020,Salary,2024-04-11,89949.76,Active
A01269,C01269,B006,Savings,2023-03-28,107092.18,Active
A01270,C01270,B029,Savings,2021-09-29,338913.05,Active
A01271,C01271,B011,Salary,2022-12-03,345108.5,Active
A01272,C01272,B004,Salary,2023-02-01,182602.3,Inactive
A01273,C01273,B015,Savings,2026-02-14,496972.53,Active
A01274,C01274,B003,Salary,2023-06-02,410665.38,Inactive
A01275,C01275,B007,Savings,2024-07-22,187092.89,Active
A01276,C01276,B009,Current,2023-06-21,282898.54,Active
A01277,C01277,B022,Current,2025-07-14,406802.92,Active
A01278,C01278,B026,Savings,2026-09-08,235624.66,Active
A01279,C01279,B014,Business,2024-03-15,253488.98,Active
A01280,C01280,B013,Business,2021-10-19,477154.84,Active
A01281,C01281,B022,Current,2021-11-16,340511.41,Active
A01282,C01282,B029,Savings,2024-01-27,55963.29,Active
A01283,C01283,B029,Current,2025-10-28,451119.99,Active
A01284,C01284,B011,Savings,2022-11-06,103858.01,Inactive
A01285,C01285,B025,Savings,2024-03-07,61646.63,Active
A01286,C01286,B030,Current,2023-02-11,209071.81,Active
A01287,C01287,B002,Business,2022-03-22,440518.57,Active
A01288,C01288,B001,Savings,2026-04-12,261202.79,Active
A01289,C01289,B015,Current,2025-12-05,204045.03,Active
A01290,C01290,B020,Business,2026-07-16,277382.55,Active
A01291,C01291,B027,Salary,2024-03-04,422011.42,Active
A01292,C01292,B025,Savings,2022-01-17,331954.12,Active
A01293,C01293,B015,Current,2022-03-27,260588.37,Active
A01294,C01294,B019,Current,2023-05-14,322585.04,Inactive
A01295,C01295,B021,Salary,2026-01-21,48964.57,Inactive
A01296,C01296,B018,Savings,2022-03-06,214376.26,Active
A01297,C01297,B024,Business,2024-04-30,429996.88,Active
A01298,C01298,B026,Business,2025-10-03,206041.53,Active
A01299,C01299,B001,Savings,2024-11-09,267539.97,Active
A01300,C01300,B008,Savings,2024-11-19,230863.29,Active
A01301,C01301,B030,Business,2023-05-20,101336.08,Active
A01302,C01302,B009,Salary,2024-02-25,113079.31,Inactive
A01303,C01303,B021,Current,2024-04-07,322752.89,Active
A01304,C01304,B017,Business,2022-11-21,450495.18,Active
A01305,C01305,B006,Savings,2026-02-10,369213.43,Active
A01306,C01306,B026,Current,2023-02-01,152637.01,Active
A01307,C01307,B007,Business,2022-07-27,300352.02,Active
A01308,C01308,B030,Current,2025-07-02,478628.09,Inactive
A01309,C01309,B012,Current,2026-03-12,9432.69,Active
A01310,C01310,B019,Business,2026-08-06,205509.18,Active
A01311,C01311,B008,Business,2024-10-24,326267.47,Inactive
A01312,C01312,B001,Current,2025-12-26,459553.95,Active
A01313,C01313,B008,Business,2026-06-13,162531.31,Active
A01314,C01314,B002,Salary,2024-10-12,180655.61,Inactive
A01315,C01315,B009,Savings,2023-07-18,351456.6,Inactive
A01316,C01316,B026,Salary,2026-07-03,390547.81,Active
A01317,C01317,B022,Savings,2022-02-10,485594.16,Inactive
A01318,C01318,B027,Salary,2025-06-11,420998.07,Active
A01319,C01319,B004,Salary,2026-01-31,437767.76,Inactive
A01320,C01320,B016,Current,2022-10-02,261296.53,Active
A01321,C01321,B023,Business,2023-04-04,208501.37,Active
A01322,C01322,B005,Current,2025-09-04,216804.33,Inactive
A01323,C01323,B013,Business,2023-04-26,304137.91,Inactive
A01324,C01324,B010,Savings,2021-11-18,69027.14,Active
A01325,C01325,B019,Business,2024-07-20,484056.36,Active
A01326,C01326,B005,Savings,2023-10-29,475901.35,Active
A01327,C01327,B020,Business,2026-08-10,96336.85,Inactive
A01328,C01328,B019,Current,2024-02-04,10484.42,Inactive
A01329,C01329,B013,Savings,2022-07-20,483416.7,Inactive
A01330,C01330,B006,Current,2023-12-14,446807.46,Inactive
A01331,C01331,B020,Current,2023-01-29,296053.91,Active
A01332,C01332,B007,Salary,2026-07-14,376990.34,Inactive
A01333,C01333,B028,Business,2025-05-02,280209.06,Inactive
A01334,C01334,B023,Business,2021-11-01,228215.21,Active
A01335,C01335,B012,Business,2025-12-02,11116.87,Active
A01336,C01336,B008,Salary,2024-11-12,264969.97,Active
A01337,C01337,B017,Salary,2024-06-10,448130.34,Active
A01338,C01338,B004,Salary,2024-02-22,104070.32,Active
A01339,C01339,B025,Savings,2021-11-04,81605.16,Active
A01340,C01340,B013,Savings,2025-02-14,19518.83,Active
A01341,C01341,B010,Salary,2023-06-10,29586.82,Inactive
A01342,C01342,B030,Business,2024-09-01,77663.08,Active
A01343,C01343,B026,Salary,2026-07-12,371889.66,Active
A01344,C01344,B028,Savings,2023-04-06,436004.02,Active
A01345,C01345,B007,Salary,2023-05-16,63513.34,Active
A01346,C01346,B017,Business,2021-10-25,164091.6,Inactive
A01347,C01347,B005,Savings,2023-04-21,297761.18,Inactive
A01348,C01348,B021,Salary,2025-03-06,417247.51,Inactive
A01349,C01349,B010,Current,2025-02-27,372430.0,Active
A01350,C01350,B010,Savings,2025-11-05,168105.73,Active
A01351,C01351,B002,Current,2022-06-07,120598.46,Active
A01352,C01352,B001,Business,2021-12-17,496696.46,Inactive
A01353,C01353,B020,Savings,2024-08-27,313080.7,Active
A01354,C01354,B018,Business,2024-05-25,66925.67,Active
A01355,C01355,B021,Salary,2026-04-15,204137.63,Active
A01356,C01356,B029,Savings,2025-12-04,47161.66,Active
A01357,C01357,B008,Savings,2026-05-07,227042.1,Inactive
A01358,C01358,B014,Savings,2024-12-03,468541.41,Inactive
A01359,C01359,B019,Salary,2022-11-26,489194.52,Active
A01360,C01360,B025,Salary,2024-04-19,425539.18,Active
A01361,C01361,B010,Current,2024-07-21,398724.33,Active
A01362,C01362,B016,Salary,2023-01-26,64655.41,Active
A01363,C01363,B011,Current,2021-11-17,482360.75,Active
A01364,C01364,B016,Salary,2022-07-08,425958.01,Active
A01365,C01365,B001,Savings,2024-02-04,250619.32,Inactive
A01366,C01366,B007,Current,2022-11-17,41270.92,Active
A01367,C01367,B002,Current,2023-09-12,212426.64,Active
A01368,C01368,B002,Current,2023-01-18,349029.85,Active
A01369,C01369,B019,Current,2024-01-18,260240.02,Active
A01370,C01370,B007,Business,2023-11-30,24955.82,Active
A01371,C01371,B024,Current,2025-02-27,406130.71,Active
A01372,C01372,B009,Business,2022-07-10,146872.52,Active
A01373,C01373,B025,Salary,2026-01-25,249224.24,Active
A01374,C01374,B015,Business,2024-10-25,433670.68,Active
A01375,C01375,B011,Savings,2026-03-21,461887.47,Active
A01376,C01376,B023,Business,2024-10-17,209701.73,Active
A01377,C01377,B025,Savings,2025-04-17,394281.66,Active
A01378,C01378,B030,Salary,2025-10-13,49465.07,Active
A01379,C01379,B022,Current,2025-11-21,432619.6,Active
A01380,C01380,B003,Salary,2025-09-17,179079.25,Active
A01381,C01381,B009,Savings,2022-12-17,304484.18,Active
A01382,C01382,B018,Salary,2025-06-17,256897.32,Active
A01383,C01383,B012,Savings,2023-04-11,365815.28,Active
A01384,C01384,B011,Business,2024-08-13,133983.16,Inactive
A01385,C01385,B022,Salary,2022-05-06,128193.8,Active
A01386,C01386,B030,Business,2023-10-03,28211.05,Inactive
A01387,C01387,B027,Business,2024-02-27,6332.96,Active
A01388,C01388,B001,Current,2022-04-21,446669.06,Active
A01389,C01389,B023,Salary,2023-08-10,162871.94,Active
A01390,C01390,B004,Salary,2023-11-09,492432.46,Active
A01391,C01391,B020,Current,2025-06-02,93214.48,Active
A01392,C01392,B022,Current,2022-12-06,296340.34,Inactive
A01393,C01393,B025,Current,2023-07-04,384754.19,Active
A01394,C01394,B008,Salary,2026-07-24,458092.58,Inactive
A01395,C01395,B022,Salary,2025-04-05,316029.31,Active
A01396,C01396,B022,Business,2022-05-09,269418.21,Active
A01397,C01397,B005,Business,2024-03-17,164239.49,Active
A01398,C01398,B003,Business,2022-12-17,144829.86,Inactive
A01399,C01399,B023,Current,2026-05-28,434141.06,Active
A01400,C01400,B011,Business,2023-02-12,70414.82,Active
A01401,C01401,B030,Current,2023-05-05,304426.19,Inactive
A01402,C01402,B010,Salary,2026-07-04,425752.08,Active
A01403,C01403,B025,Business,2022-09-28,246254.09,Inactive
A01404,C01404,B002,Current,2025-11-19,25308.0,Active
A01405,C01405,B020,Savings,2021-11-06,272721.44,Active
A01406,C01406,B028,Current,2026-03-16,44036.08,Active
A01407,C01407,B022,Current,2022-08-04,406324.65,Inactive
A01408,C01408,B004,Savings,2022-06-12,170966.45,Active
A01409,C01409,B018,Salary,2022-05-09,282634.22,Active
A01410,C01410,B006,Business,2025-07-02,124279.57,Active
A01411,C01411,B004,Business,2024-10-11,21012.53,Inactive
A01412,C01412,B026,Current,2024-04-22,77636.33,Active
A01413,C01413,B008,Business,2022-11-05,340669.67,Inactive
A01414,C01414,B016,Salary,2022-10-26,184862.44,Active
A01415,C01415,B010,Business,2024-12-01,364572.7,Active
A01416,C01416,B028,Current,2023-10-19,459674.27,Active
A01417,C01417,B003,Business,2024-12-15,376603.94,Active
A01418,C01418,B013,Savings,2021-10-09,412322.76,Active
A01419,C01419,B024,Current,2022-10-09,290406.65,Inactive
A01420,C01420,B029,Business,2022-05-01,402933.72,Inactive
A01421,C01421,B005,Business,2022-01-24,94001.98,Active
A01422,C01422,B023,Business,2026-03-18,461810.3,Active
A01423,C01423,B008,Savings,2023-01-09,73244.61,Inactive
A01424,C01424,B003,Salary,2023-01-04,13139.72,Active
A01425,C01425,B016,Business,2025-06-26,7939.14,Inactive
A01426,C01426,B017,Business,2023-03-11,28967.25,Active
A01427,C01427,B013,Current,2024-06-06,25557.33,Inactive
A01428,C01428,B008,Business,2022-02-07,415471.34,Active
A01429,C01429,B002,Current,2024-03-13,366812.35,Active
A01430,C01430,B021,Business,2023-01-16,136661.04,Active
A01431,C01431,B020,Savings,2023-03-24,10419.75,Active
A01432,C01432,B019,Savings,2023-09-23,298220.77,Active
A01433,C01433,B002,Current,2023-08-08,321351.8,Active
A01434,C01434,B012,Current,2023-06-21,16536.21,Active
A01435,C01435,B011,Current,2024-02-03,345836.98,Inactive
A01436,C01436,B025,Salary,2023-01-04,286369.73,Active
A01437,C01437,B008,Savings,2023-08-09,289366.66,Active
A01438,C01438,B013,Savings,2025-12-08,29521.8,Inactive
A01439,C01439,B002,Current,2022-12-16,432204.91,Inactive
A01440,C01440,B012,Business,2024-12-21,467550.15,Active
A01441,C01441,B009,Salary,2025-08-03,490833.81,Active
A01442,C01442,B002,Salary,2024-08-04,146485.84,Active
A01443,C01443,B023,Salary,2023-02-21,463235.79,Active
A01444,C01444,B017,Savings,2022-04-07,66556.08,Active
A01445,C01445,B021,Savings,2024-05-08,360591.3,Inactive
A01446,C01446,B012,Salary,2025-11-05,267049.3,Active
A01447,C01447,B029,Salary,2026-05-08,382234.09,Inactive
A01448,C01448,B013,Current,2022-11-24,434143.13,Active
A01449,C01449,B005,Savings,2025-09-05,249195.11,Inactive
A01450,C01450,B002,Salary,2024-06-10,351208.62,Inactive
A01451,C01451,B001,Current,2023-08-20,484906.2,Inactive
A01452,C01452,B004,Business,2025-11-30,420976.45,Active
A01453,C01453,B018,Business,2023-10-21,20089.26,Active
A01454,C01454,B010,Business,2024-06-22,432527.91,Active
A01455,C01455,B025,Business,2024-10-10,451389.82,Inactive
A01456,C01456,B001,Current,2026-01-09,102386.46,Active
A01457,C01457,B012,Salary,2022-12-08,18450.7,Active
A01458,C01458,B007,Savings,2024-01-28,38586.52,Active
A01459,C01459,B022,Savings,2025-02-07,214464.42,Active
A01460,C01460,B011,Business,2026-06-04,31714.45,Inactive
A01461,C01461,B019,Savings,2022-10-17,189842.74,Active
A01462,C01462,B009,Salary,2022-07-26,42151.39,Active
A01463,C01463,B019,Salary,2024-08-21,157257.42,Active
A01464,C01464,B002,Business,2023-01-12,484471.44,Active
A01465,C01465,B007,Savings,2021-10-29,341604.66,Active
A01466,C01466,B023,Business,2026-01-25,293844.7,Active
A01467,C01467,B024,Business,2023-08-06,65938.58,Active
A01468,C01468,B025,Business,2023-10-18,220189.98,Active
A01469,C01469,B028,Business,2024-04-02,292464.54,Inactive
A01470,C01470,B011,Business,2025-02-09,443161.48,Active
A01471,C01471,B007,Salary,2026-02-13,358174.12,Inactive
A01472,C01472,B009,Business,2021-10-16,201014.1,Active
A01473,C01473,B012,Business,2026-02-19,29342.13,Active
A01474,C01474,B008,Business,2025-11-28,424544.66,Active
A01475,C01475,B018,Salary,2022-12-29,125958.52,Active
A01476,C01476,B026,Savings,2024-12-28,284012.66,Active
A01477,C01477,B001,Salary,2023-07-12,219080.89,Active
A01478,C01478,B007,Current,2025-01-21,425902.89,Active
A01479,C01479,B023,Business,2025-05-28,110287.21,Active
A01480,C01480,B007,Business,2024-09-30,148102.43,Active
A01481,C01481,B006,Current,2022-04-10,164469.21,Active
A01482,C01482,B027,Business,2023-08-03,467711.8,Inactive
A01483,C01483,B013,Current,2022-08-30,132852.22,Inactive
A01484,C01484,B016,Current,2025-08-02,312864.98,Active
A01485,C01485,B008,Salary,2024-05-01,327594.25,Active
A01486,C01486,B005,Current,2025-06-25,344575.21,Active
A01487,C01487,B019,Savings,2023-02-04,129424.28,Active
A01488,C01488,B003,Business,2022-08-30,310339.43,Active
A01489,C01489,B025,Current,2026-09-02,260551.52,Active
A01490,C01490,B005,Current,2023-01-19,480956.04,Inactive
A01491,C01491,B022,Savings,2025-11-04,304301.73,Active
A01492,C01492,B029,Savings,2023-02-10,400849.23,Inactive
A01493,C01493,B011,Salary,2021-11-08,431698.76,Active
A01494,C01494,B027,Salary,2023-06-13,346571.56,Active
A01495,C01495,B029,Business,2025-04-23,33501.58,Inactive
A01496,C01496,B011,Business,2022-05-02,286355.04,Active
A01497,C01497,B007,Current,2024-04-30,66536.97,Active
A01498,C01498,B023,Business,2023-06-19,395358.2,Active
A01499,C01499,B007,Current,2022-09-05,96231.0,Inactive
A01500,C01500,B021,Current,2024-07-21,457237.42,Inactive
A01501,C01501,B015,Business,2022-10-27,236096.75,Active
A01502,C01502,B003,Business,2026-09-02,443917.89,Active
A01503,C01503,B013,Business,2025-05-31,464646.99,Inactive
A01504,C01504,B001,Business,2025-10-17,6707.26,Active
A01505,C01505,B002,Current,2022-11-05,192333.81,Active
A01506,C01506,B011,Salary,2023-05-20,88885.53,Active
A01507,C01507,B005,Salary,2024-01-30,46983.1,Active
A01508,C01508,B021,Business,2023-05-23,396587.28,Active
A01509,C01509,B024,Savings,2022-12-15,70476.83,Inactive
A01510,C01510,B009,Savings,2025-03-28,339321.77,Inactive
A01511,C01511,B016,Salary,2026-02-15,255638.08,Inactive
A01512,C01512,B015,Business,2025-05-02,73171.45,Active
A01513,C01513,B027,Business,2023-01-06,416051.2,Active
A01514,C01514,B027,Savings,2022-11-09,126329.58,Inactive
A01515,C01515,B007,Salary,2023-07-24,318974.91,Inactive
A01516,C01516,B029,Salary,2025-09-09,473202.81,Active
A01517,C01517,B010,Business,2024-03-21,137296.57,Inactive
A01518,C01518,B021,Current,2024-06-11,56721.16,Active
A01519,C01519,B019,Business,2026-03-06,375538.0,Active
A01520,C01520,B027,Savings,2025-01-19,132555.29,Inactive
A01521,C01521,B002,Salary,2022-02-15,407864.46,Active
A01522,C01522,B028,Salary,2022-08-03,300621.62,Active
A01523,C01523,B005,Business,2025-05-07,388663.39,Inactive
A01524,C01524,B010,Current,2024-07-10,68141.7,Active
A01525,C01525,B019,Salary,2023-04-23,447128.21,Active
A01526,C01526,B005,Savings,2024-12-26,82689.5,Active
A01527,C01527,B022,Savings,2024-03-09,168124.43,Active
A01528,C01528,B018,Salary,2023-08-07,117849.32,Active
A01529,C01529,B001,Savings,2025-06-07,95313.99,Inactive
A01530,C01530,B014,Current,2022-07-03,73047.98,Active
A01531,C01531,B027,Salary,2023-03-18,469828.18,Active
A01532,C01532,B006,Current,2025-03-12,173798.94,Inactive
A01533,C01533,B024,Business,2025-02-12,36785.92,Active
A01534,C01534,B030,Current,2023-12-10,106489.62,Inactive
A01535,C01535,B002,Salary,2025-12-05,330345.92,Active
A01536,C01536,B003,Business,2023-06-24,263467.49,Inactive
A01537,C01537,B023,Savings,2022-09-28,493787.57,Active
A01538,C01538,B023,Salary,2022-03-06,289889.6,Active
A01539,C01539,B013,Salary,2021-09-19,236431.62,Active
A01540,C01540,B013,Savings,2025-02-24,377753.98,Active
A01541,C01541,B017,Business,2022-11-25,344915.77,Active
A01542,C01542,B019,Business,2024-02-27,100434.89,Active
A01543,C01543,B001,Business,2025-01-28,81311.82,Inactive
A01544,C01544,B026,Savings,2026-07-10,30094.17,Active
A01545,C01545,B019,Current,2024-02-13,211504.51,Inactive
A01546,C01546,B013,Current,2022-04-28,8667.46,Inactive
A01547,C01547,B011,Salary,2024-06-28,450929.84,Inactive
A01548,C01548,B022,Business,2024-10-12,475786.21,Active
A01549,C01549,B016,Business,2023-12-15,164624.48,Active
A01550,C01550,B029,Business,2023-08-28,179272.21,Active
A01551,C01551,B009,Business,2024-01-29,218321.93,Active
A01552,C01552,B001,Savings,2024-07-25,196275.34,Inactive
A01553,C01553,B011,Business,2024-02-07,405136.53,Active
A01554,C01554,B010,Savings,2023-07-31,181919.59,Inactive
A01555,C01555,B013,Salary,2023-03-14,131400.23,Active
A01556,C01556,B005,Current,2023-06-20,446428.19,Active
A01557,C01557,B009,Savings,2021-10-04,386070.91,Inactive
A01558,C01558,B030,Salary,2026-07-24,7444.45,Active
A01559,C01559,B007,Business,2022-12-23,456513.93,Inactive
A01560,C01560,B001,Current,2025-06-03,419066.21,Inactive
A01561,C01561,B028,Savings,2022-10-26,366443.93,Inactive
A01562,C01562,B001,Current,2026-08-05,207063.58,Active
A01563,C01563,B029,Salary,2024-09-02,405895.7,Active
A01564,C01564,B005,Current,2023-09-14,258783.8,Inactive
A01565,C01565,B002,Current,2023-01-03,27384.97,Active
A01566,C01566,B024,Savings,2022-04-06,272575.89,Active
A01567,C01567,B001,Salary,2024-08-21,374620.25,Active
A01568,C01568,B009,Savings,2026-06-21,294021.49,Inactive
A01569,C01569,B021,Savings,2023-10-07,412717.89,Inactive
A01570,C01570,B020,Business,2024-03-20,434663.25,Inactive
A01571,C01571,B005,Salary,2024-10-24,171634.5,Active
A01572,C01572,B018,Salary,2025-11-21,59210.36,Active
A01573,C01573,B013,Salary,2024-01-23,265680.25,Active
A01574,C01574,B011,Savings,2022-07-22,234699.15,Active
A01575,C01575,B025,Business,2021-10-06,377137.08,Inactive
A01576,C01576,B010,Savings,2023-03-05,288653.27,Inactive
A01577,C01577,B021,Current,2025-03-15,288653.41,Active
A01578,C01578,B029,Salary,2023-06-03,294316.6,Active
A01579,C01579,B005,Business,2024-11-14,5539.43,Active
A01580,C01580,B009,Current,2026-02-25,327083.44,Active
A01581,C01581,B026,Current,2025-03-30,484876.22,Active
A01582,C01582,B030,Current,2025-02-20,169401.15,Active
A01583,C01583,B020,Savings,2025-10-21,236978.7,Active
A01584,C01584,B005,Savings,2022-04-06,117542.05,Inactive
A01585,C01585,B022,Business,2026-09-04,238226.67,Inactive
A01586,C01586,B015,Salary,2022-11-21,306782.92,Active
A01587,C01587,B022,Salary,2023-02-15,38013.38,Inactive
A01588,C01588,B024,Salary,2023-09-28,496747.76,Active
A01589,C01589,B007,Savings,2022-06-30,252925.83,Active
A01590,C01590,B027,Salary,2025-09-22,394420.39,Inactive
A01591,C01591,B023,Salary,2026-07-23,57480.49,Inactive
A01592,C01592,B006,Current,2023-11-13,325117.91,Active
A01593,C01593,B006,Business,2026-01-21,20408.35,Active
A01594,C01594,B024,Business,2025-07-20,359633.6,Active
A01595,C01595,B006,Business,2023-08-25,212895.05,Inactive
A01596,C01596,B010,Current,2024-01-20,53835.21,Inactive
A01597,C01597,B007,Savings,2023-12-10,195054.8,Active
A01598,C01598,B027,Current,2026-01-11,330315.6,Active
A01599,C01599,B012,Savings,2022-10-08,490954.38,Active
A01600,C01600,B015,Current,2025-01-15,150976.02,Active
A01601,C01601,B029,Business,2023-06-11,412547.71,Active
A01602,C01602,B019,Salary,2026-01-01,210088.13,Active
A01603,C01603,B030,Business,2025-02-13,464286.27,Active
A01604,C01604,B005,Business,2023-11-02,363841.69,Active
A01605,C01605,B021,Business,2022-02-08,63928.32,Active
A01606,C01606,B005,Current,2022-06-29,117859.5,Active
A01607,C01607,B002,Business,2024-01-28,161597.41,Active
A01608,C01608,B028,Business,2025-08-26,32536.27,Active
A01609,C01609,B026,Business,2024-12-23,492293.21,Active
A01610,C01610,B023,Salary,2022-03-28,39947.65,Inactive
A01611,C01611,B014,Business,2024-05-22,160410.3,Active
A01612,C01612,B019,Savings,2026-04-11,494472.3,Active
A01613,C01613,B027,Business,2023-08-18,375728.75,Inactive
A01614,C01614,B017,Savings,2022-11-21,179607.47,Active
A01615,C01615,B011,Business,2026-05-27,303251.44,Active
A01616,C01616,B012,Business,2021-11-11,87985.89,Active
A01617,C01617,B017,Salary,2024-12-12,277494.55,Inactive
A01618,C01618,B014,Current,2025-06-08,264936.19,Active
A01619,C01619,B001,Business,2024-09-17,202303.87,Active
A01620,C01620,B008,Business,2026-05-22,342223.09,Active
A01621,C01621,B004,Savings,2026-07-23,317857.24,Active
A01622,C01622,B024,Savings,2025-12-17,275855.11,Active
A01623,C01623,B005,Business,2026-07-15,424430.59,Active
A01624,C01624,B017,Current,2025-11-14,408662.28,Active
A01625,C01625,B021,Business,2022-08-10,8486.21,Inactive
A01626,C01626,B013,Savings,2024-08-03,437172.79,Active
A01627,C01627,B015,Current,2024-01-04,113625.8,Active
A01628,C01628,B019,Current,2023-08-21,196873.01,Active
A01629,C01629,B008,Salary,2025-04-05,453118.09,Inactive
A01630,C01630,B022,Salary,2025-02-05,305698.61,Inactive
A01631,C01631,B030,Savings,2024-08-01,125092.15,Active
A01632,C01632,B002,Business,2024-12-04,247960.75,Inactive
A01633,C01633,B017,Business,2024-10-30,431814.84,Active
A01634,C01634,B007,Salary,2022-09-19,180385.05,Inactive
A01635,C01635,B001,Business,2025-11-27,223918.3,Active
A01636,C01636,B025,Current,2022-05-29,420732.85,Active
A01637,C01637,B004,Salary,2025-05-09,167988.45,Active
A01638,C01638,B022,Salary,2023-01-09,222789.25,Active
A01639,C01639,B012,Current,2025-03-16,323635.19,Inactive
A01640,C01640,B020,Current,2024-05-28,260706.25,Active
A01641,C01641,B009,Savings,2025-08-09,159033.92,Active
A01642,C01642,B004,Savings,2023-04-17,159124.84,Active
A01643,C01643,B029,Business,2022-09-14,475732.05,Active
A01644,C01644,B025,Current,2022-06-29,468423.46,Active
A01645,C01645,B028,Savings,2025-03-09,103233.79,Inactive
A01646,C01646,B004,Salary,2025-01-31,315753.68,Inactive
A01647,C01647,B027,Savings,2024-05-04,373109.02,Inactive
A01648,C01648,B029,Business,2021-09-28,310865.54,Active
A01649,C01649,B028,Current,2023-08-24,119899.78,Active
A01650,C01650,B026,Salary,2024-11-13,181794.45,Active
A01651,C01651,B009,Business,2023-05-28,488281.72,Active
A01652,C01652,B001,Current,2026-03-28,410604.37,Inactive
A01653,C01653,B024,Business,2024-03-25,477120.53,Active
A01654,C01654,B003,Business,2025-07-08,112874.95,Active
A01655,C01655,B020,Salary,2025-10-26,242484.09,Inactive
A01656,C01656,B017,Current,2022-08-04,434959.0,Active
A01657,C01657,B019,Business,2024-08-06,186195.48,Active
A01658,C01658,B020,Current,2025-02-02,332960.46,Active
A01659,C01659,B004,Business,2024-03-18,481057.3,Active
A01660,C01660,B023,Savings,2023-08-30,72669.05,Active
A01661,C01661,B011,Salary,2022-09-29,461274.5,Active
A01662,C01662,B021,Current,2024-07-15,497985.24,Active
A01663,C01663,B008,Current,2022-07-29,153542.52,Inactive
A01664,C01664,B028,Salary,2023-03-08,39141.42,Active
A01665,C01665,B021,Salary,2025-09-02,271084.36,Inactive
A01666,C01666,B026,Business,2024-11-30,16863.17,Inactive
A01667,C01667,B030,Current,2025-05-08,153446.1,Inactive
A01668,C01668,B028,Business,2021-11-24,355964.4,Inactive
A01669,C01669,B006,Savings,2023-08-15,175961.57,Active
A01670,C01670,B018,Salary,2024-09-04,326899.36,Inactive
A01671,C01671,B009,Savings,2024-11-07,215223.92,Inactive
A01672,C01672,B001,Salary,2021-10-16,11498.33,Active
A01673,C01673,B029,Current,2025-07-24,43076.67,Active
A01674,C01674,B013,Savings,2023-05-16,324537.56,Active
A01675,C01675,B029,Savings,2026-03-21,117823.66,Active
A01676,C01676,B027,Salary,2022-07-24,335484.93,Inactive
A01677,C01677,B023,Savings,2023-10-10,354090.53,Active
A01678,C01678,B027,Current,2024-12-25,348527.45,Inactive
A01679,C01679,B010,Savings,2022-01-24,369292.29,Active
A01680,C01680,B019,Current,2026-02-14,270327.2,Active
A01681,C01681,B022,Current,2024-04-26,485691.25,Active
A01682,C01682,B026,Current,2023-11-20,215252.43,Active
A01683,C01683,B030,Savings,2025-03-08,289693.3,Inactive
A01684,C01684,B023,Current,2023-04-20,62704.65,Active
A01685,C01685,B014,Business,2025-06-08,228947.84,Active
A01686,C01686,B020,Business,2024-05-14,495024.1,Inactive
A01687,C01687,B014,Savings,2026-04-07,5740.35,Active
A01688,C01688,B024,Business,2024-10-06,458058.95,Active
A01689,C01689,B006,Savings,2023-04-29,71541.5,Active
A01690,C01690,B005,Current,2025-12-05,137989.11,Active
A01691,C01691,B003,Current,2022-01-07,363973.02,Inactive
A01692,C01692,B018,Current,2023-08-28,446096.13,Inactive
A01693,C01693,B012,Savings,2023-05-29,51424.74,Inactive
A01694,C01694,B020,Savings,2026-08-21,167061.93,Active
A01695,C01695,B009,Business,2024-06-14,64547.33,Active
A01696,C01696,B001,Current,2024-11-29,109587.93,Active
A01697,C01697,B003,Business,2024-03-24,155502.5,Inactive
A01698,C01698,B030,Salary,2024-02-17,219969.09,Active
A01699,C01699,B005,Business,2021-09-16,407710.28,Active
A01700,C01700,B018,Business,2024-01-25,126934.78,Active
A01701,C01701,B013,Current,2022-06-09,37909.76,Active
A01702,C01702,B024,Business,2023-10-07,447345.81,Active
A01703,C01703,B012,Current,2025-07-12,321482.6,Inactive
A01704,C01704,B022,Business,2024-01-20,190936.4,Active
A01705,C01705,B026,Savings,2024-05-18,152822.13,Active
A01706,C01706,B001,Current,2025-02-25,464010.55,Active
A01707,C01707,B001,Current,2024-09-23,372760.8,Active
A01708,C01708,B011,Savings,2022-07-11,365660.64,Active
A01709,C01709,B027,Salary,2025-01-28,390846.34,Active
A01710,C01710,B029,Business,2026-05-21,243150.01,Active
A01711,C01711,B018,Current,2023-05-02,288468.14,Active
A01712,C01712,B016,Current,2021-09-15,478567.52,Active
A01713,C01713,B009,Salary,2023-07-28,141616.7,Active
A01714,C01714,B012,Business,2023-09-24,149743.3,Active
A01715,C01715,B005,Salary,2023-09-02,50933.52,Active
A01716,C01716,B023,Business,2025-08-25,265361.65,Inactive
A01717,C01717,B019,Salary,2022-03-10,110759.85,Active
A01718,C01718,B028,Savings,2023-04-13,148309.05,Active
A01719,C01719,B010,Current,2025-10-13,223202.07,Inactive
A01720,C01720,B014,Savings,2021-09-22,259347.23,Active
A01721,C01721,B023,Salary,2026-01-13,253513.99,Active
A01722,C01722,B004,Business,2023-04-13,482689.46,Active
A01723,C01723,B010,Current,2022-11-07,293237.07,Active
A01724,C01724,B003,Savings,2022-04-16,128834.46,Inactive
A01725,C01725,B016,Business,2022-09-23,89560.97,Active
A01726,C01726,B026,Savings,2026-03-07,245513.19,Active
A01727,C01727,B018,Business,2024-09-02,53172.31,Inactive
A01728,C01728,B021,Salary,2023-01-05,214506.12,Active
A01729,C01729,B011,Business,2026-06-11,420280.02,Inactive
A01730,C01730,B021,Savings,2022-04-19,75680.01,Inactive
A01731,C01731,B027,Current,2025-07-24,125973.6,Active
A01732,C01732,B012,Salary,2025-04-22,93706.9,Active
A01733,C01733,B001,Business,2021-12-06,21453.98,Active
A01734,C01734,B007,Savings,2022-07-17,96584.65,Inactive
A01735,C01735,B028,Salary,2024-03-01,488519.37,Active
A01736,C01736,B030,Savings,2022-07-01,339263.66,Active
A01737,C01737,B006,Salary,2024-05-03,371745.72,Active
A01738,C01738,B010,Current,2021-12-18,18517.71,Inactive
A01739,C01739,B016,Savings,2026-08-17,56032.91,Active
A01740,C01740,B009,Salary,2026-02-28,370574.99,Active
A01741,C01741,B001,Savings,2026-06-17,491636.45,Inactive
A01742,C01742,B014,Current,2022-12-03,106874.3,Active
A01743,C01743,B005,Current,2022-05-23,427175.88,Active
A01744,C01744,B002,Savings,2022-11-25,495650.83,Active
A01745,C01745,B028,Current,2024-06-28,96173.67,Active
A01746,C01746,B002,Salary,2025-08-24,192001.46,Active
A01747,C01747,B004,Savings,2024-06-06,425916.51,Active
A01748,C01748,B025,Current,2021-12-18,131732.86,Active
A01749,C01749,B007,Current,2023-10-21,290058.66,Active
A01750,C01750,B008,Current,2024-06-30,184990.51,Inactive
A01751,C01751,B004,Current,2026-06-16,83370.31,Active
A01752,C01752,B011,Business,2023-09-07,341241.08,Active
A01753,C01753,B005,Current,2024-11-17,155618.24,Inactive
A01754,C01754,B010,Salary,2021-11-26,306658.89,Inactive
A01755,C01755,B026,Savings,2025-10-01,90765.01,Inactive
A01756,C01756,B014,Current,2024-06-04,137473.23,Active
A01757,C01757,B024,Salary,2022-12-12,127521.02,Inactive
A01758,C01758,B021,Business,2024-07-24,314425.68,Active
A01759,C01759,B009,Salary,2026-07-11,92786.74,Inactive
A01760,C01760,B027,Current,2026-04-10,181324.63,Active
A01761,C01761,B011,Current,2022-01-08,498653.01,Inactive
A01762,C01762,B012,Salary,2022-10-19,283546.67,Active
A01763,C01763,B009,Business,2025-03-05,383195.15,Inactive
A01764,C01764,B006,Salary,2021-12-11,394829.43,Active
A01765,C01765,B020,Business,2025-07-30,211162.11,Active
A01766,C01766,B009,Business,2024-05-03,392464.36,Active
A01767,C01767,B008,Current,2026-07-05,205138.29,Active
A01768,C01768,B006,Salary,2022-09-07,439687.69,Active
A01769,C01769,B030,Business,2023-03-02,219979.61,Active
A01770,C01770,B022,Current,2024-11-08,172341.61,Inactive
A01771,C01771,B005,Salary,2023-07-05,375229.14,Active
A01772,C01772,B010,Current,2022-02-12,439327.72,Inactive
A01773,C01773,B016,Current,2025-02-11,152416.06,Active
A01774,C01774,B016,Savings,2024-05-10,82543.84,Inactive
A01775,C01775,B028,Business,2024-04-17,475696.55,Active
A01776,C01776,B011,Salary,2022-10-11,110188.73,Active
A01777,C01777,B014,Salary,2023-07-30,252604.59,Inactive
A01778,C01778,B008,Savings,2021-12-09,209414.6,Active
A01779,C01779,B013,Current,2021-11-28,151537.37,Inactive
A01780,C01780,B019,Current,2026-08-31,309876.0,Active
A01781,C01781,B014,Savings,2025-01-14,180469.89,Active
A01782,C01782,B022,Savings,2024-10-07,55245.52,Active
A01783,C01783,B023,Business,2024-01-16,48750.32,Active
A01784,C01784,B001,Business,2023-04-24,404169.51,Inactive
A01785,C01785,B005,Business,2025-06-05,34170.71,Active
A01786,C01786,B025,Savings,2023-10-27,471777.5,Active
A01787,C01787,B018,Business,2026-02-03,408186.53,Active
A01788,C01788,B018,Current,2023-05-29,196365.76,Active
A01789,C01789,B019,Current,2023-02-02,63323.19,Active
A01790,C01790,B010,Business,2021-11-23,392958.4,Active
A01791,C01791,B026,Business,2025-01-12,201445.99,Active
A01792,C01792,B021,Salary,2023-09-19,419972.67,Active
A01793,C01793,B013,Salary,2023-04-20,175513.97,Inactive
A01794,C01794,B007,Current,2023-11-09,300934.72,Inactive
A01795,C01795,B005,Salary,2021-11-15,10617.34,Inactive
A01796,C01796,B027,Salary,2023-07-27,255285.42,Active
A01797,C01797,B022,Savings,2022-06-29,94853.42,Inactive
A01798,C01798,B023,Business,2023-01-13,360709.61,Inactive
A01799,C01799,B003,Business,2021-11-15,228491.43,Active
A01800,C01800,B014,Current,2023-09-10,113133.15,Active
A01801,C01801,B020,Savings,2024-12-27,21266.43,Inactive
A01802,C01802,B004,Current,2025-05-13,178202.65,Active
A01803,C01803,B004,Business,2026-08-10,389154.98,Active
A01804,C01804,B019,Salary,2024-01-31,367033.9,Active
A01805,C01805,B025,Savings,2025-03-10,101370.27,Active
A01806,C01806,B009,Salary,2021-10-23,111644.87,Inactive
A01807,C01807,B027,Business,2024-02-18,330111.77,Active
A01808,C01808,B022,Salary,2023-05-06,269072.15,Active
A01809,C01809,B010,Savings,2025-02-01,413634.67,Active
A01810,C01810,B003,Savings,2023-02-09,477731.64,Inactive
A01811,C01811,B016,Current,2022-02-28,23660.13,Active
A01812,C01812,B030,Savings,2023-12-05,56346.1,Active
A01813,C01813,B010,Savings,2023-02-23,386971.24,Active
A01814,C01814,B028,Salary,2025-08-01,329797.81,Active
A01815,C01815,B029,Savings,2021-09-14,79508.46,Inactive
A01816,C01816,B028,Business,2022-04-08,463285.66,Inactive
A01817,C01817,B030,Savings,2022-04-26,375254.92,Active
A01818,C01818,B029,Savings,2023-05-06,126991.66,Active
A01819,C01819,B004,Current,2024-12-31,132619.39,Active
A01820,C01820,B010,Salary,2022-10-25,444636.81,Active
A01821,C01821,B007,Salary,2022-05-18,102753.48,Inactive
A01822,C01822,B002,Business,2023-11-16,284909.76,Active
A01823,C01823,B016,Savings,2025-05-10,106677.41,Inactive
A01824,C01824,B002,Savings,2024-04-30,165343.12,Inactive
A01825,C01825,B004,Savings,2023-07-22,396404.27,Active
A01826,C01826,B007,Current,2023-04-11,392431.99,Active
A01827,C01827,B019,Salary,2022-11-24,463480.3,Active
A01828,C01828,B005,Salary,2023-05-26,453575.05,Active
A01829,C01829,B006,Savings,2025-08-18,148217.45,Active
A01830,C01830,B005,Business,2025-01-01,426286.77,Active
A01831,C01831,B011,Current,2023-01-04,454776.28,Active
A01832,C01832,B025,Current,2023-03-10,485027.64,Inactive
A01833,C01833,B028,Salary,2024-01-21,247975.45,Active
A01834,C01834,B028,Business,2023-12-25,97823.54,Active
A01835,C01835,B008,Savings,2023-08-30,23567.07,Inactive
A01836,C01836,B010,Savings,2026-03-21,330522.55,Inactive
A01837,C01837,B004,Salary,2024-08-30,88813.04,Active
A01838,C01838,B004,Salary,2026-02-11,145559.65,Active
A01839,C01839,B003,Current,2024-06-22,45788.58,Active
A01840,C01840,B007,Salary,2021-09-21,30442.59,Inactive
A01841,C01841,B022,Current,2025-09-25,197325.35,Inactive
A01842,C01842,B018,Salary,2026-08-18,408003.63,Active
A01843,C01843,B006,Salary,2025-02-27,91872.68,Inactive
A01844,C01844,B024,Salary,2023-12-01,447243.49,Active
A01845,C01845,B005,Salary,2023-04-06,145082.87,Active
A01846,C01846,B030,Business,2022-08-21,293955.99,Active
A01847,C01847,B017,Salary,2026-03-08,215829.82,Active
A01848,C01848,B017,Current,2025-12-07,490675.02,Active
A01849,C01849,B012,Savings,2025-12-15,297469.3,Active
A01850,C01850,B014,Business,2022-05-27,177194.71,Inactive
A01851,C01851,B007,Salary,2023-11-06,185210.53,Active
A01852,C01852,B029,Current,2023-08-31,426610.2,Active
A01853,C01853,B015,Savings,2026-03-09,230563.95,Inactive
A01854,C01854,B013,Current,2023-09-22,381408.71,Active
A01855,C01855,B013,Salary,2021-09-30,17815.71,Inactive
A01856,C01856,B028,Savings,2023-08-19,240823.42,Active
A01857,C01857,B003,Salary,2025-09-24,430215.61,Active
A01858,C01858,B004,Current,2025-09-18,7521.35,Inactive
A01859,C01859,B017,Business,2023-07-12,431267.22,Active
A01860,C01860,B002,Business,2026-01-24,390124.53,Active
A01861,C01861,B029,Savings,2023-11-02,6698.04,Inactive
A01862,C01862,B014,Savings,2022-10-12,337796.33,Active
A01863,C01863,B016,Current,2023-11-27,270467.82,Active
A01864,C01864,B016,Business,2023-06-12,88407.76,Active
A01865,C01865,B004,Salary,2022-07-23,435739.9,Active
A01866,C01866,B005,Current,2022-11-25,75698.5,Active
A01867,C01867,B006,Current,2025-01-16,280252.87,Active
A01868,C01868,B001,Salary,2026-01-13,238166.02,Active
A01869,C01869,B017,Current,2022-05-30,182168.35,Active
A01870,C01870,B002,Savings,2022-09-24,140095.17,Active
A01871,C01871,B024,Salary,2024-04-14,228923.71,Active
A01872,C01872,B008,Salary,2025-05-19,445503.89,Active
A01873,C01873,B023,Savings,2025-04-22,468326.19,Active
A01874,C01874,B022,Savings,2026-04-05,413891.12,Active
A01875,C01875,B007,Salary,2025-09-07,483755.13,Inactive
A01876,C01876,B030,Current,2025-09-13,86542.33,Active
A01877,C01877,B030,Savings,2024-04-22,396815.1,Inactive
A01878,C01878,B010,Savings,2022-08-22,321580.52,Active
A01879,C01879,B016,Savings,2022-07-15,301403.5,Inactive
A01880,C01880,B017,Current,2025-05-06,19459.27,Active
A01881,C01881,B028,Savings,2024-05-25,16746.17,Active
A01882,C01882,B004,Salary,2024-07-31,455466.59,Active
A01883,C01883,B008,Salary,2022-04-24,43214.64,Active
A01884,C01884,B028,Current,2025-05-06,394388.45,Active
A01885,C01885,B030,Salary,2022-12-11,147516.05,Inactive
A01886,C01886,B026,Business,2024-06-12,147479.34,Active
A01887,C01887,B018,Savings,2024-11-18,91766.66,Active
A01888,C01888,B001,Business,2024-03-27,114896.45,Active
A01889,C01889,B016,Savings,2024-06-26,338475.85,Active
A01890,C01890,B015,Savings,2024-01-14,335479.02,Active
A01891,C01891,B008,Business,2023-08-30,129037.6,Active
A01892,C01892,B027,Business,2026-09-06,300149.35,Active
A01893,C01893,B011,Salary,2024-08-21,278512.05,Active
A01894,C01894,B030,Business,2025-01-26,393202.68,Active
A01895,C01895,B023,Savings,2026-05-22,274641.97,Active
A01896,C01896,B006,Savings,2026-03-02,417887.21,Inactive
A01897,C01897,B019,Savings,2024-03-27,346287.87,Active
A01898,C01898,B029,Current,2025-01-30,262311.84,Inactive
A01899,C01899,B001,Business,2025-02-06,38005.41,Active
A01900,C01900,B013,Salary,2024-05-21,213087.42,Active
A01901,C01901,B008,Business,2021-09-17,379292.28,Active
A01902,C01902,B015,Savings,2022-09-08,46082.2,Active
A01903,C01903,B005,Business,2025-04-18,210115.37,Active
A01904,C01904,B014,Savings,2026-08-27,152926.26,Active
A01905,C01905,B005,Salary,2022-01-27,113876.24,Active
A01906,C01906,B017,Salary,2024-12-23,101253.38,Inactive
A01907,C01907,B020,Current,2021-09-24,321873.13,Inactive
A01908,C01908,B010,Salary,2024-04-04,154140.52,Inactive
A01909,C01909,B028,Current,2023-12-21,164938.78,Active
A01910,C01910,B018,Salary,2022-01-23,339279.5,Active
A01911,C01911,B024,Current,2023-06-21,450972.29,Active
A01912,C01912,B007,Salary,2023-12-25,258580.47,Active
A01913,C01913,B009,Savings,2021-11-02,229912.75,Active
A01914,C01914,B010,Savings,2026-04-26,361472.41,Active
A01915,C01915,B008,Business,2021-10-06,302174.53,Active
A01916,C01916,B018,Salary,2022-05-06,161086.02,Active
A01917,C01917,B028,Savings,2022-11-25,195165.49,Inactive
A01918,C01918,B019,Business,2025-06-23,12398.42,Active
A01919,C01919,B006,Salary,2023-07-28,228828.31,Active
A01920,C01920,B025,Current,2024-04-11,114703.5,Active
A01921,C01921,B020,Salary,2022-12-09,339449.98,Active
A01922,C01922,B012,Current,2026-08-03,465804.15,Active
A01923,C01923,B011,Current,2024-12-19,265053.56,Active
A01924,C01924,B002,Salary,2025-11-19,15026.62,Active
A01925,C01925,B020,Business,2023-06-30,199193.44,Active
A01926,C01926,B015,Current,2025-05-10,54108.34,Active
A01927,C01927,B006,Current,2023-07-28,415464.05,Active
A01928,C01928,B010,Savings,2025-03-10,206599.1,Active
A01929,C01929,B029,Savings,2021-11-08,182795.39,Active
A01930,C01930,B019,Current,2025-11-14,450424.33,Inactive
A01931,C01931,B020,Current,2024-04-07,240045.33,Active
A01932,C01932,B013,Current,2024-09-28,493170.23,Active
A01933,C01933,B025,Savings,2022-11-03,485732.35,Active
A01934,C01934,B027,Current,2025-11-08,295252.87,Active
A01935,C01935,B010,Salary,2024-07-02,8757.02,Active
A01936,C01936,B002,Business,2022-10-25,52133.74,Active
A01937,C01937,B004,Current,2023-11-07,323278.54,Active
A01938,C01938,B012,Current,2025-06-11,247257.47,Inactive
A01939,C01939,B003,Savings,2026-06-11,6020.52,Active
A01940,C01940,B006,Salary,2025-03-03,217992.02,Inactive
A01941,C01941,B005,Current,2022-05-31,421634.74,Inactive
A01942,C01942,B023,Salary,2022-07-11,351506.87,Active
A01943,C01943,B017,Salary,2026-03-23,180179.19,Active
A01944,C01944,B001,Business,2024-09-20,291786.72,Active
A01945,C01945,B008,Savings,2026-05-16,146399.06,Active
A01946,C01946,B024,Current,2022-09-06,72674.63,Active
A01947,C01947,B003,Business,2025-12-14,327190.33,Inactive
A01948,C01948,B015,Savings,2026-01-31,146007.59,Inactive
A01949,C01949,B010,Business,2022-02-24,368288.86,Active
A01950,C01950,B015,Savings,2026-04-24,392273.81,Active
A01951,C01951,B020,Salary,2026-05-15,472765.55,Active
A01952,C01952,B007,Savings,2026-02-18,460398.37,Inactive
A01953,C01953,B016,Business,2026-07-01,484752.25,Inactive
A01954,C01954,B011,Savings,2025-04-29,175577.42,Inactive
A01955,C01955,B021,Business,2025-06-02,38113.75,Active
A01956,C01956,B026,Current,2026-01-09,279118.29,Active
A01957,C01957,B016,Savings,2024-12-07,206355.83,Active
A01958,C01958,B026,Savings,2023-03-10,82160.43,Active
A01959,C01959,B003,Savings,2023-08-21,198441.84,Inactive
A01960,C01960,B001,Business,2026-02-06,316453.77,Inactive
A01961,C01961,B021,Business,2021-11-11,106226.4,Active
A01962,C01962,B005,Current,2026-02-22,103219.14,Inactive
A01963,C01963,B004,Salary,2022-04-06,294957.99,Active
A01964,C01964,B028,Current,2023-08-29,192382.64,Active
A01965,C01965,B021,Salary,2024-11-22,209972.11,Inactive
A01966,C01966,B003,Savings,2024-11-30,146603.17,Active
A01967,C01967,B020,Salary,2024-03-01,100319.74,Active
A01968,C01968,B001,Current,2024-09-15,229510.16,Active
A01969,C01969,B025,Current,2023-09-25,287049.81,Active
A01970,C01970,B028,Current,2023-03-23,353004.31,Active
A01971,C01971,B007,Current,2023-12-05,133528.28,Active
A01972,C01972,B020,Business,2025-11-07,193094.76,Active
A01973,C01973,B005,Business,2022-03-27,378708.04,Active
A01974,C01974,B004,Business,2022-01-28,331259.9,Active
A01975,C01975,B026,Business,2025-05-17,209303.6,Active
A01976,C01976,B029,Salary,2021-11-06,448280.8,Active
A01977,C01977,B002,Savings,2021-11-19,53689.11,Active
A01978,C01978,B022,Savings,2023-09-12,408189.93,Active
A01979,C01979,B006,Business,2023-03-30,199495.07,Active
A01980,C01980,B014,Business,2026-07-14,433570.33,Active
A01981,C01981,B028,Salary,2023-07-28,36488.76,Active
A01982,C01982,B016,Current,2025-07-25,496744.49,Active
A01983,C01983,B012,Current,2022-05-09,481306.87,Active
A01984,C01984,B016,Salary,2026-03-19,337957.4,Active
A01985,C01985,B030,Business,2023-11-18,308729.55,Inactive
A01986,C01986,B009,Business,2025-04-02,258098.1,Inactive
A01987,C01987,B006,Current,2025-02-15,142947.62,Active
A01988,C01988,B023,Salary,2023-08-19,416078.18,Active
A01989,C01989,B010,Business,2023-08-26,314609.77,Active
A01990,C01990,B001,Business,2023-12-19,291404.26,Inactive
A01991,C01991,B011,Business,2026-06-21,269246.78,Active
A01992,C01992,B028,Savings,2023-06-25,75782.29,Active
A01993,C01993,B028,Business,2023-11-16,384128.25,Inactive
A01994,C01994,B029,Business,2023-12-19,356926.16,Active
A01995,C01995,B020,Current,2022-12-29,371149.06,Active
A01996,C01996,B020,Business,2022-08-10,294231.86,Active
A01997,C01997,B009,Salary,2021-10-17,433904.01,Active
A01998,C01998,B005,Savings,2023-11-27,154075.08,Active
A01999,C01999,B029,Savings,2025-05-17,97093.0,Active
A02000,C02000,B010,Business,2024-02-19,233427.19,Active
A02001,C02001,B010,Salary,2022-12-05,486370.54,Inactive
A02002,C02002,B028,Current,2025-12-04,189922.25,Active
A02003,C02003,B023,Savings,2025-02-14,232182.96,Active
A02004,C02004,B008,Current,2023-05-17,51335.58,Inactive
A02005,C02005,B018,Current,2025-02-28,388214.78,Active
A02006,C02006,B015,Current,2025-04-29,348240.68,Active
A02007,C02007,B011,Savings,2024-07-01,360295.03,Inactive
A02008,C02008,B016,Business,2025-05-13,384138.96,Inactive
A02009,C02009,B001,Business,2024-07-14,102579.53,Active
A02010,C02010,B022,Current,2021-10-08,425107.67,Inactive
A02011,C02011,B007,Savings,2025-07-28,60847.75,Active
A02012,C02012,B029,Current,2023-11-21,18397.98,Active
A02013,C02013,B029,Salary,2022-06-11,254173.0,Active
A02014,C02014,B005,Business,2025-04-10,409467.86,Active
A02015,C02015,B007,Current,2024-03-07,214315.51,Inactive
A02016,C02016,B022,Business,2021-11-07,16355.78,Active
A02017,C02017,B023,Business,2023-10-01,251888.84,Active
A02018,C02018,B023,Current,2024-10-24,193689.34,Active
A02019,C02019,B021,Salary,2024-10-11,305261.85,Active
A02020,C02020,B029,Business,2023-05-11,438970.5,Active
A02021,C02021,B001,Salary,2025-06-21,459027.31,Active
A02022,C02022,B019,Savings,2026-06-13,61293.69,Active
A02023,C02023,B005,Salary,2025-10-16,312707.66,Active
A02024,C02024,B030,Current,2023-02-21,190229.21,Active
A02025,C02025,B003,Savings,2021-09-15,449966.39,Active
A02026,C02026,B013,Savings,2024-09-23,240220.75,Active
A02027,C02027,B018,Savings,2024-08-18,112284.88,Active
A02028,C02028,B010,Salary,2023-05-17,320838.4,Active
A02029,C02029,B010,Savings,2026-08-03,139609.93,Active
A02030,C02030,B012,Business,2022-01-09,195556.23,Active
A02031,C02031,B003,Current,2025-12-24,417650.73,Active
A02032,C02032,B017,Savings,2024-05-31,140848.03,Active
A02033,C02033,B016,Salary,2022-07-18,231750.33,Active
A02034,C02034,B017,Savings,2023-08-03,102557.07,Active
A02035,C02035,B004,Business,2022-10-04,260578.21,Active
A02036,C02036,B013,Salary,2023-02-14,226452.45,Inactive
A02037,C02037,B027,Business,2022-10-25,276712.86,Active
A02038,C02038,B003,Savings,2026-08-10,81610.03,Inactive
A02039,C02039,B026,Savings,2023-06-01,205375.23,Active
A02040,C02040,B016,Savings,2023-05-07,220786.07,Active
A02041,C02041,B012,Business,2022-08-11,215025.16,Inactive
A02042,C02042,B004,Savings,2026-01-22,286531.36,Inactive
A02043,C02043,B027,Business,2026-04-29,222077.66,Active
A02044,C02044,B022,Current,2023-09-26,84116.52,Active
A02045,C02045,B016,Savings,2023-02-15,361111.49,Active
A02046,C02046,B011,Current,2022-02-16,190587.36,Active
A02047,C02047,B012,Savings,2022-05-03,296090.91,Inactive
A02048,C02048,B011,Business,2022-12-31,354266.68,Active
A02049,C02049,B008,Salary,2023-01-17,476168.39,Active
A02050,C02050,B019,Current,2025-10-31,144732.89,Inactive
A02051,C02051,B013,Current,2025-11-23,51660.85,Inactive
A02052,C02052,B011,Savings,2025-07-28,37935.24,Active
A02053,C02053,B018,Salary,2021-12-30,464870.12,Inactive
A02054,C02054,B018,Business,2021-10-26,304352.41,Active
A02055,C02055,B001,Current,2022-09-08,8197.74,Active
A02056,C02056,B007,Current,2026-04-13,450970.32,Inactive
A02057,C02057,B006,Business,2024-03-22,378205.14,Inactive
A02058,C02058,B019,Current,2024-08-12,131247.9,Active
A02059,C02059,B021,Salary,2026-07-09,406448.03,Active
A02060,C02060,B006,Salary,2024-01-10,67262.06,Active
A02061,C02061,B010,Business,2023-06-15,57715.19,Active
A02062,C02062,B001,Business,2024-06-20,410001.3,Active
A02063,C02063,B018,Business,2024-01-12,66905.51,Active
A02064,C02064,B021,Business,2025-01-25,383935.23,Active
A02065,C02065,B018,Current,2026-08-20,475314.87,Inactive
A02066,C02066,B016,Business,2022-05-20,460327.66,Active
A02067,C02067,B004,Salary,2025-12-28,74403.23,Active
A02068,C02068,B023,Business,2024-04-09,327974.25,Inactive
A02069,C02069,B007,Savings,2025-04-11,391215.22,Active
A02070,C02070,B001,Business,2026-01-23,454163.01,Active
A02071,C02071,B003,Savings,2021-11-01,414503.76,Active
A02072,C02072,B005,Current,2024-06-13,151125.62,Active
A02073,C02073,B016,Current,2025-08-19,444781.75,Active
A02074,C02074,B012,Business,2025-02-10,425139.31,Inactive
A02075,C02075,B016,Savings,2026-06-29,379908.68,Inactive
A02076,C02076,B030,Savings,2025-09-13,340538.58,Inactive
A02077,C02077,B004,Business,2023-09-09,185558.47,Inactive
A02078,C02078,B012,Business,2025-07-01,204304.76,Inactive
A02079,C02079,B014,Salary,2023-04-26,25142.5,Inactive
A02080,C02080,B017,Current,2025-11-27,101411.83,Active
A02081,C02081,B001,Savings,2023-04-24,309421.67,Active
A02082,C02082,B005,Current,2026-07-17,468403.72,Active
A02083,C02083,B005,Business,2022-09-17,342664.63,Active
A02084,C02084,B007,Business,2026-02-17,313950.78,Active
A02085,C02085,B005,Savings,2025-11-04,291830.43,Active
A02086,C02086,B008,Savings,2024-08-22,232034.07,Active
A02087,C02087,B023,Salary,2022-10-01,241729.17,Active
A02088,C02088,B014,Savings,2026-05-25,382320.2,Active
A02089,C02089,B016,Savings,2023-12-21,45894.94,Active
A02090,C02090,B002,Savings,2025-05-11,26708.83,Inactive
A02091,C02091,B023,Current,2024-06-13,212434.21,Active
A02092,C02092,B017,Savings,2023-10-08,71602.41,Active
A02093,C02093,B018,Current,2025-02-26,336365.2,Inactive
A02094,C02094,B030,Salary,2024-08-10,300947.31,Active
A02095,C02095,B008,Salary,2024-07-19,148066.08,Active
A02096,C02096,B012,Business,2022-02-17,447743.29,Active
A02097,C02097,B004,Salary,2025-12-31,287375.24,Inactive
A02098,C02098,B019,Savings,2025-11-26,410010.04,Inactive
A02099,C02099,B008,Business,2026-02-11,492550.84,Inactive
A02100,C02100,B028,Salary,2023-05-11,340995.44,Active
A02101,C02101,B026,Current,2022-02-22,16358.14,Active
A02102,C02102,B003,Business,2025-03-12,347873.27,Inactive
A02103,C02103,B014,Salary,2023-11-12,77395.09,Active
A02104,C02104,B010,Business,2026-04-02,271669.39,Active
A02105,C02105,B028,Current,2022-08-23,494308.13,Inactive
A02106,C02106,B022,Current,2025-03-12,148598.63,Active
A02107,C02107,B026,Savings,2022-04-30,346157.02,Active
A02108,C02108,B001,Business,2023-03-14,333715.06,Active
A02109,C02109,B010,Business,2022-12-07,396005.82,Active
A02110,C02110,B003,Savings,2026-05-28,281941.78,Active
A02111,C02111,B009,Current,2026-01-21,412831.25,Inactive
A02112,C02112,B029,Savings,2024-09-13,203318.97,Active
A02113,C02113,B024,Savings,2026-06-24,440158.58,Active
A02114,C02114,B008,Salary,2026-09-09,449807.22,Active
A02115,C02115,B013,Current,2023-01-16,406852.64,Active
A02116,C02116,B030,Savings,2021-11-18,33147.89,Active
A02117,C02117,B019,Savings,2022-01-19,265530.06,Active
A02118,C02118,B003,Business,2024-06-11,262915.36,Active
A02119,C02119,B026,Salary,2022-11-15,427535.91,Active
A02120,C02120,B006,Current,2023-09-21,171281.55,Active
A02121,C02121,B003,Salary,2024-01-16,274158.79,Active
A02122,C02122,B020,Savings,2026-02-27,312710.58,Active
A02123,C02123,B002,Salary,2024-04-06,354607.17,Inactive
A02124,C02124,B014,Business,2022-03-04,48817.63,Inactive
A02125,C02125,B013,Current,2024-06-27,269225.85,Active
A02126,C02126,B017,Savings,2022-08-26,74463.61,Active
A02127,C02127,B022,Business,2026-08-07,262356.84,Active
A02128,C02128,B028,Salary,2025-06-22,391005.85,Active
A02129,C02129,B025,Business,2024-12-01,424168.07,Active
A02130,C02130,B030,Current,2024-09-25,41456.82,Active
A02131,C02131,B002,Salary,2026-09-14,342035.92,Active
A02132,C02132,B022,Current,2024-05-21,9141.66,Inactive
A02133,C02133,B016,Current,2025-05-04,304306.84,Active
A02134,C02134,B005,Savings,2023-01-05,281061.28,Active
A02135,C02135,B024,Salary,2023-06-14,74265.76,Inactive
A02136,C02136,B020,Current,2022-03-28,239813.56,Inactive
A02137,C02137,B024,Salary,2025-09-26,325581.22,Active
A02138,C02138,B013,Business,2025-11-28,216434.7,Active
A02139,C02139,B017,Business,2022-02-26,241964.54,Active
A02140,C02140,B022,Current,2025-04-23,207537.69,Active
A02141,C02141,B014,Salary,2021-12-27,17164.52,Inactive
A02142,C02142,B029,Current,2025-02-28,232645.67,Inactive
A02143,C02143,B006,Current,2022-12-11,96117.35,Inactive
A02144,C02144,B014,Business,2023-01-06,259788.0,Active
A02145,C02145,B019,Current,2022-01-04,226535.4,Inactive
A02146,C02146,B003,Business,2025-10-23,494807.7,Active
A02147,C02147,B006,Current,2023-07-21,277396.98,Active
A02148,C02148,B015,Salary,2025-09-18,292486.18,Active
A02149,C02149,B026,Salary,2022-10-17,284972.29,Active
A02150,C02150,B005,Salary,2025-08-23,173992.21,Inactive
A02151,C02151,B016,Business,2024-12-27,80385.49,Active
A02152,C02152,B020,Business,2022-02-25,193190.05,Active
A02153,C02153,B018,Current,2024-06-04,456506.8,Active
A02154,C02154,B024,Savings,2026-08-26,161958.45,Active
A02155,C02155,B030,Salary,2022-08-05,66775.23,Inactive
A02156,C02156,B004,Business,2022-09-23,168182.41,Active
A02157,C02157,B019,Savings,2023-09-08,476931.71,Active
A02158,C02158,B019,Salary,2023-06-12,434364.27,Active
A02159,C02159,B026,Savings,2022-07-26,269519.68,Inactive
A02160,C02160,B003,Savings,2024-10-18,421549.19,Active
A02161,C02161,B017,Business,2023-07-26,24492.01,Active
A02162,C02162,B025,Savings,2025-05-20,7159.58,Active
A02163,C02163,B009,Salary,2022-06-26,299211.09,Active
A02164,C02164,B017,Business,2022-12-10,282783.18,Inactive
A02165,C02165,B012,Business,2025-07-16,496246.93,Active
A02166,C02166,B021,Savings,2022-12-23,388101.01,Active
A02167,C02167,B001,Savings,2025-08-28,55329.3,Active
A02168,C02168,B011,Savings,2025-04-06,36584.89,Inactive
A02169,C02169,B027,Savings,2026-06-04,249236.77,Active
A02170,C02170,B019,Savings,2024-11-19,203742.58,Active
A02171,C02171,B005,Current,2026-01-20,85215.22,Active
A02172,C02172,B014,Current,2023-01-07,411315.71,Active
A02173,C02173,B013,Current,2023-01-22,443785.58,Active
A02174,C02174,B026,Business,2024-02-26,321274.63,Active
A02175,C02175,B005,Salary,2026-04-17,393820.7,Inactive
A02176,C02176,B021,Business,2025-10-06,73751.95,Inactive
A02177,C02177,B012,Current,2024-04-06,237438.9,Active
A02178,C02178,B001,Salary,2022-03-09,249934.98,Active
A02179,C02179,B026,Salary,2023-09-27,156012.39,Active
A02180,C02180,B029,Business,2025-03-17,340753.22,Inactive
A02181,C02181,B009,Savings,2024-07-08,361578.75,Inactive
A02182,C02182,B026,Current,2025-10-07,184134.07,Active
A02183,C02183,B009,Salary,2024-01-04,113340.55,Active
A02184,C02184,B024,Savings,2024-04-10,143940.26,Inactive
A02185,C02185,B029,Business,2025-12-30,180198.24,Active
A02186,C02186,B022,Salary,2024-11-04,255804.88,Active
A02187,C02187,B018,Current,2024-03-03,332368.48,Active
A02188,C02188,B021,Business,2025-08-06,316840.62,Inactive
A02189,C02189,B027,Business,2021-09-26,111837.99,Inactive
A02190,C02190,B027,Salary,2022-04-27,261204.67,Active
A02191,C02191,B005,Savings,2023-10-21,431034.96,Inactive
A02192,C02192,B016,Salary,2026-06-15,264639.83,Active
A02193,C02193,B030,Salary,2022-11-11,125633.08,Inactive
A02194,C02194,B025,Current,2022-04-24,330159.17,Active
A02195,C02195,B010,Current,2024-09-18,436277.43,Inactive
A02196,C02196,B020,Salary,2026-09-09,433927.69,Active
A02197,C02197,B012,Savings,2025-09-21,382763.69,Active
A02198,C02198,B011,Savings,2024-12-25,183783.19,Active
A02199,C02199,B020,Current,2023-05-05,268345.78,Inactive
A02200,C02200,B015,Current,2024-03-19,367744.1,Active
A02201,C02201,B002,Business,2022-01-21,102551.5,Active
A02202,C02202,B030,Current,2022-01-23,285736.56,Inactive
A02203,C02203,B015,Current,2024-11-29,457765.77,Inactive
A02204,C02204,B030,Current,2022-06-14,423045.49,Active
A02205,C02205,B009,Salary,2021-11-27,335142.38,Active
A02206,C02206,B008,Savings,2023-11-22,36400.64,Active
A02207,C02207,B011,Salary,2026-07-13,59419.65,Active
A02208,C02208,B022,Current,2023-12-31,346118.19,Active
A02209,C02209,B010,Salary,2026-06-07,16464.02,Active
A02210,C02210,B018,Savings,2026-01-28,159267.68,Active
A02211,C02211,B008,Savings,2026-02-02,73938.24,Inactive
A02212,C02212,B020,Salary,2025-03-19,387030.45,Active
A02213,C02213,B027,Current,2021-09-20,376545.41,Active
A02214,C02214,B007,Savings,2025-04-07,399756.18,Active
A02215,C02215,B004,Current,2022-10-21,123305.3,Active
A02216,C02216,B019,Savings,2025-04-09,141011.76,Active
A02217,C02217,B013,Salary,2022-04-04,96402.04,Inactive
A02218,C02218,B027,Salary,2022-07-14,78748.63,Inactive
A02219,C02219,B027,Business,2024-02-12,453524.79,Active
A02220,C02220,B004,Savings,2021-11-27,264168.43,Inactive
A02221,C02221,B008,Current,2025-06-30,279233.57,Active
A02222,C02222,B012,Salary,2022-12-16,174399.65,Active
A02223,C02223,B009,Business,2023-04-08,488515.57,Active
A02224,C02224,B019,Current,2022-01-15,165468.57,Active
A02225,C02225,B016,Salary,2026-07-03,175289.91,Active
A02226,C02226,B011,Current,2025-07-02,345875.69,Active
A02227,C02227,B030,Business,2025-09-26,72177.67,Active
A02228,C02228,B018,Savings,2022-11-24,210787.9,Active
A02229,C02229,B008,Business,2025-10-19,128839.0,Active
A02230,C02230,B027,Current,2026-08-03,423698.76,Active
A02231,C02231,B027,Business,2022-01-03,190403.14,Inactive
A02232,C02232,B024,Current,2023-06-18,381720.02,Active
A02233,C02233,B029,Savings,2022-10-29,91030.92,Inactive
A02234,C02234,B001,Salary,2025-10-11,265230.94,Inactive
A02235,C02235,B013,Current,2022-06-16,11987.23,Active
A02236,C02236,B014,Current,2026-05-26,46498.95,Inactive
A02237,C02237,B008,Savings,2023-11-18,396099.31,Active
A02238,C02238,B030,Salary,2023-03-05,475161.09,Inactive
A02239,C02239,B024,Business,2025-10-11,470807.33,Active
A02240,C02240,B011,Savings,2023-08-23,357577.08,Active
A02241,C02241,B030,Current,2023-04-27,457617.87,Inactive
A02242,C02242,B015,Current,2023-06-11,339965.89,Active
A02243,C02243,B006,Current,2025-10-06,143796.52,Active
A02244,C02244,B027,Savings,2026-01-10,157745.35,Active
A02245,C02245,B028,Savings,2025-12-18,330497.49,Active
A02246,C02246,B002,Current,2023-04-26,187802.18,Active
A02247,C02247,B013,Salary,2022-03-27,186302.55,Active
A02248,C02248,B018,Current,2021-12-22,393789.48,Active
A02249,C02249,B004,Current,2021-09-16,131399.09,Inactive
A02250,C02250,B012,Salary,2026-07-27,223573.89,Inactive
A02251,C02251,B006,Savings,2026-06-28,59548.56,Active
A02252,C02252,B010,Savings,2025-03-24,375501.04,Active
A02253,C02253,B007,Savings,2025-04-07,263061.96,Active
A02254,C02254,B021,Salary,2026-09-08,128122.14,Active
A02255,C02255,B008,Savings,2024-11-25,443866.32,Active
A02256,C02256,B022,Business,2025-01-21,244403.84,Active
A02257,C02257,B011,Savings,2022-01-04,206960.11,Active
A02258,C02258,B022,Business,2023-06-04,304453.54,Inactive
A02259,C02259,B029,Salary,2026-09-14,405404.44,Inactive
A02260,C02260,B007,Current,2023-06-18,257070.65,Inactive
A02261,C02261,B005,Savings,2026-06-03,373101.44,Inactive
A02262,C02262,B008,Current,2026-01-05,82581.79,Active
A02263,C02263,B013,Savings,2023-10-21,394488.89,Inactive
A02264,C02264,B007,Business,2022-07-10,220398.99,Inactive
A02265,C02265,B004,Savings,2025-10-18,182697.51,Inactive
A02266,C02266,B016,Savings,2022-04-24,223825.11,Active
A02267,C02267,B012,Savings,2022-11-19,189714.25,Active
A02268,C02268,B002,Salary,2022-06-21,140711.2,Active
A02269,C02269,B001,Current,2025-04-23,7909.81,Inactive
A02270,C02270,B024,Current,2026-04-07,282428.36,Active
A02271,C02271,B029,Current,2022-01-21,373664.17,Active
A02272,C02272,B021,Salary,2023-07-31,440846.39,Active
A02273,C02273,B020,Salary,2024-09-02,253984.47,Inactive
A02274,C02274,B025,Business,2022-02-03,28379.29,Active
A02275,C02275,B009,Savings,2026-01-02,304270.55,Active
A02276,C02276,B009,Business,2023-12-23,343997.83,Inactive
A02277,C02277,B022,Salary,2023-04-04,152310.73,Active
A02278,C02278,B018,Current,2022-01-07,123846.34,Inactive
A02279,C02279,B018,Savings,2021-10-08,27103.49,Active
A02280,C02280,B027,Current,2026-02-17,225971.57,Active
A02281,C02281,B002,Salary,2024-10-17,54563.7,Active
A02282,C02282,B009,Business,2026-05-04,34752.69,Active
A02283,C02283,B006,Current,2026-02-11,6446.39,Active
A02284,C02284,B018,Current,2023-02-26,184022.72,Active
A02285,C02285,B006,Savings,2024-08-20,386619.38,Active
A02286,C02286,B022,Savings,2022-06-29,441334.5,Inactive
A02287,C02287,B017,Savings,2023-02-24,363214.09,Inactive
A02288,C02288,B008,Business,2023-02-19,421342.57,Active
A02289,C02289,B018,Savings,2025-10-15,326013.85,Inactive
A02290,C02290,B008,Business,2023-01-01,302115.17,Inactive
A02291,C02291,B024,Salary,2024-07-20,325767.94,Inactive
A02292,C02292,B016,Current,2025-11-16,27855.62,Active
A02293,C02293,B012,Current,2023-12-01,44992.29,Active
A02294,C02294,B025,Savings,2024-04-23,483429.18,Active
A02295,C02295,B015,Savings,2024-11-28,219682.3,Active
A02296,C02296,B018,Salary,2023-05-26,436323.95,Active
A02297,C02297,B026,Salary,2025-05-21,56578.78,Active
A02298,C02298,B015,Savings,2022-12-17,266897.73,Active
A02299,C02299,B025,Savings,2023-03-24,441665.47,Active
A02300,C02300,B020,Salary,2023-05-27,400281.03,Active
A02301,C02301,B012,Salary,2026-07-09,467696.36,Inactive
A02302,C02302,B020,Business,2025-05-30,75175.21,Inactive
A02303,C02303,B012,Salary,2021-11-25,197795.23,Active
A02304,C02304,B020,Current,2023-12-12,229492.17,Inactive
A02305,C02305,B003,Current,2022-04-13,222399.45,Active
A02306,C02306,B023,Business,2022-11-10,376291.36,Inactive
A02307,C02307,B008,Salary,2024-03-10,203392.04,Active
A02308,C02308,B024,Business,2026-05-04,383631.64,Inactive
A02309,C02309,B030,Business,2023-11-19,274231.88,Active
A02310,C02310,B012,Salary,2023-04-05,249737.34,Inactive
A02311,C02311,B004,Current,2024-07-30,274512.95,Inactive
A02312,C02312,B024,Salary,2025-08-17,412466.32,Active
A02313,C02313,B006,Current,2026-08-02,112620.63,Active
A02314,C02314,B022,Business,2021-09-21,480900.32,Active
A02315,C02315,B010,Business,2022-12-05,443444.45,Active
A02316,C02316,B016,Business,2026-05-28,106372.8,Active
A02317,C02317,B001,Salary,2026-07-27,475956.9,Active
A02318,C02318,B003,Business,2022-03-16,210967.5,Active
A02319,C02319,B022,Salary,2023-05-19,91187.32,Active
A02320,C02320,B012,Current,2024-01-14,151283.19,Active
A02321,C02321,B004,Business,2022-03-29,495223.24,Inactive
A02322,C02322,B007,Business,2022-03-01,134656.28,Active
A02323,C02323,B027,Salary,2025-07-27,197207.58,Inactive
A02324,C02324,B018,Business,2024-06-04,298611.84,Inactive
A02325,C02325,B030,Savings,2024-04-12,112143.05,Active
A02326,C02326,B001,Savings,2026-06-20,142760.45,Active
A02327,C02327,B016,Current,2026-02-21,203774.46,Active
A02328,C02328,B023,Savings,2023-05-01,383926.38,Active
A02329,C02329,B024,Current,2026-06-18,390834.86,Active
A02330,C02330,B022,Current,2023-08-16,243864.36,Active
A02331,C02331,B013,Salary,2022-03-30,301163.51,Active
A02332,C02332,B003,Savings,2021-10-16,454382.21,Active
A02333,C02333,B013,Current,2025-07-24,291609.66,Active
A02334,C02334,B018,Business,2021-10-25,89317.74,Active
A02335,C02335,B009,Business,2023-07-21,66418.22,Active
A02336,C02336,B001,Savings,2021-11-17,270554.41,Inactive
A02337,C02337,B023,Business,2024-06-22,327741.79,Inactive
A02338,C02338,B011,Business,2026-06-18,265281.04,Active
A02339,C02339,B027,Business,2022-01-29,447723.06,Inactive
A02340,C02340,B020,Savings,2023-07-25,161283.3,Active
A02341,C02341,B004,Business,2026-05-26,66498.22,Active
A02342,C02342,B018,Business,2025-12-19,396311.08,Inactive
A02343,C02343,B012,Savings,2025-08-04,278681.51,Active
A02344,C02344,B029,Savings,2022-06-14,219170.94,Inactive
A02345,C02345,B007,Salary,2024-10-09,206159.23,Active
A02346,C02346,B004,Business,2026-02-21,104057.55,Active
A02347,C02347,B006,Business,2022-05-27,490629.56,Active
A02348,C02348,B027,Salary,2026-08-30,227072.51,Active
A02349,C02349,B024,Business,2026-05-25,56161.09,Active
A02350,C02350,B020,Business,2026-08-01,112869.71,Active
A02351,C02351,B003,Current,2024-12-23,265150.09,Active
A02352,C02352,B013,Current,2026-08-08,350361.2,Active
A02353,C02353,B025,Current,2022-02-20,323285.96,Active
A02354,C02354,B016,Savings,2026-02-18,215879.03,Inactive
A02355,C02355,B012,Current,2022-08-06,398695.58,Active
A02356,C02356,B004,Business,2021-12-01,114792.68,Active
A02357,C02357,B014,Savings,2024-05-30,402153.56,Active
A02358,C02358,B003,Business,2026-06-28,308890.52,Active
A02359,C02359,B009,Savings,2022-06-23,378384.92,Active
A02360,C02360,B010,Savings,2022-12-22,125122.94,Active
A02361,C02361,B020,Salary,2026-04-09,376118.87,Active
A02362,C02362,B017,Salary,2021-09-17,254243.46,Active
A02363,C02363,B023,Business,2025-04-24,452383.66,Active
A02364,C02364,B022,Savings,2024-04-29,80808.55,Active
A02365,C02365,B024,Current,2022-01-28,303859.54,Active
A02366,C02366,B005,Salary,2024-10-12,389711.88,Active
A02367,C02367,B004,Business,2022-12-01,405317.38,Active
A02368,C02368,B027,Current,2023-05-22,164722.27,Active
A02369,C02369,B021,Salary,2025-06-15,416875.36,Inactive
A02370,C02370,B029,Current,2025-12-05,452778.8,Active
A02371,C02371,B027,Current,2023-06-28,354800.87,Inactive
A02372,C02372,B026,Savings,2026-05-09,65149.57,Inactive
A02373,C02373,B008,Salary,2026-06-30,182213.71,Active
A02374,C02374,B027,Current,2021-10-08,363047.3,Active
A02375,C02375,B011,Current,2024-09-14,51438.93,Inactive
A02376,C02376,B007,Savings,2024-07-16,303538.33,Active
A02377,C02377,B029,Business,2026-08-18,300918.82,Active
A02378,C02378,B025,Savings,2022-04-17,327053.03,Inactive
A02379,C02379,B023,Salary,2023-03-16,184369.42,Inactive
A02380,C02380,B005,Salary,2025-02-09,457759.89,Active
A02381,C02381,B018,Current,2022-07-27,352796.01,Inactive
A02382,C02382,B016,Current,2026-01-30,167667.91,Active
A02383,C02383,B014,Business,2021-11-18,256570.03,Active
A02384,C02384,B029,Current,2026-05-06,111817.35,Inactive
A02385,C02385,B007,Business,2022-11-20,229146.52,Inactive
A02386,C02386,B023,Current,2026-06-08,64906.82,Active
A02387,C02387,B023,Salary,2026-05-31,487437.38,Active
A02388,C02388,B010,Current,2022-01-02,326975.84,Active
A02389,C02389,B024,Salary,2023-11-08,51558.52,Active
A02390,C02390,B026,Savings,2023-05-09,208838.38,Active
A02391,C02391,B006,Current,2024-01-25,219770.35,Active
A02392,C02392,B029,Savings,2024-02-16,51601.55,Active
A02393,C02393,B021,Salary,2023-05-02,148643.69,Active
A02394,C02394,B010,Salary,2026-07-02,81874.17,Active
A02395,C02395,B006,Salary,2025-07-06,126102.11,Active
A02396,C02396,B001,Salary,2025-11-19,222413.03,Active
A02397,C02397,B023,Savings,2024-08-31,63417.59,Inactive
A02398,C02398,B022,Savings,2026-02-10,490037.99,Inactive
A02399,C02399,B009,Savings,2023-05-14,308280.86,Active
A02400,C02400,B004,Salary,2025-07-13,250021.43,Active
A02401,C02401,B020,Savings,2022-03-19,449141.16,Inactive
A02402,C02402,B002,Salary,2023-01-15,158967.8,Active
A02403,C02403,B010,Salary,2023-12-10,495108.55,Active
A02404,C02404,B017,Current,2021-11-09,195844.03,Active
A02405,C02405,B022,Savings,2021-10-01,18444.88,Active
A02406,C02406,B011,Business,2025-11-21,163164.86,Active
A02407,C02407,B006,Current,2024-08-09,22440.16,Active
A02408,C02408,B008,Business,2025-09-22,194204.37,Inactive
A02409,C02409,B014,Business,2023-04-25,301974.45,Active
A02410,C02410,B019,Salary,2025-06-25,120695.18,Inactive
A02411,C02411,B003,Salary,2022-12-01,50968.25,Active
A02412,C02412,B021,Current,2025-02-03,306370.75,Active
A02413,C02413,B027,Current,2024-12-20,392803.61,Active
A02414,C02414,B005,Salary,2025-01-16,328583.98,Active
A02415,C02415,B010,Savings,2026-07-31,192380.62,Active
A02416,C02416,B017,Current,2026-04-11,138728.66,Active
A02417,C02417,B007,Salary,2023-06-01,338900.18,Active
A02418,C02418,B008,Salary,2025-02-07,108300.04,Active
A02419,C02419,B004,Business,2025-11-01,220909.1,Active
A02420,C02420,B024,Savings,2024-03-28,256326.52,Active
A02421,C02421,B026,Salary,2023-05-09,91985.3,Active
A02422,C02422,B024,Current,2023-08-03,194940.92,Active
A02423,C02423,B018,Salary,2026-05-04,175045.08,Inactive
A02424,C02424,B009,Current,2024-07-05,173312.78,Active
A02425,C02425,B019,Salary,2024-09-20,85729.16,Active
A02426,C02426,B020,Salary,2025-03-16,440173.28,Inactive
A02427,C02427,B027,Savings,2022-10-12,128125.64,Inactive
A02428,C02428,B026,Business,2023-06-18,145272.72,Active
A02429,C02429,B011,Savings,2022-09-22,420555.9,Inactive
A02430,C02430,B013,Salary,2024-10-27,27176.78,Inactive
A02431,C02431,B004,Current,2025-11-26,7242.46,Active
A02432,C02432,B009,Current,2025-11-11,277486.99,Inactive
A02433,C02433,B007,Salary,2021-10-20,493047.77,Inactive
A02434,C02434,B022,Business,2022-11-03,260590.68,Inactive
A02435,C02435,B014,Business,2021-11-04,296576.21,Active
A02436,C02436,B015,Savings,2022-08-16,207248.59,Active
A02437,C02437,B015,Savings,2025-02-27,436730.38,Inactive
A02438,C02438,B019,Savings,2025-04-25,47076.75,Active
A02439,C02439,B020,Business,2026-05-25,454551.58,Active
A02440,C02440,B001,Current,2021-09-24,400218.3,Active
A02441,C02441,B026,Business,2022-10-27,55801.37,Inactive
A02442,C02442,B016,Salary,2023-08-28,212321.51,Active
A02443,C02443,B001,Salary,2024-07-05,42903.92,Inactive
A02444,C02444,B001,Savings,2025-01-12,195257.93,Active
A02445,C02445,B009,Current,2026-08-06,106183.04,Active
A02446,C02446,B012,Business,2025-08-19,289864.42,Active
A02447,C02447,B001,Salary,2023-12-23,165481.54,Active
A02448,C02448,B021,Salary,2022-06-26,391862.22,Inactive
A02449,C02449,B028,Current,2025-07-24,244813.91,Active
A02450,C02450,B002,Current,2024-05-22,413287.89,Active
A02451,C02451,B029,Current,2026-06-14,398725.37,Inactive
A02452,C02452,B003,Business,2026-03-18,416562.19,Active
A02453,C02453,B029,Salary,2023-07-06,401760.96,Active
A02454,C02454,B010,Savings,2023-01-19,423019.81,Active
A02455,C02455,B002,Current,2021-12-29,271764.06,Inactive
A02456,C02456,B014,Current,2022-12-11,379007.1,Active
A02457,C02457,B017,Savings,2026-01-10,316446.58,Active
A02458,C02458,B017,Salary,2023-02-13,288620.27,Inactive
A02459,C02459,B028,Savings,2022-02-04,337230.73,Active
A02460,C02460,B011,Salary,2025-08-23,114263.68,Active
A02461,C02461,B001,Savings,2024-05-02,425826.17,Active
A02462,C02462,B015,Business,2026-06-04,302535.68,Active
A02463,C02463,B026,Current,2024-01-14,5759.23,Active
A02464,C02464,B021,Salary,2024-01-06,77977.72,Inactive
A02465,C02465,B015,Salary,2022-01-09,264469.53,Inactive
A02466,C02466,B002,Current,2025-04-14,196709.17,Inactive
A02467,C02467,B005,Savings,2024-12-18,472950.47,Inactive
A02468,C02468,B007,Salary,2023-02-04,155502.07,Active
A02469,C02469,B007,Salary,2025-08-16,204468.34,Inactive
A02470,C02470,B024,Current,2026-04-14,120151.43,Active
A02471,C02471,B022,Current,2025-09-07,102107.25,Active
A02472,C02472,B015,Business,2022-08-18,48944.75,Active
A02473,C02473,B015,Current,2024-12-16,419908.24,Inactive
A02474,C02474,B010,Salary,2024-03-16,433861.55,Inactive
A02475,C02475,B015,Business,2021-10-17,90664.37,Inactive
A02476,C02476,B029,Current,2024-10-20,197121.47,Inactive
A02477,C02477,B015,Salary,2023-06-30,349827.1,Inactive
A02478,C02478,B027,Business,2025-10-06,136158.23,Inactive
A02479,C02479,B025,Salary,2025-11-06,308571.49,Active
A02480,C02480,B021,Current,2025-09-10,470769.76,Active
A02481,C02481,B005,Salary,2022-12-15,424978.62,Inactive
A02482,C02482,B024,Business,2023-12-29,394669.69,Active
A02483,C02483,B025,Current,2025-07-23,240718.11,Inactive
A02484,C02484,B014,Business,2025-01-10,144289.31,Active
A02485,C02485,B028,Current,2025-10-13,16151.06,Inactive
A02486,C02486,B014,Business,2026-06-12,180572.28,Active
A02487,C02487,B020,Business,2024-07-30,178612.47,Active
A02488,C02488,B003,Savings,2023-03-06,161959.58,Inactive
A02489,C02489,B025,Current,2025-09-15,327611.65,Active
A02490,C02490,B002,Savings,2025-10-09,395439.35,Active
A02491,C02491,B019,Salary,2026-03-16,370545.04,Inactive
A02492,C02492,B012,Business,2023-12-22,181748.83,Active
A02493,C02493,B008,Salary,2024-02-10,362563.99,Active
A02494,C02494,B008,Salary,2023-07-08,329073.59,Inactive
A02495,C02495,B012,Current,2023-05-03,174268.45,Active
A02496,C02496,B030,Current,2024-03-06,433135.0,Active
A02497,C02497,B014,Business,2026-07-19,492007.4,Active
A02498,C02498,B028,Savings,2024-11-24,133813.06,Active
A02499,C02499,B028,Savings,2021-12-20,39719.09,Active
A02500,C02500,B027,Salary,2024-01-01,294532.58,Active
A02501,C02501,B027,Business,2023-08-11,43509.33,Inactive
A02502,C02502,B027,Salary,2024-10-27,496841.13,Active
A02503,C02503,B018,Savings,2024-03-27,343009.41,Active
A02504,C02504,B017,Current,2024-05-11,375693.5,Inactive
A02505,C02505,B026,Salary,2024-09-23,203887.55,Active
A02506,C02506,B010,Salary,2024-03-27,237840.0,Inactive
A02507,C02507,B030,Savings,2024-12-08,257809.72,Inactive
A02508,C02508,B017,Business,2024-04-11,336120.14,Active
A02509,C02509,B024,Business,2023-03-06,367873.44,Inactive
A02510,C02510,B013,Business,2024-01-29,276042.25,Active
A02511,C02511,B023,Savings,2026-04-08,371485.17,Active
A02512,C02512,B012,Business,2024-08-03,174831.26,Active
A02513,C02513,B001,Savings,2022-11-25,141732.06,Active
A02514,C02514,B023,Current,2022-02-09,347369.44,Active
A02515,C02515,B024,Current,2024-06-28,289254.51,Active
A02516,C02516,B016,Business,2026-08-30,454592.73,Active
A02517,C02517,B011,Salary,2024-02-05,419897.07,Active
A02518,C02518,B020,Business,2022-07-06,91493.91,Active
A02519,C02519,B003,Salary,2026-07-20,32123.6,Active
A02520,C02520,B007,Savings,2024-05-01,268307.39,Inactive
A02521,C02521,B002,Salary,2024-10-07,244853.97,Inactive
A02522,C02522,B028,Current,2024-12-28,110540.94,Active
A02523,C02523,B009,Business,2024-05-16,367950.01,Active
A02524,C02524,B006,Salary,2024-10-22,230327.55,Active
A02525,C02525,B027,Current,2024-03-13,6318.06,Active
A02526,C02526,B020,Salary,2025-07-10,144602.86,Active
A02527,C02527,B030,Current,2024-04-12,458580.34,Active
A02528,C02528,B026,Business,2023-09-21,324344.15,Active
A02529,C02529,B003,Business,2024-04-22,209741.8,Inactive
A02530,C02530,B016,Salary,2021-11-02,52278.46,Active
A02531,C02531,B007,Salary,2024-04-15,42795.66,Active
A02532,C02532,B001,Current,2025-12-04,180894.04,Active
A02533,C02533,B007,Salary,2021-12-10,450847.49,Inactive
A02534,C02534,B025,Salary,2024-02-12,269583.31,Active
A02535,C02535,B012,Current,2025-12-10,475678.8,Active
A02536,C02536,B021,Current,2024-10-21,348414.4,Inactive
A02537,C02537,B018,Salary,2026-07-15,175144.96,Active
A02538,C02538,B026,Salary,2025-08-25,354411.5,Active
A02539,C02539,B030,Current,2021-10-10,485707.17,Inactive
A02540,C02540,B011,Salary,2025-03-24,404787.28,Active
A02541,C02541,B013,Business,2024-07-05,175855.11,Active
A02542,C02542,B007,Current,2025-07-14,471519.7,Active
A02543,C02543,B019,Current,2023-10-21,158969.25,Active
A02544,C02544,B018,Savings,2022-10-14,367508.1,Active
A02545,C02545,B018,Savings,2026-01-27,410466.5,Inactive
A02546,C02546,B007,Salary,2023-05-27,67931.96,Active
A02547,C02547,B010,Current,2025-12-14,55884.19,Active
A02548,C02548,B019,Business,2022-03-15,373558.59,Active
A02549,C02549,B025,Savings,2022-07-17,421006.16,Active
A02550,C02550,B006,Savings,2022-03-24,259930.16,Active
A02551,C02551,B016,Current,2023-08-07,151120.05,Active
A02552,C02552,B010,Business,2021-10-24,48619.93,Active
A02553,C02553,B003,Salary,2024-12-08,441913.65,Active
A02554,C02554,B012,Current,2022-04-15,425242.57,Active
A02555,C02555,B011,Current,2024-11-19,24300.77,Active
A02556,C02556,B026,Salary,2024-10-21,151932.12,Inactive
A02557,C02557,B015,Savings,2021-12-21,337500.73,Active
A02558,C02558,B029,Savings,2024-09-13,310236.26,Inactive
A02559,C02559,B012,Salary,2025-01-11,333503.68,Active
A02560,C02560,B011,Business,2026-04-14,206354.73,Inactive
A02561,C02561,B008,Salary,2025-05-24,166140.48,Active
A02562,C02562,B004,Current,2021-11-17,300829.76,Active
A02563,C02563,B005,Business,2024-08-26,469685.98,Active
A02564,C02564,B011,Current,2024-04-24,32262.81,Active
A02565,C02565,B022,Savings,2023-05-01,467793.13,Active
A02566,C02566,B001,Business,2023-09-10,485990.99,Inactive
A02567,C02567,B021,Business,2026-07-21,346560.75,Active
A02568,C02568,B001,Savings,2023-10-27,448109.91,Active
A02569,C02569,B006,Salary,2023-10-02,71328.82,Active
A02570,C02570,B013,Current,2025-10-30,211614.6,Active
A02571,C02571,B005,Savings,2023-10-28,318245.73,Inactive
A02572,C02572,B012,Business,2023-10-05,89397.11,Inactive
A02573,C02573,B027,Business,2022-02-14,477528.71,Active
A02574,C02574,B017,Current,2021-11-21,317556.46,Inactive
A02575,C02575,B019,Savings,2026-03-20,374148.88,Active
A02576,C02576,B012,Current,2024-06-26,73880.39,Active
A02577,C02577,B016,Current,2024-08-17,381231.37,Inactive
A02578,C02578,B002,Current,2026-03-26,83160.82,Active
A02579,C02579,B002,Business,2022-03-16,456870.15,Active
A02580,C02580,B018,Salary,2021-12-08,309763.87,Active
A02581,C02581,B009,Current,2022-06-10,280468.05,Active
A02582,C02582,B005,Salary,2025-05-20,48744.29,Active
A02583,C02583,B006,Savings,2023-08-03,168935.42,Active
A02584,C02584,B023,Current,2023-06-11,457196.12,Inactive
A02585,C02585,B001,Business,2024-11-20,26739.32,Active
A02586,C02586,B006,Current,2022-03-29,134762.97,Inactive
A02587,C02587,B026,Salary,2024-08-17,424363.2,Inactive
A02588,C02588,B009,Business,2024-07-13,477536.58,Inactive
A02589,C02589,B023,Salary,2023-08-10,25620.73,Active
A02590,C02590,B009,Savings,2025-04-28,319109.34,Active
A02591,C02591,B014,Business,2023-01-26,481653.71,Active
A02592,C02592,B007,Savings,2022-08-10,51415.34,Inactive
A02593,C02593,B011,Salary,2023-02-08,218550.51,Active
A02594,C02594,B008,Business,2023-11-24,267767.35,Inactive
A02595,C02595,B024,Business,2023-05-03,177059.39,Active
A02596,C02596,B003,Current,2024-03-28,197729.65,Active
A02597,C02597,B014,Current,2026-05-31,443099.3,Active
A02598,C02598,B027,Savings,2025-02-26,442936.83,Active
A02599,C02599,B026,Current,2024-07-01,280226.22,Active
A02600,C02600,B030,Salary,2025-09-08,243587.23,Active
A02601,C02601,B022,Business,2026-02-28,451762.64,Active
A02602,C02602,B025,Savings,2023-08-11,111087.93,Active
A02603,C02603,B007,Salary,2023-07-14,65020.33,Active
A02604,C02604,B028,Salary,2025-01-28,366277.06,Active
A02605,C02605,B023,Salary,2026-04-09,157479.66,Active
A02606,C02606,B009,Business,2023-05-16,405395.15,Active
A02607,C02607,B012,Current,2026-06-13,157274.61,Active
A02608,C02608,B018,Current,2024-09-02,296319.36,Active
A02609,C02609,B024,Business,2024-07-22,239744.9,Active
A02610,C02610,B027,Salary,2022-05-30,365712.86,Active
A02611,C02611,B022,Business,2025-01-24,249245.07,Active
A02612,C02612,B028,Business,2025-04-10,408272.78,Inactive
A02613,C02613,B027,Salary,2022-01-20,193098.93,Active
A02614,C02614,B019,Current,2021-10-03,186942.18,Active
A02615,C02615,B028,Current,2025-09-21,265140.88,Active
A02616,C02616,B023,Savings,2025-10-15,381267.6,Active
A02617,C02617,B017,Current,2022-07-27,81359.89,Active
A02618,C02618,B007,Savings,2023-05-20,221210.85,Active
A02619,C02619,B014,Salary,2026-03-28,342346.64,Inactive
A02620,C02620,B016,Business,2023-09-13,321373.61,Active
A02621,C02621,B020,Business,2023-02-25,142878.23,Active
A02622,C02622,B016,Salary,2026-01-01,368362.68,Active
A02623,C02623,B027,Business,2025-01-21,170687.86,Active
A02624,C02624,B008,Salary,2026-08-28,319908.29,Active
A02625,C02625,B016,Salary,2025-09-09,449125.44,Active
A02626,C02626,B020,Current,2026-01-13,462264.06,Inactive
A02627,C02627,B009,Business,2025-06-24,482857.14,Active
A02628,C02628,B022,Savings,2021-12-11,354348.28,Active
A02629,C02629,B017,Business,2022-03-06,343532.59,Active
A02630,C02630,B014,Business,2023-12-20,164999.12,Active
A02631,C02631,B027,Savings,2022-09-29,396004.92,Inactive
A02632,C02632,B014,Salary,2025-01-04,170649.36,Active
A02633,C02633,B020,Business,2023-08-01,181018.39,Active
A02634,C02634,B003,Salary,2024-09-23,390431.62,Inactive
A02635,C02635,B010,Savings,2024-03-20,307631.78,Inactive
A02636,C02636,B017,Business,2024-05-10,122603.51,Active
A02637,C02637,B030,Savings,2022-06-12,285033.64,Active
A02638,C02638,B012,Current,2022-09-13,35207.65,Active
A02639,C02639,B013,Current,2026-09-04,419376.19,Active
A02640,C02640,B025,Salary,2026-08-07,289925.56,Active
A02641,C02641,B006,Salary,2024-09-25,76568.84,Active
A02642,C02642,B025,Current,2024-11-28,156128.28,Active
A02643,C02643,B016,Business,2023-01-13,208053.86,Active
A02644,C02644,B019,Salary,2025-01-27,220767.49,Active
A02645,C02645,B003,Savings,2025-11-30,140924.18,Active
A02646,C02646,B007,Salary,2024-03-20,279006.64,Active
A02647,C02647,B027,Salary,2026-09-13,435881.17,Inactive
A02648,C02648,B024,Current,2025-05-05,190490.34,Inactive
A02649,C02649,B013,Business,2026-06-26,56641.8,Active
A02650,C02650,B011,Salary,2022-03-24,139919.99,Active
A02651,C02651,B012,Current,2026-08-23,294956.42,Inactive
A02652,C02652,B002,Business,2026-05-24,244855.09,Active
A02653,C02653,B030,Business,2023-02-07,318331.07,Active
A02654,C02654,B016,Current,2026-01-24,28798.52,Active
A02655,C02655,B024,Current,2024-01-22,200568.43,Active
A02656,C02656,B020,Savings,2024-03-17,58007.34,Active
A02657,C02657,B023,Salary,2023-09-09,207340.17,Active
A02658,C02658,B026,Salary,2022-12-22,370242.19,Active
A02659,C02659,B003,Salary,2022-04-17,485075.74,Active
A02660,C02660,B018,Current,2023-06-11,431143.21,Inactive
A02661,C02661,B015,Salary,2021-12-28,438002.17,Active
A02662,C02662,B003,Current,2025-12-07,196207.29,Inactive
A02663,C02663,B009,Current,2026-09-05,471484.55,Active
A02664,C02664,B013,Business,2025-05-07,322467.13,Active
A02665,C02665,B010,Business,2025-09-11,6251.21,Active
A02666,C02666,B027,Business,2022-05-05,415917.32,Active
A02667,C02667,B022,Savings,2024-03-24,305539.19,Active
A02668,C02668,B015,Business,2024-10-29,190448.93,Active
A02669,C02669,B005,Salary,2022-09-09,152972.99,Active
A02670,C02670,B020,Current,2026-06-02,172831.34,Active
A02671,C02671,B014,Salary,2023-01-04,311856.69,Active
A02672,C02672,B017,Current,2022-05-10,261087.88,Active
A02673,C02673,B022,Business,2021-12-11,139696.09,Inactive
A02674,C02674,B014,Salary,2023-09-12,192721.5,Active
A02675,C02675,B019,Savings,2026-02-09,243297.35,Active
A02676,C02676,B011,Salary,2023-07-06,364015.68,Active
A02677,C02677,B021,Current,2026-01-27,321130.29,Active
A02678,C02678,B008,Business,2022-03-25,270836.51,Inactive
A02679,C02679,B004,Salary,2025-10-10,430612.59,Active
A02680,C02680,B005,Savings,2024-04-01,415883.87,Active
A02681,C02681,B025,Savings,2022-11-04,246004.06,Active
A02682,C02682,B010,Savings,2023-08-23,176158.24,Active
A02683,C02683,B019,Business,2026-02-10,235977.5,Active
A02684,C02684,B022,Savings,2024-04-28,59345.97,Active
A02685,C02685,B021,Salary,2024-03-11,233860.11,Active
A02686,C02686,B025,Salary,2025-06-01,309207.97,Active
A02687,C02687,B008,Savings,2023-05-24,410230.36,Active
A02688,C02688,B023,Business,2023-01-05,71078.48,Active
A02689,C02689,B012,Business,2024-10-13,481152.51,Active
A02690,C02690,B013,Salary,2026-03-24,56411.88,Active
A02691,C02691,B009,Business,2022-02-09,157965.2,Inactive
A02692,C02692,B018,Salary,2025-03-29,438390.43,Active
A02693,C02693,B015,Current,2024-10-31,311689.38,Active
A02694,C02694,B005,Current,2025-10-31,431048.19,Active
A02695,C02695,B012,Salary,2023-01-18,278580.41,Active
A02696,C02696,B016,Salary,2024-11-04,417267.86,Active
A02697,C02697,B030,Savings,2023-10-16,328542.45,Inactive
A02698,C02698,B002,Current,2025-12-26,394770.34,Active
A02699,C02699,B021,Savings,2023-12-20,389463.85,Inactive
A02700,C02700,B006,Current,2024-10-19,110635.45,Active
A02701,C02701,B015,Savings,2022-01-17,153788.59,Inactive
A02702,C02702,B004,Salary,2026-03-02,203221.35,Inactive
A02703,C02703,B021,Savings,2022-11-09,130970.29,Inactive
A02704,C02704,B022,Business,2026-04-11,361580.31,Active
A02705,C02705,B010,Savings,2024-12-02,280205.65,Active
A02706,C02706,B019,Salary,2025-01-02,497373.53,Active
A02707,C02707,B016,Salary,2021-09-28,189567.34,Inactive
A02708,C02708,B002,Savings,2022-07-24,233432.35,Active
A02709,C02709,B020,Business,2023-05-26,54882.61,Active
A02710,C02710,B015,Salary,2023-02-23,309808.47,Active
A02711,C02711,B022,Savings,2021-10-17,380199.35,Inactive
A02712,C02712,B024,Savings,2021-12-05,470358.02,Inactive
A02713,C02713,B019,Salary,2024-06-17,289438.9,Inactive
A02714,C02714,B018,Business,2022-11-06,351860.91,Active
A02715,C02715,B017,Salary,2025-10-27,160338.95,Active
A02716,C02716,B013,Current,2025-04-05,59371.77,Active
A02717,C02717,B019,Current,2024-02-05,333968.32,Inactive
A02718,C02718,B015,Business,2022-06-15,340043.68,Active
A02719,C02719,B007,Business,2023-10-26,245969.49,Active
A02720,C02720,B012,Salary,2022-12-22,353099.33,Inactive
A02721,C02721,B002,Business,2022-01-16,33607.5,Active
A02722,C02722,B005,Current,2026-07-13,138694.86,Active
A02723,C02723,B007,Current,2024-12-02,401418.5,Active
A02724,C02724,B025,Current,2023-02-06,307985.42,Active
A02725,C02725,B009,Current,2021-10-01,28328.53,Inactive
A02726,C02726,B030,Salary,2024-06-05,86659.4,Active
A02727,C02727,B020,Current,2021-12-22,218945.57,Active
A02728,C02728,B011,Business,2023-05-17,357572.4,Inactive
A02729,C02729,B015,Savings,2026-03-02,475593.56,Active
A02730,C02730,B017,Savings,2022-03-18,102028.52,Active
A02731,C02731,B022,Savings,2023-06-12,457515.63,Active
A02732,C02732,B026,Salary,2022-03-11,388218.8,Inactive
A02733,C02733,B027,Salary,2022-03-13,282556.32,Active
A02734,C02734,B013,Savings,2025-12-23,259264.75,Active
A02735,C02735,B006,Business,2026-01-22,122455.87,Inactive
A02736,C02736,B026,Salary,2025-09-04,355233.29,Active
A02737,C02737,B005,Business,2022-10-18,217436.29,Active
A02738,C02738,B003,Current,2021-10-12,337748.48,Active
A02739,C02739,B026,Current,2026-07-09,42401.62,Active
A02740,C02740,B011,Current,2021-09-17,403526.49,Active
A02741,C02741,B030,Savings,2023-04-23,294862.53,Active
A02742,C02742,B027,Salary,2026-04-18,405955.93,Active
A02743,C02743,B013,Salary,2024-01-12,228494.95,Active
A02744,C02744,B021,Salary,2024-09-06,191883.48,Active
A02745,C02745,B023,Current,2024-10-24,94527.42,Active
A02746,C02746,B009,Salary,2022-04-03,462644.49,Active
A02747,C02747,B017,Savings,2024-07-12,399659.84,Active
A02748,C02748,B003,Current,2026-06-25,194113.03,Inactive
A02749,C02749,B007,Savings,2021-09-15,345138.98,Active
A02750,C02750,B002,Current,2022-06-09,278545.35,Active
A02751,C02751,B023,Current,2026-02-10,225056.79,Inactive
A02752,C02752,B017,Salary,2025-11-04,391259.87,Active
A02753,C02753,B028,Business,2021-09-15,469854.31,Active
A02754,C02754,B013,Current,2024-09-03,87077.19,Active
A02755,C02755,B009,Current,2023-03-13,103171.5,Active
A02756,C02756,B009,Savings,2023-02-27,450203.09,Active
A02757,C02757,B006,Business,2024-07-03,88647.06,Active
A02758,C02758,B030,Business,2024-03-28,10651.87,Active
A02759,C02759,B017,Business,2025-08-16,439832.61,Inactive
A02760,C02760,B030,Salary,2024-07-07,237012.85,Inactive
A02761,C02761,B002,Savings,2025-06-04,495735.37,Inactive
A02762,C02762,B014,Savings,2026-01-06,485805.48,Active
A02763,C02763,B025,Business,2023-01-29,191722.14,Active
A02764,C02764,B001,Business,2022-09-16,213428.52,Inactive
A02765,C02765,B023,Savings,2022-12-27,320071.77,Active
A02766,C02766,B004,Business,2024-07-05,77904.47,Active
A02767,C02767,B018,Business,2023-01-19,282652.51,Active
A02768,C02768,B004,Business,2026-02-11,407891.59,Active
A02769,C02769,B002,Current,2026-04-03,443593.86,Active
A02770,C02770,B013,Salary,2023-08-29,328898.96,Inactive
A02771,C02771,B009,Business,2023-04-03,236297.75,Active
A02772,C02772,B019,Savings,2022-01-31,203632.63,Active
A02773,C02773,B023,Current,2022-03-16,306566.92,Active
A02774,C02774,B013,Salary,2026-04-30,399061.92,Active
A02775,C02775,B019,Business,2023-11-05,324360.6,Active
A02776,C02776,B010,Current,2024-12-27,171465.07,Active
A02777,C02777,B023,Business,2024-10-22,342925.14,Active
A02778,C02778,B018,Savings,2025-02-05,370009.5,Active
A02779,C02779,B018,Savings,2025-08-27,97974.96,Active
A02780,C02780,B019,Business,2022-05-02,234950.7,Active
A02781,C02781,B015,Salary,2023-04-11,91700.01,Active
A02782,C02782,B030,Current,2022-03-10,38157.43,Active
A02783,C02783,B021,Business,2021-10-04,365669.61,Active
A02784,C02784,B006,Business,2022-04-24,398965.7,Active
A02785,C02785,B006,Savings,2025-05-11,214604.59,Active
A02786,C02786,B018,Business,2025-07-20,186585.01,Active
A02787,C02787,B017,Savings,2024-02-18,75074.45,Active
A02788,C02788,B007,Salary,2022-09-21,274892.01,Active
A02789,C02789,B007,Savings,2025-02-21,7109.56,Active
A02790,C02790,B015,Current,2024-02-08,443267.81,Active
A02791,C02791,B028,Savings,2026-07-03,242608.9,Active
A02792,C02792,B030,Salary,2023-01-16,191803.98,Active
A02793,C02793,B025,Salary,2021-11-18,65448.28,Active
A02794,C02794,B024,Savings,2024-07-03,155607.8,Active
A02795,C02795,B005,Current,2023-04-23,98752.18,Active
A02796,C02796,B012,Business,2022-06-11,285299.38,Active
A02797,C02797,B030,Current,2021-09-21,172743.01,Inactive
A02798,C02798,B004,Business,2025-05-17,464828.8,Active
A02799,C02799,B028,Business,2026-04-29,351133.14,Active
A02800,C02800,B002,Salary,2024-01-17,208348.73,Inactive
A02801,C02801,B030,Savings,2022-03-19,447159.6,Active
A02802,C02802,B003,Current,2025-01-13,130556.36,Inactive
A02803,C02803,B001,Salary,2024-04-01,51145.22,Inactive
A02804,C02804,B009,Current,2024-08-27,381579.25,Active
A02805,C02805,B007,Current,2025-05-16,226867.93,Active
A02806,C02806,B004,Business,2022-04-06,383162.19,Inactive
A02807,C02807,B015,Business,2024-05-18,433506.36,Inactive
A02808,C02808,B028,Savings,2021-11-21,9648.02,Active
A02809,C02809,B008,Salary,2024-04-28,165675.71,Inactive
A02810,C02810,B022,Current,2024-08-12,422165.48,Inactive
A02811,C02811,B025,Current,2021-12-07,27080.56,Active
A02812,C02812,B006,Salary,2024-05-04,292171.34,Inactive
A02813,C02813,B024,Business,2021-10-11,169998.84,Inactive
A02814,C02814,B029,Salary,2022-05-29,497299.71,Active
A02815,C02815,B004,Savings,2025-05-08,154586.36,Active
A02816,C02816,B029,Savings,2024-08-13,295391.09,Inactive
A02817,C02817,B024,Current,2026-01-17,422630.16,Active
A02818,C02818,B012,Business,2026-08-26,14669.19,Active
A02819,C02819,B028,Salary,2023-12-13,85287.98,Active
A02820,C02820,B015,Salary,2023-09-05,409726.08,Active
A02821,C02821,B026,Business,2024-02-29,209710.49,Active
A02822,C02822,B004,Savings,2024-02-27,30356.37,Inactive
A02823,C02823,B013,Salary,2025-02-25,441150.85,Active
A02824,C02824,B010,Salary,2024-05-20,212072.15,Inactive
A02825,C02825,B005,Business,2025-04-21,80091.84,Inactive
A02826,C02826,B022,Current,2023-07-25,151541.43,Active
A02827,C02827,B009,Savings,2023-07-05,380314.83,Active
A02828,C02828,B020,Salary,2023-07-12,478535.94,Inactive
A02829,C02829,B017,Salary,2025-05-27,372113.28,Active
A02830,C02830,B027,Business,2022-08-01,192583.27,Active
A02831,C02831,B030,Business,2024-02-03,38501.27,Active
A02832,C02832,B030,Business,2024-02-21,391984.94,Inactive
A02833,C02833,B002,Business,2024-01-27,442160.21,Inactive
A02834,C02834,B015,Salary,2022-09-16,236851.75,Active
A02835,C02835,B019,Business,2025-04-23,76435.97,Active
A02836,C02836,B016,Business,2022-11-14,296683.49,Inactive
A02837,C02837,B003,Savings,2023-11-27,32311.19,Inactive
A02838,C02838,B025,Current,2025-12-24,494236.21,Active
A02839,C02839,B005,Business,2023-11-05,90333.68,Active
A02840,C02840,B014,Current,2023-08-29,147272.71,Active
A02841,C02841,B008,Current,2025-08-11,343783.39,Active
A02842,C02842,B002,Current,2024-03-19,111759.19,Active
A02843,C02843,B009,Salary,2023-06-01,192647.18,Inactive
A02844,C02844,B027,Savings,2026-04-24,418086.64,Inactive
A02845,C02845,B019,Salary,2025-01-30,355320.38,Active
A02846,C02846,B013,Salary,2023-08-26,328911.08,Active
A02847,C02847,B011,Business,2025-07-18,271154.44,Inactive
A02848,C02848,B011,Current,2025-12-08,301398.91,Active
A02849,C02849,B005,Salary,2023-03-18,125007.85,Active
A02850,C02850,B002,Business,2025-06-30,431435.51,Active
A02851,C02851,B009,Salary,2025-01-29,147197.86,Inactive
A02852,C02852,B025,Salary,2026-03-17,126477.42,Active
A02853,C02853,B019,Savings,2025-06-16,131682.91,Active
A02854,C02854,B012,Salary,2021-12-28,452734.56,Active
A02855,C02855,B011,Current,2021-09-29,487341.13,Inactive
A02856,C02856,B025,Salary,2021-09-21,485458.37,Active
A02857,C02857,B011,Savings,2023-08-29,242437.28,Inactive
A02858,C02858,B018,Business,2022-10-29,274456.44,Active
A02859,C02859,B022,Current,2022-04-04,25811.4,Active
A02860,C02860,B006,Savings,2024-05-23,128307.69,Active
A02861,C02861,B030,Business,2026-05-29,21920.42,Active
A02862,C02862,B020,Salary,2025-03-01,282290.41,Inactive
A02863,C02863,B030,Current,2025-09-14,475953.16,Active
A02864,C02864,B018,Business,2026-08-04,285100.84,Inactive
A02865,C02865,B006,Business,2025-07-04,105476.43,Active
A02866,C02866,B009,Current,2024-07-12,403755.06,Active
A02867,C02867,B026,Business,2025-12-07,90972.17,Active
A02868,C02868,B016,Business,2022-08-19,158306.21,Active
A02869,C02869,B014,Savings,2024-11-27,121055.12,Active
A02870,C02870,B018,Savings,2024-06-22,238148.66,Active
A02871,C02871,B011,Savings,2023-11-22,352283.99,Active
A02872,C02872,B017,Business,2023-08-17,159548.63,Active
A02873,C02873,B005,Savings,2024-10-08,77834.09,Active
A02874,C02874,B024,Savings,2025-10-28,45723.19,Inactive
A02875,C02875,B012,Salary,2023-12-23,186454.14,Active
A02876,C02876,B003,Business,2025-11-03,141336.26,Inactive
A02877,C02877,B020,Current,2023-10-14,330981.52,Active
A02878,C02878,B002,Salary,2025-11-25,205866.42,Active
A02879,C02879,B028,Business,2023-03-25,163171.3,Active
A02880,C02880,B025,Savings,2022-09-22,180978.3,Inactive
A02881,C02881,B022,Business,2024-02-12,130166.87,Active
A02882,C02882,B027,Savings,2024-01-11,118756.84,Inactive
A02883,C02883,B002,Business,2025-10-30,269604.13,Active
A02884,C02884,B010,Current,2026-09-14,104823.28,Active
A02885,C02885,B017,Business,2022-10-28,75170.57,Active
A02886,C02886,B023,Current,2022-03-02,201958.74,Active
A02887,C02887,B014,Savings,2021-11-27,398832.38,Active
A02888,C02888,B011,Business,2024-10-07,489022.51,Active
A02889,C02889,B008,Current,2025-03-10,203661.28,Active
A02890,C02890,B009,Salary,2022-01-02,252582.97,Active
A02891,C02891,B020,Business,2023-11-19,8448.82,Active
A02892,C02892,B002,Savings,2023-07-20,284920.66,Inactive
A02893,C02893,B020,Business,2026-08-07,336308.16,Active
A02894,C02894,B020,Current,2025-07-02,178446.79,Active
A02895,C02895,B002,Savings,2026-01-20,424950.96,Active
A02896,C02896,B018,Salary,2024-10-27,67532.29,Active
A02897,C02897,B023,Current,2026-06-07,484918.03,Inactive
A02898,C02898,B027,Savings,2025-07-11,416513.65,Active
A02899,C02899,B025,Business,2024-02-22,294817.84,Active
A02900,C02900,B019,Savings,2024-01-14,175117.15,Active
A02901,C02901,B030,Salary,2023-10-08,406224.27,Active
A02902,C02902,B014,Current,2024-06-26,402025.78,Inactive
A02903,C02903,B003,Salary,2025-03-16,302763.27,Active
A02904,C02904,B029,Business,2025-11-24,170452.19,Inactive
A02905,C02905,B010,Savings,2026-08-07,497484.92,Active
A02906,C02906,B030,Current,2024-07-05,153018.23,Inactive
A02907,C02907,B027,Current,2024-07-26,293497.83,Active
A02908,C02908,B013,Current,2025-05-24,176184.38,Active
A02909,C02909,B017,Current,2021-11-02,348084.81,Active
A02910,C02910,B010,Business,2022-01-25,365170.54,Active
A02911,C02911,B025,Business,2022-08-14,355598.63,Inactive
A02912,C02912,B016,Current,2023-09-08,441524.91,Active
A02913,C02913,B010,Current,2026-05-24,319501.41,Active
A02914,C02914,B021,Salary,2025-12-19,430664.33,Inactive
A02915,C02915,B017,Business,2024-05-03,86571.5,Inactive
A02916,C02916,B012,Business,2025-09-05,59607.23,Inactive
A02917,C02917,B025,Salary,2025-05-24,115286.23,Active
A02918,C02918,B027,Current,2022-09-09,308624.75,Active
A02919,C02919,B025,Current,2023-03-05,138754.27,Active
A02920,C02920,B021,Salary,2025-07-01,67053.72,Inactive
A02921,C02921,B019,Business,2022-12-05,480699.34,Active
A02922,C02922,B024,Savings,2025-05-15,285973.96,Active
A02923,C02923,B020,Savings,2022-10-02,212380.35,Active
A02924,C02924,B016,Current,2025-11-01,241551.72,Active
A02925,C02925,B010,Current,2022-06-08,205731.19,Active
A02926,C02926,B005,Salary,2023-02-21,134541.03,Active
A02927,C02927,B030,Savings,2022-02-28,114307.77,Active
A02928,C02928,B002,Savings,2025-02-17,360327.05,Active
A02929,C02929,B030,Savings,2024-04-28,456623.55,Active
A02930,C02930,B005,Business,2023-04-15,124654.77,Active
A02931,C02931,B025,Business,2022-04-22,96251.6,Active
A02932,C02932,B013,Salary,2026-08-03,456164.12,Active
A02933,C02933,B016,Salary,2023-02-13,213446.57,Active
A02934,C02934,B029,Savings,2026-01-11,318896.53,Active
A02935,C02935,B005,Current,2025-06-01,112626.69,Active
A02936,C02936,B020,Salary,2026-04-14,226945.68,Active
A02937,C02937,B006,Current,2022-03-28,289728.24,Active
A02938,C02938,B027,Salary,2023-05-24,310146.11,Inactive
A02939,C02939,B030,Business,2021-11-28,394820.73,Active
A02940,C02940,B012,Current,2022-03-01,432207.07,Active
A02941,C02941,B026,Current,2024-05-11,87251.22,Active
A02942,C02942,B024,Salary,2023-05-17,235161.79,Active
A02943,C02943,B013,Salary,2026-05-10,10245.9,Active
A02944,C02944,B005,Savings,2022-07-27,289451.43,Active
A02945,C02945,B014,Salary,2025-05-12,422001.3,Inactive
A02946,C02946,B003,Salary,2024-08-06,154047.48,Inactive
A02947,C02947,B017,Business,2026-09-02,128462.68,Active
A02948,C02948,B011,Salary,2024-04-16,331036.07,Active
A02949,C02949,B023,Salary,2023-05-10,92137.87,Active
A02950,C02950,B004,Business,2024-12-29,311525.38,Active
A02951,C02951,B024,Savings,2022-08-28,368680.14,Inactive
A02952,C02952,B012,Salary,2022-05-06,473314.2,Active
A02953,C02953,B020,Current,2022-07-14,156359.63,Active
A02954,C02954,B022,Business,2022-09-29,295803.63,Active
A02955,C02955,B011,Current,2026-04-16,370974.15,Active
A02956,C02956,B026,Salary,2024-08-14,91386.15,Inactive
A02957,C02957,B018,Current,2022-11-26,170515.07,Active
A02958,C02958,B008,Savings,2023-08-25,446508.65,Active
A02959,C02959,B001,Business,2024-09-16,120059.51,Active
A02960,C02960,B008,Current,2025-06-12,29984.44,Active
A02961,C02961,B014,Salary,2022-01-02,55228.08,Active
A02962,C02962,B005,Salary,2022-03-21,380285.73,Active
A02963,C02963,B001,Salary,2022-12-24,99484.32,Inactive
A02964,C02964,B006,Savings,2022-04-12,124655.12,Active
A02965,C02965,B002,Salary,2024-01-03,458347.99,Inactive
A02966,C02966,B002,Current,2026-02-11,128026.37,Active
A02967,C02967,B011,Savings,2025-06-21,410332.52,Inactive
A02968,C02968,B023,Savings,2022-11-23,185990.57,Active
A02969,C02969,B011,Business,2026-08-29,31798.8,Active
A02970,C02970,B021,Savings,2022-09-19,140324.5,Active
A02971,C02971,B029,Salary,2023-08-11,473420.14,Inactive
A02972,C02972,B010,Savings,2023-05-06,43954.64,Active
A02973,C02973,B012,Salary,2023-12-20,428646.21,Active
A02974,C02974,B011,Current,2022-02-05,257792.42,Active
A02975,C02975,B016,Savings,2025-03-29,295259.36,Active
A02976,C02976,B027,Salary,2023-01-02,452192.24,Active
A02977,C02977,B023,Current,2025-04-05,365966.87,Active
A02978,C02978,B020,Salary,2026-03-13,466142.3,Active
A02979,C02979,B020,Business,2023-11-10,59487.22,Inactive
A02980,C02980,B028,Salary,2022-10-13,182181.45,Active
A02981,C02981,B029,Business,2026-03-11,218960.14,Active
A02982,C02982,B006,Current,2026-03-27,490427.48,Inactive
A02983,C02983,B008,Savings,2024-06-19,420748.3,Inactive
A02984,C02984,B004,Business,2026-04-04,71393.3,Active
A02985,C02985,B022,Salary,2024-01-17,446429.77,Inactive
A02986,C02986,B008,Salary,2023-01-27,70054.53,Active
A02987,C02987,B015,Business,2025-03-27,470076.15,Active
A02988,C02988,B002,Salary,2025-06-03,81152.15,Active
A02989,C02989,B020,Business,2025-01-28,252982.55,Active
A02990,C02990,B022,Business,2022-11-25,299844.98,Inactive
A02991,C02991,B029,Savings,2022-04-09,156505.61,Active
A02992,C02992,B023,Business,2025-05-17,16869.45,Active
A02993,C02993,B024,Savings,2024-01-03,59105.62,Active
A02994,C02994,B030,Salary,2025-11-13,383818.8,Inactive
A02995,C02995,B024,Savings,2022-10-05,425541.67,Active
A02996,C02996,B020,Current,2023-12-01,245368.13,Active
A02997,C02997,B018,Current,2024-09-18,23941.13,Inactive
A02998,C02998,B022,Savings,2025-11-11,196007.5,Active
A02999,C02999,B018,Savings,2024-12-11,206777.73,Inactive
A03000,C03000,B023,Salary,2021-11-18,48854.52,Active
A03001,C03001,B030,Business,2023-10-20,465827.03,Active
A03002,C03002,B012,Savings,2022-05-18,332114.99,Inactive
A03003,C03003,B011,Business,2026-02-09,380578.98,Active
A03004,C03004,B013,Business,2022-05-15,92168.12,Active
A03005,C03005,B001,Business,2026-04-05,474876.96,Inactive
A03006,C03006,B006,Savings,2025-07-27,363381.21,Active
A03007,C03007,B022,Salary,2026-01-17,226477.15,Active
A03008,C03008,B015,Current,2026-03-08,179093.92,Active
A03009,C03009,B001,Business,2025-07-19,260303.69,Active
A03010,C03010,B018,Current,2024-11-16,29609.85,Inactive
A03011,C03011,B020,Business,2025-01-20,476388.49,Active
A03012,C03012,B004,Salary,2023-11-25,176606.33,Active
A03013,C03013,B020,Current,2023-04-01,208769.77,Active
A03014,C03014,B009,Business,2026-01-27,242998.96,Active
A03015,C03015,B014,Business,2024-06-06,265793.32,Inactive
A03016,C03016,B015,Salary,2021-09-23,38847.17,Active
A03017,C03017,B025,Business,2025-07-28,447141.64,Active
A03018,C03018,B014,Salary,2026-01-24,180390.09,Active
A03019,C03019,B012,Salary,2023-11-10,411408.27,Active
A03020,C03020,B010,Current,2022-10-18,463433.52,Active
A03021,C03021,B017,Savings,2022-12-03,458471.99,Inactive
A03022,C03022,B007,Current,2024-11-04,13047.47,Active
A03023,C03023,B005,Salary,2025-11-06,266981.71,Active
A03024,C03024,B014,Salary,2025-03-11,380418.76,Active
A03025,C03025,B008,Business,2022-04-24,353235.4,Inactive
A03026,C03026,B026,Current,2023-01-17,14122.12,Active
A03027,C03027,B004,Business,2025-03-01,250088.89,Inactive
A03028,C03028,B004,Current,2023-03-29,420626.39,Active
A03029,C03029,B012,Salary,2023-07-23,276015.43,Active
A03030,C03030,B001,Savings,2024-06-24,76070.77,Active
A03031,C03031,B005,Salary,2022-06-13,477875.94,Active
A03032,C03032,B011,Salary,2025-11-15,16768.67,Active
A03033,C03033,B011,Salary,2026-03-31,296977.72,Active
A03034,C03034,B017,Savings,2026-06-16,334574.95,Active
A03035,C03035,B019,Business,2024-09-27,203723.49,Inactive
A03036,C03036,B008,Business,2025-06-22,71876.79,Inactive
A03037,C03037,B004,Business,2023-10-04,111204.78,Active
A03038,C03038,B026,Salary,2025-06-10,128121.67,Active
A03039,C03039,B025,Savings,2024-07-05,18611.03,Active
A03040,C03040,B010,Current,2021-10-28,159871.32,Active
A03041,C03041,B020,Current,2022-08-28,493028.33,Inactive
A03042,C03042,B023,Salary,2024-01-28,57646.51,Inactive
A03043,C03043,B011,Salary,2023-08-10,209589.59,Inactive
A03044,C03044,B005,Business,2022-11-14,348127.58,Active
A03045,C03045,B004,Business,2022-05-15,82597.31,Active
A03046,C03046,B005,Business,2024-08-27,390104.6,Inactive
A03047,C03047,B002,Savings,2025-07-13,87137.13,Active
A03048,C03048,B002,Current,2023-07-25,116105.1,Active
A03049,C03049,B002,Salary,2025-06-17,194209.61,Inactive
A03050,C03050,B015,Savings,2025-10-13,96303.84,Active
A03051,C03051,B022,Salary,2024-06-07,261735.26,Active
A03052,C03052,B027,Salary,2023-11-19,55633.05,Active
A03053,C03053,B025,Savings,2022-12-30,171723.05,Inactive
A03054,C03054,B013,Business,2024-02-06,26505.04,Active
A03055,C03055,B028,Current,2024-08-07,112667.39,Active
A03056,C03056,B016,Salary,2023-01-08,386805.44,Inactive
A03057,C03057,B021,Savings,2026-01-07,293933.09,Inactive
A03058,C03058,B026,Current,2024-12-05,211060.68,Active
A03059,C03059,B005,Business,2022-07-25,198499.49,Active
A03060,C03060,B027,Salary,2021-12-18,154859.33,Active
A03061,C03061,B001,Current,2025-08-24,84234.99,Active
A03062,C03062,B023,Current,2025-10-15,129275.74,Inactive
A03063,C03063,B007,Savings,2024-08-24,125936.6,Inactive
A03064,C03064,B008,Business,2025-04-05,43020.66,Active
A03065,C03065,B002,Current,2024-01-17,471795.86,Active
A03066,C03066,B030,Savings,2023-09-30,349247.81,Inactive
A03067,C03067,B022,Business,2023-01-24,317492.73,Active
A03068,C03068,B030,Salary,2026-02-25,395053.2,Active
A03069,C03069,B022,Business,2026-02-14,8168.55,Active
A03070,C03070,B001,Salary,2022-01-24,229829.04,Active
A03071,C03071,B028,Savings,2023-02-17,416255.54,Active
A03072,C03072,B024,Salary,2022-03-07,424264.46,Inactive
A03073,C03073,B022,Current,2025-03-15,444753.47,Inactive
A03074,C03074,B014,Current,2022-09-16,148285.69,Active
A03075,C03075,B008,Salary,2025-08-25,43853.52,Active
A03076,C03076,B007,Savings,2022-09-28,260255.99,Active
A03077,C03077,B028,Savings,2022-05-18,159464.98,Active
A03078,C03078,B030,Savings,2024-07-16,350216.75,Active
A03079,C03079,B006,Salary,2024-04-22,319909.54,Inactive
A03080,C03080,B028,Savings,2025-06-17,158310.28,Inactive
A03081,C03081,B002,Salary,2023-10-31,209964.9,Active
A03082,C03082,B026,Savings,2024-01-15,404302.72,Inactive
A03083,C03083,B015,Savings,2025-05-28,151476.53,Inactive
A03084,C03084,B017,Current,2023-10-30,39258.44,Active
A03085,C03085,B004,Salary,2024-07-09,405615.49,Active
A03086,C03086,B025,Business,2025-08-07,139524.3,Inactive
A03087,C03087,B005,Current,2024-07-24,231573.7,Inactive
A03088,C03088,B020,Salary,2023-06-08,396326.94,Inactive
A03089,C03089,B024,Salary,2023-07-23,18524.09,Active
A03090,C03090,B028,Business,2025-04-29,136434.7,Inactive
A03091,C03091,B001,Current,2022-06-21,127231.45,Active
A03092,C03092,B023,Current,2022-06-26,199626.28,Active
A03093,C03093,B003,Current,2022-04-22,408831.07,Inactive
A03094,C03094,B010,Savings,2024-12-26,7131.97,Inactive
A03095,C03095,B001,Current,2022-05-21,88075.69,Inactive
A03096,C03096,B012,Current,2022-07-29,470450.07,Active
A03097,C03097,B012,Business,2026-03-17,463102.53,Inactive
A03098,C03098,B008,Savings,2025-03-28,344295.32,Active
A03099,C03099,B003,Savings,2024-05-28,498243.14,Inactive
A03100,C03100,B021,Salary,2025-12-31,151184.73,Active
A03101,C03101,B006,Salary,2022-04-07,116800.41,Active
A03102,C03102,B013,Salary,2021-11-29,15552.57,Active
A03103,C03103,B015,Salary,2026-01-09,475538.7,Inactive
A03104,C03104,B015,Salary,2023-08-11,439022.92,Inactive
A03105,C03105,B025,Salary,2024-11-10,256838.96,Active
A03106,C03106,B015,Savings,2023-02-20,449600.63,Active
A03107,C03107,B013,Savings,2025-01-11,17549.82,Active
A03108,C03108,B030,Business,2024-01-06,399976.53,Active
A03109,C03109,B025,Savings,2026-08-24,225035.31,Active
A03110,C03110,B021,Business,2023-10-09,160033.32,Active
A03111,C03111,B020,Current,2024-11-02,405427.64,Active
A03112,C03112,B015,Savings,2025-05-17,59770.8,Active
A03113,C03113,B015,Savings,2021-09-27,288998.54,Inactive
A03114,C03114,B027,Savings,2023-02-28,496386.74,Active
A03115,C03115,B020,Savings,2025-06-27,89259.49,Active
A03116,C03116,B009,Salary,2022-04-20,150393.71,Active
A03117,C03117,B011,Business,2025-12-10,226630.76,Active
A03118,C03118,B008,Current,2025-02-03,334463.75,Active
A03119,C03119,B022,Business,2024-01-26,492538.83,Active
A03120,C03120,B012,Current,2024-08-20,118261.84,Active
A03121,C03121,B016,Savings,2023-06-16,410179.04,Active
A03122,C03122,B012,Current,2022-11-18,453901.4,Active
A03123,C03123,B010,Current,2021-11-23,195439.77,Inactive
A03124,C03124,B012,Current,2025-02-01,361073.76,Active
A03125,C03125,B024,Business,2023-10-09,325559.27,Inactive
A03126,C03126,B008,Savings,2022-08-12,497252.56,Active
A03127,C03127,B019,Salary,2022-08-04,382857.64,Active
A03128,C03128,B009,Business,2023-11-06,360240.18,Active
A03129,C03129,B030,Current,2023-06-14,397426.02,Active
A03130,C03130,B028,Business,2022-10-27,429622.2,Active
A03131,C03131,B027,Current,2022-11-26,433549.59,Inactive
A03132,C03132,B018,Business,2024-03-13,333571.81,Active
A03133,C03133,B023,Savings,2021-12-19,495561.31,Active
A03134,C03134,B009,Current,2022-02-22,396560.29,Inactive
A03135,C03135,B030,Business,2025-09-21,222957.62,Active
A03136,C03136,B014,Savings,2026-07-25,185819.19,Active
A03137,C03137,B016,Current,2024-04-01,413254.48,Inactive
A03138,C03138,B020,Current,2022-03-04,63628.97,Active
A03139,C03139,B013,Current,2024-02-24,172805.58,Inactive
A03140,C03140,B023,Current,2023-09-07,467559.07,Active
A03141,C03141,B025,Salary,2024-01-20,199606.73,Inactive
A03142,C03142,B007,Business,2023-02-28,12709.88,Active
A03143,C03143,B022,Salary,2022-07-05,183506.51,Active
A03144,C03144,B028,Current,2023-04-04,301653.39,Active
A03145,C03145,B009,Current,2024-03-03,240340.87,Active
A03146,C03146,B024,Business,2022-05-13,201778.72,Active
A03147,C03147,B012,Salary,2023-05-20,67440.88,Active
A03148,C03148,B011,Savings,2021-10-13,312463.3,Active
A03149,C03149,B013,Savings,2023-11-17,8508.55,Active
A03150,C03150,B026,Savings,2025-06-30,335275.06,Active
A03151,C03151,B003,Salary,2022-01-12,214945.53,Inactive
A03152,C03152,B003,Business,2024-11-25,100300.6,Active
A03153,C03153,B026,Salary,2022-06-03,484131.72,Active
A03154,C03154,B005,Savings,2021-12-29,428430.78,Active
A03155,C03155,B002,Current,2025-11-23,329298.54,Active
A03156,C03156,B017,Salary,2026-05-22,334674.66,Inactive
A03157,C03157,B027,Savings,2024-12-16,383260.21,Inactive
A03158,C03158,B016,Current,2024-06-17,102337.86,Active
A03159,C03159,B003,Savings,2025-08-24,135529.55,Active
A03160,C03160,B017,Savings,2023-02-24,249426.16,Inactive
A03161,C03161,B021,Current,2022-04-01,315924.17,Inactive
A03162,C03162,B028,Salary,2024-07-26,484866.42,Inactive
A03163,C03163,B003,Current,2025-05-21,67590.37,Active
A03164,C03164,B025,Current,2025-11-25,439999.29,Active
A03165,C03165,B014,Current,2022-05-19,376573.19,Inactive
A03166,C03166,B027,Salary,2026-01-11,65174.3,Inactive
A03167,C03167,B003,Current,2025-09-24,415092.64,Active
A03168,C03168,B007,Business,2026-05-01,134590.23,Active
A03169,C03169,B023,Business,2022-04-09,305737.6,Inactive
A03170,C03170,B017,Current,2024-06-24,161847.76,Active
A03171,C03171,B014,Business,2026-02-16,220099.98,Active
A03172,C03172,B027,Current,2025-02-05,77934.26,Active
A03173,C03173,B023,Current,2024-05-03,331001.66,Active
A03174,C03174,B005,Current,2026-01-04,443328.04,Inactive
A03175,C03175,B026,Business,2026-08-03,456197.11,Active
A03176,C03176,B013,Current,2026-02-20,233242.21,Active
A03177,C03177,B020,Salary,2024-10-11,423601.51,Active
A03178,C03178,B030,Current,2022-07-20,159945.55,Inactive
A03179,C03179,B025,Salary,2024-08-26,132778.41,Active
A03180,C03180,B025,Current,2025-11-07,401710.23,Inactive
A03181,C03181,B025,Business,2024-11-27,256111.33,Active
A03182,C03182,B003,Salary,2022-08-16,392661.07,Active
A03183,C03183,B008,Savings,2024-03-03,215912.41,Active
A03184,C03184,B020,Savings,2024-07-20,163634.91,Inactive
A03185,C03185,B016,Savings,2023-01-11,421251.02,Active
A03186,C03186,B023,Salary,2025-06-15,298946.92,Active
A03187,C03187,B025,Business,2025-05-16,350807.21,Active
A03188,C03188,B025,Business,2024-07-17,267670.09,Active
A03189,C03189,B006,Salary,2024-01-30,290678.01,Active
A03190,C03190,B001,Salary,2026-04-25,477492.2,Active
A03191,C03191,B015,Current,2022-02-13,62533.77,Active
A03192,C03192,B029,Business,2025-04-20,200658.55,Active
A03193,C03193,B007,Current,2024-10-02,99179.59,Active
A03194,C03194,B003,Savings,2024-11-07,91728.5,Active
A03195,C03195,B012,Business,2023-07-09,236861.52,Active
A03196,C03196,B024,Business,2026-08-24,485234.81,Active
A03197,C03197,B020,Salary,2026-06-04,488489.21,Active
A03198,C03198,B025,Salary,2021-11-04,38386.78,Active
A03199,C03199,B009,Business,2023-10-08,138369.01,Active
A03200,C03200,B003,Savings,2025-01-26,242344.72,Active
A03201,C03201,B013,Business,2021-11-01,10865.48,Inactive
A03202,C03202,B005,Salary,2025-09-21,199507.71,Inactive
A03203,C03203,B028,Business,2025-07-26,56516.11,Active
A03204,C03204,B012,Salary,2026-07-17,366490.24,Active
A03205,C03205,B007,Current,2022-10-02,20161.46,Active
A03206,C03206,B018,Savings,2026-05-31,183939.4,Active
A03207,C03207,B002,Current,2025-03-29,291128.07,Active
A03208,C03208,B021,Salary,2024-01-04,497142.01,Active
A03209,C03209,B017,Business,2024-07-29,115469.96,Active
A03210,C03210,B026,Savings,2026-08-22,24461.12,Inactive
A03211,C03211,B022,Current,2023-03-07,46196.15,Inactive
A03212,C03212,B008,Business,2026-07-26,490886.99,Active
A03213,C03213,B018,Salary,2025-07-25,78926.22,Active
A03214,C03214,B016,Current,2026-08-22,8258.83,Inactive
A03215,C03215,B028,Savings,2022-09-28,277454.53,Active
A03216,C03216,B018,Business,2026-08-25,130425.23,Active
A03217,C03217,B014,Current,2024-05-25,247578.08,Inactive
A03218,C03218,B025,Current,2026-07-15,316469.17,Active
A03219,C03219,B003,Current,2025-03-30,314229.28,Active
A03220,C03220,B012,Salary,2022-04-19,50230.33,Active
A03221,C03221,B001,Salary,2026-04-03,443075.91,Active
A03222,C03222,B017,Savings,2026-02-05,311129.5,Active
A03223,C03223,B023,Current,2023-05-24,68766.55,Active
A03224,C03224,B007,Savings,2025-07-03,11368.13,Inactive
A03225,C03225,B001,Business,2021-12-21,71646.99,Active
A03226,C03226,B011,Savings,2024-07-20,81002.66,Active
A03227,C03227,B001,Current,2026-05-29,336484.45,Active
A03228,C03228,B029,Salary,2022-01-15,102758.24,Inactive
A03229,C03229,B011,Current,2023-01-15,289286.24,Inactive
A03230,C03230,B025,Current,2022-11-08,425463.24,Active
A03231,C03231,B028,Savings,2023-02-09,436244.05,Inactive
A03232,C03232,B008,Savings,2025-11-10,213903.3,Inactive
A03233,C03233,B020,Business,2024-05-13,418893.43,Inactive
A03234,C03234,B024,Salary,2026-08-07,9578.62,Active
A03235,C03235,B028,Savings,2024-06-16,130848.38,Active
A03236,C03236,B030,Salary,2023-10-01,36817.42,Active
A03237,C03237,B013,Savings,2022-08-14,220767.58,Active
A03238,C03238,B019,Business,2022-12-04,7120.67,Active
A03239,C03239,B010,Salary,2025-10-14,278397.92,Active
A03240,C03240,B011,Savings,2022-05-08,247451.71,Active
A03241,C03241,B005,Business,2022-05-04,415917.09,Active
A03242,C03242,B017,Savings,2023-08-11,295242.52,Active
A03243,C03243,B004,Savings,2022-06-20,182539.07,Active
A03244,C03244,B027,Savings,2024-12-03,328827.49,Inactive
A03245,C03245,B020,Business,2024-07-25,53864.17,Active
A03246,C03246,B004,Salary,2025-03-17,419046.34,Active
A03247,C03247,B012,Current,2024-01-30,350574.79,Active
A03248,C03248,B005,Savings,2026-07-02,165566.72,Active
A03249,C03249,B015,Business,2025-05-16,319800.71,Active
A03250,C03250,B012,Salary,2022-12-26,371384.15,Active
A03251,C03251,B016,Business,2024-03-10,91306.61,Active
A03252,C03252,B024,Current,2024-01-18,299928.12,Active
A03253,C03253,B025,Savings,2026-08-10,48035.11,Active
A03254,C03254,B025,Current,2022-11-22,409450.32,Active
A03255,C03255,B017,Business,2022-12-22,418237.87,Inactive
A03256,C03256,B015,Current,2022-09-20,203923.64,Active
A03257,C03257,B003,Business,2024-07-07,141798.39,Active
A03258,C03258,B008,Savings,2023-10-20,131089.91,Active
A03259,C03259,B026,Savings,2025-08-08,354815.84,Inactive
A03260,C03260,B004,Business,2023-11-21,38366.45,Active
A03261,C03261,B027,Current,2026-04-18,93154.98,Active
A03262,C03262,B012,Salary,2025-06-22,480014.03,Active
A03263,C03263,B022,Salary,2025-06-21,300147.35,Active
A03264,C03264,B002,Salary,2025-10-20,369543.85,Active
A03265,C03265,B019,Business,2022-08-12,224262.56,Inactive
A03266,C03266,B016,Savings,2025-11-05,57952.51,Active
A03267,C03267,B026,Business,2026-02-17,494772.31,Active
A03268,C03268,B001,Salary,2023-11-03,380505.08,Inactive
A03269,C03269,B014,Current,2023-11-01,223865.2,Active
A03270,C03270,B011,Savings,2023-05-28,48442.76,Inactive
A03271,C03271,B001,Salary,2025-10-29,484150.01,Inactive
A03272,C03272,B030,Savings,2023-06-27,400006.11,Active
A03273,C03273,B029,Salary,2026-08-31,331352.29,Active
A03274,C03274,B006,Savings,2022-08-29,389410.88,Active
A03275,C03275,B013,Business,2024-07-10,35090.01,Active
A03276,C03276,B009,Business,2025-10-19,219148.36,Active
A03277,C03277,B005,Current,2022-02-01,8481.07,Inactive
A03278,C03278,B009,Business,2025-12-18,451739.41,Active
A03279,C03279,B024,Current,2022-12-15,366608.7,Inactive
A03280,C03280,B019,Current,2024-07-08,235938.44,Active
A03281,C03281,B023,Business,2026-03-29,467845.43,Active
A03282,C03282,B007,Business,2023-05-19,375343.3,Active
A03283,C03283,B029,Current,2023-12-05,259115.19,Inactive
A03284,C03284,B017,Savings,2024-12-20,275318.62,Active
A03285,C03285,B025,Current,2022-10-18,484731.47,Inactive
A03286,C03286,B013,Current,2026-01-02,30319.03,Active
A03287,C03287,B021,Savings,2022-09-30,237780.66,Inactive
A03288,C03288,B019,Salary,2025-11-11,309660.88,Active
A03289,C03289,B026,Salary,2023-11-11,159753.3,Active
A03290,C03290,B028,Salary,2023-03-03,142166.37,Active
A03291,C03291,B015,Business,2024-02-27,292857.55,Active
A03292,C03292,B024,Business,2023-10-04,72041.67,Active
A03293,C03293,B010,Current,2024-01-08,152370.52,Inactive
A03294,C03294,B027,Salary,2025-05-07,496789.64,Active
A03295,C03295,B023,Business,2023-02-15,20341.32,Active
A03296,C03296,B008,Salary,2024-11-11,291970.84,Active
A03297,C03297,B030,Salary,2026-01-18,477628.35,Active
A03298,C03298,B015,Business,2026-07-20,185117.76,Active
A03299,C03299,B015,Current,2024-09-18,461356.75,Inactive
A03300,C03300,B011,Business,2022-05-03,334666.61,Active
A03301,C03301,B013,Business,2022-10-18,265492.58,Active
A03302,C03302,B010,Savings,2023-02-11,246958.83,Active
A03303,C03303,B002,Business,2025-09-10,327816.6,Active
A03304,C03304,B026,Business,2025-06-17,235517.41,Inactive
A03305,C03305,B004,Current,2024-09-12,161569.96,Active
A03306,C03306,B021,Savings,2025-11-01,248505.12,Active
A03307,C03307,B013,Current,2024-01-07,78563.05,Active
A03308,C03308,B023,Salary,2026-02-12,144847.99,Active
A03309,C03309,B029,Current,2025-01-11,207356.11,Active
A03310,C03310,B005,Salary,2023-04-04,342648.36,Active
A03311,C03311,B024,Current,2024-05-27,115983.12,Active
A03312,C03312,B030,Business,2022-11-03,160955.2,Active
A03313,C03313,B015,Current,2021-09-26,160213.18,Active
A03314,C03314,B026,Savings,2025-09-27,145948.02,Inactive
A03315,C03315,B005,Salary,2022-08-29,299146.59,Active
A03316,C03316,B007,Current,2022-02-02,484446.56,Active
A03317,C03317,B009,Business,2025-03-07,246212.94,Active
A03318,C03318,B014,Salary,2025-03-20,443683.78,Active
A03319,C03319,B023,Salary,2025-12-27,160411.84,Active
A03320,C03320,B023,Business,2023-03-09,493413.8,Active
A03321,C03321,B030,Current,2022-08-19,23190.19,Inactive
A03322,C03322,B004,Business,2023-08-22,129480.84,Active
A03323,C03323,B014,Salary,2021-10-08,136407.13,Active
A03324,C03324,B019,Salary,2025-04-02,400663.74,Inactive
A03325,C03325,B004,Current,2024-09-16,58347.91,Active
A03326,C03326,B030,Savings,2022-08-11,478493.18,Active
A03327,C03327,B016,Savings,2024-02-06,422155.75,Active
A03328,C03328,B001,Business,2025-12-07,368796.74,Active
A03329,C03329,B029,Current,2022-08-19,88585.67,Active
A03330,C03330,B030,Current,2023-11-28,329826.55,Active
A03331,C03331,B012,Business,2024-05-28,151539.61,Inactive
A03332,C03332,B018,Salary,2024-08-31,127924.53,Active
A03333,C03333,B030,Salary,2025-04-21,188634.3,Active
A03334,C03334,B026,Salary,2023-07-01,292413.0,Active
A03335,C03335,B005,Business,2026-04-05,110061.76,Active
A03336,C03336,B014,Savings,2023-05-06,252362.59,Inactive
A03337,C03337,B025,Salary,2025-08-28,461851.31,Active
A03338,C03338,B008,Current,2022-07-06,246638.52,Active
A03339,C03339,B019,Savings,2023-02-22,135112.21,Inactive
A03340,C03340,B002,Savings,2026-06-22,262176.55,Active
A03341,C03341,B013,Business,2024-12-31,361831.99,Active
A03342,C03342,B014,Savings,2025-11-20,95952.14,Active
A03343,C03343,B005,Savings,2023-06-06,284295.72,Active
A03344,C03344,B011,Savings,2024-07-06,203203.48,Inactive
A03345,C03345,B025,Savings,2024-08-13,218674.64,Inactive
A03346,C03346,B001,Savings,2023-04-18,478311.93,Active
A03347,C03347,B006,Savings,2023-08-04,32629.38,Active
A03348,C03348,B009,Salary,2023-05-01,307742.7,Inactive
A03349,C03349,B014,Business,2025-12-20,447553.16,Active
A03350,C03350,B013,Current,2024-08-08,365417.34,Active
A03351,C03351,B022,Current,2025-12-07,378680.05,Active
A03352,C03352,B019,Savings,2023-10-28,371613.14,Active
A03353,C03353,B019,Business,2022-10-30,392682.33,Active
A03354,C03354,B004,Savings,2025-02-06,425799.92,Active
A03355,C03355,B001,Business,2022-01-19,47094.64,Active
A03356,C03356,B030,Business,2026-08-24,25851.24,Active
A03357,C03357,B029,Current,2026-02-27,442807.97,Active
A03358,C03358,B021,Business,2023-01-17,225013.36,Active
A03359,C03359,B006,Business,2024-02-03,390804.88,Active
A03360,C03360,B010,Salary,2022-10-11,248042.8,Inactive
A03361,C03361,B026,Current,2023-08-08,445878.74,Active
A03362,C03362,B002,Business,2026-01-13,100790.26,Active
A03363,C03363,B023,Savings,2023-09-24,480192.93,Active
A03364,C03364,B014,Savings,2025-01-12,451260.7,Active
A03365,C03365,B014,Business,2025-01-25,186009.04,Active
A03366,C03366,B005,Salary,2023-04-17,248079.45,Active
A03367,C03367,B028,Business,2023-12-12,410144.42,Active
A03368,C03368,B021,Business,2022-05-08,443627.68,Active
A03369,C03369,B015,Current,2024-07-24,348913.37,Active
A03370,C03370,B030,Salary,2024-09-21,92557.6,Inactive
A03371,C03371,B007,Business,2023-05-16,277305.59,Active
A03372,C03372,B016,Business,2023-12-31,275990.21,Active
A03373,C03373,B001,Business,2025-03-16,6783.74,Active
A03374,C03374,B014,Salary,2023-09-16,241882.88,Inactive
A03375,C03375,B025,Savings,2024-08-16,497033.68,Active
A03376,C03376,B005,Business,2022-04-16,476980.41,Active
A03377,C03377,B018,Salary,2023-03-17,81756.29,Active
A03378,C03378,B026,Current,2024-10-12,258761.51,Active
A03379,C03379,B029,Business,2022-04-05,345073.62,Active
A03380,C03380,B023,Business,2022-03-06,132292.97,Inactive
A03381,C03381,B001,Savings,2023-10-24,174092.06,Inactive
A03382,C03382,B003,Business,2022-04-04,21471.32,Inactive
A03383,C03383,B024,Business,2023-04-27,273660.63,Active
A03384,C03384,B026,Current,2021-10-18,41764.0,Inactive
A03385,C03385,B013,Salary,2025-06-25,499731.19,Active
A03386,C03386,B021,Savings,2022-09-15,76450.89,Active
A03387,C03387,B029,Savings,2022-01-11,440658.06,Active
A03388,C03388,B005,Salary,2021-11-11,122920.08,Active
A03389,C03389,B022,Salary,2023-05-25,46186.89,Inactive
A03390,C03390,B026,Savings,2023-02-10,46946.71,Active
A03391,C03391,B020,Salary,2025-10-17,280301.41,Inactive
A03392,C03392,B001,Savings,2026-05-21,238284.15,Inactive
A03393,C03393,B016,Savings,2026-05-02,186674.44,Active
A03394,C03394,B016,Business,2022-08-21,326187.8,Active
A03395,C03395,B016,Salary,2023-04-08,33816.5,Active
A03396,C03396,B008,Business,2026-06-11,487645.74,Active
A03397,C03397,B024,Business,2022-02-11,300565.78,Inactive
A03398,C03398,B023,Current,2024-09-06,325817.77,Active
A03399,C03399,B014,Savings,2024-01-19,336496.99,Active
A03400,C03400,B003,Savings,2024-07-16,22318.94,Active
A03401,C03401,B002,Business,2021-09-26,30243.16,Active
A03402,C03402,B016,Salary,2022-08-02,18898.14,Active
A03403,C03403,B001,Salary,2025-07-29,28792.29,Active
A03404,C03404,B022,Salary,2022-02-19,284846.3,Active
A03405,C03405,B022,Current,2025-04-10,353148.1,Active
A03406,C03406,B002,Savings,2025-10-02,10917.81,Active
A03407,C03407,B020,Business,2026-02-16,185414.82,Inactive
A03408,C03408,B009,Business,2022-08-11,338847.25,Active
A03409,C03409,B021,Current,2023-03-27,434737.28,Inactive
A03410,C03410,B011,Business,2026-03-03,375342.22,Active
A03411,C03411,B027,Current,2025-05-01,176541.57,Inactive
A03412,C03412,B022,Salary,2025-01-21,336129.78,Active
A03413,C03413,B002,Salary,2022-04-12,46273.4,Active
A03414,C03414,B004,Salary,2025-04-20,390387.35,Active
A03415,C03415,B015,Salary,2026-01-15,24477.94,Active
A03416,C03416,B003,Current,2023-03-20,122985.95,Active
A03417,C03417,B028,Business,2023-04-21,395760.29,Inactive
A03418,C03418,B024,Business,2024-08-15,192763.65,Active
A03419,C03419,B024,Business,2021-10-27,384725.63,Active
A03420,C03420,B027,Salary,2021-12-11,175035.0,Active
A03421,C03421,B026,Business,2023-10-03,154083.42,Active
A03422,C03422,B026,Salary,2026-05-08,262877.67,Inactive
A03423,C03423,B017,Savings,2024-03-27,141141.06,Active
A03424,C03424,B017,Savings,2025-02-01,109662.25,Active
A03425,C03425,B017,Business,2026-05-05,89603.14,Active
A03426,C03426,B022,Salary,2026-01-02,224883.32,Active
A03427,C03427,B011,Savings,2024-05-05,284644.03,Inactive
A03428,C03428,B007,Current,2023-11-29,132926.34,Active
A03429,C03429,B011,Current,2022-08-14,487137.07,Active
A03430,C03430,B004,Savings,2025-12-20,49811.94,Active
A03431,C03431,B030,Salary,2024-12-27,401337.01,Active
A03432,C03432,B018,Salary,2022-03-05,208127.44,Inactive
A03433,C03433,B029,Salary,2024-12-16,300244.88,Active
A03434,C03434,B003,Current,2024-11-08,181698.1,Inactive
A03435,C03435,B004,Current,2022-01-29,30896.08,Inactive
A03436,C03436,B024,Current,2022-04-29,327163.02,Active
A03437,C03437,B029,Savings,2023-05-15,442951.12,Active
A03438,C03438,B022,Business,2021-12-18,136025.13,Active
A03439,C03439,B020,Business,2025-02-13,333035.41,Active
A03440,C03440,B001,Salary,2022-04-20,426523.29,Active
A03441,C03441,B018,Current,2025-09-15,412204.8,Inactive
A03442,C03442,B030,Savings,2024-07-18,360539.51,Active
A03443,C03443,B003,Salary,2023-07-28,237887.78,Active
A03444,C03444,B020,Salary,2022-05-23,226193.94,Inactive
A03445,C03445,B001,Salary,2026-04-23,91379.94,Active
A03446,C03446,B030,Business,2024-07-07,479413.31,Inactive
A03447,C03447,B024,Salary,2023-02-04,342685.5,Active
A03448,C03448,B003,Salary,2021-09-26,217741.14,Inactive
A03449,C03449,B006,Business,2026-05-17,171294.77,Active
A03450,C03450,B026,Salary,2025-03-26,175347.87,Active
A03451,C03451,B020,Current,2023-01-01,214792.52,Inactive
A03452,C03452,B020,Business,2026-06-23,296891.74,Inactive
A03453,C03453,B016,Salary,2025-05-22,150131.06,Active
A03454,C03454,B017,Salary,2024-12-24,442321.44,Active
A03455,C03455,B003,Current,2022-04-19,142429.28,Active
A03456,C03456,B030,Current,2024-05-16,362411.62,Active
A03457,C03457,B014,Savings,2022-01-18,347171.63,Inactive
A03458,C03458,B006,Business,2026-02-19,169771.32,Active
A03459,C03459,B023,Current,2024-03-23,129328.1,Active
A03460,C03460,B017,Savings,2024-06-16,59885.56,Active
A03461,C03461,B027,Salary,2023-06-11,394874.86,Inactive
A03462,C03462,B020,Current,2022-05-25,213856.5,Active
A03463,C03463,B014,Savings,2025-04-29,460955.35,Active
A03464,C03464,B012,Business,2023-10-01,279420.28,Inactive
A03465,C03465,B005,Current,2024-03-05,352109.13,Active
A03466,C03466,B028,Savings,2022-01-22,483213.54,Inactive
A03467,C03467,B001,Business,2023-06-10,170967.5,Active
A03468,C03468,B017,Savings,2025-05-26,433862.54,Active
A03469,C03469,B004,Business,2024-02-09,22385.99,Active
A03470,C03470,B015,Salary,2024-04-30,124429.86,Active
A03471,C03471,B007,Business,2023-09-28,480309.87,Active
A03472,C03472,B026,Business,2022-09-11,38365.86,Inactive
A03473,C03473,B021,Current,2025-09-27,145713.06,Inactive
A03474,C03474,B028,Salary,2025-04-23,212093.06,Active
A03475,C03475,B026,Savings,2026-05-17,69378.95,Active
A03476,C03476,B007,Savings,2025-09-30,248313.65,Active
A03477,C03477,B018,Business,2025-11-11,272095.21,Active
A03478,C03478,B029,Business,2022-04-21,211017.23,Active
A03479,C03479,B023,Salary,2024-04-12,176624.84,Active
A03480,C03480,B017,Business,2025-03-19,191470.94,Active
A03481,C03481,B014,Salary,2023-06-25,355782.18,Active
A03482,C03482,B003,Savings,2026-01-20,86797.44,Active
A03483,C03483,B011,Current,2024-12-05,42633.11,Active
A03484,C03484,B030,Business,2025-08-09,219231.68,Active
A03485,C03485,B030,Salary,2023-08-13,417919.65,Active
A03486,C03486,B013,Salary,2026-01-01,91923.54,Active
A03487,C03487,B023,Salary,2025-08-12,227258.72,Active
A03488,C03488,B011,Current,2022-12-23,27005.73,Active
A03489,C03489,B022,Current,2024-03-02,420668.87,Active
A03490,C03490,B027,Business,2025-03-16,50129.57,Active
A03491,C03491,B007,Current,2023-03-11,459392.26,Active
A03492,C03492,B028,Business,2024-09-07,472599.38,Inactive
A03493,C03493,B010,Current,2024-03-20,394885.78,Inactive
A03494,C03494,B018,Business,2024-01-19,72411.09,Active
A03495,C03495,B006,Business,2024-02-25,76292.45,Inactive
A03496,C03496,B024,Business,2022-11-06,490870.89,Active
A03497,C03497,B005,Savings,2026-03-15,255380.39,Inactive
A03498,C03498,B015,Current,2023-10-01,416425.11,Inactive
A03499,C03499,B003,Savings,2024-04-19,206316.45,Active
A03500,C03500,B027,Current,2025-07-04,136650.1,Active
A03501,C03501,B027,Salary,2025-09-01,242767.64,Active
A03502,C03502,B029,Business,2024-12-27,90874.71,Active
A03503,C03503,B028,Business,2025-01-29,252354.36,Active
A03504,C03504,B002,Salary,2025-09-10,168642.87,Active
A03505,C03505,B017,Salary,2022-04-23,354330.85,Inactive
A03506,C03506,B007,Savings,2024-03-17,471051.56,Inactive
A03507,C03507,B008,Current,2025-11-05,89256.56,Active
A03508,C03508,B027,Business,2025-09-30,461776.54,Active
A03509,C03509,B010,Current,2024-11-28,395386.38,Active
A03510,C03510,B025,Current,2021-12-21,168878.35,Active
A03511,C03511,B010,Business,2021-10-07,262997.74,Active
A03512,C03512,B019,Business,2023-08-25,446724.67,Inactive
A03513,C03513,B021,Savings,2025-01-11,150119.98,Active
A03514,C03514,B014,Business,2022-11-01,485677.66,Active
A03515,C03515,B012,Business,2023-08-12,320627.75,Active
A03516,C03516,B013,Business,2022-01-07,120259.1,Inactive
A03517,C03517,B027,Salary,2022-11-03,193156.25,Active
A03518,C03518,B010,Salary,2022-07-14,259875.14,Active
A03519,C03519,B024,Business,2024-05-24,252233.22,Active
A03520,C03520,B007,Current,2023-01-28,357279.37,Active
A03521,C03521,B023,Current,2025-02-02,145294.62,Active
A03522,C03522,B012,Business,2025-04-12,459419.79,Inactive
A03523,C03523,B001,Savings,2026-03-25,331321.55,Inactive
A03524,C03524,B029,Current,2021-11-17,123380.2,Active
A03525,C03525,B011,Salary,2024-07-17,479649.07,Inactive
A03526,C03526,B009,Savings,2025-11-27,246653.9,Active
A03527,C03527,B021,Salary,2025-10-10,107132.85,Active
A03528,C03528,B005,Savings,2022-02-20,116567.52,Active
A03529,C03529,B019,Savings,2026-07-04,348435.5,Active
A03530,C03530,B024,Business,2024-06-07,50103.12,Inactive
A03531,C03531,B005,Current,2025-07-30,127636.8,Inactive
A03532,C03532,B018,Savings,2023-06-09,163631.9,Active
A03533,C03533,B002,Savings,2026-06-07,473589.65,Active
A03534,C03534,B027,Current,2026-06-28,107319.49,Active
A03535,C03535,B027,Current,2022-10-02,166408.3,Inactive
A03536,C03536,B001,Current,2024-04-27,319764.53,Inactive
A03537,C03537,B016,Current,2023-08-14,258189.42,Inactive
A03538,C03538,B003,Salary,2025-06-13,463371.07,Active
A03539,C03539,B020,Business,2022-09-25,331724.87,Active
A03540,C03540,B015,Salary,2026-07-30,179959.35,Inactive
A03541,C03541,B011,Salary,2024-05-27,307744.68,Active
A03542,C03542,B012,Savings,2024-07-27,446060.99,Active
A03543,C03543,B029,Current,2026-04-22,345722.82,Inactive
A03544,C03544,B005,Savings,2024-07-12,224339.67,Active
A03545,C03545,B017,Salary,2023-10-02,438289.19,Active
A03546,C03546,B029,Savings,2023-01-05,281779.63,Active
A03547,C03547,B006,Salary,2026-05-27,69835.82,Active
A03548,C03548,B005,Savings,2024-10-18,471490.09,Active
A03549,C03549,B025,Savings,2024-11-08,200207.01,Active
A03550,C03550,B004,Savings,2026-02-02,307077.91,Active
A03551,C03551,B003,Salary,2026-06-15,416954.22,Active
A03552,C03552,B016,Salary,2023-01-13,356713.61,Active
A03553,C03553,B005,Savings,2026-06-24,402896.35,Active
A03554,C03554,B026,Current,2024-12-17,239424.22,Inactive
A03555,C03555,B025,Salary,2025-04-26,234298.56,Active
A03556,C03556,B017,Current,2022-05-11,153591.83,Active
A03557,C03557,B007,Salary,2022-07-08,343184.99,Active
A03558,C03558,B006,Savings,2024-04-21,393958.08,Active
A03559,C03559,B029,Salary,2023-09-10,9755.43,Active
A03560,C03560,B019,Current,2024-04-28,499340.83,Inactive
A03561,C03561,B008,Salary,2022-11-24,323772.94,Active
A03562,C03562,B019,Salary,2026-09-12,49675.82,Active
A03563,C03563,B027,Savings,2023-06-16,184040.22,Active
A03564,C03564,B012,Business,2026-09-08,287978.69,Active
A03565,C03565,B023,Savings,2022-10-06,144745.0,Inactive
A03566,C03566,B020,Salary,2026-04-21,48827.61,Active
A03567,C03567,B029,Current,2026-03-28,165834.16,Inactive
A03568,C03568,B001,Savings,2026-07-23,279075.64,Active
A03569,C03569,B026,Savings,2025-12-03,105953.45,Active
A03570,C03570,B024,Current,2024-05-09,134683.13,Active
A03571,C03571,B016,Savings,2024-05-11,105053.66,Inactive
A03572,C03572,B023,Current,2022-05-13,446784.42,Inactive
A03573,C03573,B018,Business,2022-08-26,48156.19,Inactive
A03574,C03574,B008,Salary,2023-11-19,410596.35,Active
A03575,C03575,B025,Savings,2026-04-13,79614.97,Active
A03576,C03576,B020,Savings,2025-03-13,442011.32,Active
A03577,C03577,B017,Savings,2025-07-07,496996.36,Active
A03578,C03578,B003,Salary,2023-06-28,298071.2,Active
A03579,C03579,B018,Savings,2024-04-05,85566.77,Active
A03580,C03580,B018,Savings,2022-12-12,291305.86,Inactive
A03581,C03581,B010,Salary,2023-02-09,83102.73,Active
A03582,C03582,B027,Savings,2026-02-23,339669.69,Active
A03583,C03583,B017,Current,2023-09-15,39701.3,Active
A03584,C03584,B007,Salary,2024-01-04,199314.77,Active
A03585,C03585,B004,Business,2022-09-20,479754.99,Active
A03586,C03586,B025,Business,2024-08-09,441095.76,Inactive
A03587,C03587,B016,Savings,2023-09-26,495892.1,Active
A03588,C03588,B030,Business,2023-12-19,47112.69,Active
A03589,C03589,B023,Savings,2026-03-13,311098.42,Inactive
A03590,C03590,B010,Savings,2023-08-17,163924.42,Active
A03591,C03591,B004,Current,2022-05-07,362477.6,Active
A03592,C03592,B001,Current,2023-05-17,139853.26,Active
A03593,C03593,B019,Salary,2022-12-21,217779.38,Inactive
A03594,C03594,B003,Salary,2021-12-18,447711.11,Inactive
A03595,C03595,B025,Business,2024-12-03,175746.48,Inactive
A03596,C03596,B015,Salary,2025-02-08,376808.95,Active
A03597,C03597,B012,Business,2024-10-12,80251.79,Active
A03598,C03598,B027,Business,2023-06-09,379171.81,Active
A03599,C03599,B004,Business,2026-04-02,17918.25,Active
A03600,C03600,B022,Business,2022-08-14,480042.11,Active
A03601,C03601,B003,Savings,2024-03-01,161151.34,Inactive
A03602,C03602,B028,Savings,2021-09-29,477282.65,Inactive
A03603,C03603,B028,Current,2023-01-20,34911.34,Inactive
A03604,C03604,B028,Business,2025-08-13,16241.41,Active
A03605,C03605,B020,Salary,2023-10-01,204283.87,Inactive
A03606,C03606,B013,Current,2022-04-07,431341.93,Active
A03607,C03607,B025,Current,2023-11-09,113009.02,Inactive
A03608,C03608,B002,Savings,2022-05-01,249110.37,Active
A03609,C03609,B017,Savings,2025-07-13,391768.69,Inactive
A03610,C03610,B028,Savings,2023-08-21,140802.39,Active
A03611,C03611,B018,Business,2026-04-06,102960.86,Active
A03612,C03612,B007,Salary,2024-05-08,111668.82,Active
A03613,C03613,B026,Business,2022-08-04,172134.39,Inactive
A03614,C03614,B010,Salary,2025-10-24,441434.06,Active
A03615,C03615,B020,Current,2025-03-30,125485.89,Active
A03616,C03616,B020,Savings,2026-03-21,421161.15,Inactive
A03617,C03617,B006,Current,2025-04-30,264676.47,Active
A03618,C03618,B030,Current,2022-11-15,344518.89,Active
A03619,C03619,B024,Salary,2026-09-09,181255.01,Active
A03620,C03620,B007,Savings,2022-12-01,447611.86,Inactive
A03621,C03621,B026,Savings,2025-07-08,482108.36,Active
A03622,C03622,B017,Current,2022-11-03,390251.32,Active
A03623,C03623,B014,Business,2026-04-29,273617.18,Active
A03624,C03624,B018,Business,2023-05-09,101748.77,Active
A03625,C03625,B005,Current,2024-08-03,268285.1,Active
A03626,C03626,B009,Current,2022-03-07,208541.29,Inactive
A03627,C03627,B012,Salary,2024-06-02,209581.13,Active
A03628,C03628,B017,Business,2024-01-13,370336.86,Active
A03629,C03629,B004,Business,2025-07-06,119289.7,Active
A03630,C03630,B005,Savings,2025-04-19,203160.74,Active
A03631,C03631,B015,Salary,2022-06-21,175877.56,Active
A03632,C03632,B019,Business,2022-09-06,242989.01,Active
A03633,C03633,B004,Salary,2026-04-03,182383.37,Active
A03634,C03634,B001,Savings,2024-05-12,59899.53,Active
A03635,C03635,B009,Savings,2026-05-14,188086.37,Active
A03636,C03636,B018,Savings,2025-11-16,354833.14,Active
A03637,C03637,B023,Business,2022-05-05,446358.07,Active
A03638,C03638,B014,Business,2022-10-22,63540.06,Active
A03639,C03639,B013,Savings,2026-02-02,430575.09,Inactive
A03640,C03640,B003,Savings,2022-04-26,260616.53,Active
A03641,C03641,B013,Savings,2026-08-15,392433.58,Active
A03642,C03642,B011,Salary,2023-12-15,192646.5,Active
A03643,C03643,B030,Salary,2024-06-21,91847.72,Inactive
A03644,C03644,B017,Current,2022-01-08,192988.55,Active
A03645,C03645,B030,Current,2026-04-02,252416.77,Active
A03646,C03646,B009,Savings,2025-12-08,103210.28,Active
A03647,C03647,B021,Salary,2024-09-26,144000.84,Active
A03648,C03648,B028,Salary,2023-01-28,338910.75,Inactive
A03649,C03649,B001,Savings,2026-01-27,119279.34,Active
A03650,C03650,B028,Savings,2025-05-26,50894.34,Inactive
A03651,C03651,B021,Current,2021-11-04,80332.94,Active
A03652,C03652,B008,Business,2022-03-13,400931.59,Inactive
A03653,C03653,B030,Salary,2022-02-04,345059.56,Active
A03654,C03654,B021,Business,2021-12-16,373153.59,Active
A03655,C03655,B013,Current,2023-04-11,269864.26,Active
A03656,C03656,B019,Salary,2024-10-20,419677.39,Inactive
A03657,C03657,B001,Current,2023-07-25,133025.69,Active
A03658,C03658,B014,Salary,2025-11-16,21407.43,Active
A03659,C03659,B003,Current,2023-06-24,208872.31,Active
A03660,C03660,B028,Savings,2025-03-09,124071.3,Active
A03661,C03661,B018,Salary,2021-12-26,98465.62,Inactive
A03662,C03662,B027,Business,2023-09-06,21793.44,Inactive
A03663,C03663,B006,Business,2025-08-31,464336.51,Active
A03664,C03664,B023,Salary,2026-05-14,438755.09,Active
A03665,C03665,B010,Current,2025-10-17,298989.3,Active
A03666,C03666,B009,Salary,2022-01-11,308463.07,Inactive
A03667,C03667,B014,Salary,2023-06-08,150373.42,Active
A03668,C03668,B024,Business,2026-03-01,422071.87,Active
A03669,C03669,B028,Business,2022-10-03,69563.15,Active
A03670,C03670,B006,Savings,2022-11-19,483778.4,Active
A03671,C03671,B014,Savings,2025-09-02,325938.69,Inactive
A03672,C03672,B007,Salary,2025-04-04,156486.32,Active
A03673,C03673,B023,Salary,2021-11-09,294612.42,Active
A03674,C03674,B011,Savings,2025-09-06,408976.77,Active
A03675,C03675,B018,Current,2021-11-07,412539.49,Inactive
A03676,C03676,B009,Business,2023-04-09,360623.79,Active
A03677,C03677,B002,Savings,2024-08-27,225253.23,Inactive
A03678,C03678,B018,Savings,2024-07-01,67097.72,Active
A03679,C03679,B021,Salary,2026-07-08,226993.44,Active
A03680,C03680,B024,Current,2021-11-07,25272.29,Active
A03681,C03681,B028,Salary,2025-07-03,281921.43,Active
A03682,C03682,B023,Salary,2022-01-01,90996.46,Active
A03683,C03683,B011,Salary,2023-02-17,388064.86,Active
A03684,C03684,B021,Current,2021-11-15,244279.66,Inactive
A03685,C03685,B023,Salary,2025-07-22,430425.41,Inactive
A03686,C03686,B019,Savings,2025-09-26,331474.65,Active
A03687,C03687,B030,Current,2025-02-06,210205.22,Active
A03688,C03688,B013,Salary,2022-11-09,320420.78,Inactive
A03689,C03689,B004,Savings,2023-03-21,174117.42,Active
A03690,C03690,B029,Savings,2024-11-14,418716.96,Inactive
A03691,C03691,B002,Salary,2023-06-22,41127.24,Active
A03692,C03692,B016,Savings,2024-02-23,62416.8,Inactive
A03693,C03693,B004,Savings,2025-07-05,153844.9,Inactive
A03694,C03694,B009,Salary,2026-06-27,194003.22,Active
A03695,C03695,B004,Current,2022-09-09,34873.57,Inactive
A03696,C03696,B012,Salary,2026-06-28,90368.63,Active
A03697,C03697,B028,Business,2026-01-23,110378.42,Active
A03698,C03698,B023,Current,2026-03-03,124381.84,Inactive
A03699,C03699,B010,Business,2022-01-28,231953.14,Active
A03700,C03700,B016,Savings,2021-12-29,318098.89,Active
A03701,C03701,B008,Current,2025-06-04,170495.49,Active
A03702,C03702,B006,Savings,2026-05-12,376727.35,Active
A03703,C03703,B018,Current,2024-09-09,378701.09,Inactive
A03704,C03704,B016,Savings,2023-03-27,309179.84,Inactive
A03705,C03705,B014,Savings,2024-07-26,78459.26,Inactive
A03706,C03706,B012,Current,2023-05-19,276910.33,Active
A03707,C03707,B027,Salary,2024-02-17,232390.24,Inactive
A03708,C03708,B010,Business,2025-04-05,380200.42,Active
A03709,C03709,B004,Savings,2026-08-29,415408.74,Active
A03710,C03710,B022,Business,2022-05-12,9765.0,Active
A03711,C03711,B015,Savings,2026-08-31,406317.59,Inactive
A03712,C03712,B017,Savings,2021-09-29,266226.23,Inactive
A03713,C03713,B030,Business,2022-11-17,376972.76,Active
A03714,C03714,B006,Savings,2022-10-20,251861.69,Active
A03715,C03715,B019,Current,2026-02-01,140116.4,Active
A03716,C03716,B020,Current,2023-10-06,337831.33,Inactive
A03717,C03717,B016,Salary,2021-11-30,272708.35,Inactive
A03718,C03718,B030,Current,2022-11-23,309766.9,Active
A03719,C03719,B002,Business,2026-06-28,400229.46,Active
A03720,C03720,B026,Salary,2024-08-08,200508.96,Inactive
A03721,C03721,B005,Business,2024-06-29,238091.08,Active
A03722,C03722,B022,Salary,2026-03-06,49457.07,Active
A03723,C03723,B017,Savings,2026-05-17,226140.54,Active
A03724,C03724,B016,Business,2026-04-26,290810.42,Active
A03725,C03725,B028,Savings,2022-09-02,100946.34,Active
A03726,C03726,B025,Current,2025-04-16,378624.04,Active
A03727,C03727,B006,Business,2025-01-16,487609.45,Inactive
A03728,C03728,B020,Current,2024-10-10,33882.05,Active
A03729,C03729,B028,Business,2023-03-03,333334.58,Active
A03730,C03730,B012,Current,2025-01-05,476750.02,Active
A03731,C03731,B015,Current,2022-05-26,124553.43,Active
A03732,C03732,B015,Salary,2025-03-14,388901.95,Active
A03733,C03733,B024,Business,2022-01-10,117414.64,Active
A03734,C03734,B014,Salary,2025-09-25,77585.72,Active
A03735,C03735,B009,Business,2026-09-10,202857.47,Inactive
A03736,C03736,B012,Savings,2022-06-04,66946.47,Active
A03737,C03737,B016,Savings,2021-09-22,35615.14,Active
A03738,C03738,B027,Current,2023-05-20,202723.02,Inactive
A03739,C03739,B020,Current,2023-10-17,101090.66,Inactive
A03740,C03740,B014,Current,2026-08-15,112464.19,Active
A03741,C03741,B005,Current,2024-11-24,268731.16,Active
A03742,C03742,B023,Business,2026-04-10,83873.73,Active
A03743,C03743,B015,Current,2026-01-14,448128.72,Active
A03744,C03744,B016,Current,2023-05-23,97188.08,Active
A03745,C03745,B004,Savings,2022-10-19,120373.42,Active
A03746,C03746,B023,Business,2026-03-12,413153.31,Active
A03747,C03747,B001,Salary,2026-07-15,75574.59,Active
A03748,C03748,B009,Savings,2026-05-13,106184.91,Inactive
A03749,C03749,B001,Salary,2024-12-23,102769.27,Active
A03750,C03750,B029,Current,2025-12-31,342985.91,Active
A03751,C03751,B018,Salary,2022-02-20,186731.5,Active
A03752,C03752,B005,Salary,2023-10-05,324606.5,Active
A03753,C03753,B009,Business,2025-11-28,113464.66,Active
A03754,C03754,B019,Salary,2023-11-12,377606.83,Active
A03755,C03755,B016,Business,2022-02-24,287826.58,Inactive
A03756,C03756,B018,Savings,2022-11-18,447354.49,Inactive
A03757,C03757,B010,Salary,2025-01-01,422854.54,Active
A03758,C03758,B010,Salary,2022-03-22,365313.68,Active
A03759,C03759,B004,Salary,2024-11-16,247286.46,Active
A03760,C03760,B015,Current,2025-06-11,220362.73,Active
A03761,C03761,B011,Current,2026-02-08,358077.79,Inactive
A03762,C03762,B007,Business,2024-04-10,263585.4,Active
A03763,C03763,B020,Current,2021-12-06,135221.61,Active
A03764,C03764,B017,Current,2022-09-03,319651.32,Active
A03765,C03765,B008,Business,2024-03-14,308736.53,Inactive
A03766,C03766,B030,Current,2026-03-21,340471.17,Active
A03767,C03767,B023,Salary,2022-09-11,16314.34,Active
A03768,C03768,B004,Salary,2025-10-06,379992.66,Inactive
A03769,C03769,B012,Salary,2023-08-10,390791.82,Active
A03770,C03770,B005,Salary,2024-08-21,10783.25,Inactive
A03771,C03771,B014,Business,2022-01-27,320758.76,Active
A03772,C03772,B013,Business,2022-02-03,115461.23,Active
A03773,C03773,B016,Business,2024-06-20,238160.47,Active
A03774,C03774,B027,Business,2026-05-09,127073.5,Active
A03775,C03775,B024,Savings,2022-07-13,445835.87,Active
A03776,C03776,B008,Salary,2021-11-28,96673.26,Active
A03777,C03777,B028,Business,2024-07-28,193661.16,Active
A03778,C03778,B004,Salary,2023-01-21,179472.48,Inactive
A03779,C03779,B008,Business,2021-12-16,151003.41,Inactive
A03780,C03780,B008,Salary,2025-11-15,309467.93,Active
A03781,C03781,B001,Current,2024-07-08,280384.07,Active
A03782,C03782,B011,Salary,2026-04-09,210305.28,Inactive
A03783,C03783,B025,Salary,2024-01-13,103201.25,Inactive
A03784,C03784,B002,Business,2022-05-22,112514.21,Active
A03785,C03785,B005,Savings,2024-11-07,12771.59,Active
A03786,C03786,B024,Business,2023-10-12,470307.24,Inactive
A03787,C03787,B022,Business,2025-04-14,114616.43,Active
A03788,C03788,B012,Business,2022-06-04,330121.81,Inactive
A03789,C03789,B007,Current,2024-08-01,89155.87,Active
A03790,C03790,B010,Business,2023-06-29,137611.35,Active
A03791,C03791,B020,Savings,2023-07-27,215911.84,Inactive
A03792,C03792,B001,Savings,2026-01-03,292228.85,Active
A03793,C03793,B020,Savings,2024-10-06,154670.03,Inactive
A03794,C03794,B013,Savings,2025-01-22,375155.99,Active
A03795,C03795,B028,Current,2021-10-20,209608.42,Active
A03796,C03796,B030,Business,2021-12-26,387906.97,Active
A03797,C03797,B022,Business,2026-06-04,259478.53,Active
A03798,C03798,B021,Salary,2022-10-01,50226.03,Inactive
A03799,C03799,B026,Savings,2022-05-14,394511.55,Active
A03800,C03800,B020,Current,2023-09-14,250346.18,Inactive
A03801,C03801,B010,Salary,2025-07-22,321057.8,Active
A03802,C03802,B001,Salary,2023-07-07,178284.4,Inactive
A03803,C03803,B027,Current,2021-09-23,359307.35,Inactive
A03804,C03804,B014,Salary,2023-10-07,131196.09,Inactive
A03805,C03805,B026,Current,2025-08-05,345889.75,Active
A03806,C03806,B018,Business,2021-10-05,385216.19,Active
A03807,C03807,B024,Salary,2023-09-16,69730.13,Active
A03808,C03808,B022,Salary,2025-07-03,197550.58,Active
A03809,C03809,B030,Savings,2024-11-29,278797.27,Inactive
A03810,C03810,B018,Salary,2024-04-21,371374.29,Inactive
A03811,C03811,B003,Current,2025-10-22,488448.89,Active
A03812,C03812,B008,Salary,2026-04-22,180606.29,Inactive
A03813,C03813,B017,Salary,2022-05-10,311389.97,Active
A03814,C03814,B013,Current,2022-09-30,374718.69,Active
A03815,C03815,B005,Current,2025-05-26,27314.01,Inactive
A03816,C03816,B009,Business,2025-03-10,402096.47,Active
A03817,C03817,B009,Current,2022-04-04,152594.28,Active
A03818,C03818,B012,Salary,2022-08-03,266552.9,Active
A03819,C03819,B006,Savings,2023-03-19,97399.02,Active
A03820,C03820,B022,Salary,2023-04-19,197493.57,Active
A03821,C03821,B017,Business,2026-07-26,36431.37,Active
A03822,C03822,B007,Salary,2023-09-04,434551.79,Inactive
A03823,C03823,B020,Salary,2022-04-30,193971.6,Active
A03824,C03824,B029,Salary,2025-12-14,295765.71,Active
A03825,C03825,B007,Business,2022-10-09,204168.79,Inactive
A03826,C03826,B009,Business,2026-04-10,218004.75,Active
A03827,C03827,B022,Savings,2023-04-19,215884.48,Active
A03828,C03828,B006,Savings,2023-08-20,407182.39,Active
A03829,C03829,B025,Current,2025-05-14,364877.15,Inactive
A03830,C03830,B023,Salary,2021-12-20,489622.03,Inactive
A03831,C03831,B023,Savings,2024-07-07,321044.44,Active
A03832,C03832,B002,Salary,2022-03-27,65698.49,Active
A03833,C03833,B007,Current,2026-01-26,189539.39,Inactive
A03834,C03834,B023,Business,2023-02-21,5628.38,Active
A03835,C03835,B017,Salary,2022-08-05,161248.45,Active
A03836,C03836,B025,Savings,2024-04-25,87838.39,Active
A03837,C03837,B026,Business,2024-04-27,100546.32,Active
A03838,C03838,B004,Savings,2024-12-24,38947.06,Active
A03839,C03839,B026,Salary,2024-04-02,428794.56,Active
A03840,C03840,B018,Savings,2022-08-21,456054.22,Active
A03841,C03841,B013,Savings,2026-07-05,300880.02,Active
A03842,C03842,B007,Business,2026-02-11,314608.79,Active
A03843,C03843,B002,Salary,2022-03-01,171341.26,Active
A03844,C03844,B022,Current,2025-08-15,417490.53,Inactive
A03845,C03845,B018,Business,2026-08-30,45334.54,Inactive
A03846,C03846,B026,Business,2023-09-27,43017.44,Active
A03847,C03847,B018,Savings,2022-05-07,322795.14,Active
A03848,C03848,B020,Current,2025-08-09,355031.98,Active
A03849,C03849,B001,Business,2021-09-29,459612.49,Active
A03850,C03850,B020,Business,2023-09-04,46446.03,Active
A03851,C03851,B007,Current,2025-04-24,41741.76,Active
A03852,C03852,B009,Salary,2024-10-14,85780.72,Active
A03853,C03853,B002,Salary,2024-04-10,25467.54,Active
A03854,C03854,B027,Current,2025-12-29,241610.24,Active
A03855,C03855,B030,Business,2024-06-13,250533.22,Active
A03856,C03856,B013,Current,2022-12-27,359592.27,Active
A03857,C03857,B018,Savings,2024-02-24,197386.63,Active
A03858,C03858,B003,Current,2023-10-28,453032.13,Active
A03859,C03859,B024,Savings,2026-01-25,326584.94,Active
A03860,C03860,B013,Salary,2023-12-20,471880.3,Inactive
A03861,C03861,B011,Business,2024-09-24,338518.24,Active
A03862,C03862,B004,Savings,2021-09-22,279411.82,Active
A03863,C03863,B027,Savings,2022-02-23,273310.99,Active
A03864,C03864,B022,Current,2026-04-05,432422.4,Active
A03865,C03865,B028,Current,2023-07-03,101855.19,Active
A03866,C03866,B011,Salary,2023-11-19,293939.67,Inactive
A03867,C03867,B019,Current,2021-09-21,34485.97,Active
A03868,C03868,B008,Savings,2024-04-07,396402.86,Active
A03869,C03869,B020,Business,2025-07-14,279710.9,Active
A03870,C03870,B028,Savings,2023-07-18,441329.21,Inactive
A03871,C03871,B021,Savings,2023-01-04,287506.67,Inactive
A03872,C03872,B028,Savings,2026-09-04,483608.83,Active
A03873,C03873,B001,Salary,2022-05-06,85822.27,Active
A03874,C03874,B005,Savings,2024-12-19,422061.47,Inactive
A03875,C03875,B001,Savings,2021-11-10,205449.36,Active
A03876,C03876,B025,Savings,2024-05-26,471005.25,Active
A03877,C03877,B009,Salary,2025-12-12,374839.86,Inactive
A03878,C03878,B027,Savings,2022-12-11,438839.18,Active
A03879,C03879,B023,Business,2022-04-16,453983.17,Active
A03880,C03880,B002,Current,2021-12-19,140221.69,Active
A03881,C03881,B009,Salary,2024-04-14,285189.37,Active
A03882,C03882,B001,Business,2023-05-15,10719.66,Active
A03883,C03883,B027,Savings,2022-11-20,209915.6,Active
A03884,C03884,B023,Business,2024-11-07,134826.48,Inactive
A03885,C03885,B014,Current,2026-04-20,343707.22,Active
A03886,C03886,B019,Savings,2023-02-17,246120.23,Active
A03887,C03887,B020,Salary,2022-10-20,43696.15,Active
A03888,C03888,B022,Savings,2025-03-21,148726.16,Active
A03889,C03889,B015,Business,2024-10-08,454312.02,Active
A03890,C03890,B011,Current,2021-09-20,338869.05,Active
A03891,C03891,B015,Business,2025-09-24,377610.9,Active
A03892,C03892,B029,Salary,2025-03-05,101649.29,Active
A03893,C03893,B013,Salary,2025-02-12,250207.69,Inactive
A03894,C03894,B004,Business,2025-09-30,494668.11,Inactive
A03895,C03895,B029,Salary,2024-04-21,293312.9,Active
A03896,C03896,B005,Business,2022-04-12,69091.22,Inactive
A03897,C03897,B013,Savings,2023-03-16,64875.05,Inactive
A03898,C03898,B013,Current,2024-08-01,385520.38,Inactive
A03899,C03899,B014,Savings,2023-04-07,385156.87,Active
A03900,C03900,B020,Current,2024-08-05,138683.82,Inactive
A03901,C03901,B029,Business,2021-12-20,244142.84,Active
A03902,C03902,B004,Business,2026-05-08,187940.99,Active
A03903,C03903,B027,Business,2023-04-21,374275.7,Active
A03904,C03904,B002,Current,2023-08-07,36138.22,Active
A03905,C03905,B027,Business,2025-10-04,476163.53,Active
A03906,C03906,B003,Current,2023-04-26,164533.25,Active
A03907,C03907,B006,Current,2026-06-22,173400.37,Active
A03908,C03908,B027,Business,2023-09-27,416415.45,Active
A03909,C03909,B017,Salary,2022-02-20,373836.8,Active
A03910,C03910,B020,Business,2025-09-11,439892.19,Inactive
A03911,C03911,B006,Savings,2023-07-13,184172.94,Active
A03912,C03912,B011,Current,2024-09-06,9086.07,Active
A03913,C03913,B030,Current,2025-02-04,168576.69,Active
A03914,C03914,B007,Savings,2026-05-09,259942.58,Active
A03915,C03915,B030,Business,2024-12-27,13245.84,Active
A03916,C03916,B010,Current,2022-03-26,124889.2,Active
A03917,C03917,B024,Savings,2024-01-27,8281.23,Active
A03918,C03918,B029,Current,2022-09-21,461071.62,Active
A03919,C03919,B030,Salary,2023-09-30,445107.42,Active
A03920,C03920,B024,Savings,2023-10-15,397451.04,Active
A03921,C03921,B030,Savings,2026-04-09,144113.52,Active
A03922,C03922,B026,Business,2022-10-30,258436.88,Active
A03923,C03923,B023,Current,2026-09-14,342052.39,Inactive
A03924,C03924,B029,Business,2026-06-01,297911.73,Active
A03925,C03925,B023,Salary,2025-07-07,27340.55,Active
A03926,C03926,B004,Savings,2023-10-02,216406.63,Active
A03927,C03927,B008,Savings,2024-12-21,112420.32,Active
A03928,C03928,B017,Savings,2023-10-17,328306.08,Active
A03929,C03929,B026,Business,2024-08-10,79548.88,Active
A03930,C03930,B006,Business,2022-04-28,175182.8,Inactive
A03931,C03931,B017,Business,2024-01-19,406330.34,Active
A03932,C03932,B012,Business,2022-07-05,228570.97,Active
A03933,C03933,B025,Salary,2022-10-18,434086.68,Inactive
A03934,C03934,B007,Salary,2024-06-12,253622.98,Active
A03935,C03935,B007,Business,2024-04-07,412862.68,Active
A03936,C03936,B011,Salary,2026-06-07,151236.69,Active
A03937,C03937,B005,Salary,2022-01-10,105286.56,Active
A03938,C03938,B003,Business,2026-02-01,485148.64,Active
A03939,C03939,B018,Savings,2024-05-03,168903.76,Active
A03940,C03940,B009,Salary,2025-07-23,185934.07,Active
A03941,C03941,B017,Business,2023-03-30,83624.73,Active
A03942,C03942,B015,Business,2025-06-10,239043.48,Inactive
A03943,C03943,B030,Business,2024-08-28,355752.7,Active
A03944,C03944,B018,Business,2023-12-02,153117.9,Inactive
A03945,C03945,B003,Current,2026-01-10,32529.7,Inactive
A03946,C03946,B011,Current,2023-11-30,40766.33,Active
A03947,C03947,B023,Business,2023-04-17,279945.44,Active
A03948,C03948,B004,Salary,2025-01-25,389682.12,Active
A03949,C03949,B013,Current,2025-02-06,52164.48,Active
A03950,C03950,B016,Salary,2022-07-20,357376.81,Active
A03951,C03951,B009,Salary,2025-06-27,113834.53,Active
A03952,C03952,B001,Business,2025-12-21,45401.67,Active
A03953,C03953,B012,Current,2026-07-22,297486.12,Inactive
A03954,C03954,B030,Salary,2021-12-01,179500.97,Inactive
A03955,C03955,B010,Salary,2023-04-16,466128.87,Active
A03956,C03956,B003,Business,2024-01-16,52858.92,Active
A03957,C03957,B022,Salary,2025-11-14,117256.91,Active
A03958,C03958,B029,Salary,2023-11-03,393818.05,Inactive
A03959,C03959,B006,Business,2024-07-25,421790.15,Inactive
A03960,C03960,B001,Savings,2024-09-12,17449.52,Active
A03961,C03961,B024,Current,2022-02-03,396952.6,Active
A03962,C03962,B008,Salary,2026-04-27,154256.33,Inactive
A03963,C03963,B012,Salary,2024-11-13,407792.86,Inactive
A03964,C03964,B021,Savings,2024-12-06,368162.56,Active
A03965,C03965,B027,Business,2024-01-23,258309.01,Active
A03966,C03966,B023,Current,2023-03-07,62223.79,Active
A03967,C03967,B016,Salary,2025-03-31,112588.44,Inactive
A03968,C03968,B030,Current,2021-09-25,259909.69,Inactive
A03969,C03969,B029,Salary,2021-12-16,293768.89,Active
A03970,C03970,B030,Current,2024-07-07,111121.22,Active
A03971,C03971,B006,Current,2025-04-27,118410.33,Active
A03972,C03972,B009,Savings,2025-06-09,465042.58,Inactive
A03973,C03973,B001,Salary,2025-08-25,227982.13,Active
A03974,C03974,B010,Current,2025-11-21,399790.12,Inactive
A03975,C03975,B010,Business,2024-08-22,238441.33,Inactive
A03976,C03976,B009,Savings,2025-06-30,232226.08,Active
A03977,C03977,B013,Business,2025-12-16,208509.4,Active
A03978,C03978,B013,Savings,2023-03-25,6847.26,Inactive
A03979,C03979,B013,Current,2025-08-17,85216.85,Active
A03980,C03980,B004,Current,2022-03-08,394784.62,Active
A03981,C03981,B004,Current,2022-11-06,430065.1,Inactive
A03982,C03982,B028,Current,2023-07-16,242976.87,Active
A03983,C03983,B025,Business,2022-09-26,71163.33,Active
A03984,C03984,B023,Current,2025-08-03,301354.89,Active
A03985,C03985,B028,Savings,2022-11-13,453623.62,Active
A03986,C03986,B021,Business,2025-07-04,287110.51,Active
A03987,C03987,B029,Business,2022-02-12,203438.91,Inactive
A03988,C03988,B002,Salary,2023-08-17,273824.89,Active
A03989,C03989,B004,Current,2022-01-07,105180.36,Active
A03990,C03990,B007,Salary,2024-11-18,262920.31,Active
A03991,C03991,B019,Savings,2022-06-01,60670.25,Active
A03992,C03992,B028,Business,2025-03-07,178984.66,Active
A03993,C03993,B009,Current,2025-03-17,63584.1,Inactive
A03994,C03994,B024,Current,2022-12-19,236502.86,Active
A03995,C03995,B016,Savings,2026-08-06,156930.21,Active
A03996,C03996,B026,Business,2022-10-24,129948.04,Active
A03997,C03997,B003,Business,2024-08-08,364672.64,Active
A03998,C03998,B030,Salary,2026-05-12,370365.96,Active
A03999,C03999,B019,Salary,2023-03-10,87625.36,Active
A04000,C04000,B016,Current,2026-03-05,461091.06,Active
A04001,C04001,B025,Business,2022-08-09,100743.52,Inactive
A04002,C04002,B011,Business,2025-09-07,92746.72,Inactive
A04003,C04003,B015,Business,2024-07-18,262235.04,Inactive
A04004,C04004,B016,Salary,2024-02-08,286138.24,Active
A04005,C04005,B026,Business,2024-07-28,40591.79,Active
A04006,C04006,B003,Business,2022-07-25,132135.14,Active
A04007,C04007,B019,Salary,2024-03-02,113929.12,Active
A04008,C04008,B018,Salary,2023-11-17,93682.32,Inactive
A04009,C04009,B028,Current,2021-10-30,100034.36,Active
A04010,C04010,B022,Business,2022-06-24,425514.81,Active
A04011,C04011,B012,Savings,2022-07-01,21413.15,Active
A04012,C04012,B003,Current,2024-01-25,306845.83,Active
A04013,C04013,B010,Savings,2025-05-31,157369.75,Active
A04014,C04014,B024,Current,2026-09-09,209285.58,Active
A04015,C04015,B016,Current,2025-05-03,380279.64,Active
A04016,C04016,B019,Savings,2024-07-23,48080.3,Inactive
A04017,C04017,B004,Business,2026-06-23,389782.01,Active
A04018,C04018,B027,Business,2022-02-14,353497.69,Active
A04019,C04019,B010,Savings,2024-12-31,174600.39,Inactive
A04020,C04020,B008,Savings,2022-09-07,193803.06,Inactive
A04021,C04021,B015,Current,2023-05-30,196616.72,Active
A04022,C04022,B002,Business,2023-09-04,63494.87,Active
A04023,C04023,B025,Current,2025-03-02,231744.27,Inactive
A04024,C04024,B010,Current,2026-07-05,338940.24,Active
A04025,C04025,B012,Business,2025-05-17,285968.84,Inactive
A04026,C04026,B006,Salary,2021-12-08,456029.9,Inactive
A04027,C04027,B004,Salary,2023-04-18,184146.39,Inactive
A04028,C04028,B020,Current,2024-12-05,82693.12,Inactive
A04029,C04029,B015,Savings,2025-06-04,63679.77,Active
A04030,C04030,B010,Savings,2023-07-04,417600.73,Inactive
A04031,C04031,B022,Business,2025-07-09,106772.96,Active
A04032,C04032,B024,Business,2025-12-18,7278.17,Inactive
A04033,C04033,B017,Salary,2023-05-09,206118.95,Inactive
A04034,C04034,B025,Savings,2025-06-18,22292.03,Active
A04035,C04035,B022,Business,2024-01-25,104230.95,Active
A04036,C04036,B017,Business,2025-01-16,493223.49,Inactive
A04037,C04037,B028,Salary,2022-09-05,415492.26,Active
A04038,C04038,B028,Business,2024-07-07,140534.29,Inactive
A04039,C04039,B002,Current,2022-05-30,194426.01,Active
A04040,C04040,B016,Business,2025-11-11,420630.27,Inactive
A04041,C04041,B029,Salary,2026-08-12,299291.36,Active
A04042,C04042,B024,Salary,2023-02-24,261530.08,Inactive
A04043,C04043,B013,Salary,2024-07-20,410536.07,Active
A04044,C04044,B015,Savings,2022-05-04,177690.88,Active
A04045,C04045,B009,Business,2024-08-21,454026.58,Active
A04046,C04046,B021,Savings,2022-11-07,359866.05,Active
A04047,C04047,B009,Savings,2025-10-13,388453.13,Active
A04048,C04048,B015,Business,2023-03-06,88978.27,Active
A04049,C04049,B018,Salary,2026-09-06,341216.9,Inactive
A04050,C04050,B011,Current,2025-06-27,322632.97,Active
A04051,C04051,B011,Savings,2021-09-29,122326.57,Active
A04052,C04052,B009,Savings,2024-02-02,387561.86,Inactive
A04053,C04053,B017,Savings,2022-07-19,190425.76,Active
A04054,C04054,B007,Salary,2026-09-09,462831.86,Active
A04055,C04055,B006,Savings,2022-01-14,127598.95,Inactive
A04056,C04056,B010,Savings,2022-09-11,349830.58,Active
A04057,C04057,B026,Savings,2025-10-18,239985.69,Inactive
A04058,C04058,B007,Savings,2025-02-09,483957.21,Active
A04059,C04059,B003,Salary,2025-11-13,5647.44,Inactive
A04060,C04060,B007,Current,2025-10-08,406344.95,Active
A04061,C04061,B027,Savings,2021-10-01,160541.9,Active
A04062,C04062,B026,Current,2025-09-18,206767.6,Active
A04063,C04063,B028,Business,2023-08-01,317661.67,Inactive
A04064,C04064,B007,Current,2023-02-11,445972.06,Inactive
A04065,C04065,B015,Salary,2023-11-08,325620.81,Active
A04066,C04066,B023,Business,2024-01-04,432565.65,Active
A04067,C04067,B008,Current,2024-12-25,426128.46,Active
A04068,C04068,B029,Business,2026-01-08,102300.18,Inactive
A04069,C04069,B009,Savings,2023-01-17,171158.8,Active
A04070,C04070,B026,Savings,2025-10-13,355812.56,Active
A04071,C04071,B027,Savings,2022-07-08,31419.3,Active
A04072,C04072,B001,Current,2025-09-08,316001.23,Inactive
A04073,C04073,B002,Business,2026-01-06,403076.04,Active
A04074,C04074,B022,Salary,2021-12-11,61917.42,Active
A04075,C04075,B017,Salary,2021-12-03,297990.06,Inactive
A04076,C04076,B016,Business,2025-12-28,105081.37,Active
A04077,C04077,B008,Savings,2024-01-14,216422.52,Active
A04078,C04078,B009,Current,2023-05-31,445276.01,Inactive
A04079,C04079,B028,Salary,2026-07-20,138447.86,Inactive
A04080,C04080,B017,Current,2024-02-15,428231.44,Active
A04081,C04081,B026,Salary,2024-03-10,335997.31,Active
A04082,C04082,B014,Savings,2023-03-18,96936.1,Inactive
A04083,C04083,B001,Business,2024-11-08,431055.12,Inactive
A04084,C04084,B011,Business,2025-12-04,379327.57,Active
A04085,C04085,B016,Savings,2023-08-24,320071.92,Active
A04086,C04086,B006,Current,2022-07-03,123381.92,Inactive
A04087,C04087,B030,Savings,2023-04-26,432034.21,Active
A04088,C04088,B005,Current,2023-08-04,248532.21,Active
A04089,C04089,B012,Salary,2023-01-17,480176.96,Active
A04090,C04090,B023,Current,2022-04-15,455067.21,Active
A04091,C04091,B016,Business,2022-11-23,467911.17,Inactive
A04092,C04092,B001,Salary,2024-06-19,458749.87,Active
A04093,C04093,B016,Savings,2026-05-03,380454.85,Inactive
A04094,C04094,B028,Salary,2023-05-30,63957.25,Active
A04095,C04095,B027,Business,2025-09-06,137327.42,Inactive
A04096,C04096,B002,Business,2025-07-16,266216.6,Active
A04097,C04097,B015,Salary,2022-11-01,258583.71,Active
A04098,C04098,B026,Savings,2026-06-12,117859.02,Active
A04099,C04099,B015,Current,2021-11-20,219265.46,Active
A04100,C04100,B022,Salary,2024-03-15,346599.46,Active
A04101,C04101,B028,Salary,2025-08-16,439432.25,Active
A04102,C04102,B016,Current,2022-10-31,259466.01,Active
A04103,C04103,B007,Savings,2023-07-22,434101.31,Active
A04104,C04104,B026,Business,2023-02-11,402776.37,Active
A04105,C04105,B008,Savings,2025-11-10,216871.21,Active
A04106,C04106,B024,Salary,2025-11-02,474341.84,Active
A04107,C04107,B029,Savings,2022-11-04,277658.82,Active
A04108,C04108,B024,Current,2026-02-14,16857.72,Active
A04109,C04109,B021,Savings,2022-11-09,233277.98,Active
A04110,C04110,B014,Savings,2022-12-14,423147.12,Active
A04111,C04111,B005,Business,2024-02-25,311560.32,Active
A04112,C04112,B004,Salary,2023-07-20,83682.06,Active
A04113,C04113,B029,Current,2026-07-07,305490.6,Inactive
A04114,C04114,B013,Current,2024-11-19,113377.71,Active
A04115,C04115,B030,Current,2023-10-14,182317.14,Inactive
A04116,C04116,B012,Salary,2023-10-30,484681.3,Active
A04117,C04117,B001,Business,2024-04-09,300634.85,Active
A04118,C04118,B026,Salary,2023-11-03,141213.36,Active
A04119,C04119,B026,Current,2026-07-30,342895.58,Active
A04120,C04120,B030,Current,2022-05-08,17749.22,Active
A04121,C04121,B028,Salary,2026-08-09,111425.91,Active
A04122,C04122,B001,Savings,2022-05-13,149642.08,Active
A04123,C04123,B003,Current,2025-09-21,351392.74,Inactive
A04124,C04124,B030,Current,2022-11-21,404835.13,Active
A04125,C04125,B010,Savings,2024-03-09,391972.27,Active
A04126,C04126,B019,Current,2023-12-22,455473.57,Active
A04127,C04127,B030,Salary,2023-02-25,152174.25,Active
A04128,C04128,B023,Business,2025-05-30,112669.69,Active
A04129,C04129,B015,Business,2022-08-03,302001.51,Active
A04130,C04130,B019,Current,2023-04-17,139093.15,Active
A04131,C04131,B021,Salary,2023-08-05,122167.57,Active
A04132,C04132,B012,Savings,2025-12-03,270213.14,Inactive
A04133,C04133,B005,Current,2024-09-30,383520.93,Active
A04134,C04134,B014,Salary,2024-01-23,426716.15,Active
A04135,C04135,B028,Savings,2024-05-19,254699.42,Active
A04136,C04136,B028,Salary,2022-04-29,185739.2,Inactive
A04137,C04137,B022,Business,2025-05-18,388132.59,Active
A04138,C04138,B011,Salary,2024-03-21,297915.57,Active
A04139,C04139,B002,Savings,2023-03-17,289717.82,Active
A04140,C04140,B028,Salary,2024-09-30,134591.88,Inactive
A04141,C04141,B013,Savings,2024-09-11,339227.53,Active
A04142,C04142,B001,Salary,2021-10-01,258686.88,Active
A04143,C04143,B019,Savings,2025-08-27,442963.73,Active
A04144,C04144,B024,Savings,2024-04-12,257658.4,Active
A04145,C04145,B021,Salary,2026-02-03,147612.89,Active
A04146,C04146,B002,Current,2023-08-21,459137.77,Active
A04147,C04147,B015,Business,2021-09-20,299851.56,Active
A04148,C04148,B012,Salary,2024-06-02,302660.52,Active
A04149,C04149,B012,Salary,2023-08-05,256610.23,Active
A04150,C04150,B028,Savings,2022-08-21,256355.86,Active
A04151,C04151,B022,Current,2026-02-20,226085.17,Active
A04152,C04152,B010,Business,2024-04-30,384981.38,Inactive
A04153,C04153,B021,Business,2023-02-25,467217.01,Active
A04154,C04154,B012,Current,2024-06-08,188118.96,Active
A04155,C04155,B005,Current,2025-04-24,259585.63,Active
A04156,C04156,B028,Salary,2025-02-25,369647.09,Active
A04157,C04157,B016,Business,2024-06-20,309769.0,Active
A04158,C04158,B016,Savings,2022-08-10,356793.95,Active
A04159,C04159,B029,Salary,2024-07-01,301923.48,Active
A04160,C04160,B018,Salary,2022-07-24,286749.36,Inactive
A04161,C04161,B015,Salary,2023-09-16,461401.38,Active
A04162,C04162,B014,Business,2022-03-30,70623.06,Active
A04163,C04163,B026,Business,2024-08-02,331200.56,Inactive
A04164,C04164,B004,Current,2022-02-18,168296.6,Active
A04165,C04165,B011,Savings,2024-01-10,465413.96,Inactive
A04166,C04166,B014,Business,2022-12-01,135436.16,Active
A04167,C04167,B013,Salary,2025-06-30,66342.83,Active
A04168,C04168,B030,Current,2025-05-12,247955.44,Inactive
A04169,C04169,B013,Salary,2024-04-20,102685.48,Active
A04170,C04170,B010,Salary,2025-02-03,474475.63,Active
A04171,C04171,B009,Savings,2026-01-26,250736.02,Active
A04172,C04172,B002,Salary,2022-04-14,145044.25,Active
A04173,C04173,B011,Current,2023-01-16,396201.34,Active
A04174,C04174,B012,Salary,2025-12-15,444426.44,Active
A04175,C04175,B030,Business,2025-07-26,401702.96,Active
A04176,C04176,B014,Current,2022-05-26,105750.98,Inactive
A04177,C04177,B023,Business,2023-09-07,210306.81,Active
A04178,C04178,B018,Salary,2025-09-01,380520.66,Active
A04179,C04179,B026,Savings,2023-04-14,19834.8,Inactive
A04180,C04180,B025,Savings,2024-08-22,150383.04,Active
A04181,C04181,B016,Savings,2024-07-13,188425.61,Active
A04182,C04182,B022,Business,2025-06-24,281781.93,Active
A04183,C04183,B003,Business,2024-03-18,293620.12,Active
A04184,C04184,B013,Business,2026-07-13,444147.62,Active
A04185,C04185,B028,Savings,2022-10-06,335773.68,Inactive
A04186,C04186,B002,Salary,2022-11-11,324883.74,Active
A04187,C04187,B003,Savings,2025-06-12,187434.15,Active
A04188,C04188,B020,Savings,2025-08-16,50953.14,Active
A04189,C04189,B027,Current,2026-09-08,90739.71,Active
A04190,C04190,B013,Salary,2026-09-09,29001.36,Active
A04191,C04191,B022,Current,2022-11-26,355269.35,Inactive
A04192,C04192,B008,Business,2025-03-13,295780.58,Active
A04193,C04193,B030,Savings,2023-09-06,334516.27,Active
A04194,C04194,B018,Business,2026-09-12,261786.18,Active
A04195,C04195,B018,Current,2025-02-02,266465.6,Active
A04196,C04196,B015,Savings,2023-11-08,377581.83,Inactive
A04197,C04197,B025,Business,2023-07-20,218977.07,Active
A04198,C04198,B024,Salary,2023-04-04,440935.64,Active
A04199,C04199,B024,Savings,2021-12-16,274120.42,Active
A04200,C04200,B017,Savings,2025-05-06,96869.13,Active
A04201,C04201,B024,Business,2024-07-05,220307.58,Inactive
A04202,C04202,B009,Current,2024-03-23,365325.71,Inactive
A04203,C04203,B010,Salary,2026-02-25,424872.64,Active
A04204,C04204,B015,Current,2026-01-26,384415.46,Active
A04205,C04205,B025,Business,2024-03-13,301639.14,Inactive
A04206,C04206,B014,Current,2022-04-09,223959.93,Active
A04207,C04207,B017,Savings,2023-12-24,343134.19,Inactive
A04208,C04208,B015,Salary,2022-01-28,139949.95,Active
A04209,C04209,B010,Business,2023-05-05,265604.89,Active
A04210,C04210,B010,Salary,2023-02-12,195091.0,Active
A04211,C04211,B026,Salary,2024-06-12,128414.08,Active
A04212,C04212,B011,Business,2023-06-25,204670.8,Active
A04213,C04213,B007,Salary,2021-12-28,10067.27,Active
A04214,C04214,B021,Business,2024-06-04,397158.18,Active
A04215,C04215,B028,Business,2023-10-01,137793.14,Inactive
A04216,C04216,B013,Business,2026-03-02,335497.6,Active
A04217,C04217,B029,Savings,2024-03-05,332337.66,Active
A04218,C04218,B027,Current,2024-09-21,290386.56,Active
A04219,C04219,B008,Current,2026-08-31,136813.39,Inactive
A04220,C04220,B005,Current,2025-01-15,452141.38,Active
A04221,C04221,B015,Current,2021-12-27,119049.88,Active
A04222,C04222,B002,Business,2024-06-03,339367.51,Active
A04223,C04223,B007,Business,2025-02-10,248510.21,Active
A04224,C04224,B023,Salary,2024-07-07,250407.33,Active
A04225,C04225,B002,Salary,2026-04-04,394675.68,Active
A04226,C04226,B019,Business,2025-09-26,344810.61,Active
A04227,C04227,B022,Business,2024-05-26,332983.22,Active
A04228,C04228,B027,Business,2025-06-15,253695.77,Active
A04229,C04229,B002,Salary,2022-02-18,171975.45,Active
A04230,C04230,B030,Business,2022-02-08,320414.67,Inactive
A04231,C04231,B021,Business,2024-03-19,134263.44,Active
A04232,C04232,B020,Salary,2022-11-12,111343.59,Inactive
A04233,C04233,B030,Current,2025-08-24,86976.37,Active
A04234,C04234,B012,Business,2026-07-25,58148.6,Inactive
A04235,C04235,B012,Current,2025-07-07,441991.12,Active
A04236,C04236,B006,Savings,2025-10-21,35418.62,Active
A04237,C04237,B003,Business,2026-05-10,224323.02,Inactive
A04238,C04238,B023,Savings,2023-10-01,433402.14,Active
A04239,C04239,B002,Current,2025-04-04,166269.58,Active
A04240,C04240,B019,Salary,2024-07-19,336981.58,Active
A04241,C04241,B026,Salary,2025-08-24,207379.72,Active
A04242,C04242,B008,Current,2025-08-14,161716.43,Active
A04243,C04243,B002,Savings,2024-08-02,314824.44,Active
A04244,C04244,B030,Current,2025-02-14,417313.06,Inactive
A04245,C04245,B029,Business,2023-02-18,208324.52,Active
A04246,C04246,B006,Business,2022-09-12,337451.01,Active
A04247,C04247,B025,Salary,2021-12-13,68784.07,Active
A04248,C04248,B018,Savings,2022-01-31,5774.1,Active
A04249,C04249,B030,Savings,2023-01-07,369655.89,Inactive
A04250,C04250,B002,Savings,2025-11-06,184997.04,Active
A04251,C04251,B020,Savings,2022-02-02,266728.7,Active
A04252,C04252,B015,Salary,2025-07-03,292287.51,Inactive
A04253,C04253,B012,Savings,2023-03-23,170207.41,Active
A04254,C04254,B016,Savings,2021-12-26,353128.79,Active
A04255,C04255,B020,Business,2026-03-17,52362.85,Active
A04256,C04256,B026,Salary,2022-10-07,111706.55,Active
A04257,C04257,B002,Salary,2026-06-27,471377.27,Active
A04258,C04258,B021,Business,2023-02-09,242171.76,Active
A04259,C04259,B004,Current,2024-07-11,24873.5,Active
A04260,C04260,B001,Current,2025-02-20,449075.72,Active
A04261,C04261,B004,Business,2023-10-16,277131.03,Inactive
A04262,C04262,B010,Salary,2025-04-22,402770.26,Active
A04263,C04263,B027,Business,2022-11-02,59564.39,Inactive
A04264,C04264,B008,Current,2021-09-17,26644.94,Active
A04265,C04265,B003,Current,2026-08-22,224517.5,Active
A04266,C04266,B026,Savings,2024-12-30,93909.54,Inactive
A04267,C04267,B014,Salary,2024-02-29,202081.01,Active
A04268,C04268,B006,Current,2024-10-03,104616.93,Active
A04269,C04269,B029,Business,2023-01-17,484170.79,Active
A04270,C04270,B017,Savings,2025-01-04,212167.37,Active
A04271,C04271,B009,Business,2024-12-11,166302.31,Active
A04272,C04272,B005,Business,2026-02-25,231166.9,Active
A04273,C04273,B029,Savings,2022-07-10,338853.82,Inactive
A04274,C04274,B021,Business,2023-01-24,374957.92,Active
A04275,C04275,B015,Salary,2024-03-31,60803.63,Active
A04276,C04276,B029,Salary,2023-06-22,452193.11,Inactive
A04277,C04277,B018,Business,2026-08-21,25626.3,Active
A04278,C04278,B011,Business,2025-12-22,478681.59,Active
A04279,C04279,B006,Savings,2022-08-22,350423.02,Active
A04280,C04280,B028,Business,2022-12-07,229551.8,Active
A04281,C04281,B026,Current,2024-02-14,486060.19,Active
A04282,C04282,B026,Current,2023-05-12,289303.06,Active
A04283,C04283,B025,Current,2022-12-05,13265.51,Active
A04284,C04284,B009,Salary,2025-06-29,368367.62,Active
A04285,C04285,B003,Business,2026-06-12,168769.29,Active
A04286,C04286,B029,Business,2026-06-27,292932.43,Active
A04287,C04287,B005,Savings,2022-06-11,354600.54,Active
A04288,C04288,B002,Current,2026-01-21,139347.77,Inactive
A04289,C04289,B022,Salary,2023-02-11,209071.1,Active
A04290,C04290,B021,Salary,2025-11-03,370911.71,Active
A04291,C04291,B005,Savings,2024-06-24,155770.65,Active
A04292,C04292,B011,Salary,2023-07-19,274464.67,Active
A04293,C04293,B025,Salary,2023-12-16,53770.5,Active
A04294,C04294,B007,Salary,2026-08-10,198718.61,Active
A04295,C04295,B024,Current,2022-07-19,116013.87,Inactive
A04296,C04296,B007,Current,2025-08-12,8224.03,Inactive
A04297,C04297,B023,Salary,2022-02-13,351451.81,Active
A04298,C04298,B015,Savings,2024-11-28,6434.59,Active
A04299,C04299,B004,Business,2022-03-08,386679.1,Active
A04300,C04300,B008,Business,2022-05-12,464892.69,Active
A04301,C04301,B021,Current,2024-02-05,52466.6,Inactive
A04302,C04302,B001,Salary,2026-04-20,223213.89,Active
A04303,C04303,B027,Current,2023-03-29,173799.47,Active
A04304,C04304,B018,Current,2023-05-13,431991.16,Inactive
A04305,C04305,B003,Business,2023-10-19,322762.18,Active
A04306,C04306,B013,Savings,2022-03-06,229736.6,Inactive
A04307,C04307,B012,Savings,2023-12-27,180529.96,Active
A04308,C04308,B016,Current,2023-09-17,484096.83,Active
A04309,C04309,B001,Savings,2023-01-18,490610.7,Active
A04310,C04310,B024,Salary,2021-12-20,446777.58,Active
A04311,C04311,B025,Business,2024-08-27,305254.93,Active
A04312,C04312,B008,Savings,2022-07-04,246622.42,Active
A04313,C04313,B029,Business,2024-06-20,147323.59,Inactive
A04314,C04314,B001,Salary,2023-07-30,362727.94,Active
A04315,C04315,B013,Salary,2025-09-08,353582.64,Active
A04316,C04316,B030,Salary,2024-10-27,414877.16,Active
A04317,C04317,B019,Current,2025-02-07,466040.88,Active
A04318,C04318,B015,Savings,2023-04-18,333653.68,Inactive
A04319,C04319,B028,Salary,2023-10-16,8319.71,Active
A04320,C04320,B013,Current,2024-09-12,435327.49,Inactive
A04321,C04321,B018,Salary,2025-07-02,215562.42,Active
A04322,C04322,B015,Savings,2023-10-26,292578.52,Active
A04323,C04323,B014,Savings,2021-12-14,381243.03,Inactive
A04324,C04324,B026,Savings,2025-12-31,65034.12,Inactive
A04325,C04325,B017,Savings,2026-05-19,371054.4,Active
A04326,C04326,B020,Current,2022-10-03,220822.62,Active
A04327,C04327,B019,Savings,2026-08-29,296835.8,Active
A04328,C04328,B027,Savings,2026-01-24,328571.85,Active
A04329,C04329,B002,Current,2026-06-01,497358.52,Inactive
A04330,C04330,B023,Business,2023-12-02,335052.03,Active
A04331,C04331,B012,Business,2024-12-27,235144.87,Inactive
A04332,C04332,B028,Business,2025-02-10,393522.91,Active
A04333,C04333,B009,Business,2023-09-06,71395.17,Inactive
A04334,C04334,B017,Current,2026-04-28,441065.94,Active
A04335,C04335,B004,Salary,2022-03-30,216267.21,Inactive
A04336,C04336,B010,Business,2023-06-01,18944.84,Inactive
A04337,C04337,B015,Current,2023-06-24,319691.26,Active
A04338,C04338,B013,Savings,2026-07-24,495292.15,Active
A04339,C04339,B005,Savings,2024-05-31,180280.08,Active
A04340,C04340,B007,Salary,2025-02-28,203627.76,Inactive
A04341,C04341,B026,Salary,2022-04-26,366650.46,Active
A04342,C04342,B012,Savings,2024-06-12,29110.41,Active
A04343,C04343,B004,Business,2022-07-19,236152.92,Active
A04344,C04344,B029,Business,2025-12-31,321286.28,Active
A04345,C04345,B012,Savings,2024-07-05,277743.38,Active
A04346,C04346,B016,Business,2025-03-18,134759.42,Inactive
A04347,C04347,B010,Business,2025-12-24,228307.78,Active
A04348,C04348,B012,Salary,2022-07-08,329029.65,Active
A04349,C04349,B007,Current,2024-01-19,189557.64,Inactive
A04350,C04350,B025,Savings,2023-01-20,92834.66,Active
A04351,C04351,B025,Savings,2022-01-07,421964.93,Active
A04352,C04352,B002,Business,2023-12-24,446569.09,Inactive
A04353,C04353,B021,Savings,2025-06-20,78608.4,Inactive
A04354,C04354,B004,Savings,2025-09-01,286455.66,Active
A04355,C04355,B007,Salary,2022-05-30,123292.87,Active
A04356,C04356,B007,Savings,2025-10-11,126431.26,Inactive
A04357,C04357,B018,Current,2024-02-03,24604.75,Inactive
A04358,C04358,B017,Current,2025-03-27,260221.8,Inactive
A04359,C04359,B012,Current,2021-11-16,121533.76,Active
A04360,C04360,B006,Business,2022-04-17,346325.24,Active
A04361,C04361,B005,Salary,2026-08-27,388898.26,Inactive
A04362,C04362,B009,Business,2024-02-28,254569.5,Active
A04363,C04363,B006,Current,2025-10-15,204599.33,Active
A04364,C04364,B010,Salary,2025-06-23,65499.15,Active
A04365,C04365,B019,Current,2022-09-20,401318.56,Active
A04366,C04366,B019,Current,2024-11-06,45938.51,Inactive
A04367,C04367,B017,Business,2024-06-15,171145.32,Active
A04368,C04368,B026,Current,2024-04-26,285990.72,Active
A04369,C04369,B022,Business,2025-05-18,189893.23,Active
A04370,C04370,B011,Salary,2022-03-01,482890.88,Inactive
A04371,C04371,B024,Business,2025-01-25,391582.48,Active
A04372,C04372,B015,Salary,2026-07-12,105900.8,Active
A04373,C04373,B022,Salary,2024-03-25,109783.04,Active
A04374,C04374,B007,Salary,2024-07-07,127579.36,Active
A04375,C04375,B003,Salary,2022-08-31,250002.08,Active
A04376,C04376,B028,Current,2026-06-17,450466.13,Inactive
A04377,C04377,B006,Savings,2023-12-30,311355.94,Active
A04378,C04378,B024,Current,2023-05-02,193364.87,Active
A04379,C04379,B015,Salary,2026-02-19,495946.61,Active
A04380,C04380,B029,Salary,2024-08-08,102554.17,Active
A04381,C04381,B014,Business,2025-11-26,445506.53,Inactive
A04382,C04382,B001,Salary,2022-04-20,165633.98,Inactive
A04383,C04383,B019,Salary,2024-06-12,117775.48,Active
A04384,C04384,B009,Savings,2024-08-07,34919.44,Active
A04385,C04385,B001,Salary,2025-09-05,77223.92,Inactive
A04386,C04386,B025,Business,2023-05-17,133919.06,Active
A04387,C04387,B012,Salary,2021-12-02,421539.3,Active
A04388,C04388,B004,Savings,2022-07-17,57868.09,Active
A04389,C04389,B017,Business,2024-07-26,307591.34,Active
A04390,C04390,B007,Current,2023-07-22,382517.11,Active
A04391,C04391,B012,Business,2026-03-13,485709.65,Active
A04392,C04392,B007,Salary,2025-02-15,399304.43,Active
A04393,C04393,B004,Savings,2024-08-25,165850.63,Inactive
A04394,C04394,B002,Current,2025-05-31,153286.24,Active
A04395,C04395,B013,Savings,2025-01-14,323297.71,Inactive
A04396,C04396,B010,Current,2023-06-01,195252.39,Active
A04397,C04397,B027,Salary,2024-11-21,454752.78,Active
A04398,C04398,B014,Current,2023-11-15,6607.01,Active
A04399,C04399,B004,Current,2024-06-22,174132.89,Active
A04400,C04400,B026,Business,2022-06-03,313376.84,Active
A04401,C04401,B005,Current,2024-06-21,286959.89,Active
A04402,C04402,B016,Savings,2025-11-20,376620.87,Active
A04403,C04403,B022,Salary,2024-10-16,118391.57,Inactive
A04404,C04404,B013,Savings,2021-12-15,459571.61,Active
A04405,C04405,B027,Salary,2024-08-07,238780.79,Active
A04406,C04406,B024,Savings,2022-05-31,211474.69,Active
A04407,C04407,B030,Savings,2023-08-25,30478.31,Active
A04408,C04408,B004,Business,2022-12-17,98993.48,Active
A04409,C04409,B003,Salary,2026-06-25,318041.4,Active
A04410,C04410,B024,Current,2023-12-06,5225.26,Active
A04411,C04411,B006,Salary,2024-07-30,318388.46,Inactive
A04412,C04412,B011,Business,2022-09-07,38350.63,Active
A04413,C04413,B029,Salary,2025-01-05,220880.67,Active
A04414,C04414,B017,Salary,2024-12-26,138557.23,Active
A04415,C04415,B007,Current,2023-07-01,220201.52,Active
A04416,C04416,B024,Savings,2023-05-27,74536.82,Active
A04417,C04417,B020,Savings,2022-09-02,167725.89,Inactive
A04418,C04418,B023,Salary,2023-09-21,278203.0,Inactive
A04419,C04419,B021,Savings,2026-08-19,335156.45,Inactive
A04420,C04420,B018,Current,2023-05-01,285080.71,Active
A04421,C04421,B006,Salary,2025-08-02,298361.12,Active
A04422,C04422,B003,Savings,2026-04-18,323346.89,Active
A04423,C04423,B021,Salary,2023-05-05,84216.03,Active
A04424,C04424,B017,Savings,2025-01-28,148645.62,Active
A04425,C04425,B001,Savings,2021-10-23,112117.56,Active
A04426,C04426,B023,Business,2024-03-24,451133.85,Active
A04427,C04427,B019,Savings,2022-03-16,145832.34,Active
A04428,C04428,B014,Salary,2022-09-08,81148.94,Active
A04429,C04429,B027,Current,2022-08-30,411291.51,Active
A04430,C04430,B004,Business,2023-05-23,154475.53,Active
A04431,C04431,B005,Savings,2026-07-09,311543.51,Active
A04432,C04432,B023,Salary,2023-08-23,220740.7,Inactive
A04433,C04433,B013,Salary,2023-08-17,313999.45,Active
A04434,C04434,B023,Current,2025-02-27,234358.8,Active
A04435,C04435,B008,Business,2026-07-22,231245.76,Active
A04436,C04436,B020,Savings,2025-12-29,457004.74,Active
A04437,C04437,B009,Savings,2024-07-21,498091.31,Active
A04438,C04438,B007,Current,2025-08-19,361064.91,Active
A04439,C04439,B029,Savings,2025-03-08,53695.1,Active
A04440,C04440,B017,Salary,2024-06-14,441921.14,Active
A04441,C04441,B004,Salary,2022-02-09,204307.87,Active
A04442,C04442,B029,Current,2025-08-09,148460.76,Active
A04443,C04443,B030,Savings,2023-07-21,364996.7,Active
A04444,C04444,B029,Salary,2023-07-19,200295.33,Inactive
A04445,C04445,B016,Savings,2024-08-22,316717.29,Active
A04446,C04446,B001,Current,2024-03-08,160001.69,Active
A04447,C04447,B006,Current,2024-08-01,270763.69,Inactive
A04448,C04448,B026,Savings,2024-08-12,407703.57,Inactive
A04449,C04449,B013,Savings,2025-06-22,158913.7,Active
A04450,C04450,B020,Current,2025-01-19,327647.34,Inactive
A04451,C04451,B021,Business,2023-02-14,355622.5,Inactive
A04452,C04452,B010,Savings,2025-06-22,485813.84,Inactive
A04453,C04453,B016,Current,2025-06-13,42144.19,Inactive
A04454,C04454,B021,Salary,2026-01-22,93346.68,Active
A04455,C04455,B027,Savings,2023-07-30,15129.76,Active
A04456,C04456,B023,Savings,2024-11-20,441822.52,Active
A04457,C04457,B028,Savings,2026-04-11,14241.67,Inactive
A04458,C04458,B030,Current,2023-07-27,145410.36,Inactive
A04459,C04459,B026,Current,2026-02-20,175609.33,Active
A04460,C04460,B014,Salary,2022-05-23,148223.14,Active
A04461,C04461,B014,Current,2024-08-22,298796.27,Inactive
A04462,C04462,B028,Business,2024-08-31,377465.59,Active
A04463,C04463,B019,Salary,2022-08-15,351161.44,Active
A04464,C04464,B018,Savings,2021-10-07,403444.24,Active
A04465,C04465,B026,Current,2024-03-01,454378.65,Active
A04466,C04466,B022,Current,2023-07-05,389647.82,Inactive
A04467,C04467,B018,Business,2023-01-31,260406.56,Inactive
A04468,C04468,B029,Savings,2025-11-05,140727.62,Active
A04469,C04469,B012,Business,2022-01-11,387770.12,Active
A04470,C04470,B003,Salary,2024-05-17,291512.56,Active
A04471,C04471,B027,Savings,2024-07-07,364106.4,Active
A04472,C04472,B022,Savings,2025-03-06,327146.33,Active
A04473,C04473,B008,Salary,2022-07-21,355018.9,Active
A04474,C04474,B012,Savings,2026-04-20,408472.41,Active
A04475,C04475,B016,Business,2022-11-14,190603.34,Active
A04476,C04476,B019,Salary,2026-08-13,331018.16,Inactive
A04477,C04477,B007,Salary,2023-04-10,230753.96,Inactive
A04478,C04478,B023,Business,2023-06-07,66996.65,Active
A04479,C04479,B008,Savings,2022-09-28,406873.98,Active
A04480,C04480,B003,Salary,2023-05-21,278460.25,Active
A04481,C04481,B009,Current,2024-06-04,85627.26,Active
A04482,C04482,B019,Salary,2024-11-16,171640.23,Active
A04483,C04483,B027,Current,2026-03-10,355451.11,Active
A04484,C04484,B020,Savings,2025-06-20,178754.29,Active
A04485,C04485,B019,Business,2024-01-25,108043.71,Active
A04486,C04486,B004,Savings,2025-05-25,17825.3,Inactive
A04487,C04487,B016,Salary,2022-02-23,174599.32,Active
A04488,C04488,B028,Business,2026-08-01,118542.31,Active
A04489,C04489,B024,Savings,2022-05-10,471676.86,Active
A04490,C04490,B024,Savings,2025-12-27,129645.37,Inactive
A04491,C04491,B008,Business,2023-08-17,442036.88,Active
A04492,C04492,B005,Current,2025-11-23,134103.35,Inactive
A04493,C04493,B028,Business,2025-05-09,422422.65,Inactive
A04494,C04494,B028,Savings,2024-05-15,496558.22,Active
A04495,C04495,B029,Current,2021-11-04,112157.26,Active
A04496,C04496,B005,Savings,2021-11-13,223467.42,Active
A04497,C04497,B012,Salary,2023-09-27,338999.04,Active
A04498,C04498,B029,Current,2025-04-26,477337.79,Active
A04499,C04499,B003,Current,2022-10-02,223411.73,Active
A04500,C04500,B019,Business,2025-01-06,125863.31,Inactive
A04501,C04501,B029,Current,2023-07-21,39813.47,Active
A04502,C04502,B020,Current,2023-11-01,123109.74,Active
A04503,C04503,B029,Savings,2025-04-01,498174.24,Inactive
A04504,C04504,B006,Current,2022-06-11,31649.9,Inactive
A04505,C04505,B024,Salary,2025-11-14,391827.45,Active
A04506,C04506,B022,Savings,2026-01-30,18241.77,Active
A04507,C04507,B017,Savings,2023-09-09,125509.84,Inactive
A04508,C04508,B010,Salary,2026-03-12,359055.36,Active
A04509,C04509,B030,Savings,2026-05-22,68849.65,Active
A04510,C04510,B010,Savings,2025-06-23,354678.85,Active
A04511,C04511,B018,Savings,2026-02-27,226630.98,Active
A04512,C04512,B017,Salary,2026-01-16,486394.95,Active
A04513,C04513,B014,Business,2026-01-04,268814.63,Active
A04514,C04514,B006,Savings,2024-08-15,144366.68,Inactive
A04515,C04515,B028,Savings,2025-03-06,108764.1,Active
A04516,C04516,B001,Salary,2026-08-11,97915.42,Active
A04517,C04517,B022,Business,2024-10-19,131627.34,Active
A04518,C04518,B010,Salary,2023-04-01,69206.1,Active
A04519,C04519,B014,Salary,2024-10-23,37839.97,Active
A04520,C04520,B026,Savings,2021-10-06,150643.25,Inactive
A04521,C04521,B001,Savings,2024-11-10,10933.53,Active
A04522,C04522,B004,Current,2024-02-26,65369.56,Active
A04523,C04523,B012,Salary,2025-04-13,480221.25,Inactive
A04524,C04524,B019,Salary,2023-05-25,70913.21,Inactive
A04525,C04525,B025,Current,2023-12-14,343893.1,Active
A04526,C04526,B022,Current,2025-11-05,300414.03,Active
A04527,C04527,B014,Business,2022-03-11,69586.05,Active
A04528,C04528,B016,Business,2026-04-28,398480.89,Active
A04529,C04529,B023,Business,2025-01-04,359080.59,Inactive
A04530,C04530,B016,Business,2025-03-13,240679.89,Inactive
A04531,C04531,B030,Salary,2026-03-04,433060.26,Active
A04532,C04532,B017,Business,2023-09-21,235036.05,Active
A04533,C04533,B005,Current,2025-08-11,305203.38,Active
A04534,C04534,B018,Current,2023-07-25,309288.43,Active
A04535,C04535,B002,Salary,2025-07-27,255806.04,Active
A04536,C04536,B002,Salary,2021-10-28,183816.79,Active
A04537,C04537,B011,Salary,2024-02-14,370935.61,Inactive
A04538,C04538,B030,Savings,2023-05-06,324374.22,Inactive
A04539,C04539,B027,Current,2022-05-30,143871.93,Active
A04540,C04540,B016,Business,2023-10-30,390535.5,Active
A04541,C04541,B008,Savings,2021-09-27,177178.81,Inactive
A04542,C04542,B026,Salary,2025-09-11,257449.39,Active
A04543,C04543,B030,Savings,2026-04-26,384779.54,Active
A04544,C04544,B008,Business,2026-07-15,361544.87,Active
A04545,C04545,B012,Salary,2022-01-28,414483.17,Active
A04546,C04546,B025,Current,2022-04-30,293846.96,Inactive
A04547,C04547,B003,Salary,2023-05-11,129572.95,Inactive
A04548,C04548,B008,Salary,2024-07-23,424482.79,Inactive
A04549,C04549,B001,Current,2023-08-13,488674.97,Inactive
A04550,C04550,B021,Savings,2024-03-03,385025.49,Active
A04551,C04551,B015,Salary,2022-03-14,97026.14,Active
A04552,C04552,B012,Salary,2024-11-12,360899.29,Active
A04553,C04553,B022,Salary,2025-08-24,137155.13,Active
A04554,C04554,B015,Business,2022-12-29,230736.1,Active
A04555,C04555,B021,Current,2023-04-15,487602.51,Active
A04556,C04556,B025,Savings,2021-11-07,371432.26,Inactive
A04557,C04557,B025,Current,2024-05-18,341172.48,Active
A04558,C04558,B030,Salary,2026-07-24,15723.75,Active
A04559,C04559,B016,Savings,2024-05-03,493647.53,Active
A04560,C04560,B010,Business,2022-03-22,57296.76,Inactive
A04561,C04561,B012,Business,2026-08-31,271020.36,Active
A04562,C04562,B029,Salary,2025-09-02,51915.29,Active
A04563,C04563,B023,Salary,2022-12-30,278216.13,Inactive
A04564,C04564,B016,Savings,2025-01-24,263299.25,Active
A04565,C04565,B009,Current,2025-10-07,480164.86,Active
A04566,C04566,B025,Salary,2025-02-24,153806.41,Inactive
A04567,C04567,B002,Salary,2026-07-02,283660.72,Inactive
A04568,C04568,B016,Savings,2026-03-27,61915.29,Active
A04569,C04569,B004,Business,2022-05-24,235769.6,Active
A04570,C04570,B008,Current,2022-12-08,82729.94,Inactive
A04571,C04571,B025,Savings,2026-03-22,348004.38,Active
A04572,C04572,B008,Savings,2024-10-18,234472.51,Active
A04573,C04573,B010,Business,2025-08-30,331406.48,Inactive
A04574,C04574,B022,Salary,2022-11-28,302356.02,Active
A04575,C04575,B025,Current,2022-12-29,321348.18,Active
A04576,C04576,B009,Current,2023-06-29,259146.06,Active
A04577,C04577,B026,Business,2024-07-23,223943.69,Active
A04578,C04578,B009,Business,2026-04-15,421533.03,Active
A04579,C04579,B010,Business,2022-07-13,16053.97,Active
A04580,C04580,B004,Current,2021-12-12,34297.99,Inactive
A04581,C04581,B025,Salary,2025-05-14,126305.2,Active
A04582,C04582,B003,Salary,2024-07-29,461551.78,Inactive
A04583,C04583,B027,Salary,2022-07-07,52964.19,Active
A04584,C04584,B006,Business,2023-06-05,186765.85,Active
A04585,C04585,B029,Business,2024-01-17,33150.4,Active
A04586,C04586,B009,Current,2024-11-02,452246.57,Inactive
A04587,C04587,B009,Current,2023-10-14,365774.44,Active
A04588,C04588,B012,Business,2026-07-27,404002.33,Inactive
A04589,C04589,B010,Savings,2023-01-29,486389.92,Active
A04590,C04590,B007,Business,2023-01-07,73345.81,Active
A04591,C04591,B029,Current,2026-09-02,106724.9,Active
A04592,C04592,B027,Salary,2021-11-07,132628.06,Active
A04593,C04593,B004,Savings,2024-01-12,321838.47,Active
A04594,C04594,B013,Savings,2024-11-21,246956.11,Active
A04595,C04595,B024,Business,2025-08-22,326559.54,Active
A04596,C04596,B002,Savings,2022-12-02,183438.02,Active
A04597,C04597,B006,Savings,2024-01-31,488996.55,Active
A04598,C04598,B009,Current,2025-02-22,325130.84,Inactive
A04599,C04599,B026,Business,2021-12-24,328722.99,Active
A04600,C04600,B024,Salary,2026-07-12,409069.56,Active
A04601,C04601,B022,Current,2021-10-15,161401.65,Inactive
A04602,C04602,B004,Savings,2022-03-02,417097.05,Active
A04603,C04603,B022,Salary,2025-02-16,335697.36,Active
A04604,C04604,B009,Current,2026-01-12,209478.11,Active
A04605,C04605,B018,Salary,2025-11-10,426254.16,Active
A04606,C04606,B011,Current,2022-10-04,222101.22,Active
A04607,C04607,B018,Current,2023-01-02,203730.66,Active
A04608,C04608,B024,Salary,2024-03-11,34713.03,Active
A04609,C04609,B009,Salary,2023-12-27,483906.08,Active
A04610,C04610,B026,Current,2025-04-09,71115.37,Active
A04611,C04611,B018,Salary,2024-04-26,298615.13,Active
A04612,C04612,B017,Savings,2026-06-27,348363.9,Active
A04613,C04613,B029,Current,2023-03-20,256451.79,Active
A04614,C04614,B011,Savings,2022-04-30,463398.37,Inactive
A04615,C04615,B011,Savings,2023-12-22,437064.92,Active
A04616,C04616,B019,Business,2025-02-08,405106.13,Active
A04617,C04617,B009,Salary,2023-12-10,456474.1,Active
A04618,C04618,B006,Salary,2022-01-02,353353.37,Inactive
A04619,C04619,B016,Business,2025-02-23,243799.71,Active
A04620,C04620,B025,Salary,2026-04-28,284919.41,Active
A04621,C04621,B026,Current,2026-03-12,21792.32,Inactive
A04622,C04622,B010,Savings,2022-01-03,29160.38,Active
A04623,C04623,B013,Current,2022-06-08,198136.43,Inactive
A04624,C04624,B005,Business,2024-04-30,185256.45,Active
A04625,C04625,B026,Current,2022-12-21,250935.35,Active
A04626,C04626,B026,Salary,2025-05-18,452090.07,Active
A04627,C04627,B021,Business,2022-06-13,15245.36,Active
A04628,C04628,B005,Savings,2026-06-06,15958.96,Active
A04629,C04629,B001,Business,2022-05-28,82794.2,Active
A04630,C04630,B009,Salary,2025-06-09,366913.79,Inactive
A04631,C04631,B002,Savings,2023-04-15,379054.71,Active
A04632,C04632,B019,Current,2023-10-10,74961.05,Active
A04633,C04633,B015,Savings,2022-12-27,222978.31,Active
A04634,C04634,B013,Current,2024-08-27,183481.62,Active
A04635,C04635,B023,Business,2025-10-11,151841.13,Active
A04636,C04636,B022,Business,2021-12-24,388056.48,Active
A04637,C04637,B005,Salary,2022-09-15,34065.12,Active
A04638,C04638,B024,Salary,2025-01-17,127030.02,Active
A04639,C04639,B009,Current,2023-09-29,232664.94,Active
A04640,C04640,B005,Current,2024-07-23,216552.97,Inactive
A04641,C04641,B019,Salary,2023-01-07,287104.86,Active
A04642,C04642,B011,Salary,2024-09-26,304225.99,Active
A04643,C04643,B023,Salary,2023-04-12,422148.09,Active
A04644,C04644,B006,Business,2023-10-20,363942.6,Active
A04645,C04645,B016,Salary,2024-02-07,342121.72,Active
A04646,C04646,B015,Savings,2022-10-24,266896.4,Active
A04647,C04647,B028,Current,2025-06-18,466228.71,Active
A04648,C04648,B029,Savings,2022-03-28,84893.69,Active
A04649,C04649,B013,Current,2025-05-11,240519.52,Active
A04650,C04650,B015,Business,2021-12-21,459470.38,Active
A04651,C04651,B023,Savings,2025-12-01,384390.55,Active
A04652,C04652,B002,Salary,2022-11-19,365558.47,Inactive
A04653,C04653,B011,Salary,2021-11-26,54153.06,Active
A04654,C04654,B018,Business,2022-09-04,119546.1,Active
A04655,C04655,B004,Savings,2026-04-23,178356.43,Active
A04656,C04656,B023,Current,2022-11-30,268289.01,Active
A04657,C04657,B002,Business,2024-04-14,388597.74,Active
A04658,C04658,B022,Salary,2023-11-19,295892.96,Active
A04659,C04659,B026,Current,2025-08-12,223964.93,Inactive
A04660,C04660,B016,Business,2023-07-28,398321.79,Active
A04661,C04661,B007,Current,2022-09-13,162581.06,Active
A04662,C04662,B007,Current,2026-08-22,410860.19,Inactive
A04663,C04663,B007,Current,2025-09-02,359148.53,Active
A04664,C04664,B020,Business,2023-12-15,386019.61,Active
A04665,C04665,B003,Salary,2026-06-15,64248.38,Active
A04666,C04666,B005,Business,2026-03-31,5700.51,Inactive
A04667,C04667,B025,Current,2024-08-30,38517.56,Active
A04668,C04668,B029,Salary,2026-07-25,477110.87,Inactive
A04669,C04669,B029,Business,2021-12-19,485769.09,Active
A04670,C04670,B007,Business,2022-08-04,38800.18,Active
A04671,C04671,B016,Current,2023-02-18,60142.36,Active
A04672,C04672,B012,Current,2025-06-18,7129.2,Active
A04673,C04673,B003,Business,2023-03-03,114880.76,Active
A04674,C04674,B002,Business,2022-02-26,313234.91,Active
A04675,C04675,B015,Business,2023-08-28,425745.56,Active
A04676,C04676,B004,Current,2025-07-12,308088.88,Active
A04677,C04677,B029,Salary,2024-02-29,470964.04,Active
A04678,C04678,B017,Salary,2025-07-09,30577.29,Active
A04679,C04679,B022,Business,2024-09-06,336571.62,Active
A04680,C04680,B020,Savings,2025-05-18,265115.27,Inactive
A04681,C04681,B018,Savings,2025-03-12,5128.06,Active
A04682,C04682,B016,Current,2022-01-13,90546.65,Inactive
A04683,C04683,B003,Current,2025-12-28,472164.84,Active
A04684,C04684,B017,Salary,2024-10-20,176848.95,Active
A04685,C04685,B020,Salary,2024-01-21,287266.21,Active
A04686,C04686,B005,Current,2022-04-24,108803.98,Active
A04687,C04687,B026,Business,2025-07-24,473307.73,Active
A04688,C04688,B015,Salary,2022-04-22,225512.48,Active
A04689,C04689,B007,Current,2024-06-29,102323.03,Active
A04690,C04690,B026,Business,2025-03-26,432543.45,Active
A04691,C04691,B003,Business,2023-04-02,171429.01,Active
A04692,C04692,B026,Salary,2026-05-06,65273.2,Active
A04693,C04693,B030,Savings,2025-08-12,28304.27,Inactive
A04694,C04694,B016,Salary,2022-06-24,260258.8,Inactive
A04695,C04695,B011,Salary,2022-08-14,342972.03,Active
A04696,C04696,B001,Salary,2024-07-14,289644.98,Active
A04697,C04697,B010,Salary,2025-11-22,26331.59,Inactive
A04698,C04698,B006,Current,2023-09-20,198459.14,Active
A04699,C04699,B022,Business,2024-12-02,68328.35,Active
A04700,C04700,B017,Business,2023-04-21,477940.32,Active
A04701,C04701,B018,Savings,2021-12-17,147576.14,Active
A04702,C04702,B002,Salary,2022-07-12,397648.8,Active
A04703,C04703,B021,Salary,2026-01-07,383889.32,Active
A04704,C04704,B030,Savings,2022-04-02,342579.61,Active
A04705,C04705,B030,Business,2022-09-23,77387.1,Inactive
A04706,C04706,B029,Business,2023-08-21,134091.21,Active
A04707,C04707,B030,Salary,2026-05-11,304363.2,Active
A04708,C04708,B028,Salary,2026-04-22,57776.5,Inactive
A04709,C04709,B015,Salary,2024-03-26,484482.78,Inactive
A04710,C04710,B018,Business,2025-09-13,284001.71,Active
A04711,C04711,B018,Salary,2026-04-09,226026.73,Active
A04712,C04712,B025,Savings,2023-03-22,32027.69,Inactive
A04713,C04713,B015,Current,2022-08-03,489276.86,Active
A04714,C04714,B003,Business,2026-07-08,314283.05,Inactive
A04715,C04715,B018,Salary,2026-09-09,112230.04,Inactive
A04716,C04716,B002,Savings,2026-03-25,483672.56,Active
A04717,C04717,B019,Current,2022-01-30,440013.22,Active
A04718,C04718,B014,Salary,2023-11-10,181405.19,Active
A04719,C04719,B030,Salary,2022-06-06,491177.43,Inactive
A04720,C04720,B018,Savings,2025-01-05,138851.57,Active
A04721,C04721,B010,Savings,2025-09-16,243824.06,Active
A04722,C04722,B013,Salary,2024-09-12,38794.74,Inactive
A04723,C04723,B012,Business,2024-05-11,394252.25,Active
A04724,C04724,B014,Current,2026-09-12,379641.57,Active
A04725,C04725,B022,Current,2024-10-15,237463.36,Active
A04726,C04726,B011,Business,2024-05-22,63315.86,Active
A04727,C04727,B013,Business,2025-05-28,495161.31,Active
A04728,C04728,B005,Current,2025-06-03,7405.53,Active
A04729,C04729,B015,Salary,2025-12-24,394897.47,Active
A04730,C04730,B012,Current,2022-11-15,75221.44,Active
A04731,C04731,B006,Salary,2022-01-21,388918.59,Inactive
A04732,C04732,B001,Savings,2025-04-11,292265.24,Active
A04733,C04733,B029,Salary,2024-09-01,458852.32,Active
A04734,C04734,B014,Savings,2022-11-14,350402.82,Active
A04735,C04735,B001,Current,2022-05-14,451427.71,Active
A04736,C04736,B003,Current,2023-09-27,411798.11,Inactive
A04737,C04737,B011,Current,2026-03-10,66879.89,Active
A04738,C04738,B014,Salary,2023-09-08,310183.56,Inactive
A04739,C04739,B028,Business,2022-10-22,409101.71,Active
A04740,C04740,B024,Business,2023-07-25,401627.73,Inactive
A04741,C04741,B002,Savings,2024-11-17,251866.24,Inactive
A04742,C04742,B004,Salary,2022-03-12,394653.83,Active
A04743,C04743,B028,Business,2024-12-07,20536.47,Active
A04744,C04744,B026,Salary,2025-11-02,367961.54,Active
A04745,C04745,B024,Business,2025-03-27,495957.33,Active
A04746,C04746,B007,Business,2025-09-28,282110.58,Active
A04747,C04747,B022,Business,2025-03-08,122988.98,Inactive
A04748,C04748,B014,Current,2021-11-25,438118.23,Active
A04749,C04749,B029,Business,2021-12-22,355397.08,Active
A04750,C04750,B027,Savings,2025-08-13,370831.4,Active
A04751,C04751,B012,Business,2023-05-17,217395.86,Active
A04752,C04752,B010,Business,2023-03-02,157265.06,Active
A04753,C04753,B006,Business,2025-09-20,255422.73,Active
A04754,C04754,B021,Savings,2026-05-05,129092.81,Inactive
A04755,C04755,B006,Business,2023-02-07,107583.75,Active
A04756,C04756,B022,Current,2025-01-08,45668.09,Active
A04757,C04757,B005,Current,2025-01-08,358309.77,Active
A04758,C04758,B004,Salary,2022-01-19,283777.53,Active
A04759,C04759,B001,Business,2024-05-19,350844.91,Active
A04760,C04760,B007,Current,2024-05-12,332599.48,Active
A04761,C04761,B010,Salary,2021-12-07,474297.26,Active
A04762,C04762,B030,Salary,2024-03-15,212855.2,Inactive
A04763,C04763,B003,Salary,2025-06-16,415873.63,Active
A04764,C04764,B004,Business,2024-12-18,326702.24,Inactive
A04765,C04765,B013,Savings,2021-09-24,151866.94,Inactive
A04766,C04766,B018,Current,2021-12-11,290481.48,Active
A04767,C04767,B013,Salary,2026-08-21,188438.64,Inactive
A04768,C04768,B016,Business,2022-10-11,377158.55,Inactive
A04769,C04769,B030,Salary,2026-05-22,409128.68,Inactive
A04770,C04770,B013,Business,2026-08-16,431357.22,Inactive
A04771,C04771,B013,Savings,2024-05-20,283258.69,Active
A04772,C04772,B001,Salary,2024-10-11,425684.76,Active
A04773,C04773,B019,Business,2023-04-28,158871.3,Active
A04774,C04774,B030,Current,2021-10-02,39951.77,Active
A04775,C04775,B002,Salary,2026-04-06,288747.03,Inactive
A04776,C04776,B017,Current,2023-01-21,298675.9,Inactive
A04777,C04777,B005,Business,2025-04-18,183493.45,Active
A04778,C04778,B005,Current,2024-01-11,7448.71,Active
A04779,C04779,B022,Salary,2021-09-21,347709.12,Inactive
A04780,C04780,B029,Current,2025-03-13,299481.34,Inactive
A04781,C04781,B026,Current,2026-07-26,324450.61,Inactive
A04782,C04782,B026,Salary,2026-07-25,22177.02,Inactive
A04783,C04783,B026,Business,2026-09-14,74147.85,Inactive
A04784,C04784,B028,Business,2021-09-27,105073.78,Active
A04785,C04785,B008,Current,2026-05-11,401049.7,Active
A04786,C04786,B009,Current,2025-04-28,32526.81,Active
A04787,C04787,B018,Current,2026-03-04,499913.18,Active
A04788,C04788,B008,Savings,2024-07-09,448934.69,Active
A04789,C04789,B030,Savings,2025-05-23,401480.83,Active
A04790,C04790,B022,Savings,2023-04-14,203239.42,Active
A04791,C04791,B017,Salary,2022-10-11,174853.38,Inactive
A04792,C04792,B011,Salary,2026-04-19,71047.72,Active
A04793,C04793,B012,Current,2026-06-10,286909.03,Active
A04794,C04794,B011,Savings,2025-12-12,141857.65,Inactive
A04795,C04795,B020,Business,2026-06-13,468519.31,Active
A04796,C04796,B015,Current,2022-03-16,162103.71,Inactive
A04797,C04797,B019,Current,2022-12-01,326832.62,Inactive
A04798,C04798,B023,Savings,2023-03-14,330081.75,Active
A04799,C04799,B012,Business,2024-07-12,477843.98,Inactive
A04800,C04800,B029,Current,2024-01-31,330239.79,Active
A04801,C04801,B026,Salary,2022-07-28,356742.47,Inactive
A04802,C04802,B022,Salary,2026-05-04,38804.42,Active
A04803,C04803,B011,Business,2022-09-02,452459.15,Active
A04804,C04804,B020,Savings,2024-07-21,388582.17,Inactive
A04805,C04805,B005,Salary,2022-05-14,431052.22,Active
A04806,C04806,B021,Business,2022-01-20,213348.04,Active
A04807,C04807,B019,Current,2026-08-08,199700.51,Active
A04808,C04808,B005,Business,2025-06-06,264979.3,Active
A04809,C04809,B027,Savings,2026-01-20,245196.96,Inactive
A04810,C04810,B007,Business,2023-09-20,243286.31,Active
A04811,C04811,B003,Savings,2023-11-20,69902.51,Inactive
A04812,C04812,B027,Savings,2026-01-11,305325.17,Active
A04813,C04813,B022,Salary,2022-01-01,428750.51,Active
A04814,C04814,B027,Savings,2023-11-08,97996.99,Inactive
A04815,C04815,B006,Savings,2021-09-27,457977.95,Active
A04816,C04816,B025,Salary,2024-01-31,320286.16,Active
A04817,C04817,B021,Salary,2022-07-05,450023.27,Inactive
A04818,C04818,B006,Salary,2024-04-20,408677.13,Active
A04819,C04819,B014,Current,2026-05-06,79499.66,Active
A04820,C04820,B013,Salary,2022-06-21,215386.34,Active
A04821,C04821,B021,Current,2023-06-30,302804.66,Active
A04822,C04822,B002,Current,2024-09-29,147534.68,Active
A04823,C04823,B013,Current,2026-08-14,164901.15,Active
A04824,C04824,B009,Savings,2021-09-19,121333.7,Inactive
A04825,C04825,B011,Salary,2025-07-25,472477.86,Active
A04826,C04826,B003,Salary,2024-06-17,447514.37,Active
A04827,C04827,B005,Salary,2026-07-27,266963.69,Active
A04828,C04828,B025,Salary,2025-05-10,29388.78,Active
A04829,C04829,B012,Savings,2024-06-18,381183.61,Active
A04830,C04830,B024,Current,2022-02-25,471122.18,Active
A04831,C04831,B028,Business,2023-09-12,17099.53,Active
A04832,C04832,B009,Savings,2024-06-25,154628.56,Active
A04833,C04833,B003,Savings,2022-02-18,454112.85,Active
A04834,C04834,B015,Business,2022-11-02,52615.34,Active
A04835,C04835,B008,Salary,2025-01-07,352789.12,Active
A04836,C04836,B030,Current,2023-09-01,379462.99,Inactive
A04837,C04837,B016,Current,2024-05-10,247311.82,Active
A04838,C04838,B011,Salary,2022-06-19,223213.83,Active
A04839,C04839,B015,Current,2023-03-11,224687.49,Inactive
A04840,C04840,B008,Salary,2024-05-25,163642.87,Active
A04841,C04841,B010,Business,2022-05-03,469116.66,Active
A04842,C04842,B030,Business,2022-11-20,206111.87,Active
A04843,C04843,B011,Current,2022-05-11,292148.38,Active
A04844,C04844,B020,Salary,2023-06-12,93719.89,Active
A04845,C04845,B027,Current,2022-07-02,481051.18,Active
A04846,C04846,B002,Savings,2022-12-29,107808.57,Active
A04847,C04847,B027,Current,2025-11-22,320110.9,Active
A04848,C04848,B014,Current,2021-10-28,238912.13,Active
A04849,C04849,B017,Current,2025-02-09,446361.11,Inactive
A04850,C04850,B016,Current,2022-11-24,111533.1,Active
A04851,C04851,B027,Current,2022-03-29,303495.47,Active
A04852,C04852,B008,Business,2021-12-31,459884.62,Active
A04853,C04853,B005,Business,2024-09-20,176585.51,Active
A04854,C04854,B019,Salary,2021-11-04,160953.83,Active
A04855,C04855,B010,Current,2025-02-18,46716.52,Active
A04856,C04856,B014,Current,2025-06-05,491596.96,Active
A04857,C04857,B027,Business,2026-07-12,428905.59,Active
A04858,C04858,B020,Savings,2021-11-23,27699.79,Active
A04859,C04859,B027,Salary,2022-08-03,98846.93,Active
A04860,C04860,B029,Current,2024-01-23,199186.51,Active
A04861,C04861,B009,Current,2022-01-29,412737.52,Inactive
A04862,C04862,B019,Savings,2022-09-10,130176.88,Active
A04863,C04863,B023,Savings,2024-05-18,317612.6,Inactive
A04864,C04864,B021,Current,2025-07-14,86749.25,Inactive
A04865,C04865,B013,Current,2024-03-15,162974.36,Inactive
A04866,C04866,B017,Savings,2025-04-05,424353.36,Inactive
A04867,C04867,B030,Salary,2025-05-28,335983.86,Active
A04868,C04868,B002,Current,2025-11-30,98235.73,Active
A04869,C04869,B007,Savings,2024-11-06,12061.04,Active
A04870,C04870,B029,Savings,2025-05-12,334472.74,Active
A04871,C04871,B021,Current,2024-01-15,174342.71,Inactive
A04872,C04872,B021,Business,2026-01-10,466254.48,Active
A04873,C04873,B010,Business,2021-12-29,187989.68,Inactive
A04874,C04874,B004,Business,2024-05-07,87020.76,Active
A04875,C04875,B015,Savings,2024-07-10,124457.97,Active
A04876,C04876,B026,Business,2025-08-28,320672.57,Active
A04877,C04877,B006,Salary,2022-05-16,410922.47,Active
A04878,C04878,B021,Business,2021-09-27,428556.99,Active
A04879,C04879,B027,Savings,2026-03-03,170421.46,Inactive
A04880,C04880,B024,Current,2024-05-28,169783.97,Inactive
A04881,C04881,B011,Business,2023-02-20,105986.43,Active
A04882,C04882,B027,Salary,2022-06-29,58571.52,Inactive
A04883,C04883,B013,Business,2025-02-04,182692.83,Active
A04884,C04884,B030,Business,2026-03-21,166968.41,Inactive
A04885,C04885,B001,Savings,2022-03-23,393892.32,Active
A04886,C04886,B023,Current,2025-08-31,226613.14,Active
A04887,C04887,B005,Current,2024-03-02,286837.6,Inactive
A04888,C04888,B024,Salary,2025-08-07,260339.36,Active
A04889,C04889,B003,Savings,2024-08-05,284157.06,Active
A04890,C04890,B029,Current,2022-05-30,166403.51,Active
A04891,C04891,B011,Salary,2023-09-19,242578.79,Active
A04892,C04892,B027,Current,2024-08-01,229313.78,Active
A04893,C04893,B008,Business,2026-08-20,201266.93,Active
A04894,C04894,B009,Savings,2022-04-09,145946.39,Inactive
A04895,C04895,B010,Current,2026-08-25,33421.74,Inactive
A04896,C04896,B002,Savings,2024-01-22,114236.22,Inactive
A04897,C04897,B005,Current,2024-10-21,297217.05,Active
A04898,C04898,B004,Savings,2022-03-27,311867.15,Active
A04899,C04899,B012,Current,2024-07-23,159141.62,Active
A04900,C04900,B020,Current,2024-04-25,87266.82,Active
A04901,C04901,B002,Savings,2024-10-29,359568.08,Active
A04902,C04902,B019,Business,2026-08-21,449396.11,Active
A04903,C04903,B001,Business,2025-09-11,403604.12,Active
A04904,C04904,B007,Savings,2026-08-02,460968.16,Inactive
A04905,C04905,B018,Current,2022-03-11,331319.27,Active
A04906,C04906,B025,Business,2024-03-31,204422.85,Active
A04907,C04907,B002,Business,2023-11-24,255361.03,Active
A04908,C04908,B010,Business,2023-10-26,218316.1,Inactive
A04909,C04909,B013,Salary,2023-04-15,345477.34,Active
A04910,C04910,B014,Savings,2023-12-24,341603.61,Active
A04911,C04911,B007,Business,2026-07-16,255251.7,Active
A04912,C04912,B029,Savings,2024-03-24,267041.87,Active
A04913,C04913,B019,Current,2023-08-03,170427.95,Inactive
A04914,C04914,B006,Business,2024-08-08,397414.67,Inactive
A04915,C04915,B013,Current,2025-04-20,109303.99,Active
A04916,C04916,B011,Business,2025-02-19,368532.25,Active
A04917,C04917,B016,Current,2023-01-06,317843.6,Active
A04918,C04918,B023,Business,2023-05-26,461296.9,Active
A04919,C04919,B016,Savings,2023-10-21,365189.52,Active
A04920,C04920,B015,Current,2025-07-09,100256.3,Active
A04921,C04921,B009,Salary,2022-07-10,438243.09,Inactive
A04922,C04922,B014,Business,2022-10-29,57150.8,Active
A04923,C04923,B004,Salary,2023-01-17,301750.19,Inactive
A04924,C04924,B003,Savings,2023-03-05,490258.66,Inactive
A04925,C04925,B006,Business,2025-06-04,380086.93,Inactive
A04926,C04926,B020,Current,2025-05-13,139560.38,Active
A04927,C04927,B020,Salary,2026-07-10,445299.43,Active
A04928,C04928,B022,Salary,2023-06-05,46275.45,Inactive
A04929,C04929,B020,Salary,2026-05-08,211458.52,Active
A04930,C04930,B008,Salary,2023-03-13,140170.98,Active
A04931,C04931,B023,Current,2023-12-27,435069.37,Active
A04932,C04932,B018,Savings,2024-05-10,65046.03,Active
A04933,C04933,B009,Business,2021-10-10,213309.88,Active
A04934,C04934,B026,Current,2023-12-07,324473.68,Active
A04935,C04935,B016,Business,2025-08-06,303221.57,Active
A04936,C04936,B021,Savings,2025-09-19,50074.18,Active
A04937,C04937,B006,Savings,2025-12-23,43005.54,Active
A04938,C04938,B004,Salary,2024-05-24,94288.37,Active
A04939,C04939,B021,Current,2023-07-15,124027.84,Active
A04940,C04940,B012,Current,2021-12-25,112043.3,Active
A04941,C04941,B008,Business,2025-06-20,320394.07,Active
A04942,C04942,B022,Savings,2026-06-18,149088.95,Active
A04943,C04943,B019,Current,2025-03-15,44377.0,Inactive
A04944,C04944,B002,Current,2024-04-17,125981.11,Inactive
A04945,C04945,B016,Current,2024-07-12,22307.34,Active
A04946,C04946,B006,Salary,2022-01-18,304175.62,Active
A04947,C04947,B004,Business,2023-02-12,245549.14,Active
A04948,C04948,B013,Savings,2025-05-14,8862.26,Active
A04949,C04949,B023,Savings,2025-08-25,329798.37,Active
A04950,C04950,B015,Business,2025-05-29,435065.63,Active
A04951,C04951,B027,Current,2023-01-24,469810.45,Active
A04952,C04952,B017,Current,2024-06-12,132303.44,Active
A04953,C04953,B026,Business,2024-06-18,61297.6,Active
A04954,C04954,B011,Salary,2026-01-08,360797.42,Active
A04955,C04955,B014,Savings,2024-03-26,61215.45,Active
A04956,C04956,B029,Business,2022-06-14,10343.43,Inactive
A04957,C04957,B005,Current,2024-01-22,453526.23,Active
A04958,C04958,B002,Savings,2022-01-10,313506.06,Active
A04959,C04959,B028,Current,2024-04-24,145100.95,Active
A04960,C04960,B006,Current,2023-02-19,88026.96,Inactive
A04961,C04961,B022,Savings,2021-10-27,17378.54,Active
A04962,C04962,B006,Salary,2024-01-22,350457.53,Active
A04963,C04963,B005,Salary,2026-06-12,97516.61,Inactive
A04964,C04964,B013,Current,2025-02-06,183668.25,Active
A04965,C04965,B029,Current,2024-12-25,48687.63,Active
A04966,C04966,B004,Business,2025-10-24,236324.61,Active
A04967,C04967,B024,Salary,2025-04-20,86984.03,Active
A04968,C04968,B006,Business,2025-12-21,249583.18,Active
A04969,C04969,B004,Savings,2025-06-01,203441.22,Active
A04970,C04970,B004,Business,2025-08-05,493671.95,Inactive
A04971,C04971,B026,Business,2026-02-23,369743.16,Active
A04972,C04972,B006,Salary,2023-06-04,52446.09,Active
A04973,C04973,B017,Business,2024-12-28,437963.07,Active
A04974,C04974,B014,Business,2023-08-24,120761.64,Active
A04975,C04975,B006,Current,2023-06-22,25193.96,Active
A04976,C04976,B003,Business,2024-09-22,344455.89,Active
A04977,C04977,B007,Savings,2022-08-08,145042.06,Active
A04978,C04978,B012,Current,2025-03-18,43413.82,Active
A04979,C04979,B025,Savings,2025-05-14,35021.07,Active
A04980,C04980,B001,Business,2026-03-07,164564.2,Active
A04981,C04981,B001,Salary,2025-09-26,253391.29,Active
A04982,C04982,B018,Salary,2021-09-17,209365.92,Inactive
A04983,C04983,B015,Savings,2024-03-07,120179.02,Inactive
A04984,C04984,B017,Salary,2021-11-08,220901.14,Inactive
A04985,C04985,B002,Savings,2025-02-02,281770.6,Active
A04986,C04986,B001,Business,2024-10-31,199388.17,Active
A04987,C04987,B027,Savings,2025-03-03,173172.54,Active
A04988,C04988,B011,Salary,2023-04-07,360353.65,Active
A04989,C04989,B003,Business,2021-12-26,451871.15,Inactive
A04990,C04990,B006,Business,2026-07-18,322414.24,Inactive
A04991,C04991,B008,Current,2023-10-28,276506.46,Active
A04992,C04992,B004,Current,2025-09-30,69565.87,Active
A04993,C04993,B004,Savings,2023-08-03,376946.21,Active
A04994,C04994,B027,Current,2023-01-21,131531.37,Inactive
A04995,C04995,B029,Current,2021-12-07,425666.78,Active
A04996,C04996,B003,Savings,2023-02-13,185118.99,Active
A04997,C04997,B010,Savings,2025-02-14,203608.73,Active
A04998,C04998,B003,Business,2022-02-26,320828.23,Active
A04999,C04999,B028,Business,2024-03-15,401976.14,Active
A05000,C05000,B015,Savings,2021-12-12,335805.22,Active
